CIK,bnpl_provider_if_any,candidate_company,evidence_result,evidence_summary,reliability,retrieved_at,search_query,source_date,source_name,source_type,source_url,ticker
0001318605,,"Tesla, Inc.",no_relevant_evidence,No exact CIK or canonical-name match in current BNPL merchant dataset.,HIGH,2026-08-10T01:27:51.402911+00:00,current BNPL merchant dataset exact CIK/canonical-name check,,BNPL merchant and ownership files,internal_dataset,/Users/augustliu/Desktop/Research_On_Merchant_Side_Effect_Of_BNPL/data/merchant_ownership/merchant_ownership_rows.json,TSLA
0001318605,,"Tesla, Inc.",no_relevant_evidence,"Search completed; no clear BNPL exposure signal detected in result text. Top links: https://r.bing.com/rs/4f/gg/cc,nc/-G_YKFrphkyl83D0HTgpMefXo7c.css?or=w; https://r.bing.com/rs/4f/h6/cc,nc/U6HOq0RcF4_oC2_ItiNCBhNzO24.css?or=w; https://r.bing.com/rs/4f/fG/cir3,cc,nc/5gFAL7Id0yWkqqPO1crOKHL1NzM.css?or=w",MEDIUM,2026-08-10T01:27:51.402911+00:00,"""Tesla, Inc."" BNPL Affirm Klarna Afterpay Zip Sezzle ""buy now pay later""",,Bing Search,web_search,https://www.bing.com/search?q=%22Tesla%2C+Inc.%22+BNPL+Affirm+Klarna+Afterpay+Zip+Sezzle+%22buy+now+pay+later%22,TSLA
0001571996,,Dell Technologies Inc.,no_relevant_evidence,No exact CIK or canonical-name match in current BNPL merchant dataset.,HIGH,2026-08-10T01:27:51.402911+00:00,current BNPL merchant dataset exact CIK/canonical-name check,,BNPL merchant and ownership files,internal_dataset,/Users/augustliu/Desktop/Research_On_Merchant_Side_Effect_Of_BNPL/data/merchant_ownership/merchant_ownership_rows.json,DELL
0001571996,,Dell Technologies Inc.,no_relevant_evidence,"Search completed; no clear BNPL exposure signal detected in result text. Top links: https://r.bing.com/rs/4f/gg/cc,nc/-G_YKFrphkyl83D0HTgpMefXo7c.css?or=w; https://r.bing.com/rs/4f/h6/cc,nc/U6HOq0RcF4_oC2_ItiNCBhNzO24.css?or=w; https://r.bing.com/rs/4f/eT/cir3,cc,nc/ZNlEaxLrmuWEflDP-KwkyUROBrA.css?or=w",MEDIUM,2026-08-10T01:27:51.402911+00:00,"""Dell Technologies Inc."" BNPL Affirm Klarna Afterpay Zip Sezzle ""buy now pay later""",,Bing Search,web_search,https://www.bing.com/search?q=%22Dell+Technologies+Inc.%22+BNPL+Affirm+Klarna+Afterpay+Zip+Sezzle+%22buy+now+pay+later%22,DELL
0001094517,,TOYOTA MOTOR CORP/,no_relevant_evidence,No exact CIK or canonical-name match in current BNPL merchant dataset.,HIGH,2026-08-10T01:27:51.402911+00:00,current BNPL merchant dataset exact CIK/canonical-name check,,BNPL merchant and ownership files,internal_dataset,/Users/augustliu/Desktop/Research_On_Merchant_Side_Effect_Of_BNPL/data/merchant_ownership/merchant_ownership_rows.json,TM
0001094517,,TOYOTA MOTOR CORP/,no_relevant_evidence,"Search completed; no clear BNPL exposure signal detected in result text. Top links: https://r.bing.com/rs/4f/gg/cc,nc/-G_YKFrphkyl83D0HTgpMefXo7c.css?or=w; https://r.bing.com/rs/4f/gM/cc,nc/rWljTRKHPYQiu_szhv9ApXQ-KpI.css?or=w; https://r.bing.com/rs/4f/fG/cir3,cc,nc/5gFAL7Id0yWkqqPO1crOKHL1NzM.css?or=w",MEDIUM,2026-08-10T01:27:51.402911+00:00,"""TOYOTA MOTOR CORP/"" BNPL Affirm Klarna Afterpay Zip Sezzle ""buy now pay later""",,Bing Search,web_search,https://www.bing.com/search?q=%22TOYOTA+MOTOR+CORP%2F%22+BNPL+Affirm+Klarna+Afterpay+Zip+Sezzle+%22buy+now+pay+later%22,TM
0000051143,,INTERNATIONAL BUSINESS MACHINES CORP,no_relevant_evidence,No exact CIK or canonical-name match in current BNPL merchant dataset.,HIGH,2026-08-10T01:27:51.402911+00:00,current BNPL merchant dataset exact CIK/canonical-name check,,BNPL merchant and ownership files,internal_dataset,/Users/augustliu/Desktop/Research_On_Merchant_Side_Effect_Of_BNPL/data/merchant_ownership/merchant_ownership_rows.json,IBM
0000051143,,INTERNATIONAL BUSINESS MACHINES CORP,no_relevant_evidence,"Search completed; no clear BNPL exposure signal detected in result text. Top links: https://r.bing.com/rs/4f/gg/cc,nc/-G_YKFrphkyl83D0HTgpMefXo7c.css?or=w; https://r.bing.com/rs/4f/h6/cc,nc/U6HOq0RcF4_oC2_ItiNCBhNzO24.css?or=w; https://r.bing.com/rs/4f/fG/cir3,cc,nc/5gFAL7Id0yWkqqPO1crOKHL1NzM.css?or=w",MEDIUM,2026-08-10T01:27:51.402911+00:00,"""INTERNATIONAL BUSINESS MACHINES CORP"" BNPL Affirm Klarna Afterpay Zip Sezzle ""buy now pay later""",,Bing Search,web_search,https://www.bing.com/search?q=%22INTERNATIONAL+BUSINESS+MACHINES+CORP%22+BNPL+Affirm+Klarna+Afterpay+Zip+Sezzle+%22buy+now+pay+later%22,IBM
0001137789,,Seagate Technology Holdings plc,no_relevant_evidence,No exact CIK or canonical-name match in current BNPL merchant dataset.,HIGH,2026-08-10T01:27:51.402911+00:00,current BNPL merchant dataset exact CIK/canonical-name check,,BNPL merchant and ownership files,internal_dataset,/Users/augustliu/Desktop/Research_On_Merchant_Side_Effect_Of_BNPL/data/merchant_ownership/merchant_ownership_rows.json,STX
0001137789,,Seagate Technology Holdings plc,no_relevant_evidence,"Search completed; no clear BNPL exposure signal detected in result text. Top links: https://r.bing.com/rs/4f/gg/cc,nc/-G_YKFrphkyl83D0HTgpMefXo7c.css?or=w; https://r.bing.com/rs/4f/gS/cc,nc/_huiPba-9XiYDf9Vd8j9EoLtXL4.css?or=w; https://r.bing.com/rs/4f/fn/cir3,cc,nc/qYkYtW4ptUTHO5TVR_F3o3iRdIs.css?or=w",MEDIUM,2026-08-10T01:27:51.402911+00:00,"""Seagate Technology Holdings plc"" BNPL Affirm Klarna Afterpay Zip Sezzle ""buy now pay later""",,Bing Search,web_search,https://www.bing.com/search?q=%22Seagate+Technology+Holdings+plc%22+BNPL+Affirm+Klarna+Afterpay+Zip+Sezzle+%22buy+now+pay+later%22,STX
0002023554,,Sandisk Corp,no_relevant_evidence,No exact CIK or canonical-name match in current BNPL merchant dataset.,HIGH,2026-08-10T01:27:51.402911+00:00,current BNPL merchant dataset exact CIK/canonical-name check,,BNPL merchant and ownership files,internal_dataset,/Users/augustliu/Desktop/Research_On_Merchant_Side_Effect_Of_BNPL/data/merchant_ownership/merchant_ownership_rows.json,SNDK
0002023554,,Sandisk Corp,no_relevant_evidence,"Search completed; no clear BNPL exposure signal detected in result text. Top links: https://r.bing.com/rs/4f/gg/cc,nc/-G_YKFrphkyl83D0HTgpMefXo7c.css?or=w; https://r.bing.com/rs/4f/gS/cc,nc/_huiPba-9XiYDf9Vd8j9EoLtXL4.css?or=w; https://r.bing.com/rs/4f/fd/cir3,cc,nc/WTKNvHzqziTEsCD58MJtjs7bzWc.css?or=w",MEDIUM,2026-08-10T01:27:51.402911+00:00,"""Sandisk Corp"" BNPL Affirm Klarna Afterpay Zip Sezzle ""buy now pay later""",,Bing Search,web_search,https://www.bing.com/search?q=%22Sandisk+Corp%22+BNPL+Affirm+Klarna+Afterpay+Zip+Sezzle+%22buy+now+pay+later%22,SNDK
0000109198,,TJX COMPANIES INC /DE/,no_relevant_evidence,No exact CIK or canonical-name match in current BNPL merchant dataset.,HIGH,2026-08-10T01:27:51.402911+00:00,current BNPL merchant dataset exact CIK/canonical-name check,,BNPL merchant and ownership files,internal_dataset,/Users/augustliu/Desktop/Research_On_Merchant_Side_Effect_Of_BNPL/data/merchant_ownership/merchant_ownership_rows.json,TJX
0000109198,,TJX COMPANIES INC /DE/,no_relevant_evidence,"Search completed; no clear BNPL exposure signal detected in result text. Top links: https://r.bing.com/rs/4f/gg/cc,nc/-G_YKFrphkyl83D0HTgpMefXo7c.css?or=w; https://r.bing.com/rs/4f/h6/cc,nc/U6HOq0RcF4_oC2_ItiNCBhNzO24.css?or=w; https://r.bing.com/rs/4f/fG/cir3,cc,nc/5gFAL7Id0yWkqqPO1crOKHL1NzM.css?or=w",MEDIUM,2026-08-10T01:27:51.402911+00:00,"""TJX COMPANIES INC /DE/"" BNPL Affirm Klarna Afterpay Zip Sezzle ""buy now pay later""",,Bing Search,web_search,https://www.bing.com/search?q=%22TJX+COMPANIES+INC+%2FDE%2F%22+BNPL+Affirm+Klarna+Afterpay+Zip+Sezzle+%22buy+now+pay+later%22,TJX
0000804328,,QUALCOMM INC/DE,no_relevant_evidence,No exact CIK or canonical-name match in current BNPL merchant dataset.,HIGH,2026-08-10T01:27:51.402911+00:00,current BNPL merchant dataset exact CIK/canonical-name check,,BNPL merchant and ownership files,internal_dataset,/Users/augustliu/Desktop/Research_On_Merchant_Side_Effect_Of_BNPL/data/merchant_ownership/merchant_ownership_rows.json,QCOM
0000804328,,QUALCOMM INC/DE,no_relevant_evidence,"Search completed; no clear BNPL exposure signal detected in result text. Top links: https://r.bing.com/rs/4f/gg/cc,nc/-G_YKFrphkyl83D0HTgpMefXo7c.css?or=w; https://r.bing.com/rs/4f/gM/cc,nc/rWljTRKHPYQiu_szhv9ApXQ-KpI.css?or=w; https://r.bing.com/rs/4f/f3/cir3,cc,nc/XKkf7PevzOVtzidRm3f9xWob0cM.css?or=w",MEDIUM,2026-08-10T01:27:51.402911+00:00,"""QUALCOMM INC/DE"" BNPL Affirm Klarna Afterpay Zip Sezzle ""buy now pay later""",,Bing Search,web_search,https://www.bing.com/search?q=%22QUALCOMM+INC%2FDE%22+BNPL+Affirm+Klarna+Afterpay+Zip+Sezzle+%22buy+now+pay+later%22,QCOM
0000064803,,CVS HEALTH Corp,no_relevant_evidence,No exact CIK or canonical-name match in current BNPL merchant dataset.,HIGH,2026-08-10T01:27:51.402911+00:00,current BNPL merchant dataset exact CIK/canonical-name check,,BNPL merchant and ownership files,internal_dataset,/Users/augustliu/Desktop/Research_On_Merchant_Side_Effect_Of_BNPL/data/merchant_ownership/merchant_ownership_rows.json,CVS
0000064803,,CVS HEALTH Corp,no_relevant_evidence,"Search completed; no clear BNPL exposure signal detected in result text. Top links: https://r.bing.com/rs/4f/gg/cc,nc/-G_YKFrphkyl83D0HTgpMefXo7c.css?or=w; https://r.bing.com/rs/4f/h6/cc,nc/U6HOq0RcF4_oC2_ItiNCBhNzO24.css?or=w; https://r.bing.com/rs/4f/f3/cir3,cc,nc/XKkf7PevzOVtzidRm3f9xWob0cM.css?or=w",MEDIUM,2026-08-10T01:27:51.402911+00:00,"""CVS HEALTH Corp"" BNPL Affirm Klarna Afterpay Zip Sezzle ""buy now pay later""",,Bing Search,web_search,https://www.bing.com/search?q=%22CVS+HEALTH+Corp%22+BNPL+Affirm+Klarna+Afterpay+Zip+Sezzle+%22buy+now+pay+later%22,CVS
0000829224,,STARBUCKS CORP,no_relevant_evidence,No exact CIK or canonical-name match in current BNPL merchant dataset.,HIGH,2026-08-10T01:27:51.402911+00:00,current BNPL merchant dataset exact CIK/canonical-name check,,BNPL merchant and ownership files,internal_dataset,/Users/augustliu/Desktop/Research_On_Merchant_Side_Effect_Of_BNPL/data/merchant_ownership/merchant_ownership_rows.json,SBUX
0000829224,,STARBUCKS CORP,no_relevant_evidence,"Search completed; no clear BNPL exposure signal detected in result text. Top links: https://r.bing.com/rs/4f/gg/cc,nc/-G_YKFrphkyl83D0HTgpMefXo7c.css?or=w; https://r.bing.com/rs/4f/gM/cc,nc/rWljTRKHPYQiu_szhv9ApXQ-KpI.css?or=w; https://r.bing.com/rs/4f/fG/cir3,cc,nc/5gFAL7Id0yWkqqPO1crOKHL1NzM.css?or=w",MEDIUM,2026-08-10T01:27:51.402911+00:00,"""STARBUCKS CORP"" BNPL Affirm Klarna Afterpay Zip Sezzle ""buy now pay later""",,Bing Search,web_search,https://www.bing.com/search?q=%22STARBUCKS+CORP%22+BNPL+Affirm+Klarna+Afterpay+Zip+Sezzle+%22buy+now+pay+later%22,SBUX
0001262039,,"Fortinet, Inc.",no_relevant_evidence,No exact CIK or canonical-name match in current BNPL merchant dataset.,HIGH,2026-08-10T01:27:51.402911+00:00,current BNPL merchant dataset exact CIK/canonical-name check,,BNPL merchant and ownership files,internal_dataset,/Users/augustliu/Desktop/Research_On_Merchant_Side_Effect_Of_BNPL/data/merchant_ownership/merchant_ownership_rows.json,FTNT
0001262039,,"Fortinet, Inc.",no_relevant_evidence,"Search completed; no clear BNPL exposure signal detected in result text. Top links: https://r.bing.com/rs/4f/gg/cc,nc/-G_YKFrphkyl83D0HTgpMefXo7c.css?or=w; https://r.bing.com/rs/4f/h6/cc,nc/U6HOq0RcF4_oC2_ItiNCBhNzO24.css?or=w; https://r.bing.com/rs/4f/fG/cir3,cc,nc/5gFAL7Id0yWkqqPO1crOKHL1NzM.css?or=w",MEDIUM,2026-08-10T01:27:51.402911+00:00,"""Fortinet, Inc."" BNPL Affirm Klarna Afterpay Zip Sezzle ""buy now pay later""",,Bing Search,web_search,https://www.bing.com/search?q=%22Fortinet%2C+Inc.%22+BNPL+Affirm+Klarna+Afterpay+Zip+Sezzle+%22buy+now+pay+later%22,FTNT
0000865752,,Monster Beverage Corp,no_relevant_evidence,No exact CIK or canonical-name match in current BNPL merchant dataset.,HIGH,2026-08-10T01:27:51.402911+00:00,current BNPL merchant dataset exact CIK/canonical-name check,,BNPL merchant and ownership files,internal_dataset,/Users/augustliu/Desktop/Research_On_Merchant_Side_Effect_Of_BNPL/data/merchant_ownership/merchant_ownership_rows.json,MNST
0000865752,,Monster Beverage Corp,no_relevant_evidence,"Search completed; no clear BNPL exposure signal detected in result text. Top links: https://r.bing.com/rs/4f/gg/cc,nc/-G_YKFrphkyl83D0HTgpMefXo7c.css?or=w; https://r.bing.com/rs/4f/h6/cc,nc/U6HOq0RcF4_oC2_ItiNCBhNzO24.css?or=w; https://r.bing.com/rs/4f/ez/cir3,cc,nc/ITQ79_h8jq-eoIeRkdWbxDW7IbQ.css?or=w",MEDIUM,2026-08-10T01:27:51.402911+00:00,"""Monster Beverage Corp"" BNPL Affirm Klarna Afterpay Zip Sezzle ""buy now pay later""",,Bing Search,web_search,https://www.bing.com/search?q=%22Monster+Beverage+Corp%22+BNPL+Affirm+Klarna+Afterpay+Zip+Sezzle+%22buy+now+pay+later%22,MNST
0001690820,,CARVANA CO.,no_relevant_evidence,No exact CIK or canonical-name match in current BNPL merchant dataset.,HIGH,2026-08-10T01:27:51.402911+00:00,current BNPL merchant dataset exact CIK/canonical-name check,,BNPL merchant and ownership files,internal_dataset,/Users/augustliu/Desktop/Research_On_Merchant_Side_Effect_Of_BNPL/data/merchant_ownership/merchant_ownership_rows.json,CVNA
0001690820,,CARVANA CO.,no_relevant_evidence,"Search completed; no clear BNPL exposure signal detected in result text. Top links: https://r.bing.com/rs/4f/gg/cc,nc/-G_YKFrphkyl83D0HTgpMefXo7c.css?or=w; https://r.bing.com/rs/4f/h6/cc,nc/U6HOq0RcF4_oC2_ItiNCBhNzO24.css?or=w; https://r.bing.com/rs/4f/eT/cir3,cc,nc/ZNlEaxLrmuWEflDP-KwkyUROBrA.css?or=w",MEDIUM,2026-08-10T01:27:51.402911+00:00,"""CARVANA CO."" BNPL Affirm Klarna Afterpay Zip Sezzle ""buy now pay later""",,Bing Search,web_search,https://www.bing.com/search?q=%22CARVANA+CO.%22+BNPL+Affirm+Klarna+Afterpay+Zip+Sezzle+%22buy+now+pay+later%22,CVNA
0000089800,,SHERWIN WILLIAMS CO,no_relevant_evidence,No exact CIK or canonical-name match in current BNPL merchant dataset.,HIGH,2026-08-10T01:27:51.402911+00:00,current BNPL merchant dataset exact CIK/canonical-name check,,BNPL merchant and ownership files,internal_dataset,/Users/augustliu/Desktop/Research_On_Merchant_Side_Effect_Of_BNPL/data/merchant_ownership/merchant_ownership_rows.json,SHW
0000089800,,SHERWIN WILLIAMS CO,no_relevant_evidence,"Search completed; no clear BNPL exposure signal detected in result text. Top links: https://r.bing.com/rs/4f/gg/cc,nc/-G_YKFrphkyl83D0HTgpMefXo7c.css?or=w; https://r.bing.com/rs/4f/gM/cc,nc/rWljTRKHPYQiu_szhv9ApXQ-KpI.css?or=w; https://r.bing.com/rs/4f/f3/cir3,cc,nc/XKkf7PevzOVtzidRm3f9xWob0cM.css?or=w",MEDIUM,2026-08-10T01:27:51.402911+00:00,"""SHERWIN WILLIAMS CO"" BNPL Affirm Klarna Afterpay Zip Sezzle ""buy now pay later""",,Bing Search,web_search,https://www.bing.com/search?q=%22SHERWIN+WILLIAMS+CO%22+BNPL+Affirm+Klarna+Afterpay+Zip+Sezzle+%22buy+now+pay+later%22,SHW
0000723254,,CINTAS CORP,no_relevant_evidence,No exact CIK or canonical-name match in current BNPL merchant dataset.,HIGH,2026-08-10T01:27:51.402911+00:00,current BNPL merchant dataset exact CIK/canonical-name check,,BNPL merchant and ownership files,internal_dataset,/Users/augustliu/Desktop/Research_On_Merchant_Side_Effect_Of_BNPL/data/merchant_ownership/merchant_ownership_rows.json,CTAS
0000723254,,CINTAS CORP,no_relevant_evidence,"Search completed; no clear BNPL exposure signal detected in result text. Top links: https://r.bing.com/rs/4f/gg/cc,nc/-G_YKFrphkyl83D0HTgpMefXo7c.css?or=w; https://r.bing.com/rs/4f/h6/cc,nc/U6HOq0RcF4_oC2_ItiNCBhNzO24.css?or=w; https://r.bing.com/rs/4f/fG/cir3,cc,nc/5gFAL7Id0yWkqqPO1crOKHL1NzM.css?or=w",MEDIUM,2026-08-10T01:27:51.402911+00:00,"""CINTAS CORP"" BNPL Affirm Klarna Afterpay Zip Sezzle ""buy now pay later""",,Bing Search,web_search,https://www.bing.com/search?q=%22CINTAS+CORP%22+BNPL+Affirm+Klarna+Afterpay+Zip+Sezzle+%22buy+now+pay+later%22,CTAS
0000745732,,"ROSS STORES, INC.",no_relevant_evidence,No exact CIK or canonical-name match in current BNPL merchant dataset.,HIGH,2026-08-10T01:27:51.402911+00:00,current BNPL merchant dataset exact CIK/canonical-name check,,BNPL merchant and ownership files,internal_dataset,/Users/augustliu/Desktop/Research_On_Merchant_Side_Effect_Of_BNPL/data/merchant_ownership/merchant_ownership_rows.json,ROST
0000745732,,"ROSS STORES, INC.",no_relevant_evidence,"Search completed; no clear BNPL exposure signal detected in result text. Top links: https://r.bing.com/rs/4f/gg/cc,nc/-G_YKFrphkyl83D0HTgpMefXo7c.css?or=w; https://r.bing.com/rs/4f/gM/cc,nc/rWljTRKHPYQiu_szhv9ApXQ-KpI.css?or=w; https://r.bing.com/rs/4f/f3/cir3,cc,nc/XKkf7PevzOVtzidRm3f9xWob0cM.css?or=w",MEDIUM,2026-08-10T01:27:51.402911+00:00,"""ROSS STORES, INC."" BNPL Affirm Klarna Afterpay Zip Sezzle ""buy now pay later""",,Bing Search,web_search,https://www.bing.com/search?q=%22ROSS+STORES%2C+INC.%22+BNPL+Affirm+Klarna+Afterpay+Zip+Sezzle+%22buy+now+pay+later%22,ROST
0001467858,,General Motors Co,no_relevant_evidence,No exact CIK or canonical-name match in current BNPL merchant dataset.,HIGH,2026-08-10T01:27:51.402911+00:00,current BNPL merchant dataset exact CIK/canonical-name check,,BNPL merchant and ownership files,internal_dataset,/Users/augustliu/Desktop/Research_On_Merchant_Side_Effect_Of_BNPL/data/merchant_ownership/merchant_ownership_rows.json,GM
0001467858,,General Motors Co,no_relevant_evidence,"Search completed; no clear BNPL exposure signal detected in result text. Top links: https://r.bing.com/rs/4f/gg/cc,nc/-G_YKFrphkyl83D0HTgpMefXo7c.css?or=w; https://r.bing.com/rs/4f/h6/cc,nc/U6HOq0RcF4_oC2_ItiNCBhNzO24.css?or=w; https://r.bing.com/rs/4f/fG/cir3,cc,nc/5gFAL7Id0yWkqqPO1crOKHL1NzM.css?or=w",MEDIUM,2026-08-10T01:27:51.402911+00:00,"""General Motors Co"" BNPL Affirm Klarna Afterpay Zip Sezzle ""buy now pay later""",,Bing Search,web_search,https://www.bing.com/search?q=%22General+Motors+Co%22+BNPL+Affirm+Klarna+Afterpay+Zip+Sezzle+%22buy+now+pay+later%22,GM
0000898173,,O REILLY AUTOMOTIVE INC,no_relevant_evidence,No exact CIK or canonical-name match in current BNPL merchant dataset.,HIGH,2026-08-10T01:27:51.402911+00:00,current BNPL merchant dataset exact CIK/canonical-name check,,BNPL merchant and ownership files,internal_dataset,/Users/augustliu/Desktop/Research_On_Merchant_Side_Effect_Of_BNPL/data/merchant_ownership/merchant_ownership_rows.json,ORLY
0000898173,,O REILLY AUTOMOTIVE INC,no_relevant_evidence,"Search completed; no clear BNPL exposure signal detected in result text. Top links: https://r.bing.com/rs/4f/gg/cc,nc/-G_YKFrphkyl83D0HTgpMefXo7c.css?or=w; https://r.bing.com/rs/4f/h6/cc,nc/U6HOq0RcF4_oC2_ItiNCBhNzO24.css?or=w; https://r.bing.com/rs/4f/fG/cir3,cc,nc/5gFAL7Id0yWkqqPO1crOKHL1NzM.css?or=w",MEDIUM,2026-08-10T01:27:51.402911+00:00,"""O REILLY AUTOMOTIVE INC"" BNPL Affirm Klarna Afterpay Zip Sezzle ""buy now pay later""",,Bing Search,web_search,https://www.bing.com/search?q=%22O+REILLY+AUTOMOTIVE+INC%22+BNPL+Affirm+Klarna+Afterpay+Zip+Sezzle+%22buy+now+pay+later%22,ORLY
0000068505,,"Motorola Solutions, Inc.",no_relevant_evidence,No exact CIK or canonical-name match in current BNPL merchant dataset.,HIGH,2026-08-10T01:27:51.402911+00:00,current BNPL merchant dataset exact CIK/canonical-name check,,BNPL merchant and ownership files,internal_dataset,/Users/augustliu/Desktop/Research_On_Merchant_Side_Effect_Of_BNPL/data/merchant_ownership/merchant_ownership_rows.json,MSI
0000068505,,"Motorola Solutions, Inc.",no_relevant_evidence,"Search completed; no clear BNPL exposure signal detected in result text. Top links: https://r.bing.com/rs/4f/gg/cc,nc/-G_YKFrphkyl83D0HTgpMefXo7c.css?or=w; https://r.bing.com/rs/4f/gM/cc,nc/rWljTRKHPYQiu_szhv9ApXQ-KpI.css?or=w; https://r.bing.com/rs/4f/fG/cir3,cc,nc/5gFAL7Id0yWkqqPO1crOKHL1NzM.css?or=w",MEDIUM,2026-08-10T01:27:51.402911+00:00,"""Motorola Solutions, Inc."" BNPL Affirm Klarna Afterpay Zip Sezzle ""buy now pay later""",,Bing Search,web_search,https://www.bing.com/search?q=%22Motorola+Solutions%2C+Inc.%22+BNPL+Affirm+Klarna+Afterpay+Zip+Sezzle+%22buy+now+pay+later%22,MSI
0001585689,,Hilton Worldwide Holdings Inc.,no_relevant_evidence,No exact CIK or canonical-name match in current BNPL merchant dataset.,HIGH,2026-08-10T01:27:51.402911+00:00,current BNPL merchant dataset exact CIK/canonical-name check,,BNPL merchant and ownership files,internal_dataset,/Users/augustliu/Desktop/Research_On_Merchant_Side_Effect_Of_BNPL/data/merchant_ownership/merchant_ownership_rows.json,HLT
0001585689,,Hilton Worldwide Holdings Inc.,no_relevant_evidence,"Search completed; no clear BNPL exposure signal detected in result text. Top links: https://r.bing.com/rs/4f/gg/cc,nc/-G_YKFrphkyl83D0HTgpMefXo7c.css?or=w; https://r.bing.com/rs/4f/h6/cc,nc/U6HOq0RcF4_oC2_ItiNCBhNzO24.css?or=w; https://r.bing.com/rs/4f/ez/cir3,cc,nc/ITQ79_h8jq-eoIeRkdWbxDW7IbQ.css?or=w",MEDIUM,2026-08-10T01:27:51.402911+00:00,"""Hilton Worldwide Holdings Inc."" BNPL Affirm Klarna Afterpay Zip Sezzle ""buy now pay later""",,Bing Search,web_search,https://www.bing.com/search?q=%22Hilton+Worldwide+Holdings+Inc.%22+BNPL+Affirm+Klarna+Afterpay+Zip+Sezzle+%22buy+now+pay+later%22,HLT
0000075362,,PACCAR INC,no_relevant_evidence,No exact CIK or canonical-name match in current BNPL merchant dataset.,HIGH,2026-08-10T01:27:51.402911+00:00,current BNPL merchant dataset exact CIK/canonical-name check,,BNPL merchant and ownership files,internal_dataset,/Users/augustliu/Desktop/Research_On_Merchant_Side_Effect_Of_BNPL/data/merchant_ownership/merchant_ownership_rows.json,PCAR
0000075362,,PACCAR INC,no_relevant_evidence,"Search completed; no clear BNPL exposure signal detected in result text. Top links: https://r.bing.com/rs/4f/gg/cc,nc/-G_YKFrphkyl83D0HTgpMefXo7c.css?or=w; https://r.bing.com/rs/4f/h6/cc,nc/U6HOq0RcF4_oC2_ItiNCBhNzO24.css?or=w; https://r.bing.com/rs/4f/fn/cir3,cc,nc/qYkYtW4ptUTHO5TVR_F3o3iRdIs.css?or=w",MEDIUM,2026-08-10T01:27:51.402911+00:00,"""PACCAR INC"" BNPL Affirm Klarna Afterpay Zip Sezzle ""buy now pay later""",,Bing Search,web_search,https://www.bing.com/search?q=%22PACCAR+INC%22+BNPL+Affirm+Klarna+Afterpay+Zip+Sezzle+%22buy+now+pay+later%22,PCAR
0001648416,,Ferrari N.V.,no_relevant_evidence,No exact CIK or canonical-name match in current BNPL merchant dataset.,HIGH,2026-08-10T01:27:51.402911+00:00,current BNPL merchant dataset exact CIK/canonical-name check,,BNPL merchant and ownership files,internal_dataset,/Users/augustliu/Desktop/Research_On_Merchant_Side_Effect_Of_BNPL/data/merchant_ownership/merchant_ownership_rows.json,RACE
0001648416,,Ferrari N.V.,no_relevant_evidence,"Search completed; no clear BNPL exposure signal detected in result text. Top links: https://r.bing.com/rs/4f/gg/cc,nc/-G_YKFrphkyl83D0HTgpMefXo7c.css?or=w; https://r.bing.com/rs/4f/gM/cc,nc/rWljTRKHPYQiu_szhv9ApXQ-KpI.css?or=w; https://r.bing.com/rs/4f/fG/cir3,cc,nc/5gFAL7Id0yWkqqPO1crOKHL1NzM.css?or=w",MEDIUM,2026-08-10T01:27:51.402911+00:00,"""Ferrari N.V."" BNPL Affirm Klarna Afterpay Zip Sezzle ""buy now pay later""",,Bing Search,web_search,https://www.bing.com/search?q=%22Ferrari+N.V.%22+BNPL+Affirm+Klarna+Afterpay+Zip+Sezzle+%22buy+now+pay+later%22,RACE
0001645590,,Hewlett Packard Enterprise Co,no_relevant_evidence,No exact CIK or canonical-name match in current BNPL merchant dataset.,HIGH,2026-08-10T01:27:51.402911+00:00,current BNPL merchant dataset exact CIK/canonical-name check,,BNPL merchant and ownership files,internal_dataset,/Users/augustliu/Desktop/Research_On_Merchant_Side_Effect_Of_BNPL/data/merchant_ownership/merchant_ownership_rows.json,HPE
0001645590,,Hewlett Packard Enterprise Co,no_relevant_evidence,"Search completed; no clear BNPL exposure signal detected in result text. Top links: https://r.bing.com/rs/4f/gg/cc,nc/-G_YKFrphkyl83D0HTgpMefXo7c.css?or=w; https://r.bing.com/rs/4f/h6/cc,nc/U6HOq0RcF4_oC2_ItiNCBhNzO24.css?or=w; https://r.bing.com/rs/4f/eJ/cir3,cc,nc/-ooVmxB9OlPzBcewmec-cfwYTQs.css?or=w",MEDIUM,2026-08-10T01:27:51.402911+00:00,"""Hewlett Packard Enterprise Co"" BNPL Affirm Klarna Afterpay Zip Sezzle ""buy now pay later""",,Bing Search,web_search,https://www.bing.com/search?q=%22Hewlett+Packard+Enterprise+Co%22+BNPL+Affirm+Klarna+Afterpay+Zip+Sezzle+%22buy+now+pay+later%22,HPE
0000037996,,FORD MOTOR CO,no_relevant_evidence,No exact CIK or canonical-name match in current BNPL merchant dataset.,HIGH,2026-08-10T01:27:51.402911+00:00,current BNPL merchant dataset exact CIK/canonical-name check,,BNPL merchant and ownership files,internal_dataset,/Users/augustliu/Desktop/Research_On_Merchant_Side_Effect_Of_BNPL/data/merchant_ownership/merchant_ownership_rows.json,F
0000037996,,FORD MOTOR CO,no_relevant_evidence,"Search completed; no clear BNPL exposure signal detected in result text. Top links: https://r.bing.com/rs/4f/gg/cc,nc/-G_YKFrphkyl83D0HTgpMefXo7c.css?or=w; https://r.bing.com/rs/4f/gS/cc,nc/_huiPba-9XiYDf9Vd8j9EoLtXL4.css?or=w; https://r.bing.com/rs/4f/fG/cir3,cc,nc/5gFAL7Id0yWkqqPO1crOKHL1NzM.css?or=w",MEDIUM,2026-08-10T01:27:51.402911+00:00,"""FORD MOTOR CO"" BNPL Affirm Klarna Afterpay Zip Sezzle ""buy now pay later""",,Bing Search,web_search,https://www.bing.com/search?q=%22FORD+MOTOR+CO%22+BNPL+Affirm+Klarna+Afterpay+Zip+Sezzle+%22buy+now+pay+later%22,F
0001633978,,Lumentum Holdings Inc.,no_relevant_evidence,No exact CIK or canonical-name match in current BNPL merchant dataset.,HIGH,2026-08-10T01:27:51.402911+00:00,current BNPL merchant dataset exact CIK/canonical-name check,,BNPL merchant and ownership files,internal_dataset,/Users/augustliu/Desktop/Research_On_Merchant_Side_Effect_Of_BNPL/data/merchant_ownership/merchant_ownership_rows.json,LITE
0001633978,,Lumentum Holdings Inc.,no_relevant_evidence,"Search completed; no clear BNPL exposure signal detected in result text. Top links: https://r.bing.com/rs/4f/gg/cc,nc/-G_YKFrphkyl83D0HTgpMefXo7c.css?or=w; https://r.bing.com/rs/4f/gM/cc,nc/rWljTRKHPYQiu_szhv9ApXQ-KpI.css?or=w; https://r.bing.com/rs/4f/fG/cir3,cc,nc/5gFAL7Id0yWkqqPO1crOKHL1NzM.css?or=w",MEDIUM,2026-08-10T01:27:51.402911+00:00,"""Lumentum Holdings Inc."" BNPL Affirm Klarna Afterpay Zip Sezzle ""buy now pay later""",,Bing Search,web_search,https://www.bing.com/search?q=%22Lumentum+Holdings+Inc.%22+BNPL+Affirm+Klarna+Afterpay+Zip+Sezzle+%22buy+now+pay+later%22,LITE
0000815556,,FASTENAL CO,no_relevant_evidence,No exact CIK or canonical-name match in current BNPL merchant dataset.,HIGH,2026-08-10T01:27:51.402911+00:00,current BNPL merchant dataset exact CIK/canonical-name check,,BNPL merchant and ownership files,internal_dataset,/Users/augustliu/Desktop/Research_On_Merchant_Side_Effect_Of_BNPL/data/merchant_ownership/merchant_ownership_rows.json,FAST
0000815556,,FASTENAL CO,no_relevant_evidence,"Search completed; no clear BNPL exposure signal detected in result text. Top links: https://r.bing.com/rs/4f/gg/cc,nc/-G_YKFrphkyl83D0HTgpMefXo7c.css?or=w; https://r.bing.com/rs/4f/h6/cc,nc/U6HOq0RcF4_oC2_ItiNCBhNzO24.css?or=w; https://r.bing.com/rs/4f/fG/cir3,cc,nc/5gFAL7Id0yWkqqPO1crOKHL1NzM.css?or=w",MEDIUM,2026-08-10T01:27:51.402911+00:00,"""FASTENAL CO"" BNPL Affirm Klarna Afterpay Zip Sezzle ""buy now pay later""",,Bing Search,web_search,https://www.bing.com/search?q=%22FASTENAL+CO%22+BNPL+Affirm+Klarna+Afterpay+Zip+Sezzle+%22buy+now+pay+later%22,FAST
0000936395,,CIENA CORP,no_relevant_evidence,No exact CIK or canonical-name match in current BNPL merchant dataset.,HIGH,2026-08-10T01:27:51.402911+00:00,current BNPL merchant dataset exact CIK/canonical-name check,,BNPL merchant and ownership files,internal_dataset,/Users/augustliu/Desktop/Research_On_Merchant_Side_Effect_Of_BNPL/data/merchant_ownership/merchant_ownership_rows.json,CIEN
0000936395,,CIENA CORP,no_relevant_evidence,"Search completed; no clear BNPL exposure signal detected in result text. Top links: https://r.bing.com/rs/4f/gg/cc,nc/-G_YKFrphkyl83D0HTgpMefXo7c.css?or=w; https://r.bing.com/rs/4f/gM/cc,nc/rWljTRKHPYQiu_szhv9ApXQ-KpI.css?or=w; https://r.bing.com/rs/4f/fd/cir3,cc,nc/WTKNvHzqziTEsCD58MJtjs7bzWc.css?or=w",MEDIUM,2026-08-10T01:27:51.402911+00:00,"""CIENA CORP"" BNPL Affirm Klarna Afterpay Zip Sezzle ""buy now pay later""",,Bing Search,web_search,https://www.bing.com/search?q=%22CIENA+CORP%22+BNPL+Affirm+Klarna+Afterpay+Zip+Sezzle+%22buy+now+pay+later%22,CIEN
0001650107,,COCA-COLA EUROPACIFIC PARTNERS plc,no_relevant_evidence,No exact CIK or canonical-name match in current BNPL merchant dataset.,HIGH,2026-08-10T01:27:51.402911+00:00,current BNPL merchant dataset exact CIK/canonical-name check,,BNPL merchant and ownership files,internal_dataset,/Users/augustliu/Desktop/Research_On_Merchant_Side_Effect_Of_BNPL/data/merchant_ownership/merchant_ownership_rows.json,CCEP
0001650107,,COCA-COLA EUROPACIFIC PARTNERS plc,no_relevant_evidence,"Search completed; no clear BNPL exposure signal detected in result text. Top links: https://r.bing.com/rs/4f/gg/cc,nc/-G_YKFrphkyl83D0HTgpMefXo7c.css?or=w; https://r.bing.com/rs/4f/h6/cc,nc/U6HOq0RcF4_oC2_ItiNCBhNzO24.css?or=w; https://r.bing.com/rs/4f/fG/cir3,cc,nc/5gFAL7Id0yWkqqPO1crOKHL1NzM.css?or=w",MEDIUM,2026-08-10T01:27:51.402911+00:00,"""COCA-COLA EUROPACIFIC PARTNERS plc"" BNPL Affirm Klarna Afterpay Zip Sezzle ""buy now pay later""",,Bing Search,web_search,https://www.bing.com/search?q=%22COCA-COLA+EUROPACIFIC+PARTNERS+plc%22+BNPL+Affirm+Klarna+Afterpay+Zip+Sezzle+%22buy+now+pay+later%22,CCEP
0001058090,,CHIPOTLE MEXICAN GRILL INC,no_relevant_evidence,No exact CIK or canonical-name match in current BNPL merchant dataset.,HIGH,2026-08-10T01:27:51.402911+00:00,current BNPL merchant dataset exact CIK/canonical-name check,,BNPL merchant and ownership files,internal_dataset,/Users/augustliu/Desktop/Research_On_Merchant_Side_Effect_Of_BNPL/data/merchant_ownership/merchant_ownership_rows.json,CMG
0001058090,,CHIPOTLE MEXICAN GRILL INC,no_relevant_evidence,"Search completed; no clear BNPL exposure signal detected in result text. Top links: https://r.bing.com/rs/4f/gg/cc,nc/-G_YKFrphkyl83D0HTgpMefXo7c.css?or=w; https://r.bing.com/rs/4f/h6/cc,nc/U6HOq0RcF4_oC2_ItiNCBhNzO24.css?or=w; https://r.bing.com/rs/4f/eJ/cir3,cc,nc/-ooVmxB9OlPzBcewmec-cfwYTQs.css?or=w",MEDIUM,2026-08-10T01:27:51.402911+00:00,"""CHIPOTLE MEXICAN GRILL INC"" BNPL Affirm Klarna Afterpay Zip Sezzle ""buy now pay later""",,Bing Search,web_search,https://www.bing.com/search?q=%22CHIPOTLE+MEXICAN+GRILL+INC%22+BNPL+Affirm+Klarna+Afterpay+Zip+Sezzle+%22buy+now+pay+later%22,CMG
0001745201,,Viking Holdings Ltd,no_relevant_evidence,No exact CIK or canonical-name match in current BNPL merchant dataset.,HIGH,2026-08-10T01:27:51.402911+00:00,current BNPL merchant dataset exact CIK/canonical-name check,,BNPL merchant and ownership files,internal_dataset,/Users/augustliu/Desktop/Research_On_Merchant_Side_Effect_Of_BNPL/data/merchant_ownership/merchant_ownership_rows.json,VIK
0001745201,,Viking Holdings Ltd,no_relevant_evidence,"Search completed; no clear BNPL exposure signal detected in result text. Top links: https://r.bing.com/rs/4f/gg/cc,nc/-G_YKFrphkyl83D0HTgpMefXo7c.css?or=w; https://r.bing.com/rs/4f/h6/cc,nc/U6HOq0RcF4_oC2_ItiNCBhNzO24.css?or=w; https://r.bing.com/rs/4f/eT/cir3,cc,nc/ZNlEaxLrmuWEflDP-KwkyUROBrA.css?or=w",MEDIUM,2026-08-10T01:27:51.402911+00:00,"""Viking Holdings Ltd"" BNPL Affirm Klarna Afterpay Zip Sezzle ""buy now pay later""",,Bing Search,web_search,https://www.bing.com/search?q=%22Viking+Holdings+Ltd%22+BNPL+Affirm+Klarna+Afterpay+Zip+Sezzle+%22buy+now+pay+later%22,VIK
0001900304,,Haleon plc,no_relevant_evidence,No exact CIK or canonical-name match in current BNPL merchant dataset.,HIGH,2026-08-10T01:27:51.402911+00:00,current BNPL merchant dataset exact CIK/canonical-name check,,BNPL merchant and ownership files,internal_dataset,/Users/augustliu/Desktop/Research_On_Merchant_Side_Effect_Of_BNPL/data/merchant_ownership/merchant_ownership_rows.json,HLN
0001900304,,Haleon plc,no_relevant_evidence,"Search completed; no clear BNPL exposure signal detected in result text. Top links: https://r.bing.com/rs/4f/gg/cc,nc/-G_YKFrphkyl83D0HTgpMefXo7c.css?or=w; https://r.bing.com/rs/4f/h6/cc,nc/U6HOq0RcF4_oC2_ItiNCBhNzO24.css?or=w; https://r.bing.com/rs/4f/fn/cir3,cc,nc/qYkYtW4ptUTHO5TVR_F3o3iRdIs.css?or=w",MEDIUM,2026-08-10T01:27:51.402911+00:00,"""Haleon plc"" BNPL Affirm Klarna Afterpay Zip Sezzle ""buy now pay later""",,Bing Search,web_search,https://www.bing.com/search?q=%22Haleon+plc%22+BNPL+Affirm+Klarna+Afterpay+Zip+Sezzle+%22buy+now+pay+later%22,HLN
0001061736,,MEXICAN ECONOMIC DEVELOPMENT INC,no_relevant_evidence,No exact CIK or canonical-name match in current BNPL merchant dataset.,HIGH,2026-08-10T01:27:51.402911+00:00,current BNPL merchant dataset exact CIK/canonical-name check,,BNPL merchant and ownership files,internal_dataset,/Users/augustliu/Desktop/Research_On_Merchant_Side_Effect_Of_BNPL/data/merchant_ownership/merchant_ownership_rows.json,FMX
0001061736,,MEXICAN ECONOMIC DEVELOPMENT INC,no_relevant_evidence,"Search completed; no clear BNPL exposure signal detected in result text. Top links: https://r.bing.com/rs/4f/gg/cc,nc/-G_YKFrphkyl83D0HTgpMefXo7c.css?or=w; https://r.bing.com/rs/4f/gS/cc,nc/_huiPba-9XiYDf9Vd8j9EoLtXL4.css?or=w; https://r.bing.com/rs/4f/fd/cir3,cc,nc/WTKNvHzqziTEsCD58MJtjs7bzWc.css?or=w",MEDIUM,2026-08-10T01:27:51.402911+00:00,"""MEXICAN ECONOMIC DEVELOPMENT INC"" BNPL Affirm Klarna Afterpay Zip Sezzle ""buy now pay later""",,Bing Search,web_search,https://www.bing.com/search?q=%22MEXICAN+ECONOMIC+DEVELOPMENT+INC%22+BNPL+Affirm+Klarna+Afterpay+Zip+Sezzle+%22buy+now+pay+later%22,FMX
0001041061,,YUM BRANDS INC,no_relevant_evidence,No exact CIK or canonical-name match in current BNPL merchant dataset.,HIGH,2026-08-10T01:27:51.402911+00:00,current BNPL merchant dataset exact CIK/canonical-name check,,BNPL merchant and ownership files,internal_dataset,/Users/augustliu/Desktop/Research_On_Merchant_Side_Effect_Of_BNPL/data/merchant_ownership/merchant_ownership_rows.json,YUM
0001041061,,YUM BRANDS INC,no_relevant_evidence,"Search completed; no clear BNPL exposure signal detected in result text. Top links: https://r.bing.com/rs/4f/gg/cc,nc/-G_YKFrphkyl83D0HTgpMefXo7c.css?or=w; https://r.bing.com/rs/4f/gM/cc,nc/rWljTRKHPYQiu_szhv9ApXQ-KpI.css?or=w; https://r.bing.com/rs/4f/fG/cir3,cc,nc/5gFAL7Id0yWkqqPO1crOKHL1NzM.css?or=w",MEDIUM,2026-08-10T01:27:51.402911+00:00,"""YUM BRANDS INC"" BNPL Affirm Klarna Afterpay Zip Sezzle ""buy now pay later""",,Bing Search,web_search,https://www.bing.com/search?q=%22YUM+BRANDS+INC%22+BNPL+Affirm+Klarna+Afterpay+Zip+Sezzle+%22buy+now+pay+later%22,YUM
0000100517,,"United Airlines Holdings, Inc.",no_relevant_evidence,No exact CIK or canonical-name match in current BNPL merchant dataset.,HIGH,2026-08-10T01:27:51.402911+00:00,current BNPL merchant dataset exact CIK/canonical-name check,,BNPL merchant and ownership files,internal_dataset,/Users/augustliu/Desktop/Research_On_Merchant_Side_Effect_Of_BNPL/data/merchant_ownership/merchant_ownership_rows.json,UAL
0000100517,,"United Airlines Holdings, Inc.",no_relevant_evidence,"Search completed; no clear BNPL exposure signal detected in result text. Top links: https://r.bing.com/rs/4f/gg/cc,nc/-G_YKFrphkyl83D0HTgpMefXo7c.css?or=w; https://r.bing.com/rs/4f/h6/cc,nc/U6HOq0RcF4_oC2_ItiNCBhNzO24.css?or=w; https://r.bing.com/rs/4f/fG/cir3,cc,nc/5gFAL7Id0yWkqqPO1crOKHL1NzM.css?or=w",MEDIUM,2026-08-10T01:27:51.402911+00:00,"""United Airlines Holdings, Inc."" BNPL Affirm Klarna Afterpay Zip Sezzle ""buy now pay later""",,Bing Search,web_search,https://www.bing.com/search?q=%22United+Airlines+Holdings%2C+Inc.%22+BNPL+Affirm+Klarna+Afterpay+Zip+Sezzle+%22buy+now+pay+later%22,UAL
0000815097,,Carnival Corp Ltd.,no_relevant_evidence,No exact CIK or canonical-name match in current BNPL merchant dataset.,HIGH,2026-08-10T01:27:51.402911+00:00,current BNPL merchant dataset exact CIK/canonical-name check,,BNPL merchant and ownership files,internal_dataset,/Users/augustliu/Desktop/Research_On_Merchant_Side_Effect_Of_BNPL/data/merchant_ownership/merchant_ownership_rows.json,CCL
0000815097,,Carnival Corp Ltd.,no_relevant_evidence,"Search completed; no clear BNPL exposure signal detected in result text. Top links: https://r.bing.com/rs/4f/gg/cc,nc/-G_YKFrphkyl83D0HTgpMefXo7c.css?or=w; https://r.bing.com/rs/4f/gM/cc,nc/rWljTRKHPYQiu_szhv9ApXQ-KpI.css?or=w; https://r.bing.com/rs/4f/fG/cir3,cc,nc/5gFAL7Id0yWkqqPO1crOKHL1NzM.css?or=w",MEDIUM,2026-08-10T01:27:51.402911+00:00,"""Carnival Corp Ltd."" BNPL Affirm Klarna Afterpay Zip Sezzle ""buy now pay later""",,Bing Search,web_search,https://www.bing.com/search?q=%22Carnival+Corp+Ltd.%22+BNPL+Affirm+Klarna+Afterpay+Zip+Sezzle+%22buy+now+pay+later%22,CCL
0001944048,,Kenvue Inc.,no_relevant_evidence,No exact CIK or canonical-name match in current BNPL merchant dataset.,HIGH,2026-08-10T01:27:51.402911+00:00,current BNPL merchant dataset exact CIK/canonical-name check,,BNPL merchant and ownership files,internal_dataset,/Users/augustliu/Desktop/Research_On_Merchant_Side_Effect_Of_BNPL/data/merchant_ownership/merchant_ownership_rows.json,KVUE
0001944048,,Kenvue Inc.,no_relevant_evidence,"Search completed; no clear BNPL exposure signal detected in result text. Top links: https://r.bing.com/rs/4f/gg/cc,nc/-G_YKFrphkyl83D0HTgpMefXo7c.css?or=w; https://r.bing.com/rs/4f/gM/cc,nc/rWljTRKHPYQiu_szhv9ApXQ-KpI.css?or=w; https://r.bing.com/rs/4f/fG/cir3,cc,nc/5gFAL7Id0yWkqqPO1crOKHL1NzM.css?or=w",MEDIUM,2026-08-10T01:27:51.402911+00:00,"""Kenvue Inc."" BNPL Affirm Klarna Afterpay Zip Sezzle ""buy now pay later""",,Bing Search,web_search,https://www.bing.com/search?q=%22Kenvue+Inc.%22+BNPL+Affirm+Klarna+Afterpay+Zip+Sezzle+%22buy+now+pay+later%22,KVUE
0001002047,,"NetApp, Inc.",no_relevant_evidence,No exact CIK or canonical-name match in current BNPL merchant dataset.,HIGH,2026-08-10T01:27:51.402911+00:00,current BNPL merchant dataset exact CIK/canonical-name check,,BNPL merchant and ownership files,internal_dataset,/Users/augustliu/Desktop/Research_On_Merchant_Side_Effect_Of_BNPL/data/merchant_ownership/merchant_ownership_rows.json,NTAP
0001002047,,"NetApp, Inc.",no_relevant_evidence,"Search completed; no clear BNPL exposure signal detected in result text. Top links: https://r.bing.com/rs/4f/gg/cc,nc/-G_YKFrphkyl83D0HTgpMefXo7c.css?or=w; https://r.bing.com/rs/4f/h6/cc,nc/U6HOq0RcF4_oC2_ItiNCBhNzO24.css?or=w; https://r.bing.com/rs/4f/fG/cir3,cc,nc/5gFAL7Id0yWkqqPO1crOKHL1NzM.css?or=w",MEDIUM,2026-08-10T01:27:51.402911+00:00,"""NetApp, Inc."" BNPL Affirm Klarna Afterpay Zip Sezzle ""buy now pay later""",,Bing Search,web_search,https://www.bing.com/search?q=%22NetApp%2C+Inc.%22+BNPL+Affirm+Klarna+Afterpay+Zip+Sezzle+%22buy+now+pay+later%22,NTAP
0001973266,,"TKO Group Holdings, Inc.",no_relevant_evidence,No exact CIK or canonical-name match in current BNPL merchant dataset.,HIGH,2026-08-10T01:27:51.402911+00:00,current BNPL merchant dataset exact CIK/canonical-name check,,BNPL merchant and ownership files,internal_dataset,/Users/augustliu/Desktop/Research_On_Merchant_Side_Effect_Of_BNPL/data/merchant_ownership/merchant_ownership_rows.json,TKO
0001973266,,"TKO Group Holdings, Inc.",no_relevant_evidence,"Search completed; no clear BNPL exposure signal detected in result text. Top links: https://r.bing.com/rs/4f/gg/cc,nc/-G_YKFrphkyl83D0HTgpMefXo7c.css?or=w; https://r.bing.com/rs/4f/h6/cc,nc/U6HOq0RcF4_oC2_ItiNCBhNzO24.css?or=w; https://r.bing.com/rs/4f/ez/cir3,cc,nc/ITQ79_h8jq-eoIeRkdWbxDW7IbQ.css?or=w",MEDIUM,2026-08-10T01:27:51.402911+00:00,"""TKO Group Holdings, Inc."" BNPL Affirm Klarna Afterpay Zip Sezzle ""buy now pay later""",,Bing Search,web_search,https://www.bing.com/search?q=%22TKO+Group+Holdings%2C+Inc.%22+BNPL+Affirm+Klarna+Afterpay+Zip+Sezzle+%22buy+now+pay+later%22,TKO
0001511737,,Ubiquiti Inc.,no_relevant_evidence,No exact CIK or canonical-name match in current BNPL merchant dataset.,HIGH,2026-08-10T01:27:51.402911+00:00,current BNPL merchant dataset exact CIK/canonical-name check,,BNPL merchant and ownership files,internal_dataset,/Users/augustliu/Desktop/Research_On_Merchant_Side_Effect_Of_BNPL/data/merchant_ownership/merchant_ownership_rows.json,UI
0001511737,,Ubiquiti Inc.,no_relevant_evidence,"Search completed; no clear BNPL exposure signal detected in result text. Top links: https://r.bing.com/rs/4f/gg/cc,nc/-G_YKFrphkyl83D0HTgpMefXo7c.css?or=w; https://r.bing.com/rs/4f/h6/cc,nc/U6HOq0RcF4_oC2_ItiNCBhNzO24.css?or=w; https://r.bing.com/rs/4f/f3/cir3,cc,nc/XKkf7PevzOVtzidRm3f9xWob0cM.css?or=w",MEDIUM,2026-08-10T01:27:51.402911+00:00,"""Ubiquiti Inc."" BNPL Affirm Klarna Afterpay Zip Sezzle ""buy now pay later""",,Bing Search,web_search,https://www.bing.com/search?q=%22Ubiquiti+Inc.%22+BNPL+Affirm+Klarna+Afterpay+Zip+Sezzle+%22buy+now+pay+later%22,UI
0000726958,,CASEYS GENERAL STORES INC,no_relevant_evidence,No exact CIK or canonical-name match in current BNPL merchant dataset.,HIGH,2026-08-10T01:27:51.402911+00:00,current BNPL merchant dataset exact CIK/canonical-name check,,BNPL merchant and ownership files,internal_dataset,/Users/augustliu/Desktop/Research_On_Merchant_Side_Effect_Of_BNPL/data/merchant_ownership/merchant_ownership_rows.json,CASY
0000726958,,CASEYS GENERAL STORES INC,no_relevant_evidence,"Search completed; no clear BNPL exposure signal detected in result text. Top links: https://r.bing.com/rs/4f/gg/cc,nc/-G_YKFrphkyl83D0HTgpMefXo7c.css?or=w; https://r.bing.com/rs/4f/h6/cc,nc/U6HOq0RcF4_oC2_ItiNCBhNzO24.css?or=w; https://r.bing.com/rs/4f/eJ/cir3,cc,nc/-ooVmxB9OlPzBcewmec-cfwYTQs.css?or=w",MEDIUM,2026-08-10T01:27:51.402911+00:00,"""CASEYS GENERAL STORES INC"" BNPL Affirm Klarna Afterpay Zip Sezzle ""buy now pay later""",,Bing Search,web_search,https://www.bing.com/search?q=%22CASEYS+GENERAL+STORES+INC%22+BNPL+Affirm+Klarna+Afterpay+Zip+Sezzle+%22buy+now+pay+later%22,CASY
0000717826,,ERICSSON LM TELEPHONE CO,no_relevant_evidence,No exact CIK or canonical-name match in current BNPL merchant dataset.,HIGH,2026-08-10T01:27:51.402911+00:00,current BNPL merchant dataset exact CIK/canonical-name check,,BNPL merchant and ownership files,internal_dataset,/Users/augustliu/Desktop/Research_On_Merchant_Side_Effect_Of_BNPL/data/merchant_ownership/merchant_ownership_rows.json,ERIC
0000717826,,ERICSSON LM TELEPHONE CO,no_relevant_evidence,"Search completed; no clear BNPL exposure signal detected in result text. Top links: https://r.bing.com/rs/4f/gg/cc,nc/-G_YKFrphkyl83D0HTgpMefXo7c.css?or=w; https://r.bing.com/rs/4f/h6/cc,nc/U6HOq0RcF4_oC2_ItiNCBhNzO24.css?or=w; https://r.bing.com/rs/4f/fd/cir3,cc,nc/WTKNvHzqziTEsCD58MJtjs7bzWc.css?or=w",MEDIUM,2026-08-10T01:27:51.402911+00:00,"""ERICSSON LM TELEPHONE CO"" BNPL Affirm Klarna Afterpay Zip Sezzle ""buy now pay later""",,Bing Search,web_search,https://www.bing.com/search?q=%22ERICSSON+LM+TELEPHONE+CO%22+BNPL+Affirm+Klarna+Afterpay+Zip+Sezzle+%22buy+now+pay+later%22,ERIC
0001038683,,RYANAIR HOLDINGS PLC,no_relevant_evidence,No exact CIK or canonical-name match in current BNPL merchant dataset.,HIGH,2026-08-10T01:27:51.402911+00:00,current BNPL merchant dataset exact CIK/canonical-name check,,BNPL merchant and ownership files,internal_dataset,/Users/augustliu/Desktop/Research_On_Merchant_Side_Effect_Of_BNPL/data/merchant_ownership/merchant_ownership_rows.json,RYAAY
0001038683,,RYANAIR HOLDINGS PLC,no_relevant_evidence,"Search completed; no clear BNPL exposure signal detected in result text. Top links: https://r.bing.com/rs/4f/gg/cc,nc/-G_YKFrphkyl83D0HTgpMefXo7c.css?or=w; https://r.bing.com/rs/4f/h6/cc,nc/U6HOq0RcF4_oC2_ItiNCBhNzO24.css?or=w; https://r.bing.com/rs/4f/fG/cir3,cc,nc/5gFAL7Id0yWkqqPO1crOKHL1NzM.css?or=w",MEDIUM,2026-08-10T01:27:51.402911+00:00,"""RYANAIR HOLDINGS PLC"" BNPL Affirm Klarna Afterpay Zip Sezzle ""buy now pay later""",,Bing Search,web_search,https://www.bing.com/search?q=%22RYANAIR+HOLDINGS+PLC%22+BNPL+Affirm+Klarna+Afterpay+Zip+Sezzle+%22buy+now+pay+later%22,RYAAY
0001834584,,"Coupang, Inc.",no_relevant_evidence,No exact CIK or canonical-name match in current BNPL merchant dataset.,HIGH,2026-08-10T01:27:51.402911+00:00,current BNPL merchant dataset exact CIK/canonical-name check,,BNPL merchant and ownership files,internal_dataset,/Users/augustliu/Desktop/Research_On_Merchant_Side_Effect_Of_BNPL/data/merchant_ownership/merchant_ownership_rows.json,CPNG
0001834584,,"Coupang, Inc.",no_relevant_evidence,"Search completed; no clear BNPL exposure signal detected in result text. Top links: https://r.bing.com/rs/4f/gg/cc,nc/-G_YKFrphkyl83D0HTgpMefXo7c.css?or=w; https://r.bing.com/rs/4f/h6/cc,nc/U6HOq0RcF4_oC2_ItiNCBhNzO24.css?or=w; https://r.bing.com/rs/4f/ez/cir3,cc,nc/ITQ79_h8jq-eoIeRkdWbxDW7IbQ.css?or=w",MEDIUM,2026-08-10T01:27:51.402911+00:00,"""Coupang, Inc."" BNPL Affirm Klarna Afterpay Zip Sezzle ""buy now pay later""",,Bing Search,web_search,https://www.bing.com/search?q=%22Coupang%2C+Inc.%22+BNPL+Affirm+Klarna+Afterpay+Zip+Sezzle+%22buy+now+pay+later%22,CPNG
0000900075,,COPART INC,no_relevant_evidence,No exact CIK or canonical-name match in current BNPL merchant dataset.,HIGH,2026-08-10T01:27:51.402911+00:00,current BNPL merchant dataset exact CIK/canonical-name check,,BNPL merchant and ownership files,internal_dataset,/Users/augustliu/Desktop/Research_On_Merchant_Side_Effect_Of_BNPL/data/merchant_ownership/merchant_ownership_rows.json,CPRT
0000900075,,COPART INC,no_relevant_evidence,"Search completed; no clear BNPL exposure signal detected in result text. Top links: https://r.bing.com/rs/4f/gg/cc,nc/-G_YKFrphkyl83D0HTgpMefXo7c.css?or=w; https://r.bing.com/rs/4f/h6/cc,nc/U6HOq0RcF4_oC2_ItiNCBhNzO24.css?or=w; https://r.bing.com/rs/4f/eJ/cir3,cc,nc/-ooVmxB9OlPzBcewmec-cfwYTQs.css?or=w",MEDIUM,2026-08-10T01:27:51.402911+00:00,"""COPART INC"" BNPL Affirm Klarna Afterpay Zip Sezzle ""buy now pay later""",,Bing Search,web_search,https://www.bing.com/search?q=%22COPART+INC%22+BNPL+Affirm+Klarna+Afterpay+Zip+Sezzle+%22buy+now+pay+later%22,CPRT
0000935703,,"DOLLAR TREE, INC.",no_relevant_evidence,No exact CIK or canonical-name match in current BNPL merchant dataset.,HIGH,2026-08-10T01:27:51.402911+00:00,current BNPL merchant dataset exact CIK/canonical-name check,,BNPL merchant and ownership files,internal_dataset,/Users/augustliu/Desktop/Research_On_Merchant_Side_Effect_Of_BNPL/data/merchant_ownership/merchant_ownership_rows.json,DLTR
0000935703,,"DOLLAR TREE, INC.",no_relevant_evidence,"Search completed; no clear BNPL exposure signal detected in result text. Top links: https://r.bing.com/rs/4f/gg/cc,nc/-G_YKFrphkyl83D0HTgpMefXo7c.css?or=w; https://r.bing.com/rs/4f/gM/cc,nc/rWljTRKHPYQiu_szhv9ApXQ-KpI.css?or=w; https://r.bing.com/rs/4f/ez/cir3,cc,nc/ITQ79_h8jq-eoIeRkdWbxDW7IbQ.css?or=w",MEDIUM,2026-08-10T01:27:51.402911+00:00,"""DOLLAR TREE, INC."" BNPL Affirm Klarna Afterpay Zip Sezzle ""buy now pay later""",,Bing Search,web_search,https://www.bing.com/search?q=%22DOLLAR+TREE%2C+INC.%22+BNPL+Affirm+Klarna+Afterpay+Zip+Sezzle+%22buy+now+pay+later%22,DLTR
0000858446,,INTERCONTINENTAL HOTELS GROUP PLC /NEW/,no_relevant_evidence,No exact CIK or canonical-name match in current BNPL merchant dataset.,HIGH,2026-08-10T01:27:51.402911+00:00,current BNPL merchant dataset exact CIK/canonical-name check,,BNPL merchant and ownership files,internal_dataset,/Users/augustliu/Desktop/Research_On_Merchant_Side_Effect_Of_BNPL/data/merchant_ownership/merchant_ownership_rows.json,IHG
0000858446,,INTERCONTINENTAL HOTELS GROUP PLC /NEW/,no_relevant_evidence,"Search completed; no clear BNPL exposure signal detected in result text. Top links: https://r.bing.com/rs/4f/gg/cc,nc/-G_YKFrphkyl83D0HTgpMefXo7c.css?or=w; https://r.bing.com/rs/4f/gS/cc,nc/_huiPba-9XiYDf9Vd8j9EoLtXL4.css?or=w; https://r.bing.com/rs/4f/eT/cir3,cc,nc/ZNlEaxLrmuWEflDP-KwkyUROBrA.css?or=w",MEDIUM,2026-08-10T01:27:51.402911+00:00,"""INTERCONTINENTAL HOTELS GROUP PLC /NEW/"" BNPL Affirm Klarna Afterpay Zip Sezzle ""buy now pay later""",,Bing Search,web_search,https://www.bing.com/search?q=%22INTERCONTINENTAL+HOTELS+GROUP+PLC+%2FNEW%2F%22+BNPL+Affirm+Klarna+Afterpay+Zip+Sezzle+%22buy+now+pay+later%22,IHG
0000940944,,DARDEN RESTAURANTS INC,no_relevant_evidence,No exact CIK or canonical-name match in current BNPL merchant dataset.,HIGH,2026-08-10T01:27:51.402911+00:00,current BNPL merchant dataset exact CIK/canonical-name check,,BNPL merchant and ownership files,internal_dataset,/Users/augustliu/Desktop/Research_On_Merchant_Side_Effect_Of_BNPL/data/merchant_ownership/merchant_ownership_rows.json,DRI
0000940944,,DARDEN RESTAURANTS INC,no_relevant_evidence,"Search completed; no clear BNPL exposure signal detected in result text. Top links: https://r.bing.com/rs/4f/gg/cc,nc/-G_YKFrphkyl83D0HTgpMefXo7c.css?or=w; https://r.bing.com/rs/4f/h6/cc,nc/U6HOq0RcF4_oC2_ItiNCBhNzO24.css?or=w; https://r.bing.com/rs/4f/fG/cir3,cc,nc/5gFAL7Id0yWkqqPO1crOKHL1NzM.css?or=w",MEDIUM,2026-08-10T01:27:51.402911+00:00,"""DARDEN RESTAURANTS INC"" BNPL Affirm Klarna Afterpay Zip Sezzle ""buy now pay later""",,Bing Search,web_search,https://www.bing.com/search?q=%22DARDEN+RESTAURANTS+INC%22+BNPL+Affirm+Klarna+Afterpay+Zip+Sezzle+%22buy+now+pay+later%22,DRI
0001048695,,"F5, INC.",no_relevant_evidence,No exact CIK or canonical-name match in current BNPL merchant dataset.,HIGH,2026-08-10T01:27:51.402911+00:00,current BNPL merchant dataset exact CIK/canonical-name check,,BNPL merchant and ownership files,internal_dataset,/Users/augustliu/Desktop/Research_On_Merchant_Side_Effect_Of_BNPL/data/merchant_ownership/merchant_ownership_rows.json,FFIV
0001048695,,"F5, INC.",no_relevant_evidence,"Search completed; no clear BNPL exposure signal detected in result text. Top links: https://r.bing.com/rs/4f/gg/cc,nc/-G_YKFrphkyl83D0HTgpMefXo7c.css?or=w; https://r.bing.com/rs/4f/gM/cc,nc/rWljTRKHPYQiu_szhv9ApXQ-KpI.css?or=w; https://r.bing.com/rs/4f/eT/cir3,cc,nc/ZNlEaxLrmuWEflDP-KwkyUROBrA.css?or=w",MEDIUM,2026-08-10T01:27:51.402911+00:00,"""F5, INC."" BNPL Affirm Klarna Afterpay Zip Sezzle ""buy now pay later""",,Bing Search,web_search,https://www.bing.com/search?q=%22F5%2C+INC.%22+BNPL+Affirm+Klarna+Afterpay+Zip+Sezzle+%22buy+now+pay+later%22,FFIV
0001874178,,"Rivian Automotive, Inc. / DE",no_relevant_evidence,No exact CIK or canonical-name match in current BNPL merchant dataset.,HIGH,2026-08-10T01:27:51.402911+00:00,current BNPL merchant dataset exact CIK/canonical-name check,,BNPL merchant and ownership files,internal_dataset,/Users/augustliu/Desktop/Research_On_Merchant_Side_Effect_Of_BNPL/data/merchant_ownership/merchant_ownership_rows.json,RIVN
0001874178,,"Rivian Automotive, Inc. / DE",no_relevant_evidence,"Search completed; no clear BNPL exposure signal detected in result text. Top links: https://r.bing.com/rs/4f/gg/cc,nc/-G_YKFrphkyl83D0HTgpMefXo7c.css?or=w; https://r.bing.com/rs/4f/h6/cc,nc/U6HOq0RcF4_oC2_ItiNCBhNzO24.css?or=w; https://r.bing.com/rs/4f/fn/cir3,cc,nc/qYkYtW4ptUTHO5TVR_F3o3iRdIs.css?or=w",MEDIUM,2026-08-10T01:27:51.402911+00:00,"""Rivian Automotive, Inc. / DE"" BNPL Affirm Klarna Afterpay Zip Sezzle ""buy now pay later""",,Bing Search,web_search,https://www.bing.com/search?q=%22Rivian+Automotive%2C+Inc.+%2F+DE%22+BNPL+Affirm+Klarna+Afterpay+Zip+Sezzle+%22buy+now+pay+later%22,RIVN
0000092380,,SOUTHWEST AIRLINES CO,no_relevant_evidence,No exact CIK or canonical-name match in current BNPL merchant dataset.,HIGH,2026-08-10T01:27:51.402911+00:00,current BNPL merchant dataset exact CIK/canonical-name check,,BNPL merchant and ownership files,internal_dataset,/Users/augustliu/Desktop/Research_On_Merchant_Side_Effect_Of_BNPL/data/merchant_ownership/merchant_ownership_rows.json,LUV
0000092380,,SOUTHWEST AIRLINES CO,no_relevant_evidence,"Search completed; no clear BNPL exposure signal detected in result text. Top links: https://r.bing.com/rs/4f/gg/cc,nc/-G_YKFrphkyl83D0HTgpMefXo7c.css?or=w; https://r.bing.com/rs/4f/gS/cc,nc/_huiPba-9XiYDf9Vd8j9EoLtXL4.css?or=w; https://r.bing.com/rs/4f/f3/cir3,cc,nc/XKkf7PevzOVtzidRm3f9xWob0cM.css?or=w",MEDIUM,2026-08-10T01:27:51.402911+00:00,"""SOUTHWEST AIRLINES CO"" BNPL Affirm Klarna Afterpay Zip Sezzle ""buy now pay later""",,Bing Search,web_search,https://www.bing.com/search?q=%22SOUTHWEST+AIRLINES+CO%22+BNPL+Affirm+Klarna+Afterpay+Zip+Sezzle+%22buy+now+pay+later%22,LUV
0000746515,,EXPEDITORS INTERNATIONAL OF WASHINGTON INC,no_relevant_evidence,No exact CIK or canonical-name match in current BNPL merchant dataset.,HIGH,2026-08-10T01:27:51.402911+00:00,current BNPL merchant dataset exact CIK/canonical-name check,,BNPL merchant and ownership files,internal_dataset,/Users/augustliu/Desktop/Research_On_Merchant_Side_Effect_Of_BNPL/data/merchant_ownership/merchant_ownership_rows.json,EXPD
0000746515,,EXPEDITORS INTERNATIONAL OF WASHINGTON INC,no_relevant_evidence,"Search completed; no clear BNPL exposure signal detected in result text. Top links: https://r.bing.com/rs/4f/gg/cc,nc/-G_YKFrphkyl83D0HTgpMefXo7c.css?or=w; https://r.bing.com/rs/4f/gM/cc,nc/rWljTRKHPYQiu_szhv9ApXQ-KpI.css?or=w; https://r.bing.com/rs/4f/fG/cir3,cc,nc/5gFAL7Id0yWkqqPO1crOKHL1NzM.css?or=w",MEDIUM,2026-08-10T01:27:51.402911+00:00,"""EXPEDITORS INTERNATIONAL OF WASHINGTON INC"" BNPL Affirm Klarna Afterpay Zip Sezzle ""buy now pay later""",,Bing Search,web_search,https://www.bing.com/search?q=%22EXPEDITORS+INTERNATIONAL+OF+WASHINGTON+INC%22+BNPL+Affirm+Klarna+Afterpay+Zip+Sezzle+%22buy+now+pay+later%22,EXPD
0000749098,,MAGNA INTERNATIONAL INC,no_relevant_evidence,No exact CIK or canonical-name match in current BNPL merchant dataset.,HIGH,2026-08-10T01:27:51.402911+00:00,current BNPL merchant dataset exact CIK/canonical-name check,,BNPL merchant and ownership files,internal_dataset,/Users/augustliu/Desktop/Research_On_Merchant_Side_Effect_Of_BNPL/data/merchant_ownership/merchant_ownership_rows.json,MGA
0000749098,,MAGNA INTERNATIONAL INC,no_relevant_evidence,"Search completed; no clear BNPL exposure signal detected in result text. Top links: https://r.bing.com/rs/4f/gg/cc,nc/-G_YKFrphkyl83D0HTgpMefXo7c.css?or=w; https://r.bing.com/rs/4f/h6/cc,nc/U6HOq0RcF4_oC2_ItiNCBhNzO24.css?or=w; https://r.bing.com/rs/4f/fG/cir3,cc,nc/5gFAL7Id0yWkqqPO1crOKHL1NzM.css?or=w",MEDIUM,2026-08-10T01:27:51.402911+00:00,"""MAGNA INTERNATIONAL INC"" BNPL Affirm Klarna Afterpay Zip Sezzle ""buy now pay later""",,Bing Search,web_search,https://www.bing.com/search?q=%22MAGNA+INTERNATIONAL+INC%22+BNPL+Affirm+Klarna+Afterpay+Zip+Sezzle+%22buy+now+pay+later%22,MGA
0001375365,,"Super Micro Computer, Inc.",no_relevant_evidence,No exact CIK or canonical-name match in current BNPL merchant dataset.,HIGH,2026-08-10T01:27:51.402911+00:00,current BNPL merchant dataset exact CIK/canonical-name check,,BNPL merchant and ownership files,internal_dataset,/Users/augustliu/Desktop/Research_On_Merchant_Side_Effect_Of_BNPL/data/merchant_ownership/merchant_ownership_rows.json,SMCI
0001375365,,"Super Micro Computer, Inc.",no_relevant_evidence,"Search completed; no clear BNPL exposure signal detected in result text. Top links: https://r.bing.com/rs/4f/gg/cc,nc/-G_YKFrphkyl83D0HTgpMefXo7c.css?or=w; https://r.bing.com/rs/4f/h6/cc,nc/U6HOq0RcF4_oC2_ItiNCBhNzO24.css?or=w; https://r.bing.com/rs/4f/eJ/cir3,cc,nc/-ooVmxB9OlPzBcewmec-cfwYTQs.css?or=w",MEDIUM,2026-08-10T01:27:51.402911+00:00,"""Super Micro Computer, Inc."" BNPL Affirm Klarna Afterpay Zip Sezzle ""buy now pay later""",,Bing Search,web_search,https://www.bing.com/search?q=%22Super+Micro+Computer%2C+Inc.%22+BNPL+Affirm+Klarna+Afterpay+Zip+Sezzle+%22buy+now+pay+later%22,SMCI
0001043277,,"C. H. ROBINSON WORLDWIDE, INC.",no_relevant_evidence,No exact CIK or canonical-name match in current BNPL merchant dataset.,HIGH,2026-08-10T01:27:51.402911+00:00,current BNPL merchant dataset exact CIK/canonical-name check,,BNPL merchant and ownership files,internal_dataset,/Users/augustliu/Desktop/Research_On_Merchant_Side_Effect_Of_BNPL/data/merchant_ownership/merchant_ownership_rows.json,CHRW
0001043277,,"C. H. ROBINSON WORLDWIDE, INC.",no_relevant_evidence,"Search completed; no clear BNPL exposure signal detected in result text. Top links: https://r.bing.com/rs/4f/gg/cc,nc/-G_YKFrphkyl83D0HTgpMefXo7c.css?or=w; https://r.bing.com/rs/4f/h6/cc,nc/U6HOq0RcF4_oC2_ItiNCBhNzO24.css?or=w; https://r.bing.com/rs/4f/fd/cir3,cc,nc/WTKNvHzqziTEsCD58MJtjs7bzWc.css?or=w",MEDIUM,2026-08-10T01:27:51.402911+00:00,"""C. H. ROBINSON WORLDWIDE, INC."" BNPL Affirm Klarna Afterpay Zip Sezzle ""buy now pay later""",,Bing Search,web_search,https://www.bing.com/search?q=%22C.+H.+ROBINSON+WORLDWIDE%2C+INC.%22+BNPL+Affirm+Klarna+Afterpay+Zip+Sezzle+%22buy+now+pay+later%22,CHRW
0001605484,,Stellantis N.V.,no_relevant_evidence,No exact CIK or canonical-name match in current BNPL merchant dataset.,HIGH,2026-08-10T01:27:51.402911+00:00,current BNPL merchant dataset exact CIK/canonical-name check,,BNPL merchant and ownership files,internal_dataset,/Users/augustliu/Desktop/Research_On_Merchant_Side_Effect_Of_BNPL/data/merchant_ownership/merchant_ownership_rows.json,STLA
0001605484,,Stellantis N.V.,no_relevant_evidence,"Search completed; no clear BNPL exposure signal detected in result text. Top links: https://r.bing.com/rs/4f/gg/cc,nc/-G_YKFrphkyl83D0HTgpMefXo7c.css?or=w; https://r.bing.com/rs/4f/h6/cc,nc/U6HOq0RcF4_oC2_ItiNCBhNzO24.css?or=w; https://r.bing.com/rs/4f/fG/cir3,cc,nc/5gFAL7Id0yWkqqPO1crOKHL1NzM.css?or=w",MEDIUM,2026-08-10T01:27:51.402911+00:00,"""Stellantis N.V."" BNPL Affirm Klarna Afterpay Zip Sezzle ""buy now pay later""",,Bing Search,web_search,https://www.bing.com/search?q=%22Stellantis+N.V.%22+BNPL+Affirm+Klarna+Afterpay+Zip+Sezzle+%22buy+now+pay+later%22,STLA
0001673358,,"Yum China Holdings, Inc.",no_relevant_evidence,No exact CIK or canonical-name match in current BNPL merchant dataset.,HIGH,2026-08-10T01:27:51.402911+00:00,current BNPL merchant dataset exact CIK/canonical-name check,,BNPL merchant and ownership files,internal_dataset,/Users/augustliu/Desktop/Research_On_Merchant_Side_Effect_Of_BNPL/data/merchant_ownership/merchant_ownership_rows.json,YUMC
0001673358,,"Yum China Holdings, Inc.",no_relevant_evidence,"Search completed; no clear BNPL exposure signal detected in result text. Top links: https://r.bing.com/rs/4f/gg/cc,nc/-G_YKFrphkyl83D0HTgpMefXo7c.css?or=w; https://r.bing.com/rs/4f/gM/cc,nc/rWljTRKHPYQiu_szhv9ApXQ-KpI.css?or=w; https://r.bing.com/rs/4f/fd/cir3,cc,nc/WTKNvHzqziTEsCD58MJtjs7bzWc.css?or=w",MEDIUM,2026-08-10T01:27:51.402911+00:00,"""Yum China Holdings, Inc."" BNPL Affirm Klarna Afterpay Zip Sezzle ""buy now pay later""",,Bing Search,web_search,https://www.bing.com/search?q=%22Yum+China+Holdings%2C+Inc.%22+BNPL+Affirm+Klarna+Afterpay+Zip+Sezzle+%22buy+now+pay+later%22,YUMC
0001584509,,Aramark,no_relevant_evidence,No exact CIK or canonical-name match in current BNPL merchant dataset.,HIGH,2026-08-10T01:27:51.402911+00:00,current BNPL merchant dataset exact CIK/canonical-name check,,BNPL merchant and ownership files,internal_dataset,/Users/augustliu/Desktop/Research_On_Merchant_Side_Effect_Of_BNPL/data/merchant_ownership/merchant_ownership_rows.json,ARMK
0001584509,,Aramark,no_relevant_evidence,"Search completed; no clear BNPL exposure signal detected in result text. Top links: https://r.bing.com/rs/4f/gg/cc,nc/-G_YKFrphkyl83D0HTgpMefXo7c.css?or=w; https://r.bing.com/rs/4f/gM/cc,nc/rWljTRKHPYQiu_szhv9ApXQ-KpI.css?or=w; https://r.bing.com/rs/4f/eT/cir3,cc,nc/ZNlEaxLrmuWEflDP-KwkyUROBrA.css?or=w",MEDIUM,2026-08-10T01:27:51.402911+00:00,"""Aramark"" BNPL Affirm Klarna Afterpay Zip Sezzle ""buy now pay later""",,Bing Search,web_search,https://www.bing.com/search?q=%22Aramark%22+BNPL+Affirm+Klarna+Afterpay+Zip+Sezzle+%22buy+now+pay+later%22,ARMK
0001019849,,"PENSKE AUTOMOTIVE GROUP, INC.",no_relevant_evidence,No exact CIK or canonical-name match in current BNPL merchant dataset.,HIGH,2026-08-10T01:27:51.402911+00:00,current BNPL merchant dataset exact CIK/canonical-name check,,BNPL merchant and ownership files,internal_dataset,/Users/augustliu/Desktop/Research_On_Merchant_Side_Effect_Of_BNPL/data/merchant_ownership/merchant_ownership_rows.json,PAG
0001019849,,"PENSKE AUTOMOTIVE GROUP, INC.",no_relevant_evidence,"Search completed; no clear BNPL exposure signal detected in result text. Top links: https://r.bing.com/rs/4f/gg/cc,nc/-G_YKFrphkyl83D0HTgpMefXo7c.css?or=w; https://r.bing.com/rs/4f/h6/cc,nc/U6HOq0RcF4_oC2_ItiNCBhNzO24.css?or=w; https://r.bing.com/rs/4f/fG/cir3,cc,nc/5gFAL7Id0yWkqqPO1crOKHL1NzM.css?or=w",MEDIUM,2026-08-10T01:27:51.402911+00:00,"""PENSKE AUTOMOTIVE GROUP, INC."" BNPL Affirm Klarna Afterpay Zip Sezzle ""buy now pay later""",,Bing Search,web_search,https://www.bing.com/search?q=%22PENSKE+AUTOMOTIVE+GROUP%2C+INC.%22+BNPL+Affirm+Klarna+Afterpay+Zip+Sezzle+%22buy+now+pay+later%22,PAG
0001206264,,SOMNIGROUP INTERNATIONAL INC.,no_relevant_evidence,No exact CIK or canonical-name match in current BNPL merchant dataset.,HIGH,2026-08-10T01:27:51.402911+00:00,current BNPL merchant dataset exact CIK/canonical-name check,,BNPL merchant and ownership files,internal_dataset,/Users/augustliu/Desktop/Research_On_Merchant_Side_Effect_Of_BNPL/data/merchant_ownership/merchant_ownership_rows.json,SGI
0001206264,,SOMNIGROUP INTERNATIONAL INC.,no_relevant_evidence,"Search completed; no clear BNPL exposure signal detected in result text. Top links: https://r.bing.com/rs/4f/gg/cc,nc/-G_YKFrphkyl83D0HTgpMefXo7c.css?or=w; https://r.bing.com/rs/4f/gS/cc,nc/_huiPba-9XiYDf9Vd8j9EoLtXL4.css?or=w; https://r.bing.com/rs/4f/eJ/cir3,cc,nc/-ooVmxB9OlPzBcewmec-cfwYTQs.css?or=w",MEDIUM,2026-08-10T01:27:51.402911+00:00,"""SOMNIGROUP INTERNATIONAL INC."" BNPL Affirm Klarna Afterpay Zip Sezzle ""buy now pay later""",,Bing Search,web_search,https://www.bing.com/search?q=%22SOMNIGROUP+INTERNATIONAL+INC.%22+BNPL+Affirm+Klarna+Afterpay+Zip+Sezzle+%22buy+now+pay+later%22,SGI
0001289460,,"Texas Roadhouse, Inc.",no_relevant_evidence,No exact CIK or canonical-name match in current BNPL merchant dataset.,HIGH,2026-08-10T01:27:51.402911+00:00,current BNPL merchant dataset exact CIK/canonical-name check,,BNPL merchant and ownership files,internal_dataset,/Users/augustliu/Desktop/Research_On_Merchant_Side_Effect_Of_BNPL/data/merchant_ownership/merchant_ownership_rows.json,TXRH
0001289460,,"Texas Roadhouse, Inc.",no_relevant_evidence,"Search completed; no clear BNPL exposure signal detected in result text. Top links: https://r.bing.com/rs/4f/gg/cc,nc/-G_YKFrphkyl83D0HTgpMefXo7c.css?or=w; https://r.bing.com/rs/4f/gS/cc,nc/_huiPba-9XiYDf9Vd8j9EoLtXL4.css?or=w; https://r.bing.com/rs/4f/f3/cir3,cc,nc/XKkf7PevzOVtzidRm3f9xWob0cM.css?or=w",MEDIUM,2026-08-10T01:27:51.402911+00:00,"""Texas Roadhouse, Inc."" BNPL Affirm Klarna Afterpay Zip Sezzle ""buy now pay later""",,Bing Search,web_search,https://www.bing.com/search?q=%22Texas+Roadhouse%2C+Inc.%22+BNPL+Affirm+Klarna+Afterpay+Zip+Sezzle+%22buy+now+pay+later%22,TXRH
0001319161,,Warner Music Group Corp.,no_relevant_evidence,No exact CIK or canonical-name match in current BNPL merchant dataset.,HIGH,2026-08-10T01:27:51.402911+00:00,current BNPL merchant dataset exact CIK/canonical-name check,,BNPL merchant and ownership files,internal_dataset,/Users/augustliu/Desktop/Research_On_Merchant_Side_Effect_Of_BNPL/data/merchant_ownership/merchant_ownership_rows.json,WMG
0001319161,,Warner Music Group Corp.,no_relevant_evidence,"Search completed; no clear BNPL exposure signal detected in result text. Top links: https://r.bing.com/rs/4f/gg/cc,nc/-G_YKFrphkyl83D0HTgpMefXo7c.css?or=w; https://r.bing.com/rs/4f/h6/cc,nc/U6HOq0RcF4_oC2_ItiNCBhNzO24.css?or=w; https://r.bing.com/rs/4f/eJ/cir3,cc,nc/-ooVmxB9OlPzBcewmec-cfwYTQs.css?or=w",MEDIUM,2026-08-10T01:27:51.402911+00:00,"""Warner Music Group Corp."" BNPL Affirm Klarna Afterpay Zip Sezzle ""buy now pay later""",,Bing Search,web_search,https://www.bing.com/search?q=%22Warner+Music+Group+Corp.%22+BNPL+Affirm+Klarna+Afterpay+Zip+Sezzle+%22buy+now+pay+later%22,WMG
0001791706,,Li Auto Inc.,no_relevant_evidence,No exact CIK or canonical-name match in current BNPL merchant dataset.,HIGH,2026-08-10T01:27:51.402911+00:00,current BNPL merchant dataset exact CIK/canonical-name check,,BNPL merchant and ownership files,internal_dataset,/Users/augustliu/Desktop/Research_On_Merchant_Side_Effect_Of_BNPL/data/merchant_ownership/merchant_ownership_rows.json,LI
0001791706,,Li Auto Inc.,no_relevant_evidence,"Search completed; no clear BNPL exposure signal detected in result text. Top links: https://r.bing.com/rs/4f/gg/cc,nc/-G_YKFrphkyl83D0HTgpMefXo7c.css?or=w; https://r.bing.com/rs/4f/gM/cc,nc/rWljTRKHPYQiu_szhv9ApXQ-KpI.css?or=w; https://r.bing.com/rs/4f/f3/cir3,cc,nc/XKkf7PevzOVtzidRm3f9xWob0cM.css?or=w",MEDIUM,2026-08-10T01:27:51.402911+00:00,"""Li Auto Inc."" BNPL Affirm Klarna Afterpay Zip Sezzle ""buy now pay later""",,Bing Search,web_search,https://www.bing.com/search?q=%22Li+Auto+Inc.%22+BNPL+Affirm+Klarna+Afterpay+Zip+Sezzle+%22buy+now+pay+later%22,LI
0001483994,,H World Group Ltd,no_relevant_evidence,No exact CIK or canonical-name match in current BNPL merchant dataset.,HIGH,2026-08-10T01:27:51.402911+00:00,current BNPL merchant dataset exact CIK/canonical-name check,,BNPL merchant and ownership files,internal_dataset,/Users/augustliu/Desktop/Research_On_Merchant_Side_Effect_Of_BNPL/data/merchant_ownership/merchant_ownership_rows.json,HTHT
0001483994,,H World Group Ltd,no_relevant_evidence,"Search completed; no clear BNPL exposure signal detected in result text. Top links: https://r.bing.com/rs/4f/gg/cc,nc/-G_YKFrphkyl83D0HTgpMefXo7c.css?or=w; https://r.bing.com/rs/4f/h6/cc,nc/U6HOq0RcF4_oC2_ItiNCBhNzO24.css?or=w; https://r.bing.com/rs/4f/fG/cir3,cc,nc/5gFAL7Id0yWkqqPO1crOKHL1NzM.css?or=w",MEDIUM,2026-08-10T01:27:51.402911+00:00,"""H World Group Ltd"" BNPL Affirm Klarna Afterpay Zip Sezzle ""buy now pay later""",,Bing Search,web_search,https://www.bing.com/search?q=%22H+World+Group+Ltd%22+BNPL+Affirm+Klarna+Afterpay+Zip+Sezzle+%22buy+now+pay+later%22,HTHT
0000317540,,"Coca-Cola Consolidated, Inc.",no_relevant_evidence,No exact CIK or canonical-name match in current BNPL merchant dataset.,HIGH,2026-08-10T01:27:51.402911+00:00,current BNPL merchant dataset exact CIK/canonical-name check,,BNPL merchant and ownership files,internal_dataset,/Users/augustliu/Desktop/Research_On_Merchant_Side_Effect_Of_BNPL/data/merchant_ownership/merchant_ownership_rows.json,COKE
0000317540,,"Coca-Cola Consolidated, Inc.",no_relevant_evidence,"Search completed; no clear BNPL exposure signal detected in result text. Top links: https://r.bing.com/rs/4f/gg/cc,nc/-G_YKFrphkyl83D0HTgpMefXo7c.css?or=w; https://r.bing.com/rs/4f/gS/cc,nc/_huiPba-9XiYDf9Vd8j9EoLtXL4.css?or=w; https://r.bing.com/rs/4f/fG/cir3,cc,nc/5gFAL7Id0yWkqqPO1crOKHL1NzM.css?or=w",MEDIUM,2026-08-10T01:27:51.402911+00:00,"""Coca-Cola Consolidated, Inc."" BNPL Affirm Klarna Afterpay Zip Sezzle ""buy now pay later""",,Bing Search,web_search,https://www.bing.com/search?q=%22Coca-Cola+Consolidated%2C+Inc.%22+BNPL+Affirm+Klarna+Afterpay+Zip+Sezzle+%22buy+now+pay+later%22,COKE
0001810997,,XPENG INC.,no_relevant_evidence,No exact CIK or canonical-name match in current BNPL merchant dataset.,HIGH,2026-08-10T01:27:51.402911+00:00,current BNPL merchant dataset exact CIK/canonical-name check,,BNPL merchant and ownership files,internal_dataset,/Users/augustliu/Desktop/Research_On_Merchant_Side_Effect_Of_BNPL/data/merchant_ownership/merchant_ownership_rows.json,XPEV
0001810997,,XPENG INC.,no_relevant_evidence,"Search completed; no clear BNPL exposure signal detected in result text. Top links: https://r.bing.com/rs/4f/gg/cc,nc/-G_YKFrphkyl83D0HTgpMefXo7c.css?or=w; https://r.bing.com/rs/4f/h6/cc,nc/U6HOq0RcF4_oC2_ItiNCBhNzO24.css?or=w; https://r.bing.com/rs/4f/fd/cir3,cc,nc/WTKNvHzqziTEsCD58MJtjs7bzWc.css?or=w",MEDIUM,2026-08-10T01:27:51.402911+00:00,"""XPENG INC."" BNPL Affirm Klarna Afterpay Zip Sezzle ""buy now pay later""",,Bing Search,web_search,https://www.bing.com/search?q=%22XPENG+INC.%22+BNPL+Affirm+Klarna+Afterpay+Zip+Sezzle+%22buy+now+pay+later%22,XPEV
0001521332,,Aptiv PLC,no_relevant_evidence,No exact CIK or canonical-name match in current BNPL merchant dataset.,HIGH,2026-08-10T01:27:51.402911+00:00,current BNPL merchant dataset exact CIK/canonical-name check,,BNPL merchant and ownership files,internal_dataset,/Users/augustliu/Desktop/Research_On_Merchant_Side_Effect_Of_BNPL/data/merchant_ownership/merchant_ownership_rows.json,APTV
0001521332,,Aptiv PLC,no_relevant_evidence,"Search completed; no clear BNPL exposure signal detected in result text. Top links: https://r.bing.com/rs/4f/gg/cc,nc/-G_YKFrphkyl83D0HTgpMefXo7c.css?or=w; https://r.bing.com/rs/4f/h6/cc,nc/U6HOq0RcF4_oC2_ItiNCBhNzO24.css?or=w; https://r.bing.com/rs/4f/fG/cir3,cc,nc/5gFAL7Id0yWkqqPO1crOKHL1NzM.css?or=w",MEDIUM,2026-08-10T01:27:51.402911+00:00,"""Aptiv PLC"" BNPL Affirm Klarna Afterpay Zip Sezzle ""buy now pay later""",,Bing Search,web_search,https://www.bing.com/search?q=%22Aptiv+PLC%22+BNPL+Affirm+Klarna+Afterpay+Zip+Sezzle+%22buy+now+pay+later%22,APTV
0001883685,,DraftKings Inc.,no_relevant_evidence,No exact CIK or canonical-name match in current BNPL merchant dataset.,HIGH,2026-08-10T01:27:51.402911+00:00,current BNPL merchant dataset exact CIK/canonical-name check,,BNPL merchant and ownership files,internal_dataset,/Users/augustliu/Desktop/Research_On_Merchant_Side_Effect_Of_BNPL/data/merchant_ownership/merchant_ownership_rows.json,DKNG
0001883685,,DraftKings Inc.,no_relevant_evidence,"Search completed; no clear BNPL exposure signal detected in result text. Top links: https://r.bing.com/rs/4f/gg/cc,nc/-G_YKFrphkyl83D0HTgpMefXo7c.css?or=w; https://r.bing.com/rs/4f/h6/cc,nc/U6HOq0RcF4_oC2_ItiNCBhNzO24.css?or=w; https://r.bing.com/rs/4f/eJ/cir3,cc,nc/-ooVmxB9OlPzBcewmec-cfwYTQs.css?or=w",MEDIUM,2026-08-10T01:27:51.402911+00:00,"""DraftKings Inc."" BNPL Affirm Klarna Afterpay Zip Sezzle ""buy now pay later""",,Bing Search,web_search,https://www.bing.com/search?q=%22DraftKings+Inc.%22+BNPL+Affirm+Klarna+Afterpay+Zip+Sezzle+%22buy+now+pay+later%22,DKNG
0001866581,,Dutch Bros Inc.,no_relevant_evidence,No exact CIK or canonical-name match in current BNPL merchant dataset.,HIGH,2026-08-10T01:27:51.402911+00:00,current BNPL merchant dataset exact CIK/canonical-name check,,BNPL merchant and ownership files,internal_dataset,/Users/augustliu/Desktop/Research_On_Merchant_Side_Effect_Of_BNPL/data/merchant_ownership/merchant_ownership_rows.json,BROS
0001866581,,Dutch Bros Inc.,no_relevant_evidence,"Search completed; no clear BNPL exposure signal detected in result text. Top links: https://r.bing.com/rs/4f/gg/cc,nc/-G_YKFrphkyl83D0HTgpMefXo7c.css?or=w; https://r.bing.com/rs/4f/h6/cc,nc/U6HOq0RcF4_oC2_ItiNCBhNzO24.css?or=w; https://r.bing.com/rs/4f/fG/cir3,cc,nc/5gFAL7Id0yWkqqPO1crOKHL1NzM.css?or=w",MEDIUM,2026-08-10T01:27:51.402911+00:00,"""Dutch Bros Inc."" BNPL Affirm Klarna Afterpay Zip Sezzle ""buy now pay later""",,Bing Search,web_search,https://www.bing.com/search?q=%22Dutch+Bros+Inc.%22+BNPL+Affirm+Klarna+Afterpay+Zip+Sezzle+%22buy+now+pay+later%22,BROS
0001573516,,Murphy USA Inc.,no_relevant_evidence,No exact CIK or canonical-name match in current BNPL merchant dataset.,HIGH,2026-08-10T01:27:51.402911+00:00,current BNPL merchant dataset exact CIK/canonical-name check,,BNPL merchant and ownership files,internal_dataset,/Users/augustliu/Desktop/Research_On_Merchant_Side_Effect_Of_BNPL/data/merchant_ownership/merchant_ownership_rows.json,MUSA
0001573516,,Murphy USA Inc.,no_relevant_evidence,"Search completed; no clear BNPL exposure signal detected in result text. Top links: https://r.bing.com/rs/4f/gg/cc,nc/-G_YKFrphkyl83D0HTgpMefXo7c.css?or=w; https://r.bing.com/rs/4f/h6/cc,nc/U6HOq0RcF4_oC2_ItiNCBhNzO24.css?or=w; https://r.bing.com/rs/4f/ez/cir3,cc,nc/ITQ79_h8jq-eoIeRkdWbxDW7IbQ.css?or=w",MEDIUM,2026-08-10T01:27:51.402911+00:00,"""Murphy USA Inc."" BNPL Affirm Klarna Afterpay Zip Sezzle ""buy now pay later""",,Bing Search,web_search,https://www.bing.com/search?q=%22Murphy+USA+Inc.%22+BNPL+Affirm+Klarna+Afterpay+Zip+Sezzle+%22buy+now+pay+later%22,MUSA
0000067347,,MODINE MANUFACTURING CO,no_relevant_evidence,No exact CIK or canonical-name match in current BNPL merchant dataset.,HIGH,2026-08-10T01:27:51.402911+00:00,current BNPL merchant dataset exact CIK/canonical-name check,,BNPL merchant and ownership files,internal_dataset,/Users/augustliu/Desktop/Research_On_Merchant_Side_Effect_Of_BNPL/data/merchant_ownership/merchant_ownership_rows.json,MOD
0000067347,,MODINE MANUFACTURING CO,no_relevant_evidence,"Search completed; no clear BNPL exposure signal detected in result text. Top links: https://r.bing.com/rs/4f/gg/cc,nc/-G_YKFrphkyl83D0HTgpMefXo7c.css?or=w; https://r.bing.com/rs/4f/gS/cc,nc/_huiPba-9XiYDf9Vd8j9EoLtXL4.css?or=w; https://r.bing.com/rs/4f/f3/cir3,cc,nc/XKkf7PevzOVtzidRm3f9xWob0cM.css?or=w",MEDIUM,2026-08-10T01:27:51.402911+00:00,"""MODINE MANUFACTURING CO"" BNPL Affirm Klarna Afterpay Zip Sezzle ""buy now pay later""",,Bing Search,web_search,https://www.bing.com/search?q=%22MODINE+MANUFACTURING+CO%22+BNPL+Affirm+Klarna+Afterpay+Zip+Sezzle+%22buy+now+pay+later%22,MOD
0001061894,,Gildan Activewear Inc.,no_relevant_evidence,No exact CIK or canonical-name match in current BNPL merchant dataset.,HIGH,2026-08-10T01:27:51.402911+00:00,current BNPL merchant dataset exact CIK/canonical-name check,,BNPL merchant and ownership files,internal_dataset,/Users/augustliu/Desktop/Research_On_Merchant_Side_Effect_Of_BNPL/data/merchant_ownership/merchant_ownership_rows.json,GIL
0001061894,,Gildan Activewear Inc.,no_relevant_evidence,"Search completed; no clear BNPL exposure signal detected in result text. Top links: https://r.bing.com/rs/4f/gg/cc,nc/-G_YKFrphkyl83D0HTgpMefXo7c.css?or=w; https://r.bing.com/rs/4f/gM/cc,nc/rWljTRKHPYQiu_szhv9ApXQ-KpI.css?or=w; https://r.bing.com/rs/4f/eT/cir3,cc,nc/ZNlEaxLrmuWEflDP-KwkyUROBrA.css?or=w",MEDIUM,2026-08-10T01:27:51.402911+00:00,"""Gildan Activewear Inc."" BNPL Affirm Klarna Afterpay Zip Sezzle ""buy now pay later""",,Bing Search,web_search,https://www.bing.com/search?q=%22Gildan+Activewear+Inc.%22+BNPL+Affirm+Klarna+Afterpay+Zip+Sezzle+%22buy+now+pay+later%22,GIL
0001174922,,WYNN RESORTS LTD,no_relevant_evidence,No exact CIK or canonical-name match in current BNPL merchant dataset.,HIGH,2026-08-10T01:27:51.402911+00:00,current BNPL merchant dataset exact CIK/canonical-name check,,BNPL merchant and ownership files,internal_dataset,/Users/augustliu/Desktop/Research_On_Merchant_Side_Effect_Of_BNPL/data/merchant_ownership/merchant_ownership_rows.json,WYNN
0001174922,,WYNN RESORTS LTD,no_relevant_evidence,"Search completed; no clear BNPL exposure signal detected in result text. Top links: https://r.bing.com/rs/4f/gg/cc,nc/-G_YKFrphkyl83D0HTgpMefXo7c.css?or=w; https://r.bing.com/rs/4f/h6/cc,nc/U6HOq0RcF4_oC2_ItiNCBhNzO24.css?or=w; https://r.bing.com/rs/4f/fd/cir3,cc,nc/WTKNvHzqziTEsCD58MJtjs7bzWc.css?or=w",MEDIUM,2026-08-10T01:27:51.402911+00:00,"""WYNN RESORTS LTD"" BNPL Affirm Klarna Afterpay Zip Sezzle ""buy now pay later""",,Bing Search,web_search,https://www.bing.com/search?q=%22WYNN+RESORTS+LTD%22+BNPL+Affirm+Klarna+Afterpay+Zip+Sezzle+%22buy+now+pay+later%22,WYNN
0001869198,,"Life Time Group Holdings, Inc.",no_relevant_evidence,No exact CIK or canonical-name match in current BNPL merchant dataset.,HIGH,2026-08-10T01:27:51.402911+00:00,current BNPL merchant dataset exact CIK/canonical-name check,,BNPL merchant and ownership files,internal_dataset,/Users/augustliu/Desktop/Research_On_Merchant_Side_Effect_Of_BNPL/data/merchant_ownership/merchant_ownership_rows.json,LTH
0001869198,,"Life Time Group Holdings, Inc.",no_relevant_evidence,"Search completed; no clear BNPL exposure signal detected in result text. Top links: https://r.bing.com/rs/4f/gg/cc,nc/-G_YKFrphkyl83D0HTgpMefXo7c.css?or=w; https://r.bing.com/rs/4f/gM/cc,nc/rWljTRKHPYQiu_szhv9ApXQ-KpI.css?or=w; https://r.bing.com/rs/4f/fG/cir3,cc,nc/5gFAL7Id0yWkqqPO1crOKHL1NzM.css?or=w",MEDIUM,2026-08-10T01:27:51.402911+00:00,"""Life Time Group Holdings, Inc."" BNPL Affirm Klarna Afterpay Zip Sezzle ""buy now pay later""",,Bing Search,web_search,https://www.bing.com/search?q=%22Life+Time+Group+Holdings%2C+Inc.%22+BNPL+Affirm+Klarna+Afterpay+Zip+Sezzle+%22buy+now+pay+later%22,LTH
0001767582,,Luckin Coffee Inc.,no_relevant_evidence,No exact CIK or canonical-name match in current BNPL merchant dataset.,HIGH,2026-08-10T01:27:51.402911+00:00,current BNPL merchant dataset exact CIK/canonical-name check,,BNPL merchant and ownership files,internal_dataset,/Users/augustliu/Desktop/Research_On_Merchant_Side_Effect_Of_BNPL/data/merchant_ownership/merchant_ownership_rows.json,LKNCY
0001767582,,Luckin Coffee Inc.,no_relevant_evidence,"Search completed; no clear BNPL exposure signal detected in result text. Top links: https://r.bing.com/rs/4f/gg/cc,nc/-G_YKFrphkyl83D0HTgpMefXo7c.css?or=w; https://r.bing.com/rs/4f/gS/cc,nc/_huiPba-9XiYDf9Vd8j9EoLtXL4.css?or=w; https://r.bing.com/rs/4f/fG/cir3,cc,nc/5gFAL7Id0yWkqqPO1crOKHL1NzM.css?or=w",MEDIUM,2026-08-10T01:27:51.402911+00:00,"""Luckin Coffee Inc."" BNPL Affirm Klarna Afterpay Zip Sezzle ""buy now pay later""",,Bing Search,web_search,https://www.bing.com/search?q=%22Luckin+Coffee+Inc.%22+BNPL+Affirm+Klarna+Afterpay+Zip+Sezzle+%22buy+now+pay+later%22,LKNCY
0000094845,,LEVI STRAUSS & CO,no_relevant_evidence,No exact CIK or canonical-name match in current BNPL merchant dataset.,HIGH,2026-08-10T01:27:51.402911+00:00,current BNPL merchant dataset exact CIK/canonical-name check,,BNPL merchant and ownership files,internal_dataset,/Users/augustliu/Desktop/Research_On_Merchant_Side_Effect_Of_BNPL/data/merchant_ownership/merchant_ownership_rows.json,LEVI
0000094845,,LEVI STRAUSS & CO,no_relevant_evidence,"Search completed; no clear BNPL exposure signal detected in result text. Top links: https://r.bing.com/rs/4f/gg/cc,nc/-G_YKFrphkyl83D0HTgpMefXo7c.css?or=w; https://r.bing.com/rs/4f/h6/cc,nc/U6HOq0RcF4_oC2_ItiNCBhNzO24.css?or=w; https://r.bing.com/rs/4f/fG/cir3,cc,nc/5gFAL7Id0yWkqqPO1crOKHL1NzM.css?or=w",MEDIUM,2026-08-10T01:27:51.402911+00:00,"""LEVI STRAUSS & CO"" BNPL Affirm Klarna Afterpay Zip Sezzle ""buy now pay later""",,Bing Search,web_search,https://www.bing.com/search?q=%22LEVI+STRAUSS+%26+CO%22+BNPL+Affirm+Klarna+Afterpay+Zip+Sezzle+%22buy+now+pay+later%22,LEVI
0001636519,,Madison Square Garden Sports Corp.,no_relevant_evidence,No exact CIK or canonical-name match in current BNPL merchant dataset.,HIGH,2026-08-10T01:27:51.402911+00:00,current BNPL merchant dataset exact CIK/canonical-name check,,BNPL merchant and ownership files,internal_dataset,/Users/augustliu/Desktop/Research_On_Merchant_Side_Effect_Of_BNPL/data/merchant_ownership/merchant_ownership_rows.json,MSGS
0001636519,,Madison Square Garden Sports Corp.,no_relevant_evidence,"Search completed; no clear BNPL exposure signal detected in result text. Top links: https://r.bing.com/rs/4f/gg/cc,nc/-G_YKFrphkyl83D0HTgpMefXo7c.css?or=w; https://r.bing.com/rs/4f/h6/cc,nc/U6HOq0RcF4_oC2_ItiNCBhNzO24.css?or=w; https://r.bing.com/rs/4f/fG/cir3,cc,nc/5gFAL7Id0yWkqqPO1crOKHL1NzM.css?or=w",MEDIUM,2026-08-10T01:27:51.402911+00:00,"""Madison Square Garden Sports Corp."" BNPL Affirm Klarna Afterpay Zip Sezzle ""buy now pay later""",,Bing Search,web_search,https://www.bing.com/search?q=%22Madison+Square+Garden+Sports+Corp.%22+BNPL+Affirm+Klarna+Afterpay+Zip+Sezzle+%22buy+now+pay+later%22,MSGS
0001411207,,Allison Transmission Holdings Inc,no_relevant_evidence,No exact CIK or canonical-name match in current BNPL merchant dataset.,HIGH,2026-08-10T01:27:51.402911+00:00,current BNPL merchant dataset exact CIK/canonical-name check,,BNPL merchant and ownership files,internal_dataset,/Users/augustliu/Desktop/Research_On_Merchant_Side_Effect_Of_BNPL/data/merchant_ownership/merchant_ownership_rows.json,ALSN
0001411207,,Allison Transmission Holdings Inc,no_relevant_evidence,"Search completed; no clear BNPL exposure signal detected in result text. Top links: https://r.bing.com/rs/4f/gg/cc,nc/-G_YKFrphkyl83D0HTgpMefXo7c.css?or=w; https://r.bing.com/rs/4f/h6/cc,nc/U6HOq0RcF4_oC2_ItiNCBhNzO24.css?or=w; https://r.bing.com/rs/4f/ez/cir3,cc,nc/ITQ79_h8jq-eoIeRkdWbxDW7IbQ.css?or=w",MEDIUM,2026-08-10T01:27:51.402911+00:00,"""Allison Transmission Holdings Inc"" BNPL Affirm Klarna Afterpay Zip Sezzle ""buy now pay later""",,Bing Search,web_search,https://www.bing.com/search?q=%22Allison+Transmission+Holdings+Inc%22+BNPL+Affirm+Klarna+Afterpay+Zip+Sezzle+%22buy+now+pay+later%22,ALSN
0000703351,,"BRINKER INTERNATIONAL, INC",no_relevant_evidence,No exact CIK or canonical-name match in current BNPL merchant dataset.,HIGH,2026-08-10T01:27:51.402911+00:00,current BNPL merchant dataset exact CIK/canonical-name check,,BNPL merchant and ownership files,internal_dataset,/Users/augustliu/Desktop/Research_On_Merchant_Side_Effect_Of_BNPL/data/merchant_ownership/merchant_ownership_rows.json,EAT
0000703351,,"BRINKER INTERNATIONAL, INC",no_relevant_evidence,"Search completed; no clear BNPL exposure signal detected in result text. Top links: https://r.bing.com/rs/4f/gg/cc,nc/-G_YKFrphkyl83D0HTgpMefXo7c.css?or=w; https://r.bing.com/rs/4f/h6/cc,nc/U6HOq0RcF4_oC2_ItiNCBhNzO24.css?or=w; https://r.bing.com/rs/4f/fn/cir3,cc,nc/qYkYtW4ptUTHO5TVR_F3o3iRdIs.css?or=w",MEDIUM,2026-08-10T01:27:51.402911+00:00,"""BRINKER INTERNATIONAL, INC"" BNPL Affirm Klarna Afterpay Zip Sezzle ""buy now pay later""",,Bing Search,web_search,https://www.bing.com/search?q=%22BRINKER+INTERNATIONAL%2C+INC%22+BNPL+Affirm+Klarna+Afterpay+Zip+Sezzle+%22buy+now+pay+later%22,EAT
0001034670,,AUTOLIV INC,no_relevant_evidence,No exact CIK or canonical-name match in current BNPL merchant dataset.,HIGH,2026-08-10T01:27:51.402911+00:00,current BNPL merchant dataset exact CIK/canonical-name check,,BNPL merchant and ownership files,internal_dataset,/Users/augustliu/Desktop/Research_On_Merchant_Side_Effect_Of_BNPL/data/merchant_ownership/merchant_ownership_rows.json,ALV
0001034670,,AUTOLIV INC,no_relevant_evidence,"Search completed; no clear BNPL exposure signal detected in result text. Top links: https://r.bing.com/rs/4f/gg/cc,nc/-G_YKFrphkyl83D0HTgpMefXo7c.css?or=w; https://r.bing.com/rs/4f/gM/cc,nc/rWljTRKHPYQiu_szhv9ApXQ-KpI.css?or=w; https://r.bing.com/rs/4f/eT/cir3,cc,nc/ZNlEaxLrmuWEflDP-KwkyUROBrA.css?or=w",MEDIUM,2026-08-10T01:27:51.402911+00:00,"""AUTOLIV INC"" BNPL Affirm Klarna Afterpay Zip Sezzle ""buy now pay later""",,Bing Search,web_search,https://www.bing.com/search?q=%22AUTOLIV+INC%22+BNPL+Affirm+Klarna+Afterpay+Zip+Sezzle+%22buy+now+pay+later%22,ALV
0000775158,current BNPL directory,OSHKOSH CORP,confirmed_bnpl,Candidate matched current BNPL merchant/public-parent data.,HIGH,2026-08-10T01:27:51.402911+00:00,current BNPL merchant dataset exact CIK/canonical-name check,,BNPL merchant and ownership files,internal_dataset,/Users/augustliu/Desktop/Research_On_Merchant_Side_Effect_Of_BNPL/data/merchant_ownership/merchant_ownership_rows.json,OSK
0000775158,,OSHKOSH CORP,no_relevant_evidence,"Search completed; no clear BNPL exposure signal detected in result text. Top links: https://r.bing.com/rs/4f/gg/cc,nc/-G_YKFrphkyl83D0HTgpMefXo7c.css?or=w; https://r.bing.com/rs/4f/h6/cc,nc/U6HOq0RcF4_oC2_ItiNCBhNzO24.css?or=w; https://r.bing.com/rs/4f/fG/cir3,cc,nc/5gFAL7Id0yWkqqPO1crOKHL1NzM.css?or=w",MEDIUM,2026-08-10T01:27:51.402911+00:00,"""OSHKOSH CORP"" BNPL Affirm Klarna Afterpay Zip Sezzle ""buy now pay later""",,Bing Search,web_search,https://www.bing.com/search?q=%22OSHKOSH+CORP%22+BNPL+Affirm+Klarna+Afterpay+Zip+Sezzle+%22buy+now+pay+later%22,OSK
0002078416,,"Liberty Live Holdings, Inc.",no_relevant_evidence,No exact CIK or canonical-name match in current BNPL merchant dataset.,HIGH,2026-08-10T01:27:51.402911+00:00,current BNPL merchant dataset exact CIK/canonical-name check,,BNPL merchant and ownership files,internal_dataset,/Users/augustliu/Desktop/Research_On_Merchant_Side_Effect_Of_BNPL/data/merchant_ownership/merchant_ownership_rows.json,LLYVA
0002078416,,"Liberty Live Holdings, Inc.",no_relevant_evidence,"Search completed; no clear BNPL exposure signal detected in result text. Top links: https://r.bing.com/rs/4f/gg/cc,nc/-G_YKFrphkyl83D0HTgpMefXo7c.css?or=w; https://r.bing.com/rs/4f/h6/cc,nc/U6HOq0RcF4_oC2_ItiNCBhNzO24.css?or=w; https://r.bing.com/rs/4f/eJ/cir3,cc,nc/-ooVmxB9OlPzBcewmec-cfwYTQs.css?or=w",MEDIUM,2026-08-10T01:27:51.402911+00:00,"""Liberty Live Holdings, Inc."" BNPL Affirm Klarna Afterpay Zip Sezzle ""buy now pay later""",,Bing Search,web_search,https://www.bing.com/search?q=%22Liberty+Live+Holdings%2C+Inc.%22+BNPL+Affirm+Klarna+Afterpay+Zip+Sezzle+%22buy+now+pay+later%22,LLYVA
0000913290,,Frontline plc,no_relevant_evidence,No exact CIK or canonical-name match in current BNPL merchant dataset.,HIGH,2026-08-10T01:27:51.402911+00:00,current BNPL merchant dataset exact CIK/canonical-name check,,BNPL merchant and ownership files,internal_dataset,/Users/augustliu/Desktop/Research_On_Merchant_Side_Effect_Of_BNPL/data/merchant_ownership/merchant_ownership_rows.json,FRO
0000913290,,Frontline plc,no_relevant_evidence,"Search completed; no clear BNPL exposure signal detected in result text. Top links: https://r.bing.com/rs/4f/gg/cc,nc/-G_YKFrphkyl83D0HTgpMefXo7c.css?or=w; https://r.bing.com/rs/4f/gM/cc,nc/rWljTRKHPYQiu_szhv9ApXQ-KpI.css?or=w; https://r.bing.com/rs/4f/fn/cir3,cc,nc/qYkYtW4ptUTHO5TVR_F3o3iRdIs.css?or=w",MEDIUM,2026-08-10T01:27:51.402911+00:00,"""Frontline plc"" BNPL Affirm Klarna Afterpay Zip Sezzle ""buy now pay later""",,Bing Search,web_search,https://www.bing.com/search?q=%22Frontline+plc%22+BNPL+Affirm+Klarna+Afterpay+Zip+Sezzle+%22buy+now+pay+later%22,FRO
0001023128,,LITHIA MOTORS INC,no_relevant_evidence,No exact CIK or canonical-name match in current BNPL merchant dataset.,HIGH,2026-08-10T01:27:51.402911+00:00,current BNPL merchant dataset exact CIK/canonical-name check,,BNPL merchant and ownership files,internal_dataset,/Users/augustliu/Desktop/Research_On_Merchant_Side_Effect_Of_BNPL/data/merchant_ownership/merchant_ownership_rows.json,LAD
0001023128,,LITHIA MOTORS INC,no_relevant_evidence,"Search completed; no clear BNPL exposure signal detected in result text. Top links: https://r.bing.com/rs/4f/gg/cc,nc/-G_YKFrphkyl83D0HTgpMefXo7c.css?or=w; https://r.bing.com/rs/4f/gS/cc,nc/_huiPba-9XiYDf9Vd8j9EoLtXL4.css?or=w; https://r.bing.com/rs/4f/fn/cir3,cc,nc/qYkYtW4ptUTHO5TVR_F3o3iRdIs.css?or=w",MEDIUM,2026-08-10T01:27:51.402911+00:00,"""LITHIA MOTORS INC"" BNPL Affirm Klarna Afterpay Zip Sezzle ""buy now pay later""",,Bing Search,web_search,https://www.bing.com/search?q=%22LITHIA+MOTORS+INC%22+BNPL+Affirm+Klarna+Afterpay+Zip+Sezzle+%22buy+now+pay+later%22,LAD
0001513761,,Norwegian Cruise Line Holdings Ltd.,no_relevant_evidence,No exact CIK or canonical-name match in current BNPL merchant dataset.,HIGH,2026-08-10T01:27:51.402911+00:00,current BNPL merchant dataset exact CIK/canonical-name check,,BNPL merchant and ownership files,internal_dataset,/Users/augustliu/Desktop/Research_On_Merchant_Side_Effect_Of_BNPL/data/merchant_ownership/merchant_ownership_rows.json,NCLH
0001513761,,Norwegian Cruise Line Holdings Ltd.,no_relevant_evidence,"Search completed; no clear BNPL exposure signal detected in result text. Top links: https://r.bing.com/rs/4f/gg/cc,nc/-G_YKFrphkyl83D0HTgpMefXo7c.css?or=w; https://r.bing.com/rs/4f/gM/cc,nc/rWljTRKHPYQiu_szhv9ApXQ-KpI.css?or=w; https://r.bing.com/rs/4f/fG/cir3,cc,nc/5gFAL7Id0yWkqqPO1crOKHL1NzM.css?or=w",MEDIUM,2026-08-10T01:27:51.402911+00:00,"""Norwegian Cruise Line Holdings Ltd."" BNPL Affirm Klarna Afterpay Zip Sezzle ""buy now pay later""",,Bing Search,web_search,https://www.bing.com/search?q=%22Norwegian+Cruise+Line+Holdings+Ltd.%22+BNPL+Affirm+Klarna+Afterpay+Zip+Sezzle+%22buy+now+pay+later%22,NCLH
0001639438,,"CAVA GROUP, INC.",no_relevant_evidence,No exact CIK or canonical-name match in current BNPL merchant dataset.,HIGH,2026-08-10T01:27:51.402911+00:00,current BNPL merchant dataset exact CIK/canonical-name check,,BNPL merchant and ownership files,internal_dataset,/Users/augustliu/Desktop/Research_On_Merchant_Side_Effect_Of_BNPL/data/merchant_ownership/merchant_ownership_rows.json,CAVA
0001639438,,"CAVA GROUP, INC.",no_relevant_evidence,"Search completed; no clear BNPL exposure signal detected in result text. Top links: https://r.bing.com/rs/4f/gg/cc,nc/-G_YKFrphkyl83D0HTgpMefXo7c.css?or=w; https://r.bing.com/rs/4f/gM/cc,nc/rWljTRKHPYQiu_szhv9ApXQ-KpI.css?or=w; https://r.bing.com/rs/4f/fG/cir3,cc,nc/5gFAL7Id0yWkqqPO1crOKHL1NzM.css?or=w",MEDIUM,2026-08-10T01:27:51.402911+00:00,"""CAVA GROUP, INC."" BNPL Affirm Klarna Afterpay Zip Sezzle ""buy now pay later""",,Bing Search,web_search,https://www.bing.com/search?q=%22CAVA+GROUP%2C+INC.%22+BNPL+Affirm+Klarna+Afterpay+Zip+Sezzle+%22buy+now+pay+later%22,CAVA
0001341766,,"Celsius Holdings, Inc.",no_relevant_evidence,No exact CIK or canonical-name match in current BNPL merchant dataset.,HIGH,2026-08-10T01:27:51.402911+00:00,current BNPL merchant dataset exact CIK/canonical-name check,,BNPL merchant and ownership files,internal_dataset,/Users/augustliu/Desktop/Research_On_Merchant_Side_Effect_Of_BNPL/data/merchant_ownership/merchant_ownership_rows.json,CELH
0001341766,,"Celsius Holdings, Inc.",no_relevant_evidence,"Search completed; no clear BNPL exposure signal detected in result text. Top links: https://r.bing.com/rs/4f/gg/cc,nc/-G_YKFrphkyl83D0HTgpMefXo7c.css?or=w; https://r.bing.com/rs/4f/h6/cc,nc/U6HOq0RcF4_oC2_ItiNCBhNzO24.css?or=w; https://r.bing.com/rs/4f/fG/cir3,cc,nc/5gFAL7Id0yWkqqPO1crOKHL1NzM.css?or=w",MEDIUM,2026-08-10T01:27:51.402911+00:00,"""Celsius Holdings, Inc."" BNPL Affirm Klarna Afterpay Zip Sezzle ""buy now pay later""",,Bing Search,web_search,https://www.bing.com/search?q=%22Celsius+Holdings%2C+Inc.%22+BNPL+Affirm+Klarna+Afterpay+Zip+Sezzle+%22buy+now+pay+later%22,CELH
0001529192,,Vipshop Holdings Ltd,no_relevant_evidence,No exact CIK or canonical-name match in current BNPL merchant dataset.,HIGH,2026-08-10T01:27:51.402911+00:00,current BNPL merchant dataset exact CIK/canonical-name check,,BNPL merchant and ownership files,internal_dataset,/Users/augustliu/Desktop/Research_On_Merchant_Side_Effect_Of_BNPL/data/merchant_ownership/merchant_ownership_rows.json,VIPS
0001529192,,Vipshop Holdings Ltd,no_relevant_evidence,"Search completed; no clear BNPL exposure signal detected in result text. Top links: https://r.bing.com/rs/4f/gg/cc,nc/-G_YKFrphkyl83D0HTgpMefXo7c.css?or=w; https://r.bing.com/rs/4f/h6/cc,nc/U6HOq0RcF4_oC2_ItiNCBhNzO24.css?or=w; https://r.bing.com/rs/4f/eT/cir3,cc,nc/ZNlEaxLrmuWEflDP-KwkyUROBrA.css?or=w",MEDIUM,2026-08-10T01:27:51.402911+00:00,"""Vipshop Holdings Ltd"" BNPL Affirm Klarna Afterpay Zip Sezzle ""buy now pay later""",,Bing Search,web_search,https://www.bing.com/search?q=%22Vipshop+Holdings+Ltd%22+BNPL+Affirm+Klarna+Afterpay+Zip+Sezzle+%22buy+now+pay+later%22,VIPS
0001836833,,Planet Labs PBC,no_relevant_evidence,No exact CIK or canonical-name match in current BNPL merchant dataset.,HIGH,2026-08-10T01:27:51.402911+00:00,current BNPL merchant dataset exact CIK/canonical-name check,,BNPL merchant and ownership files,internal_dataset,/Users/augustliu/Desktop/Research_On_Merchant_Side_Effect_Of_BNPL/data/merchant_ownership/merchant_ownership_rows.json,PL
0001836833,,Planet Labs PBC,no_relevant_evidence,"Search completed; no clear BNPL exposure signal detected in result text. Top links: https://r.bing.com/rs/4f/gg/cc,nc/-G_YKFrphkyl83D0HTgpMefXo7c.css?or=w; https://r.bing.com/rs/4f/h6/cc,nc/U6HOq0RcF4_oC2_ItiNCBhNzO24.css?or=w; https://r.bing.com/rs/4f/fG/cir3,cc,nc/5gFAL7Id0yWkqqPO1crOKHL1NzM.css?or=w",MEDIUM,2026-08-10T01:27:51.402911+00:00,"""Planet Labs PBC"" BNPL Affirm Klarna Afterpay Zip Sezzle ""buy now pay later""",,Bing Search,web_search,https://www.bing.com/search?q=%22Planet+Labs+PBC%22+BNPL+Affirm+Klarna+Afterpay+Zip+Sezzle+%22buy+now+pay+later%22,PL
0001913510,,VinFast Auto Ltd.,no_relevant_evidence,No exact CIK or canonical-name match in current BNPL merchant dataset.,HIGH,2026-08-10T01:27:51.402911+00:00,current BNPL merchant dataset exact CIK/canonical-name check,,BNPL merchant and ownership files,internal_dataset,/Users/augustliu/Desktop/Research_On_Merchant_Side_Effect_Of_BNPL/data/merchant_ownership/merchant_ownership_rows.json,VFS
0001913510,,VinFast Auto Ltd.,no_relevant_evidence,"Search completed; no clear BNPL exposure signal detected in result text. Top links: https://r.bing.com/rs/4f/gg/cc,nc/-G_YKFrphkyl83D0HTgpMefXo7c.css?or=w; https://r.bing.com/rs/4f/h6/cc,nc/U6HOq0RcF4_oC2_ItiNCBhNzO24.css?or=w; https://r.bing.com/rs/4f/ez/cir3,cc,nc/ITQ79_h8jq-eoIeRkdWbxDW7IbQ.css?or=w",MEDIUM,2026-08-10T01:27:51.402911+00:00,"""VinFast Auto Ltd."" BNPL Affirm Klarna Afterpay Zip Sezzle ""buy now pay later""",,Bing Search,web_search,https://www.bing.com/search?q=%22VinFast+Auto+Ltd.%22+BNPL+Affirm+Klarna+Afterpay+Zip+Sezzle+%22buy+now+pay+later%22,VFS
0001878057,,Super Group (SGHC) Ltd,no_relevant_evidence,No exact CIK or canonical-name match in current BNPL merchant dataset.,HIGH,2026-08-10T01:27:51.402911+00:00,current BNPL merchant dataset exact CIK/canonical-name check,,BNPL merchant and ownership files,internal_dataset,/Users/augustliu/Desktop/Research_On_Merchant_Side_Effect_Of_BNPL/data/merchant_ownership/merchant_ownership_rows.json,SGHC
0001878057,,Super Group (SGHC) Ltd,no_relevant_evidence,"Search completed; no clear BNPL exposure signal detected in result text. Top links: https://r.bing.com/rs/4f/gg/cc,nc/-G_YKFrphkyl83D0HTgpMefXo7c.css?or=w; https://r.bing.com/rs/4f/h6/cc,nc/U6HOq0RcF4_oC2_ItiNCBhNzO24.css?or=w; https://r.bing.com/rs/4f/fG/cir3,cc,nc/5gFAL7Id0yWkqqPO1crOKHL1NzM.css?or=w",MEDIUM,2026-08-10T01:27:51.402911+00:00,"""Super Group (SGHC) Ltd"" BNPL Affirm Klarna Afterpay Zip Sezzle ""buy now pay later""",,Bing Search,web_search,https://www.bing.com/search?q=%22Super+Group+%28SGHC%29+Ltd%22+BNPL+Affirm+Klarna+Afterpay+Zip+Sezzle+%22buy+now+pay+later%22,SGHC
0001316835,,"Builders FirstSource, Inc.",no_relevant_evidence,No exact CIK or canonical-name match in current BNPL merchant dataset.,HIGH,2026-08-10T01:27:51.402911+00:00,current BNPL merchant dataset exact CIK/canonical-name check,,BNPL merchant and ownership files,internal_dataset,/Users/augustliu/Desktop/Research_On_Merchant_Side_Effect_Of_BNPL/data/merchant_ownership/merchant_ownership_rows.json,BLDR
0001316835,,"Builders FirstSource, Inc.",no_relevant_evidence,"Search completed; no clear BNPL exposure signal detected in result text. Top links: https://r.bing.com/rs/4f/gg/cc,nc/-G_YKFrphkyl83D0HTgpMefXo7c.css?or=w; https://r.bing.com/rs/4f/h6/cc,nc/U6HOq0RcF4_oC2_ItiNCBhNzO24.css?or=w; https://r.bing.com/rs/4f/fG/cir3,cc,nc/5gFAL7Id0yWkqqPO1crOKHL1NzM.css?or=w",MEDIUM,2026-08-10T01:27:51.402911+00:00,"""Builders FirstSource, Inc."" BNPL Affirm Klarna Afterpay Zip Sezzle ""buy now pay later""",,Bing Search,web_search,https://www.bing.com/search?q=%22Builders+FirstSource%2C+Inc.%22+BNPL+Affirm+Klarna+Afterpay+Zip+Sezzle+%22buy+now+pay+later%22,BLDR
0000056047,,KIRBY CORP,no_relevant_evidence,No exact CIK or canonical-name match in current BNPL merchant dataset.,HIGH,2026-08-10T01:27:51.402911+00:00,current BNPL merchant dataset exact CIK/canonical-name check,,BNPL merchant and ownership files,internal_dataset,/Users/augustliu/Desktop/Research_On_Merchant_Side_Effect_Of_BNPL/data/merchant_ownership/merchant_ownership_rows.json,KEX
0000056047,,KIRBY CORP,no_relevant_evidence,"Search completed; no clear BNPL exposure signal detected in result text. Top links: https://r.bing.com/rs/4f/gg/cc,nc/-G_YKFrphkyl83D0HTgpMefXo7c.css?or=w; https://r.bing.com/rs/4f/h6/cc,nc/U6HOq0RcF4_oC2_ItiNCBhNzO24.css?or=w; https://r.bing.com/rs/4f/eT/cir3,cc,nc/ZNlEaxLrmuWEflDP-KwkyUROBrA.css?or=w",MEDIUM,2026-08-10T01:27:51.402911+00:00,"""KIRBY CORP"" BNPL Affirm Klarna Afterpay Zip Sezzle ""buy now pay later""",,Bing Search,web_search,https://www.bing.com/search?q=%22KIRBY+CORP%22+BNPL+Affirm+Klarna+Afterpay+Zip+Sezzle+%22buy+now+pay+later%22,KEX
0000350698,,"AUTONATION, INC.",no_relevant_evidence,No exact CIK or canonical-name match in current BNPL merchant dataset.,HIGH,2026-08-10T01:27:51.402911+00:00,current BNPL merchant dataset exact CIK/canonical-name check,,BNPL merchant and ownership files,internal_dataset,/Users/augustliu/Desktop/Research_On_Merchant_Side_Effect_Of_BNPL/data/merchant_ownership/merchant_ownership_rows.json,AN
0000350698,,"AUTONATION, INC.",no_relevant_evidence,"Search completed; no clear BNPL exposure signal detected in result text. Top links: https://r.bing.com/rs/4f/gg/cc,nc/-G_YKFrphkyl83D0HTgpMefXo7c.css?or=w; https://r.bing.com/rs/4f/gM/cc,nc/rWljTRKHPYQiu_szhv9ApXQ-KpI.css?or=w; https://r.bing.com/rs/4f/fG/cir3,cc,nc/5gFAL7Id0yWkqqPO1crOKHL1NzM.css?or=w",MEDIUM,2026-08-10T01:27:51.402911+00:00,"""AUTONATION, INC."" BNPL Affirm Klarna Afterpay Zip Sezzle ""buy now pay later""",,Bing Search,web_search,https://www.bing.com/search?q=%22AUTONATION%2C+INC.%22+BNPL+Affirm+Klarna+Afterpay+Zip+Sezzle+%22buy+now+pay+later%22,AN
0001653653,,"Red Rock Resorts, Inc.",no_relevant_evidence,No exact CIK or canonical-name match in current BNPL merchant dataset.,HIGH,2026-08-10T01:27:51.402911+00:00,current BNPL merchant dataset exact CIK/canonical-name check,,BNPL merchant and ownership files,internal_dataset,/Users/augustliu/Desktop/Research_On_Merchant_Side_Effect_Of_BNPL/data/merchant_ownership/merchant_ownership_rows.json,RRR
0001653653,,"Red Rock Resorts, Inc.",no_relevant_evidence,"Search completed; no clear BNPL exposure signal detected in result text. Top links: https://r.bing.com/rs/4f/gg/cc,nc/-G_YKFrphkyl83D0HTgpMefXo7c.css?or=w; https://r.bing.com/rs/4f/gM/cc,nc/rWljTRKHPYQiu_szhv9ApXQ-KpI.css?or=w; https://r.bing.com/rs/4f/eJ/cir3,cc,nc/-ooVmxB9OlPzBcewmec-cfwYTQs.css?or=w",MEDIUM,2026-08-10T01:27:51.402911+00:00,"""Red Rock Resorts, Inc."" BNPL Affirm Klarna Afterpay Zip Sezzle ""buy now pay later""",,Bing Search,web_search,https://www.bing.com/search?q=%22Red+Rock+Resorts%2C+Inc.%22+BNPL+Affirm+Klarna+Afterpay+Zip+Sezzle+%22buy+now+pay+later%22,RRR
0000906553,,BOYD GAMING CORP,no_relevant_evidence,No exact CIK or canonical-name match in current BNPL merchant dataset.,HIGH,2026-08-10T01:27:51.402911+00:00,current BNPL merchant dataset exact CIK/canonical-name check,,BNPL merchant and ownership files,internal_dataset,/Users/augustliu/Desktop/Research_On_Merchant_Side_Effect_Of_BNPL/data/merchant_ownership/merchant_ownership_rows.json,BYD
0000906553,,BOYD GAMING CORP,no_relevant_evidence,"Search completed; no clear BNPL exposure signal detected in result text. Top links: https://r.bing.com/rs/4f/gg/cc,nc/-G_YKFrphkyl83D0HTgpMefXo7c.css?or=w; https://r.bing.com/rs/4f/h6/cc,nc/U6HOq0RcF4_oC2_ItiNCBhNzO24.css?or=w; https://r.bing.com/rs/4f/ez/cir3,cc,nc/ITQ79_h8jq-eoIeRkdWbxDW7IbQ.css?or=w",MEDIUM,2026-08-10T01:27:51.402911+00:00,"""BOYD GAMING CORP"" BNPL Affirm Klarna Afterpay Zip Sezzle ""buy now pay later""",,Bing Search,web_search,https://www.bing.com/search?q=%22BOYD+GAMING+CORP%22+BNPL+Affirm+Klarna+Afterpay+Zip+Sezzle+%22buy+now+pay+later%22,BYD
0001507079,,"Floor & Decor Holdings, Inc.",no_relevant_evidence,No exact CIK or canonical-name match in current BNPL merchant dataset.,HIGH,2026-08-10T01:27:51.402911+00:00,current BNPL merchant dataset exact CIK/canonical-name check,,BNPL merchant and ownership files,internal_dataset,/Users/augustliu/Desktop/Research_On_Merchant_Side_Effect_Of_BNPL/data/merchant_ownership/merchant_ownership_rows.json,FND
0001507079,,"Floor & Decor Holdings, Inc.",no_relevant_evidence,"Search completed; no clear BNPL exposure signal detected in result text. Top links: https://r.bing.com/rs/4f/gg/cc,nc/-G_YKFrphkyl83D0HTgpMefXo7c.css?or=w; https://r.bing.com/rs/4f/gM/cc,nc/rWljTRKHPYQiu_szhv9ApXQ-KpI.css?or=w; https://r.bing.com/rs/4f/fd/cir3,cc,nc/WTKNvHzqziTEsCD58MJtjs7bzWc.css?or=w",MEDIUM,2026-08-10T01:27:51.402911+00:00,"""Floor & Decor Holdings, Inc."" BNPL Affirm Klarna Afterpay Zip Sezzle ""buy now pay later""",,Bing Search,web_search,https://www.bing.com/search?q=%22Floor+%26+Decor+Holdings%2C+Inc.%22+BNPL+Affirm+Klarna+Afterpay+Zip+Sezzle+%22buy+now+pay+later%22,FND
0001793659,,"Rush Street Interactive, Inc.",no_relevant_evidence,No exact CIK or canonical-name match in current BNPL merchant dataset.,HIGH,2026-08-10T01:27:51.402911+00:00,current BNPL merchant dataset exact CIK/canonical-name check,,BNPL merchant and ownership files,internal_dataset,/Users/augustliu/Desktop/Research_On_Merchant_Side_Effect_Of_BNPL/data/merchant_ownership/merchant_ownership_rows.json,RSI
0001793659,,"Rush Street Interactive, Inc.",no_relevant_evidence,"Search completed; no clear BNPL exposure signal detected in result text. Top links: https://r.bing.com/rs/4f/gg/cc,nc/-G_YKFrphkyl83D0HTgpMefXo7c.css?or=w; https://r.bing.com/rs/4f/h6/cc,nc/U6HOq0RcF4_oC2_ItiNCBhNzO24.css?or=w; https://r.bing.com/rs/4f/f3/cir3,cc,nc/XKkf7PevzOVtzidRm3f9xWob0cM.css?or=w",MEDIUM,2026-08-10T01:27:51.402911+00:00,"""Rush Street Interactive, Inc."" BNPL Affirm Klarna Afterpay Zip Sezzle ""buy now pay later""",,Bing Search,web_search,https://www.bing.com/search?q=%22Rush+Street+Interactive%2C+Inc.%22+BNPL+Affirm+Klarna+Afterpay+Zip+Sezzle+%22buy+now+pay+later%22,RSI
0000040211,,GATX CORP,no_relevant_evidence,No exact CIK or canonical-name match in current BNPL merchant dataset.,HIGH,2026-08-10T01:27:51.402911+00:00,current BNPL merchant dataset exact CIK/canonical-name check,,BNPL merchant and ownership files,internal_dataset,/Users/augustliu/Desktop/Research_On_Merchant_Side_Effect_Of_BNPL/data/merchant_ownership/merchant_ownership_rows.json,GATX
0000040211,,GATX CORP,no_relevant_evidence,"Search completed; no clear BNPL exposure signal detected in result text. Top links: https://r.bing.com/rs/4f/gg/cc,nc/-G_YKFrphkyl83D0HTgpMefXo7c.css?or=w; https://r.bing.com/rs/4f/h6/cc,nc/U6HOq0RcF4_oC2_ItiNCBhNzO24.css?or=w; https://r.bing.com/rs/4f/fG/cir3,cc,nc/5gFAL7Id0yWkqqPO1crOKHL1NzM.css?or=w",MEDIUM,2026-08-10T01:27:51.402911+00:00,"""GATX CORP"" BNPL Affirm Klarna Afterpay Zip Sezzle ""buy now pay later""",,Bing Search,web_search,https://www.bing.com/search?q=%22GATX+CORP%22+BNPL+Affirm+Klarna+Afterpay+Zip+Sezzle+%22buy+now+pay+later%22,GATX
0001012019,,RUSH ENTERPRISES INC \TX\,no_relevant_evidence,No exact CIK or canonical-name match in current BNPL merchant dataset.,HIGH,2026-08-10T01:27:51.402911+00:00,current BNPL merchant dataset exact CIK/canonical-name check,,BNPL merchant and ownership files,internal_dataset,/Users/augustliu/Desktop/Research_On_Merchant_Side_Effect_Of_BNPL/data/merchant_ownership/merchant_ownership_rows.json,RUSHA
0001012019,,RUSH ENTERPRISES INC \TX\,no_relevant_evidence,"Search completed; no clear BNPL exposure signal detected in result text. Top links: https://r.bing.com/rs/4f/gg/cc,nc/-G_YKFrphkyl83D0HTgpMefXo7c.css?or=w; https://r.bing.com/rs/4f/gM/cc,nc/rWljTRKHPYQiu_szhv9ApXQ-KpI.css?or=w; https://r.bing.com/rs/4f/fG/cir3,cc,nc/5gFAL7Id0yWkqqPO1crOKHL1NzM.css?or=w",MEDIUM,2026-08-10T01:27:51.402911+00:00,"""RUSH ENTERPRISES INC \TX\"" BNPL Affirm Klarna Afterpay Zip Sezzle ""buy now pay later""",,Bing Search,web_search,https://www.bing.com/search?q=%22RUSH+ENTERPRISES+INC+%5CTX%5C%22+BNPL+Affirm+Klarna+Afterpay+Zip+Sezzle+%22buy+now+pay+later%22,RUSHA
0000003453,,"Matson, Inc.",no_relevant_evidence,No exact CIK or canonical-name match in current BNPL merchant dataset.,HIGH,2026-08-10T01:27:51.402911+00:00,current BNPL merchant dataset exact CIK/canonical-name check,,BNPL merchant and ownership files,internal_dataset,/Users/augustliu/Desktop/Research_On_Merchant_Side_Effect_Of_BNPL/data/merchant_ownership/merchant_ownership_rows.json,MATX
0000003453,,"Matson, Inc.",no_relevant_evidence,"Search completed; no clear BNPL exposure signal detected in result text. Top links: https://r.bing.com/rs/4f/gg/cc,nc/-G_YKFrphkyl83D0HTgpMefXo7c.css?or=w; https://r.bing.com/rs/4f/h6/cc,nc/U6HOq0RcF4_oC2_ItiNCBhNzO24.css?or=w; https://r.bing.com/rs/4f/f3/cir3,cc,nc/XKkf7PevzOVtzidRm3f9xWob0cM.css?or=w",MEDIUM,2026-08-10T01:27:51.402911+00:00,"""Matson, Inc."" BNPL Affirm Klarna Afterpay Zip Sezzle ""buy now pay later""",,Bing Search,web_search,https://www.bing.com/search?q=%22Matson%2C+Inc.%22+BNPL+Affirm+Klarna+Afterpay+Zip+Sezzle+%22buy+now+pay+later%22,MATX
0001590895,,"Caesars Entertainment, Inc.",no_relevant_evidence,No exact CIK or canonical-name match in current BNPL merchant dataset.,HIGH,2026-08-10T01:27:51.402911+00:00,current BNPL merchant dataset exact CIK/canonical-name check,,BNPL merchant and ownership files,internal_dataset,/Users/augustliu/Desktop/Research_On_Merchant_Side_Effect_Of_BNPL/data/merchant_ownership/merchant_ownership_rows.json,CZR
0001590895,,"Caesars Entertainment, Inc.",no_relevant_evidence,"Search completed; no clear BNPL exposure signal detected in result text. Top links: https://r.bing.com/rs/4f/gg/cc,nc/-G_YKFrphkyl83D0HTgpMefXo7c.css?or=w; https://r.bing.com/rs/4f/gM/cc,nc/rWljTRKHPYQiu_szhv9ApXQ-KpI.css?or=w; https://r.bing.com/rs/4f/f3/cir3,cc,nc/XKkf7PevzOVtzidRm3f9xWob0cM.css?or=w",MEDIUM,2026-08-10T01:27:51.402911+00:00,"""Caesars Entertainment, Inc."" BNPL Affirm Klarna Afterpay Zip Sezzle ""buy now pay later""",,Bing Search,web_search,https://www.bing.com/search?q=%22Caesars+Entertainment%2C+Inc.%22+BNPL+Affirm+Klarna+Afterpay+Zip+Sezzle+%22buy+now+pay+later%22,CZR
0001041803,,PRICESMART INC,no_relevant_evidence,No exact CIK or canonical-name match in current BNPL merchant dataset.,HIGH,2026-08-10T01:27:51.402911+00:00,current BNPL merchant dataset exact CIK/canonical-name check,,BNPL merchant and ownership files,internal_dataset,/Users/augustliu/Desktop/Research_On_Merchant_Side_Effect_Of_BNPL/data/merchant_ownership/merchant_ownership_rows.json,PSMT
0001041803,,PRICESMART INC,no_relevant_evidence,"Search completed; no clear BNPL exposure signal detected in result text. Top links: https://r.bing.com/rs/4f/gg/cc,nc/-G_YKFrphkyl83D0HTgpMefXo7c.css?or=w; https://r.bing.com/rs/4f/h6/cc,nc/U6HOq0RcF4_oC2_ItiNCBhNzO24.css?or=w; https://r.bing.com/rs/4f/eJ/cir3,cc,nc/-ooVmxB9OlPzBcewmec-cfwYTQs.css?or=w",MEDIUM,2026-08-10T01:27:51.402911+00:00,"""PRICESMART INC"" BNPL Affirm Klarna Afterpay Zip Sezzle ""buy now pay later""",,Bing Search,web_search,https://www.bing.com/search?q=%22PRICESMART+INC%22+BNPL+Affirm+Klarna+Afterpay+Zip+Sezzle+%22buy+now+pay+later%22,PSMT
0000020212,,Churchill Downs Inc,no_relevant_evidence,No exact CIK or canonical-name match in current BNPL merchant dataset.,HIGH,2026-08-10T01:27:51.402911+00:00,current BNPL merchant dataset exact CIK/canonical-name check,,BNPL merchant and ownership files,internal_dataset,/Users/augustliu/Desktop/Research_On_Merchant_Side_Effect_Of_BNPL/data/merchant_ownership/merchant_ownership_rows.json,CHDN
0000020212,,Churchill Downs Inc,no_relevant_evidence,"Search completed; no clear BNPL exposure signal detected in result text. Top links: https://r.bing.com/rs/4f/gg/cc,nc/-G_YKFrphkyl83D0HTgpMefXo7c.css?or=w; https://r.bing.com/rs/4f/gM/cc,nc/rWljTRKHPYQiu_szhv9ApXQ-KpI.css?or=w; https://r.bing.com/rs/4f/f3/cir3,cc,nc/XKkf7PevzOVtzidRm3f9xWob0cM.css?or=w",MEDIUM,2026-08-10T01:27:51.402911+00:00,"""Churchill Downs Inc"" BNPL Affirm Klarna Afterpay Zip Sezzle ""buy now pay later""",,Bing Search,web_search,https://www.bing.com/search?q=%22Churchill+Downs+Inc%22+BNPL+Affirm+Klarna+Afterpay+Zip+Sezzle+%22buy+now+pay+later%22,CHDN
0001345105,,"Copa Holdings, S.A.",no_relevant_evidence,No exact CIK or canonical-name match in current BNPL merchant dataset.,HIGH,2026-08-10T01:27:51.402911+00:00,current BNPL merchant dataset exact CIK/canonical-name check,,BNPL merchant and ownership files,internal_dataset,/Users/augustliu/Desktop/Research_On_Merchant_Side_Effect_Of_BNPL/data/merchant_ownership/merchant_ownership_rows.json,CPA
0001345105,,"Copa Holdings, S.A.",no_relevant_evidence,"Search completed; no clear BNPL exposure signal detected in result text. Top links: https://r.bing.com/rs/4f/gg/cc,nc/-G_YKFrphkyl83D0HTgpMefXo7c.css?or=w; https://r.bing.com/rs/4f/h6/cc,nc/U6HOq0RcF4_oC2_ItiNCBhNzO24.css?or=w; https://r.bing.com/rs/4f/fG/cir3,cc,nc/5gFAL7Id0yWkqqPO1crOKHL1NzM.css?or=w",MEDIUM,2026-08-10T01:27:51.402911+00:00,"""Copa Holdings, S.A."" BNPL Affirm Klarna Afterpay Zip Sezzle ""buy now pay later""",,Bing Search,web_search,https://www.bing.com/search?q=%22Copa+Holdings%2C+S.A.%22+BNPL+Affirm+Klarna+Afterpay+Zip+Sezzle+%22buy+now+pay+later%22,CPA
0001735707,,Garrett Motion Inc.,no_relevant_evidence,No exact CIK or canonical-name match in current BNPL merchant dataset.,HIGH,2026-08-10T01:27:51.402911+00:00,current BNPL merchant dataset exact CIK/canonical-name check,,BNPL merchant and ownership files,internal_dataset,/Users/augustliu/Desktop/Research_On_Merchant_Side_Effect_Of_BNPL/data/merchant_ownership/merchant_ownership_rows.json,GTX
0001735707,,Garrett Motion Inc.,no_relevant_evidence,"Search completed; no clear BNPL exposure signal detected in result text. Top links: https://r.bing.com/rs/4f/gg/cc,nc/-G_YKFrphkyl83D0HTgpMefXo7c.css?or=w; https://r.bing.com/rs/4f/h6/cc,nc/U6HOq0RcF4_oC2_ItiNCBhNzO24.css?or=w; https://r.bing.com/rs/4f/ez/cir3,cc,nc/ITQ79_h8jq-eoIeRkdWbxDW7IbQ.css?or=w",MEDIUM,2026-08-10T01:27:51.402911+00:00,"""Garrett Motion Inc."" BNPL Affirm Klarna Afterpay Zip Sezzle ""buy now pay later""",,Bing Search,web_search,https://www.bing.com/search?q=%22Garrett+Motion+Inc.%22+BNPL+Affirm+Klarna+Afterpay+Zip+Sezzle+%22buy+now+pay+later%22,GTX
0001852244,,"GXO Logistics, Inc.",no_relevant_evidence,No exact CIK or canonical-name match in current BNPL merchant dataset.,HIGH,2026-08-10T01:27:51.402911+00:00,current BNPL merchant dataset exact CIK/canonical-name check,,BNPL merchant and ownership files,internal_dataset,/Users/augustliu/Desktop/Research_On_Merchant_Side_Effect_Of_BNPL/data/merchant_ownership/merchant_ownership_rows.json,GXO
0001852244,,"GXO Logistics, Inc.",no_relevant_evidence,"Search completed; no clear BNPL exposure signal detected in result text. Top links: https://r.bing.com/rs/4f/gg/cc,nc/-G_YKFrphkyl83D0HTgpMefXo7c.css?or=w; https://r.bing.com/rs/4f/gM/cc,nc/rWljTRKHPYQiu_szhv9ApXQ-KpI.css?or=w; https://r.bing.com/rs/4f/eJ/cir3,cc,nc/-ooVmxB9OlPzBcewmec-cfwYTQs.css?or=w",MEDIUM,2026-08-10T01:27:51.402911+00:00,"""GXO Logistics, Inc."" BNPL Affirm Klarna Afterpay Zip Sezzle ""buy now pay later""",,Bing Search,web_search,https://www.bing.com/search?q=%22GXO+Logistics%2C+Inc.%22+BNPL+Affirm+Klarna+Afterpay+Zip+Sezzle+%22buy+now+pay+later%22,GXO
0001722684,,"WYNDHAM HOTELS & RESORTS, INC.",no_relevant_evidence,No exact CIK or canonical-name match in current BNPL merchant dataset.,HIGH,2026-08-10T01:27:51.402911+00:00,current BNPL merchant dataset exact CIK/canonical-name check,,BNPL merchant and ownership files,internal_dataset,/Users/augustliu/Desktop/Research_On_Merchant_Side_Effect_Of_BNPL/data/merchant_ownership/merchant_ownership_rows.json,WH
0001722684,,"WYNDHAM HOTELS & RESORTS, INC.",no_relevant_evidence,"Search completed; no clear BNPL exposure signal detected in result text. Top links: https://r.bing.com/rs/4f/gg/cc,nc/-G_YKFrphkyl83D0HTgpMefXo7c.css?or=w; https://r.bing.com/rs/4f/h6/cc,nc/U6HOq0RcF4_oC2_ItiNCBhNzO24.css?or=w; https://r.bing.com/rs/4f/fG/cir3,cc,nc/5gFAL7Id0yWkqqPO1crOKHL1NzM.css?or=w",MEDIUM,2026-08-10T01:27:51.402911+00:00,"""WYNDHAM HOTELS & RESORTS, INC."" BNPL Affirm Klarna Afterpay Zip Sezzle ""buy now pay later""",,Bing Search,web_search,https://www.bing.com/search?q=%22WYNDHAM+HOTELS+%26+RESORTS%2C+INC.%22+BNPL+Affirm+Klarna+Afterpay+Zip+Sezzle+%22buy+now+pay+later%22,WH
0001495153,,MakeMyTrip Ltd,no_relevant_evidence,No exact CIK or canonical-name match in current BNPL merchant dataset.,HIGH,2026-08-10T01:27:51.402911+00:00,current BNPL merchant dataset exact CIK/canonical-name check,,BNPL merchant and ownership files,internal_dataset,/Users/augustliu/Desktop/Research_On_Merchant_Side_Effect_Of_BNPL/data/merchant_ownership/merchant_ownership_rows.json,MMYT
0001495153,,MakeMyTrip Ltd,no_relevant_evidence,"Search completed; no clear BNPL exposure signal detected in result text. Top links: https://r.bing.com/rs/4f/gg/cc,nc/-G_YKFrphkyl83D0HTgpMefXo7c.css?or=w; https://r.bing.com/rs/4f/h6/cc,nc/U6HOq0RcF4_oC2_ItiNCBhNzO24.css?or=w; https://r.bing.com/rs/4f/fG/cir3,cc,nc/5gFAL7Id0yWkqqPO1crOKHL1NzM.css?or=w",MEDIUM,2026-08-10T01:27:51.402911+00:00,"""MakeMyTrip Ltd"" BNPL Affirm Klarna Afterpay Zip Sezzle ""buy now pay later""",,Bing Search,web_search,https://www.bing.com/search?q=%22MakeMyTrip+Ltd%22+BNPL+Affirm+Klarna+Afterpay+Zip+Sezzle+%22buy+now+pay+later%22,MMYT
0000812011,,VAIL RESORTS INC,no_relevant_evidence,No exact CIK or canonical-name match in current BNPL merchant dataset.,HIGH,2026-08-10T01:27:51.402911+00:00,current BNPL merchant dataset exact CIK/canonical-name check,,BNPL merchant and ownership files,internal_dataset,/Users/augustliu/Desktop/Research_On_Merchant_Side_Effect_Of_BNPL/data/merchant_ownership/merchant_ownership_rows.json,MTN
0000812011,,VAIL RESORTS INC,no_relevant_evidence,"Search completed; no clear BNPL exposure signal detected in result text. Top links: https://r.bing.com/rs/4f/gg/cc,nc/-G_YKFrphkyl83D0HTgpMefXo7c.css?or=w; https://r.bing.com/rs/4f/gM/cc,nc/rWljTRKHPYQiu_szhv9ApXQ-KpI.css?or=w; https://r.bing.com/rs/4f/eT/cir3,cc,nc/ZNlEaxLrmuWEflDP-KwkyUROBrA.css?or=w",MEDIUM,2026-08-10T01:27:51.402911+00:00,"""VAIL RESORTS INC"" BNPL Affirm Klarna Afterpay Zip Sezzle ""buy now pay later""",,Bing Search,web_search,https://www.bing.com/search?q=%22VAIL+RESORTS+INC%22+BNPL+Affirm+Klarna+Afterpay+Zip+Sezzle+%22buy+now+pay+later%22,MTN
0000766421,,"ALASKA AIR GROUP, INC.",no_relevant_evidence,No exact CIK or canonical-name match in current BNPL merchant dataset.,HIGH,2026-08-10T01:27:51.402911+00:00,current BNPL merchant dataset exact CIK/canonical-name check,,BNPL merchant and ownership files,internal_dataset,/Users/augustliu/Desktop/Research_On_Merchant_Side_Effect_Of_BNPL/data/merchant_ownership/merchant_ownership_rows.json,ALK
0000766421,,"ALASKA AIR GROUP, INC.",no_relevant_evidence,"Search completed; no clear BNPL exposure signal detected in result text. Top links: https://r.bing.com/rs/4f/gg/cc,nc/-G_YKFrphkyl83D0HTgpMefXo7c.css?or=w; https://r.bing.com/rs/4f/gM/cc,nc/rWljTRKHPYQiu_szhv9ApXQ-KpI.css?or=w; https://r.bing.com/rs/4f/fd/cir3,cc,nc/WTKNvHzqziTEsCD58MJtjs7bzWc.css?or=w",MEDIUM,2026-08-10T01:27:51.402911+00:00,"""ALASKA AIR GROUP, INC."" BNPL Affirm Klarna Afterpay Zip Sezzle ""buy now pay later""",,Bing Search,web_search,https://www.bing.com/search?q=%22ALASKA+AIR+GROUP%2C+INC.%22+BNPL+Affirm+Klarna+Afterpay+Zip+Sezzle+%22buy+now+pay+later%22,ALK
0001795250,,Sphere Entertainment Co.,no_relevant_evidence,No exact CIK or canonical-name match in current BNPL merchant dataset.,HIGH,2026-08-10T01:27:51.402911+00:00,current BNPL merchant dataset exact CIK/canonical-name check,,BNPL merchant and ownership files,internal_dataset,/Users/augustliu/Desktop/Research_On_Merchant_Side_Effect_Of_BNPL/data/merchant_ownership/merchant_ownership_rows.json,SPHR
0001795250,,Sphere Entertainment Co.,no_relevant_evidence,"Search completed; no clear BNPL exposure signal detected in result text. Top links: https://r.bing.com/rs/4f/gg/cc,nc/-G_YKFrphkyl83D0HTgpMefXo7c.css?or=w; https://r.bing.com/rs/4f/h6/cc,nc/U6HOq0RcF4_oC2_ItiNCBhNzO24.css?or=w; https://r.bing.com/rs/4f/fn/cir3,cc,nc/qYkYtW4ptUTHO5TVR_F3o3iRdIs.css?or=w",MEDIUM,2026-08-10T01:27:51.402911+00:00,"""Sphere Entertainment Co."" BNPL Affirm Klarna Afterpay Zip Sezzle ""buy now pay later""",,Bing Search,web_search,https://www.bing.com/search?q=%22Sphere+Entertainment+Co.%22+BNPL+Affirm+Klarna+Afterpay+Zip+Sezzle+%22buy+now+pay+later%22,SPHR
0000887596,,CHEESECAKE FACTORY INC,no_relevant_evidence,No exact CIK or canonical-name match in current BNPL merchant dataset.,HIGH,2026-08-10T01:27:51.402911+00:00,current BNPL merchant dataset exact CIK/canonical-name check,,BNPL merchant and ownership files,internal_dataset,/Users/augustliu/Desktop/Research_On_Merchant_Side_Effect_Of_BNPL/data/merchant_ownership/merchant_ownership_rows.json,CAKE
0000887596,,CHEESECAKE FACTORY INC,no_relevant_evidence,"Search completed; no clear BNPL exposure signal detected in result text. Top links: https://r.bing.com/rs/4f/gg/cc,nc/-G_YKFrphkyl83D0HTgpMefXo7c.css?or=w; https://r.bing.com/rs/4f/gS/cc,nc/_huiPba-9XiYDf9Vd8j9EoLtXL4.css?or=w; https://r.bing.com/rs/4f/fn/cir3,cc,nc/qYkYtW4ptUTHO5TVR_F3o3iRdIs.css?or=w",MEDIUM,2026-08-10T01:27:51.402911+00:00,"""CHEESECAKE FACTORY INC"" BNPL Affirm Klarna Afterpay Zip Sezzle ""buy now pay later""",,Bing Search,web_search,https://www.bing.com/search?q=%22CHEESECAKE+FACTORY+INC%22+BNPL+Affirm+Klarna+Afterpay+Zip+Sezzle+%22buy+now+pay+later%22,CAKE
0001046311,,CHOICE HOTELS INTERNATIONAL INC /DE,no_relevant_evidence,No exact CIK or canonical-name match in current BNPL merchant dataset.,HIGH,2026-08-10T01:27:51.402911+00:00,current BNPL merchant dataset exact CIK/canonical-name check,,BNPL merchant and ownership files,internal_dataset,/Users/augustliu/Desktop/Research_On_Merchant_Side_Effect_Of_BNPL/data/merchant_ownership/merchant_ownership_rows.json,CHH
0001046311,,CHOICE HOTELS INTERNATIONAL INC /DE,no_relevant_evidence,"Search completed; no clear BNPL exposure signal detected in result text. Top links: https://r.bing.com/rs/4f/gg/cc,nc/-G_YKFrphkyl83D0HTgpMefXo7c.css?or=w; https://r.bing.com/rs/4f/gM/cc,nc/rWljTRKHPYQiu_szhv9ApXQ-KpI.css?or=w; https://r.bing.com/rs/4f/fG/cir3,cc,nc/5gFAL7Id0yWkqqPO1crOKHL1NzM.css?or=w",MEDIUM,2026-08-10T01:27:51.402911+00:00,"""CHOICE HOTELS INTERNATIONAL INC /DE"" BNPL Affirm Klarna Afterpay Zip Sezzle ""buy now pay later""",,Bing Search,web_search,https://www.bing.com/search?q=%22CHOICE+HOTELS+INTERNATIONAL+INC+%2FDE%22+BNPL+Affirm+Klarna+Afterpay+Zip+Sezzle+%22buy+now+pay+later%22,CHH
0000355811,,GENTEX CORP,no_relevant_evidence,No exact CIK or canonical-name match in current BNPL merchant dataset.,HIGH,2026-08-10T01:27:51.402911+00:00,current BNPL merchant dataset exact CIK/canonical-name check,,BNPL merchant and ownership files,internal_dataset,/Users/augustliu/Desktop/Research_On_Merchant_Side_Effect_Of_BNPL/data/merchant_ownership/merchant_ownership_rows.json,GNTX
0000355811,,GENTEX CORP,no_relevant_evidence,"Search completed; no clear BNPL exposure signal detected in result text. Top links: https://r.bing.com/rs/4f/gg/cc,nc/-G_YKFrphkyl83D0HTgpMefXo7c.css?or=w; https://r.bing.com/rs/4f/h6/cc,nc/U6HOq0RcF4_oC2_ItiNCBhNzO24.css?or=w; https://r.bing.com/rs/4f/fG/cir3,cc,nc/5gFAL7Id0yWkqqPO1crOKHL1NzM.css?or=w",MEDIUM,2026-08-10T01:27:51.402911+00:00,"""GENTEX CORP"" BNPL Affirm Klarna Afterpay Zip Sezzle ""buy now pay later""",,Bing Search,web_search,https://www.bing.com/search?q=%22GENTEX+CORP%22+BNPL+Affirm+Klarna+Afterpay+Zip+Sezzle+%22buy+now+pay+later%22,GNTX
0001207179,,GOLAR LNG LTD,no_relevant_evidence,No exact CIK or canonical-name match in current BNPL merchant dataset.,HIGH,2026-08-10T01:27:51.402911+00:00,current BNPL merchant dataset exact CIK/canonical-name check,,BNPL merchant and ownership files,internal_dataset,/Users/augustliu/Desktop/Research_On_Merchant_Side_Effect_Of_BNPL/data/merchant_ownership/merchant_ownership_rows.json,GLNG
0001207179,zip,GOLAR LNG LTD,no_relevant_evidence,"Search completed; no clear BNPL exposure signal detected in result text. Top links: https://r.bing.com/rs/4f/gg/cc,nc/-G_YKFrphkyl83D0HTgpMefXo7c.css?or=w; https://r.bing.com/rs/4f/h6/cc,nc/U6HOq0RcF4_oC2_ItiNCBhNzO24.css?or=w; https://r.bing.com/rs/4f/fG/cir3,cc,nc/5gFAL7Id0yWkqqPO1crOKHL1NzM.css?or=w",MEDIUM,2026-08-10T01:27:51.402911+00:00,"""GOLAR LNG LTD"" BNPL Affirm Klarna Afterpay Zip Sezzle ""buy now pay later""",,Bing Search,web_search,https://www.bing.com/search?q=%22GOLAR+LNG+LTD%22+BNPL+Affirm+Klarna+Afterpay+Zip+Sezzle+%22buy+now+pay+later%22,GLNG
0001820872,,"Global Business Travel Group, Inc.",no_relevant_evidence,No exact CIK or canonical-name match in current BNPL merchant dataset.,HIGH,2026-08-10T01:27:51.402911+00:00,current BNPL merchant dataset exact CIK/canonical-name check,,BNPL merchant and ownership files,internal_dataset,/Users/augustliu/Desktop/Research_On_Merchant_Side_Effect_Of_BNPL/data/merchant_ownership/merchant_ownership_rows.json,GBTG
0001820872,,"Global Business Travel Group, Inc.",no_relevant_evidence,"Search completed; no clear BNPL exposure signal detected in result text. Top links: https://r.bing.com/rs/4f/gg/cc,nc/-G_YKFrphkyl83D0HTgpMefXo7c.css?or=w; https://r.bing.com/rs/4f/gM/cc,nc/rWljTRKHPYQiu_szhv9ApXQ-KpI.css?or=w; https://r.bing.com/rs/4f/fn/cir3,cc,nc/qYkYtW4ptUTHO5TVR_F3o3iRdIs.css?or=w",MEDIUM,2026-08-10T01:27:51.402911+00:00,"""Global Business Travel Group, Inc."" BNPL Affirm Klarna Afterpay Zip Sezzle ""buy now pay later""",,Bing Search,web_search,https://www.bing.com/search?q=%22Global+Business+Travel+Group%2C+Inc.%22+BNPL+Affirm+Klarna+Afterpay+Zip+Sezzle+%22buy+now+pay+later%22,GBTG
0001600033,,"e.l.f. Beauty, Inc.",no_relevant_evidence,No exact CIK or canonical-name match in current BNPL merchant dataset.,HIGH,2026-08-10T01:27:51.402911+00:00,current BNPL merchant dataset exact CIK/canonical-name check,,BNPL merchant and ownership files,internal_dataset,/Users/augustliu/Desktop/Research_On_Merchant_Side_Effect_Of_BNPL/data/merchant_ownership/merchant_ownership_rows.json,ELF
0001600033,,"e.l.f. Beauty, Inc.",no_relevant_evidence,"Search completed; no clear BNPL exposure signal detected in result text. Top links: https://r.bing.com/rs/4f/gg/cc,nc/-G_YKFrphkyl83D0HTgpMefXo7c.css?or=w; https://r.bing.com/rs/4f/gM/cc,nc/rWljTRKHPYQiu_szhv9ApXQ-KpI.css?or=w; https://r.bing.com/rs/4f/eT/cir3,cc,nc/ZNlEaxLrmuWEflDP-KwkyUROBrA.css?or=w",MEDIUM,2026-08-10T01:27:51.402911+00:00,"""e.l.f. Beauty, Inc."" BNPL Affirm Klarna Afterpay Zip Sezzle ""buy now pay later""",,Bing Search,web_search,https://www.bing.com/search?q=%22e.l.f.+Beauty%2C+Inc.%22+BNPL+Affirm+Klarna+Afterpay+Zip+Sezzle+%22buy+now+pay+later%22,ELF
0001679049,,"International Seaways, Inc.",no_relevant_evidence,No exact CIK or canonical-name match in current BNPL merchant dataset.,HIGH,2026-08-10T01:27:51.402911+00:00,current BNPL merchant dataset exact CIK/canonical-name check,,BNPL merchant and ownership files,internal_dataset,/Users/augustliu/Desktop/Research_On_Merchant_Side_Effect_Of_BNPL/data/merchant_ownership/merchant_ownership_rows.json,INSW
0001679049,,"International Seaways, Inc.",no_relevant_evidence,"Search completed; no clear BNPL exposure signal detected in result text. Top links: https://r.bing.com/rs/4f/gg/cc,nc/-G_YKFrphkyl83D0HTgpMefXo7c.css?or=w; https://r.bing.com/rs/4f/gM/cc,nc/rWljTRKHPYQiu_szhv9ApXQ-KpI.css?or=w; https://r.bing.com/rs/4f/ez/cir3,cc,nc/ITQ79_h8jq-eoIeRkdWbxDW7IbQ.css?or=w",MEDIUM,2026-08-10T01:27:51.402911+00:00,"""International Seaways, Inc."" BNPL Affirm Klarna Afterpay Zip Sezzle ""buy now pay later""",,Bing Search,web_search,https://www.bing.com/search?q=%22International+Seaways%2C+Inc.%22+BNPL+Affirm+Klarna+Afterpay+Zip+Sezzle+%22buy+now+pay+later%22,INSW
0001853717,,Atour Lifestyle Holdings Ltd,no_relevant_evidence,No exact CIK or canonical-name match in current BNPL merchant dataset.,HIGH,2026-08-10T01:27:51.402911+00:00,current BNPL merchant dataset exact CIK/canonical-name check,,BNPL merchant and ownership files,internal_dataset,/Users/augustliu/Desktop/Research_On_Merchant_Side_Effect_Of_BNPL/data/merchant_ownership/merchant_ownership_rows.json,ATAT
0001853717,,Atour Lifestyle Holdings Ltd,no_relevant_evidence,"Search completed; no clear BNPL exposure signal detected in result text. Top links: https://r.bing.com/rs/4f/gg/cc,nc/-G_YKFrphkyl83D0HTgpMefXo7c.css?or=w; https://r.bing.com/rs/4f/h6/cc,nc/U6HOq0RcF4_oC2_ItiNCBhNzO24.css?or=w; https://r.bing.com/rs/4f/fd/cir3,cc,nc/WTKNvHzqziTEsCD58MJtjs7bzWc.css?or=w",MEDIUM,2026-08-10T01:27:51.402911+00:00,"""Atour Lifestyle Holdings Ltd"" BNPL Affirm Klarna Afterpay Zip Sezzle ""buy now pay later""",,Bing Search,web_search,https://www.bing.com/search?q=%22Atour+Lifestyle+Holdings+Ltd%22+BNPL+Affirm+Klarna+Afterpay+Zip+Sezzle+%22buy+now+pay+later%22,ATAT
0001604481,,CMB.TECH NV,no_relevant_evidence,No exact CIK or canonical-name match in current BNPL merchant dataset.,HIGH,2026-08-10T01:27:51.402911+00:00,current BNPL merchant dataset exact CIK/canonical-name check,,BNPL merchant and ownership files,internal_dataset,/Users/augustliu/Desktop/Research_On_Merchant_Side_Effect_Of_BNPL/data/merchant_ownership/merchant_ownership_rows.json,CMBT
0001604481,,CMB.TECH NV,no_relevant_evidence,"Search completed; no clear BNPL exposure signal detected in result text. Top links: https://r.bing.com/rs/4f/gg/cc,nc/-G_YKFrphkyl83D0HTgpMefXo7c.css?or=w; https://r.bing.com/rs/4f/h6/cc,nc/U6HOq0RcF4_oC2_ItiNCBhNzO24.css?or=w; https://r.bing.com/rs/4f/ez/cir3,cc,nc/ITQ79_h8jq-eoIeRkdWbxDW7IbQ.css?or=w",MEDIUM,2026-08-10T01:27:51.402911+00:00,"""CMB.TECH NV"" BNPL Affirm Klarna Afterpay Zip Sezzle ""buy now pay later""",,Bing Search,web_search,https://www.bing.com/search?q=%22CMB.TECH+NV%22+BNPL+Affirm+Klarna+Afterpay+Zip+Sezzle+%22buy+now+pay+later%22,CMBT
0001760965,,"Kontoor Brands, Inc.",no_relevant_evidence,No exact CIK or canonical-name match in current BNPL merchant dataset.,HIGH,2026-08-10T01:27:51.402911+00:00,current BNPL merchant dataset exact CIK/canonical-name check,,BNPL merchant and ownership files,internal_dataset,/Users/augustliu/Desktop/Research_On_Merchant_Side_Effect_Of_BNPL/data/merchant_ownership/merchant_ownership_rows.json,KTB
0001760965,,"Kontoor Brands, Inc.",no_relevant_evidence,"Search completed; no clear BNPL exposure signal detected in result text. Top links: https://r.bing.com/rs/4f/gg/cc,nc/-G_YKFrphkyl83D0HTgpMefXo7c.css?or=w; https://r.bing.com/rs/4f/gS/cc,nc/_huiPba-9XiYDf9Vd8j9EoLtXL4.css?or=w; https://r.bing.com/rs/4f/ez/cir3,cc,nc/ITQ79_h8jq-eoIeRkdWbxDW7IbQ.css?or=w",MEDIUM,2026-08-10T01:27:51.402911+00:00,"""Kontoor Brands, Inc."" BNPL Affirm Klarna Afterpay Zip Sezzle ""buy now pay later""",,Bing Search,web_search,https://www.bing.com/search?q=%22Kontoor+Brands%2C+Inc.%22+BNPL+Affirm+Klarna+Afterpay+Zip+Sezzle+%22buy+now+pay+later%22,KTB
0001811935,,Pattern Group Inc.,no_relevant_evidence,No exact CIK or canonical-name match in current BNPL merchant dataset.,HIGH,2026-08-10T01:27:51.402911+00:00,current BNPL merchant dataset exact CIK/canonical-name check,,BNPL merchant and ownership files,internal_dataset,/Users/augustliu/Desktop/Research_On_Merchant_Side_Effect_Of_BNPL/data/merchant_ownership/merchant_ownership_rows.json,PTRN
0001811935,,Pattern Group Inc.,no_relevant_evidence,"Search completed; no clear BNPL exposure signal detected in result text. Top links: https://r.bing.com/rs/4f/gg/cc,nc/-G_YKFrphkyl83D0HTgpMefXo7c.css?or=w; https://r.bing.com/rs/4f/gM/cc,nc/rWljTRKHPYQiu_szhv9ApXQ-KpI.css?or=w; https://r.bing.com/rs/4f/eJ/cir3,cc,nc/-ooVmxB9OlPzBcewmec-cfwYTQs.css?or=w",MEDIUM,2026-08-10T01:27:51.402911+00:00,"""Pattern Group Inc."" BNPL Affirm Klarna Afterpay Zip Sezzle ""buy now pay later""",,Bing Search,web_search,https://www.bing.com/search?q=%22Pattern+Group+Inc.%22+BNPL+Affirm+Klarna+Afterpay+Zip+Sezzle+%22buy+now+pay+later%22,PTRN
0001361658,,Travel & Leisure Co.,no_relevant_evidence,No exact CIK or canonical-name match in current BNPL merchant dataset.,HIGH,2026-08-10T01:27:51.402911+00:00,current BNPL merchant dataset exact CIK/canonical-name check,,BNPL merchant and ownership files,internal_dataset,/Users/augustliu/Desktop/Research_On_Merchant_Side_Effect_Of_BNPL/data/merchant_ownership/merchant_ownership_rows.json,TNL
0001361658,,Travel & Leisure Co.,no_relevant_evidence,"Search completed; no clear BNPL exposure signal detected in result text. Top links: https://r.bing.com/rs/4f/gg/cc,nc/-G_YKFrphkyl83D0HTgpMefXo7c.css?or=w; https://r.bing.com/rs/4f/h6/cc,nc/U6HOq0RcF4_oC2_ItiNCBhNzO24.css?or=w; https://r.bing.com/rs/4f/fG/cir3,cc,nc/5gFAL7Id0yWkqqPO1crOKHL1NzM.css?or=w",MEDIUM,2026-08-10T01:27:51.402911+00:00,"""Travel & Leisure Co."" BNPL Affirm Klarna Afterpay Zip Sezzle ""buy now pay later""",,Bing Search,web_search,https://www.bing.com/search?q=%22Travel+%26+Leisure+Co.%22+BNPL+Affirm+Klarna+Afterpay+Zip+Sezzle+%22buy+now+pay+later%22,TNL
0001610250,,"Boot Barn Holdings, Inc.",no_relevant_evidence,No exact CIK or canonical-name match in current BNPL merchant dataset.,HIGH,2026-08-10T01:27:51.402911+00:00,current BNPL merchant dataset exact CIK/canonical-name check,,BNPL merchant and ownership files,internal_dataset,/Users/augustliu/Desktop/Research_On_Merchant_Side_Effect_Of_BNPL/data/merchant_ownership/merchant_ownership_rows.json,BOOT
0001610250,,"Boot Barn Holdings, Inc.",no_relevant_evidence,"Search completed; no clear BNPL exposure signal detected in result text. Top links: https://r.bing.com/rs/4f/gg/cc,nc/-G_YKFrphkyl83D0HTgpMefXo7c.css?or=w; https://r.bing.com/rs/4f/gM/cc,nc/rWljTRKHPYQiu_szhv9ApXQ-KpI.css?or=w; https://r.bing.com/rs/4f/fG/cir3,cc,nc/5gFAL7Id0yWkqqPO1crOKHL1NzM.css?or=w",MEDIUM,2026-08-10T01:27:51.402911+00:00,"""Boot Barn Holdings, Inc."" BNPL Affirm Klarna Afterpay Zip Sezzle ""buy now pay later""",,Bing Search,web_search,https://www.bing.com/search?q=%22Boot+Barn+Holdings%2C+Inc.%22+BNPL+Affirm+Klarna+Afterpay+Zip+Sezzle+%22buy+now+pay+later%22,BOOT
0001639300,,"Ollie's Bargain Outlet Holdings, Inc.",no_relevant_evidence,No exact CIK or canonical-name match in current BNPL merchant dataset.,HIGH,2026-08-10T01:27:51.402911+00:00,current BNPL merchant dataset exact CIK/canonical-name check,,BNPL merchant and ownership files,internal_dataset,/Users/augustliu/Desktop/Research_On_Merchant_Side_Effect_Of_BNPL/data/merchant_ownership/merchant_ownership_rows.json,OLLI
0001639300,,"Ollie's Bargain Outlet Holdings, Inc.",no_relevant_evidence,"Search completed; no clear BNPL exposure signal detected in result text. Top links: https://r.bing.com/rs/4f/gg/cc,nc/-G_YKFrphkyl83D0HTgpMefXo7c.css?or=w; https://r.bing.com/rs/4f/gM/cc,nc/rWljTRKHPYQiu_szhv9ApXQ-KpI.css?or=w; https://r.bing.com/rs/4f/fd/cir3,cc,nc/WTKNvHzqziTEsCD58MJtjs7bzWc.css?or=w",MEDIUM,2026-08-10T01:27:51.402911+00:00,"""Ollie's Bargain Outlet Holdings, Inc."" BNPL Affirm Klarna Afterpay Zip Sezzle ""buy now pay later""",,Bing Search,web_search,https://www.bing.com/search?q=%22Ollie%27s+Bargain+Outlet+Holdings%2C+Inc.%22+BNPL+Affirm+Klarna+Afterpay+Zip+Sezzle+%22buy+now+pay+later%22,OLLI
0001637207,,"Planet Fitness, Inc.",no_relevant_evidence,No exact CIK or canonical-name match in current BNPL merchant dataset.,HIGH,2026-08-10T01:27:51.402911+00:00,current BNPL merchant dataset exact CIK/canonical-name check,,BNPL merchant and ownership files,internal_dataset,/Users/augustliu/Desktop/Research_On_Merchant_Side_Effect_Of_BNPL/data/merchant_ownership/merchant_ownership_rows.json,PLNT
0001637207,,"Planet Fitness, Inc.",no_relevant_evidence,"Search completed; no clear BNPL exposure signal detected in result text. Top links: https://r.bing.com/rs/4f/gg/cc,nc/-G_YKFrphkyl83D0HTgpMefXo7c.css?or=w; https://r.bing.com/rs/4f/h6/cc,nc/U6HOq0RcF4_oC2_ItiNCBhNzO24.css?or=w; https://r.bing.com/rs/4f/fn/cir3,cc,nc/qYkYtW4ptUTHO5TVR_F3o3iRdIs.css?or=w",MEDIUM,2026-08-10T01:27:51.402911+00:00,"""Planet Fitness, Inc."" BNPL Affirm Klarna Afterpay Zip Sezzle ""buy now pay later""",,Bing Search,web_search,https://www.bing.com/search?q=%22Planet+Fitness%2C+Inc.%22+BNPL+Affirm+Klarna+Afterpay+Zip+Sezzle+%22buy+now+pay+later%22,PLNT
0000063276,,MATTEL INC /DE/,no_relevant_evidence,No exact CIK or canonical-name match in current BNPL merchant dataset.,HIGH,2026-08-10T01:27:51.402911+00:00,current BNPL merchant dataset exact CIK/canonical-name check,,BNPL merchant and ownership files,internal_dataset,/Users/augustliu/Desktop/Research_On_Merchant_Side_Effect_Of_BNPL/data/merchant_ownership/merchant_ownership_rows.json,MAT
0000063276,,MATTEL INC /DE/,no_relevant_evidence,"Search completed; no clear BNPL exposure signal detected in result text. Top links: https://r.bing.com/rs/4f/gg/cc,nc/-G_YKFrphkyl83D0HTgpMefXo7c.css?or=w; https://r.bing.com/rs/4f/gS/cc,nc/_huiPba-9XiYDf9Vd8j9EoLtXL4.css?or=w; https://r.bing.com/rs/4f/eT/cir3,cc,nc/ZNlEaxLrmuWEflDP-KwkyUROBrA.css?or=w",MEDIUM,2026-08-10T01:27:51.402911+00:00,"""MATTEL INC /DE/"" BNPL Affirm Klarna Afterpay Zip Sezzle ""buy now pay later""",,Bing Search,web_search,https://www.bing.com/search?q=%22MATTEL+INC+%2FDE%2F%22+BNPL+Affirm+Klarna+Afterpay+Zip+Sezzle+%22buy+now+pay+later%22,MAT
0001144980,,ASBURY AUTOMOTIVE GROUP INC,no_relevant_evidence,No exact CIK or canonical-name match in current BNPL merchant dataset.,HIGH,2026-08-10T01:27:51.402911+00:00,current BNPL merchant dataset exact CIK/canonical-name check,,BNPL merchant and ownership files,internal_dataset,/Users/augustliu/Desktop/Research_On_Merchant_Side_Effect_Of_BNPL/data/merchant_ownership/merchant_ownership_rows.json,ABG
0001144980,,ASBURY AUTOMOTIVE GROUP INC,no_relevant_evidence,"Search completed; no clear BNPL exposure signal detected in result text. Top links: https://r.bing.com/rs/4f/gg/cc,nc/-G_YKFrphkyl83D0HTgpMefXo7c.css?or=w; https://r.bing.com/rs/4f/h6/cc,nc/U6HOq0RcF4_oC2_ItiNCBhNzO24.css?or=w; https://r.bing.com/rs/4f/fd/cir3,cc,nc/WTKNvHzqziTEsCD58MJtjs7bzWc.css?or=w",MEDIUM,2026-08-10T01:27:51.402911+00:00,"""ASBURY AUTOMOTIVE GROUP INC"" BNPL Affirm Klarna Afterpay Zip Sezzle ""buy now pay later""",,Bing Search,web_search,https://www.bing.com/search?q=%22ASBURY+AUTOMOTIVE+GROUP+INC%22+BNPL+Affirm+Klarna+Afterpay+Zip+Sezzle+%22buy+now+pay+later%22,ABG
0000793733,,SKYWEST INC,no_relevant_evidence,No exact CIK or canonical-name match in current BNPL merchant dataset.,HIGH,2026-08-10T01:27:51.402911+00:00,current BNPL merchant dataset exact CIK/canonical-name check,,BNPL merchant and ownership files,internal_dataset,/Users/augustliu/Desktop/Research_On_Merchant_Side_Effect_Of_BNPL/data/merchant_ownership/merchant_ownership_rows.json,SKYW
0000793733,,SKYWEST INC,no_relevant_evidence,"Search completed; no clear BNPL exposure signal detected in result text. Top links: https://r.bing.com/rs/4f/gg/cc,nc/-G_YKFrphkyl83D0HTgpMefXo7c.css?or=w; https://r.bing.com/rs/4f/gM/cc,nc/rWljTRKHPYQiu_szhv9ApXQ-KpI.css?or=w; https://r.bing.com/rs/4f/fd/cir3,cc,nc/WTKNvHzqziTEsCD58MJtjs7bzWc.css?or=w",MEDIUM,2026-08-10T01:27:51.402911+00:00,"""SKYWEST INC"" BNPL Affirm Klarna Afterpay Zip Sezzle ""buy now pay later""",,Bing Search,web_search,https://www.bing.com/search?q=%22SKYWEST+INC%22+BNPL+Affirm+Klarna+Afterpay+Zip+Sezzle+%22buy+now+pay+later%22,SKYW
0001921963,,Atmus Filtration Technologies Inc.,no_relevant_evidence,No exact CIK or canonical-name match in current BNPL merchant dataset.,HIGH,2026-08-10T01:27:51.402911+00:00,current BNPL merchant dataset exact CIK/canonical-name check,,BNPL merchant and ownership files,internal_dataset,/Users/augustliu/Desktop/Research_On_Merchant_Side_Effect_Of_BNPL/data/merchant_ownership/merchant_ownership_rows.json,ATMU
0001921963,,Atmus Filtration Technologies Inc.,no_relevant_evidence,"Search completed; no clear BNPL exposure signal detected in result text. Top links: https://r.bing.com/rs/4f/gg/cc,nc/-G_YKFrphkyl83D0HTgpMefXo7c.css?or=w; https://r.bing.com/rs/4f/h6/cc,nc/U6HOq0RcF4_oC2_ItiNCBhNzO24.css?or=w; https://r.bing.com/rs/4f/fG/cir3,cc,nc/5gFAL7Id0yWkqqPO1crOKHL1NzM.css?or=w",MEDIUM,2026-08-10T01:27:51.402911+00:00,"""Atmus Filtration Technologies Inc."" BNPL Affirm Klarna Afterpay Zip Sezzle ""buy now pay later""",,Bing Search,web_search,https://www.bing.com/search?q=%22Atmus+Filtration+Technologies+Inc.%22+BNPL+Affirm+Klarna+Afterpay+Zip+Sezzle+%22buy+now+pay+later%22,ATMU
0001646188,,Ondas Inc.,no_relevant_evidence,No exact CIK or canonical-name match in current BNPL merchant dataset.,HIGH,2026-08-10T01:27:51.402911+00:00,current BNPL merchant dataset exact CIK/canonical-name check,,BNPL merchant and ownership files,internal_dataset,/Users/augustliu/Desktop/Research_On_Merchant_Side_Effect_Of_BNPL/data/merchant_ownership/merchant_ownership_rows.json,ONDS
0001646188,,Ondas Inc.,no_relevant_evidence,"Search completed; no clear BNPL exposure signal detected in result text. Top links: https://r.bing.com/rs/4f/gg/cc,nc/-G_YKFrphkyl83D0HTgpMefXo7c.css?or=w; https://r.bing.com/rs/4f/h6/cc,nc/U6HOq0RcF4_oC2_ItiNCBhNzO24.css?or=w; https://r.bing.com/rs/4f/ez/cir3,cc,nc/ITQ79_h8jq-eoIeRkdWbxDW7IbQ.css?or=w",MEDIUM,2026-08-10T01:27:51.402911+00:00,"""Ondas Inc."" BNPL Affirm Klarna Afterpay Zip Sezzle ""buy now pay later""",,Bing Search,web_search,https://www.bing.com/search?q=%22Ondas+Inc.%22+BNPL+Affirm+Klarna+Afterpay+Zip+Sezzle+%22buy+now+pay+later%22,ONDS
0001385280,,"Cinemark Holdings, Inc.",no_relevant_evidence,No exact CIK or canonical-name match in current BNPL merchant dataset.,HIGH,2026-08-10T01:27:51.402911+00:00,current BNPL merchant dataset exact CIK/canonical-name check,,BNPL merchant and ownership files,internal_dataset,/Users/augustliu/Desktop/Research_On_Merchant_Side_Effect_Of_BNPL/data/merchant_ownership/merchant_ownership_rows.json,CNK
0001385280,,"Cinemark Holdings, Inc.",no_relevant_evidence,"Search completed; no clear BNPL exposure signal detected in result text. Top links: https://r.bing.com/rs/4f/gg/cc,nc/-G_YKFrphkyl83D0HTgpMefXo7c.css?or=w; https://r.bing.com/rs/4f/h6/cc,nc/U6HOq0RcF4_oC2_ItiNCBhNzO24.css?or=w; https://r.bing.com/rs/4f/fG/cir3,cc,nc/5gFAL7Id0yWkqqPO1crOKHL1NzM.css?or=w",MEDIUM,2026-08-10T01:27:51.402911+00:00,"""Cinemark Holdings, Inc."" BNPL Affirm Klarna Afterpay Zip Sezzle ""buy now pay later""",,Bing Search,web_search,https://www.bing.com/search?q=%22Cinemark+Holdings%2C+Inc.%22+BNPL+Affirm+Klarna+Afterpay+Zip+Sezzle+%22buy+now+pay+later%22,CNK
0001395942,,"OPENLANE, Inc.",no_relevant_evidence,No exact CIK or canonical-name match in current BNPL merchant dataset.,HIGH,2026-08-10T01:27:51.402911+00:00,current BNPL merchant dataset exact CIK/canonical-name check,,BNPL merchant and ownership files,internal_dataset,/Users/augustliu/Desktop/Research_On_Merchant_Side_Effect_Of_BNPL/data/merchant_ownership/merchant_ownership_rows.json,OPLN
0001395942,,"OPENLANE, Inc.",no_relevant_evidence,"Search completed; no clear BNPL exposure signal detected in result text. Top links: https://r.bing.com/rs/4f/gg/cc,nc/-G_YKFrphkyl83D0HTgpMefXo7c.css?or=w; https://r.bing.com/rs/4f/gM/cc,nc/rWljTRKHPYQiu_szhv9ApXQ-KpI.css?or=w; https://r.bing.com/rs/4f/fG/cir3,cc,nc/5gFAL7Id0yWkqqPO1crOKHL1NzM.css?or=w",MEDIUM,2026-08-10T01:27:51.402911+00:00,"""OPENLANE, Inc."" BNPL Affirm Klarna Afterpay Zip Sezzle ""buy now pay later""",,Bing Search,web_search,https://www.bing.com/search?q=%22OPENLANE%2C+Inc.%22+BNPL+Affirm+Klarna+Afterpay+Zip+Sezzle+%22buy+now+pay+later%22,OPLN
0000822663,,INTERPARFUMS INC,no_relevant_evidence,No exact CIK or canonical-name match in current BNPL merchant dataset.,HIGH,2026-08-10T01:27:51.402911+00:00,current BNPL merchant dataset exact CIK/canonical-name check,,BNPL merchant and ownership files,internal_dataset,/Users/augustliu/Desktop/Research_On_Merchant_Side_Effect_Of_BNPL/data/merchant_ownership/merchant_ownership_rows.json,IPAR
0000822663,,INTERPARFUMS INC,no_relevant_evidence,"Search completed; no clear BNPL exposure signal detected in result text. Top links: https://r.bing.com/rs/4f/gg/cc,nc/-G_YKFrphkyl83D0HTgpMefXo7c.css?or=w; https://r.bing.com/rs/4f/gM/cc,nc/rWljTRKHPYQiu_szhv9ApXQ-KpI.css?or=w; https://r.bing.com/rs/4f/ez/cir3,cc,nc/ITQ79_h8jq-eoIeRkdWbxDW7IbQ.css?or=w",MEDIUM,2026-08-10T01:27:51.402911+00:00,"""INTERPARFUMS INC"" BNPL Affirm Klarna Afterpay Zip Sezzle ""buy now pay later""",,Bing Search,web_search,https://www.bing.com/search?q=%22INTERPARFUMS+INC%22+BNPL+Affirm+Klarna+Afterpay+Zip+Sezzle+%22buy+now+pay+later%22,IPAR
0000868780,,"Dorman Products, Inc.",no_relevant_evidence,No exact CIK or canonical-name match in current BNPL merchant dataset.,HIGH,2026-08-10T01:27:51.402911+00:00,current BNPL merchant dataset exact CIK/canonical-name check,,BNPL merchant and ownership files,internal_dataset,/Users/augustliu/Desktop/Research_On_Merchant_Side_Effect_Of_BNPL/data/merchant_ownership/merchant_ownership_rows.json,DORM
0000868780,,"Dorman Products, Inc.",no_relevant_evidence,"Search completed; no clear BNPL exposure signal detected in result text. Top links: https://r.bing.com/rs/4f/gg/cc,nc/-G_YKFrphkyl83D0HTgpMefXo7c.css?or=w; https://r.bing.com/rs/4f/h6/cc,nc/U6HOq0RcF4_oC2_ItiNCBhNzO24.css?or=w; https://r.bing.com/rs/4f/fG/cir3,cc,nc/5gFAL7Id0yWkqqPO1crOKHL1NzM.css?or=w",MEDIUM,2026-08-10T01:27:51.402911+00:00,"""Dorman Products, Inc."" BNPL Affirm Klarna Afterpay Zip Sezzle ""buy now pay later""",,Bing Search,web_search,https://www.bing.com/search?q=%22Dorman+Products%2C+Inc.%22+BNPL+Affirm+Klarna+Afterpay+Zip+Sezzle+%22buy+now+pay+later%22,DORM
0002052959,,Lionsgate Studios Corp.,no_relevant_evidence,No exact CIK or canonical-name match in current BNPL merchant dataset.,HIGH,2026-08-10T01:27:51.402911+00:00,current BNPL merchant dataset exact CIK/canonical-name check,,BNPL merchant and ownership files,internal_dataset,/Users/augustliu/Desktop/Research_On_Merchant_Side_Effect_Of_BNPL/data/merchant_ownership/merchant_ownership_rows.json,LION
0002052959,,Lionsgate Studios Corp.,no_relevant_evidence,"Search completed; no clear BNPL exposure signal detected in result text. Top links: https://r.bing.com/rs/4f/gg/cc,nc/-G_YKFrphkyl83D0HTgpMefXo7c.css?or=w; https://r.bing.com/rs/4f/h6/cc,nc/U6HOq0RcF4_oC2_ItiNCBhNzO24.css?or=w; https://r.bing.com/rs/4f/fG/cir3,cc,nc/5gFAL7Id0yWkqqPO1crOKHL1NzM.css?or=w",MEDIUM,2026-08-10T01:27:51.402911+00:00,"""Lionsgate Studios Corp."" BNPL Affirm Klarna Afterpay Zip Sezzle ""buy now pay later""",,Bing Search,web_search,https://www.bing.com/search?q=%22Lionsgate+Studios+Corp.%22+BNPL+Affirm+Klarna+Afterpay+Zip+Sezzle+%22buy+now+pay+later%22,LION
0001877787,,Ermenegildo Zegna N.V.,no_relevant_evidence,No exact CIK or canonical-name match in current BNPL merchant dataset.,HIGH,2026-08-10T01:27:51.402911+00:00,current BNPL merchant dataset exact CIK/canonical-name check,,BNPL merchant and ownership files,internal_dataset,/Users/augustliu/Desktop/Research_On_Merchant_Side_Effect_Of_BNPL/data/merchant_ownership/merchant_ownership_rows.json,ZGN
0001877787,,Ermenegildo Zegna N.V.,no_relevant_evidence,"Search completed; no clear BNPL exposure signal detected in result text. Top links: https://r.bing.com/rs/4f/gg/cc,nc/-G_YKFrphkyl83D0HTgpMefXo7c.css?or=w; https://r.bing.com/rs/4f/gM/cc,nc/rWljTRKHPYQiu_szhv9ApXQ-KpI.css?or=w; https://r.bing.com/rs/4f/fd/cir3,cc,nc/WTKNvHzqziTEsCD58MJtjs7bzWc.css?or=w",MEDIUM,2026-08-10T01:27:51.402911+00:00,"""Ermenegildo Zegna N.V."" BNPL Affirm Klarna Afterpay Zip Sezzle ""buy now pay later""",,Bing Search,web_search,https://www.bing.com/search?q=%22Ermenegildo+Zegna+N.V.%22+BNPL+Affirm+Klarna+Afterpay+Zip+Sezzle+%22buy+now+pay+later%22,ZGN
0000932696,,INSIGHT ENTERPRISES INC,no_relevant_evidence,No exact CIK or canonical-name match in current BNPL merchant dataset.,HIGH,2026-08-10T01:27:51.402911+00:00,current BNPL merchant dataset exact CIK/canonical-name check,,BNPL merchant and ownership files,internal_dataset,/Users/augustliu/Desktop/Research_On_Merchant_Side_Effect_Of_BNPL/data/merchant_ownership/merchant_ownership_rows.json,NSIT
0000932696,,INSIGHT ENTERPRISES INC,no_relevant_evidence,"Search completed; no clear BNPL exposure signal detected in result text. Top links: https://r.bing.com/rs/4f/gg/cc,nc/-G_YKFrphkyl83D0HTgpMefXo7c.css?or=w; https://r.bing.com/rs/4f/gM/cc,nc/rWljTRKHPYQiu_szhv9ApXQ-KpI.css?or=w; https://r.bing.com/rs/4f/fG/cir3,cc,nc/5gFAL7Id0yWkqqPO1crOKHL1NzM.css?or=w",MEDIUM,2026-08-10T01:27:51.402911+00:00,"""INSIGHT ENTERPRISES INC"" BNPL Affirm Klarna Afterpay Zip Sezzle ""buy now pay later""",,Bing Search,web_search,https://www.bing.com/search?q=%22INSIGHT+ENTERPRISES+INC%22+BNPL+Affirm+Klarna+Afterpay+Zip+Sezzle+%22buy+now+pay+later%22,NSIT
0001815846,,MINISO Group Holding Ltd,no_relevant_evidence,No exact CIK or canonical-name match in current BNPL merchant dataset.,HIGH,2026-08-10T01:27:51.402911+00:00,current BNPL merchant dataset exact CIK/canonical-name check,,BNPL merchant and ownership files,internal_dataset,/Users/augustliu/Desktop/Research_On_Merchant_Side_Effect_Of_BNPL/data/merchant_ownership/merchant_ownership_rows.json,MNSO
0001815846,,MINISO Group Holding Ltd,no_relevant_evidence,"Search completed; no clear BNPL exposure signal detected in result text. Top links: https://r.bing.com/rs/4f/gg/cc,nc/-G_YKFrphkyl83D0HTgpMefXo7c.css?or=w; https://r.bing.com/rs/4f/gM/cc,nc/rWljTRKHPYQiu_szhv9ApXQ-KpI.css?or=w; https://r.bing.com/rs/4f/fn/cir3,cc,nc/qYkYtW4ptUTHO5TVR_F3o3iRdIs.css?or=w",MEDIUM,2026-08-10T01:27:51.402911+00:00,"""MINISO Group Holding Ltd"" BNPL Affirm Klarna Afterpay Zip Sezzle ""buy now pay later""",,Bing Search,web_search,https://www.bing.com/search?q=%22MINISO+Group+Holding+Ltd%22+BNPL+Affirm+Klarna+Afterpay+Zip+Sezzle+%22buy+now+pay+later%22,MNSO
0001483934,,Scorpio Tankers Inc.,no_relevant_evidence,No exact CIK or canonical-name match in current BNPL merchant dataset.,HIGH,2026-08-10T01:27:51.402911+00:00,current BNPL merchant dataset exact CIK/canonical-name check,,BNPL merchant and ownership files,internal_dataset,/Users/augustliu/Desktop/Research_On_Merchant_Side_Effect_Of_BNPL/data/merchant_ownership/merchant_ownership_rows.json,STNG
0001483934,,Scorpio Tankers Inc.,no_relevant_evidence,"Search completed; no clear BNPL exposure signal detected in result text. Top links: https://r.bing.com/rs/4f/gg/cc,nc/-G_YKFrphkyl83D0HTgpMefXo7c.css?or=w; https://r.bing.com/rs/4f/h6/cc,nc/U6HOq0RcF4_oC2_ItiNCBhNzO24.css?or=w; https://r.bing.com/rs/4f/fG/cir3,cc,nc/5gFAL7Id0yWkqqPO1crOKHL1NzM.css?or=w",MEDIUM,2026-08-10T01:27:51.402911+00:00,"""Scorpio Tankers Inc."" BNPL Affirm Klarna Afterpay Zip Sezzle ""buy now pay later""",,Bing Search,web_search,https://www.bing.com/search?q=%22Scorpio+Tankers+Inc.%22+BNPL+Affirm+Klarna+Afterpay+Zip+Sezzle+%22buy+now+pay+later%22,STNG
0001815779,,Hafnia Ltd,no_relevant_evidence,No exact CIK or canonical-name match in current BNPL merchant dataset.,HIGH,2026-08-10T01:27:51.402911+00:00,current BNPL merchant dataset exact CIK/canonical-name check,,BNPL merchant and ownership files,internal_dataset,/Users/augustliu/Desktop/Research_On_Merchant_Side_Effect_Of_BNPL/data/merchant_ownership/merchant_ownership_rows.json,HAFN
0001815779,,Hafnia Ltd,no_relevant_evidence,"Search completed; no clear BNPL exposure signal detected in result text. Top links: https://r.bing.com/rs/4f/gg/cc,nc/-G_YKFrphkyl83D0HTgpMefXo7c.css?or=w; https://r.bing.com/rs/4f/h6/cc,nc/U6HOq0RcF4_oC2_ItiNCBhNzO24.css?or=w; https://r.bing.com/rs/4f/fn/cir3,cc,nc/qYkYtW4ptUTHO5TVR_F3o3iRdIs.css?or=w",MEDIUM,2026-08-10T01:27:51.402911+00:00,"""Hafnia Ltd"" BNPL Affirm Klarna Afterpay Zip Sezzle ""buy now pay later""",,Bing Search,web_search,https://www.bing.com/search?q=%22Hafnia+Ltd%22+BNPL+Affirm+Klarna+Afterpay+Zip+Sezzle+%22buy+now+pay+later%22,HAFN
0000098222,,TIDEWATER INC,no_relevant_evidence,No exact CIK or canonical-name match in current BNPL merchant dataset.,HIGH,2026-08-10T01:27:51.402911+00:00,current BNPL merchant dataset exact CIK/canonical-name check,,BNPL merchant and ownership files,internal_dataset,/Users/augustliu/Desktop/Research_On_Merchant_Side_Effect_Of_BNPL/data/merchant_ownership/merchant_ownership_rows.json,TDW
0000098222,,TIDEWATER INC,no_relevant_evidence,"Search completed; no clear BNPL exposure signal detected in result text. Top links: https://r.bing.com/rs/4f/gg/cc,nc/-G_YKFrphkyl83D0HTgpMefXo7c.css?or=w; https://r.bing.com/rs/4f/gM/cc,nc/rWljTRKHPYQiu_szhv9ApXQ-KpI.css?or=w; https://r.bing.com/rs/4f/fG/cir3,cc,nc/5gFAL7Id0yWkqqPO1crOKHL1NzM.css?or=w",MEDIUM,2026-08-10T01:27:51.402911+00:00,"""TIDEWATER INC"" BNPL Affirm Klarna Afterpay Zip Sezzle ""buy now pay later""",,Bing Search,web_search,https://www.bing.com/search?q=%22TIDEWATER+INC%22+BNPL+Affirm+Klarna+Afterpay+Zip+Sezzle+%22buy+now+pay+later%22,TDW
0001952073,,Madison Square Garden Entertainment Corp.,no_relevant_evidence,No exact CIK or canonical-name match in current BNPL merchant dataset.,HIGH,2026-08-10T01:27:51.402911+00:00,current BNPL merchant dataset exact CIK/canonical-name check,,BNPL merchant and ownership files,internal_dataset,/Users/augustliu/Desktop/Research_On_Merchant_Side_Effect_Of_BNPL/data/merchant_ownership/merchant_ownership_rows.json,MSGE
0001952073,,Madison Square Garden Entertainment Corp.,no_relevant_evidence,"Search completed; no clear BNPL exposure signal detected in result text. Top links: https://r.bing.com/rs/4f/gg/cc,nc/-G_YKFrphkyl83D0HTgpMefXo7c.css?or=w; https://r.bing.com/rs/4f/gM/cc,nc/rWljTRKHPYQiu_szhv9ApXQ-KpI.css?or=w; https://r.bing.com/rs/4f/fG/cir3,cc,nc/5gFAL7Id0yWkqqPO1crOKHL1NzM.css?or=w",MEDIUM,2026-08-10T01:27:51.402911+00:00,"""Madison Square Garden Entertainment Corp."" BNPL Affirm Klarna Afterpay Zip Sezzle ""buy now pay later""",,Bing Search,web_search,https://www.bing.com/search?q=%22Madison+Square+Garden+Entertainment+Corp.%22+BNPL+Affirm+Klarna+Afterpay+Zip+Sezzle+%22buy+now+pay+later%22,MSGE
0000925261,,ANDINA BOTTLING CO INC,no_relevant_evidence,No exact CIK or canonical-name match in current BNPL merchant dataset.,HIGH,2026-08-10T01:27:51.402911+00:00,current BNPL merchant dataset exact CIK/canonical-name check,,BNPL merchant and ownership files,internal_dataset,/Users/augustliu/Desktop/Research_On_Merchant_Side_Effect_Of_BNPL/data/merchant_ownership/merchant_ownership_rows.json,AKO-A
0000925261,,ANDINA BOTTLING CO INC,no_relevant_evidence,"Search completed; no clear BNPL exposure signal detected in result text. Top links: https://r.bing.com/rs/4f/gg/cc,nc/-G_YKFrphkyl83D0HTgpMefXo7c.css?or=w; https://r.bing.com/rs/4f/h6/cc,nc/U6HOq0RcF4_oC2_ItiNCBhNzO24.css?or=w; https://r.bing.com/rs/4f/eT/cir3,cc,nc/ZNlEaxLrmuWEflDP-KwkyUROBrA.css?or=w",MEDIUM,2026-08-10T01:27:51.402911+00:00,"""ANDINA BOTTLING CO INC"" BNPL Affirm Klarna Afterpay Zip Sezzle ""buy now pay later""",,Bing Search,web_search,https://www.bing.com/search?q=%22ANDINA+BOTTLING+CO+INC%22+BNPL+Affirm+Klarna+Afterpay+Zip+Sezzle+%22buy+now+pay+later%22,AKO-A
0001636222,,Wingstop Inc.,no_relevant_evidence,No exact CIK or canonical-name match in current BNPL merchant dataset.,HIGH,2026-08-10T01:27:51.402911+00:00,current BNPL merchant dataset exact CIK/canonical-name check,,BNPL merchant and ownership files,internal_dataset,/Users/augustliu/Desktop/Research_On_Merchant_Side_Effect_Of_BNPL/data/merchant_ownership/merchant_ownership_rows.json,WING
0001636222,,Wingstop Inc.,no_relevant_evidence,"Search completed; no clear BNPL exposure signal detected in result text. Top links: https://r.bing.com/rs/4f/gg/cc,nc/-G_YKFrphkyl83D0HTgpMefXo7c.css?or=w; https://r.bing.com/rs/4f/gM/cc,nc/rWljTRKHPYQiu_szhv9ApXQ-KpI.css?or=w; https://r.bing.com/rs/4f/fG/cir3,cc,nc/5gFAL7Id0yWkqqPO1crOKHL1NzM.css?or=w",MEDIUM,2026-08-10T01:27:51.402911+00:00,"""Wingstop Inc."" BNPL Affirm Klarna Afterpay Zip Sezzle ""buy now pay later""",,Bing Search,web_search,https://www.bing.com/search?q=%22Wingstop+Inc.%22+BNPL+Affirm+Klarna+Afterpay+Zip+Sezzle+%22buy+now+pay+later%22,WING
0001958140,,"Atlanta Braves Holdings, Inc.",no_relevant_evidence,No exact CIK or canonical-name match in current BNPL merchant dataset.,HIGH,2026-08-10T01:27:51.402911+00:00,current BNPL merchant dataset exact CIK/canonical-name check,,BNPL merchant and ownership files,internal_dataset,/Users/augustliu/Desktop/Research_On_Merchant_Side_Effect_Of_BNPL/data/merchant_ownership/merchant_ownership_rows.json,BATRA
0001958140,,"Atlanta Braves Holdings, Inc.",no_relevant_evidence,"Search completed; no clear BNPL exposure signal detected in result text. Top links: https://r.bing.com/rs/4f/gg/cc,nc/-G_YKFrphkyl83D0HTgpMefXo7c.css?or=w; https://r.bing.com/rs/4f/h6/cc,nc/U6HOq0RcF4_oC2_ItiNCBhNzO24.css?or=w; https://r.bing.com/rs/4f/fG/cir3,cc,nc/5gFAL7Id0yWkqqPO1crOKHL1NzM.css?or=w",MEDIUM,2026-08-10T01:27:51.402911+00:00,"""Atlanta Braves Holdings, Inc."" BNPL Affirm Klarna Afterpay Zip Sezzle ""buy now pay later""",,Bing Search,web_search,https://www.bing.com/search?q=%22Atlanta+Braves+Holdings%2C+Inc.%22+BNPL+Affirm+Klarna+Afterpay+Zip+Sezzle+%22buy+now+pay+later%22,BATRA
0001974138,,NCR Atleos Corp,no_relevant_evidence,No exact CIK or canonical-name match in current BNPL merchant dataset.,HIGH,2026-08-10T01:27:51.402911+00:00,current BNPL merchant dataset exact CIK/canonical-name check,,BNPL merchant and ownership files,internal_dataset,/Users/augustliu/Desktop/Research_On_Merchant_Side_Effect_Of_BNPL/data/merchant_ownership/merchant_ownership_rows.json,NATL
0001974138,,NCR Atleos Corp,no_relevant_evidence,"Search completed; no clear BNPL exposure signal detected in result text. Top links: https://r.bing.com/rs/4f/gg/cc,nc/-G_YKFrphkyl83D0HTgpMefXo7c.css?or=w; https://r.bing.com/rs/4f/h6/cc,nc/U6HOq0RcF4_oC2_ItiNCBhNzO24.css?or=w; https://r.bing.com/rs/4f/fG/cir3,cc,nc/5gFAL7Id0yWkqqPO1crOKHL1NzM.css?or=w",MEDIUM,2026-08-10T01:27:51.402911+00:00,"""NCR Atleos Corp"" BNPL Affirm Klarna Afterpay Zip Sezzle ""buy now pay later""",,Bing Search,web_search,https://www.bing.com/search?q=%22NCR+Atleos+Corp%22+BNPL+Affirm+Klarna+Afterpay+Zip+Sezzle+%22buy+now+pay+later%22,NATL
0000913241,,"STEVEN MADDEN, LTD.",no_relevant_evidence,No exact CIK or canonical-name match in current BNPL merchant dataset.,HIGH,2026-08-10T01:27:51.402911+00:00,current BNPL merchant dataset exact CIK/canonical-name check,,BNPL merchant and ownership files,internal_dataset,/Users/augustliu/Desktop/Research_On_Merchant_Side_Effect_Of_BNPL/data/merchant_ownership/merchant_ownership_rows.json,SHOO
0000913241,,"STEVEN MADDEN, LTD.",no_relevant_evidence,"Search completed; no clear BNPL exposure signal detected in result text. Top links: https://r.bing.com/rs/4f/gg/cc,nc/-G_YKFrphkyl83D0HTgpMefXo7c.css?or=w; https://r.bing.com/rs/4f/h6/cc,nc/U6HOq0RcF4_oC2_ItiNCBhNzO24.css?or=w; https://r.bing.com/rs/4f/fG/cir3,cc,nc/5gFAL7Id0yWkqqPO1crOKHL1NzM.css?or=w",MEDIUM,2026-08-10T01:27:51.402911+00:00,"""STEVEN MADDEN, LTD."" BNPL Affirm Klarna Afterpay Zip Sezzle ""buy now pay later""",,Bing Search,web_search,https://www.bing.com/search?q=%22STEVEN+MADDEN%2C+LTD.%22+BNPL+Affirm+Klarna+Afterpay+Zip+Sezzle+%22buy+now+pay+later%22,SHOO
0001649313,,BW LPG Ltd,no_relevant_evidence,No exact CIK or canonical-name match in current BNPL merchant dataset.,HIGH,2026-08-10T01:27:51.402911+00:00,current BNPL merchant dataset exact CIK/canonical-name check,,BNPL merchant and ownership files,internal_dataset,/Users/augustliu/Desktop/Research_On_Merchant_Side_Effect_Of_BNPL/data/merchant_ownership/merchant_ownership_rows.json,BWLP
0001649313,,BW LPG Ltd,no_relevant_evidence,"Search completed; no clear BNPL exposure signal detected in result text. Top links: https://r.bing.com/rs/4f/gg/cc,nc/-G_YKFrphkyl83D0HTgpMefXo7c.css?or=w; https://r.bing.com/rs/4f/gM/cc,nc/rWljTRKHPYQiu_szhv9ApXQ-KpI.css?or=w; https://r.bing.com/rs/4f/eJ/cir3,cc,nc/-ooVmxB9OlPzBcewmec-cfwYTQs.css?or=w",MEDIUM,2026-08-10T01:27:51.402911+00:00,"""BW LPG Ltd"" BNPL Affirm Klarna Afterpay Zip Sezzle ""buy now pay later""",,Bing Search,web_search,https://www.bing.com/search?q=%22BW+LPG+Ltd%22+BNPL+Affirm+Klarna+Afterpay+Zip+Sezzle+%22buy+now+pay+later%22,BWLP
0001929561,,"RXO, Inc.",no_relevant_evidence,No exact CIK or canonical-name match in current BNPL merchant dataset.,HIGH,2026-08-10T01:27:51.402911+00:00,current BNPL merchant dataset exact CIK/canonical-name check,,BNPL merchant and ownership files,internal_dataset,/Users/augustliu/Desktop/Research_On_Merchant_Side_Effect_Of_BNPL/data/merchant_ownership/merchant_ownership_rows.json,RXO
0001929561,,"RXO, Inc.",no_relevant_evidence,"Search completed; no clear BNPL exposure signal detected in result text. Top links: https://r.bing.com/rs/4f/gg/cc,nc/-G_YKFrphkyl83D0HTgpMefXo7c.css?or=w; https://r.bing.com/rs/4f/h6/cc,nc/U6HOq0RcF4_oC2_ItiNCBhNzO24.css?or=w; https://r.bing.com/rs/4f/eJ/cir3,cc,nc/-ooVmxB9OlPzBcewmec-cfwYTQs.css?or=w",MEDIUM,2026-08-10T01:27:51.402911+00:00,"""RXO, Inc."" BNPL Affirm Klarna Afterpay Zip Sezzle ""buy now pay later""",,Bing Search,web_search,https://www.bing.com/search?q=%22RXO%2C+Inc.%22+BNPL+Affirm+Klarna+Afterpay+Zip+Sezzle+%22buy+now+pay+later%22,RXO
0000837465,,Callaway Golf Co,no_relevant_evidence,No exact CIK or canonical-name match in current BNPL merchant dataset.,HIGH,2026-08-10T01:27:51.402911+00:00,current BNPL merchant dataset exact CIK/canonical-name check,,BNPL merchant and ownership files,internal_dataset,/Users/augustliu/Desktop/Research_On_Merchant_Side_Effect_Of_BNPL/data/merchant_ownership/merchant_ownership_rows.json,CALY
0000837465,,Callaway Golf Co,no_relevant_evidence,"Search completed; no clear BNPL exposure signal detected in result text. Top links: https://r.bing.com/rs/4f/gg/cc,nc/-G_YKFrphkyl83D0HTgpMefXo7c.css?or=w; https://r.bing.com/rs/4f/h6/cc,nc/U6HOq0RcF4_oC2_ItiNCBhNzO24.css?or=w; https://r.bing.com/rs/4f/f3/cir3,cc,nc/XKkf7PevzOVtzidRm3f9xWob0cM.css?or=w",MEDIUM,2026-08-10T01:27:51.402911+00:00,"""Callaway Golf Co"" BNPL Affirm Klarna Afterpay Zip Sezzle ""buy now pay later""",,Bing Search,web_search,https://www.bing.com/search?q=%22Callaway+Golf+Co%22+BNPL+Affirm+Klarna+Afterpay+Zip+Sezzle+%22buy+now+pay+later%22,CALY
0001031203,,GROUP 1 AUTOMOTIVE INC,no_relevant_evidence,No exact CIK or canonical-name match in current BNPL merchant dataset.,HIGH,2026-08-10T01:27:51.402911+00:00,current BNPL merchant dataset exact CIK/canonical-name check,,BNPL merchant and ownership files,internal_dataset,/Users/augustliu/Desktop/Research_On_Merchant_Side_Effect_Of_BNPL/data/merchant_ownership/merchant_ownership_rows.json,GPI
0001031203,,GROUP 1 AUTOMOTIVE INC,no_relevant_evidence,"Search completed; no clear BNPL exposure signal detected in result text. Top links: https://r.bing.com/rs/4f/gg/cc,nc/-G_YKFrphkyl83D0HTgpMefXo7c.css?or=w; https://r.bing.com/rs/4f/gM/cc,nc/rWljTRKHPYQiu_szhv9ApXQ-KpI.css?or=w; https://r.bing.com/rs/4f/fG/cir3,cc,nc/5gFAL7Id0yWkqqPO1crOKHL1NzM.css?or=w",MEDIUM,2026-08-10T01:27:51.402911+00:00,"""GROUP 1 AUTOMOTIVE INC"" BNPL Affirm Klarna Afterpay Zip Sezzle ""buy now pay later""",,Bing Search,web_search,https://www.bing.com/search?q=%22GROUP+1+AUTOMOTIVE+INC%22+BNPL+Affirm+Klarna+Afterpay+Zip+Sezzle+%22buy+now+pay+later%22,GPI
0002097163,,Xanadu Quantum Technologies Ltd,no_relevant_evidence,No exact CIK or canonical-name match in current BNPL merchant dataset.,HIGH,2026-08-10T01:27:51.402911+00:00,current BNPL merchant dataset exact CIK/canonical-name check,,BNPL merchant and ownership files,internal_dataset,/Users/augustliu/Desktop/Research_On_Merchant_Side_Effect_Of_BNPL/data/merchant_ownership/merchant_ownership_rows.json,XNDU
0002097163,,Xanadu Quantum Technologies Ltd,no_relevant_evidence,"Search completed; no clear BNPL exposure signal detected in result text. Top links: https://r.bing.com/rs/4f/gg/cc,nc/-G_YKFrphkyl83D0HTgpMefXo7c.css?or=w; https://r.bing.com/rs/4f/h6/cc,nc/U6HOq0RcF4_oC2_ItiNCBhNzO24.css?or=w; https://r.bing.com/rs/4f/f3/cir3,cc,nc/XKkf7PevzOVtzidRm3f9xWob0cM.css?or=w",MEDIUM,2026-08-10T01:27:51.402911+00:00,"""Xanadu Quantum Technologies Ltd"" BNPL Affirm Klarna Afterpay Zip Sezzle ""buy now pay later""",,Bing Search,web_search,https://www.bing.com/search?q=%22Xanadu+Quantum+Technologies+Ltd%22+BNPL+Affirm+Klarna+Afterpay+Zip+Sezzle+%22buy+now+pay+later%22,XNDU
0001386716,,Star Bulk Carriers Corp.,no_relevant_evidence,No exact CIK or canonical-name match in current BNPL merchant dataset.,HIGH,2026-08-10T01:27:51.402911+00:00,current BNPL merchant dataset exact CIK/canonical-name check,,BNPL merchant and ownership files,internal_dataset,/Users/augustliu/Desktop/Research_On_Merchant_Side_Effect_Of_BNPL/data/merchant_ownership/merchant_ownership_rows.json,SBLK
0001386716,,Star Bulk Carriers Corp.,no_relevant_evidence,"Search completed; no clear BNPL exposure signal detected in result text. Top links: https://r.bing.com/rs/4f/gg/cc,nc/-G_YKFrphkyl83D0HTgpMefXo7c.css?or=w; https://r.bing.com/rs/4f/h6/cc,nc/U6HOq0RcF4_oC2_ItiNCBhNzO24.css?or=w; https://r.bing.com/rs/4f/fG/cir3,cc,nc/5gFAL7Id0yWkqqPO1crOKHL1NzM.css?or=w",MEDIUM,2026-08-10T01:27:51.402911+00:00,"""Star Bulk Carriers Corp."" BNPL Affirm Klarna Afterpay Zip Sezzle ""buy now pay later""",,Bing Search,web_search,https://www.bing.com/search?q=%22Star+Bulk+Carriers+Corp.%22+BNPL+Affirm+Klarna+Afterpay+Zip+Sezzle+%22buy+now+pay+later%22,SBLK
0001430162,,Cosan S.A.,no_relevant_evidence,No exact CIK or canonical-name match in current BNPL merchant dataset.,HIGH,2026-08-10T01:27:51.402911+00:00,current BNPL merchant dataset exact CIK/canonical-name check,,BNPL merchant and ownership files,internal_dataset,/Users/augustliu/Desktop/Research_On_Merchant_Side_Effect_Of_BNPL/data/merchant_ownership/merchant_ownership_rows.json,CSAN
0001430162,,Cosan S.A.,no_relevant_evidence,"Search completed; no clear BNPL exposure signal detected in result text. Top links: https://r.bing.com/rs/4f/gg/cc,nc/-G_YKFrphkyl83D0HTgpMefXo7c.css?or=w; https://r.bing.com/rs/4f/h6/cc,nc/U6HOq0RcF4_oC2_ItiNCBhNzO24.css?or=w; https://r.bing.com/rs/4f/eT/cir3,cc,nc/ZNlEaxLrmuWEflDP-KwkyUROBrA.css?or=w",MEDIUM,2026-08-10T01:27:51.402911+00:00,"""Cosan S.A."" BNPL Affirm Klarna Afterpay Zip Sezzle ""buy now pay later""",,Bing Search,web_search,https://www.bing.com/search?q=%22Cosan+S.A.%22+BNPL+Affirm+Klarna+Afterpay+Zip+Sezzle+%22buy+now+pay+later%22,CSAN
0001587523,,Knowles Corp,no_relevant_evidence,No exact CIK or canonical-name match in current BNPL merchant dataset.,HIGH,2026-08-10T01:27:51.402911+00:00,current BNPL merchant dataset exact CIK/canonical-name check,,BNPL merchant and ownership files,internal_dataset,/Users/augustliu/Desktop/Research_On_Merchant_Side_Effect_Of_BNPL/data/merchant_ownership/merchant_ownership_rows.json,KN
0001587523,,Knowles Corp,no_relevant_evidence,"Search completed; no clear BNPL exposure signal detected in result text. Top links: https://r.bing.com/rs/4f/gg/cc,nc/-G_YKFrphkyl83D0HTgpMefXo7c.css?or=w; https://r.bing.com/rs/4f/gM/cc,nc/rWljTRKHPYQiu_szhv9ApXQ-KpI.css?or=w; https://r.bing.com/rs/4f/fd/cir3,cc,nc/WTKNvHzqziTEsCD58MJtjs7bzWc.css?or=w",MEDIUM,2026-08-10T01:27:51.402911+00:00,"""Knowles Corp"" BNPL Affirm Klarna Afterpay Zip Sezzle ""buy now pay later""",,Bing Search,web_search,https://www.bing.com/search?q=%22Knowles+Corp%22+BNPL+Affirm+Klarna+Afterpay+Zip+Sezzle+%22buy+now+pay+later%22,KN
0000048287,,HNI CORP,no_relevant_evidence,No exact CIK or canonical-name match in current BNPL merchant dataset.,HIGH,2026-08-10T01:27:51.402911+00:00,current BNPL merchant dataset exact CIK/canonical-name check,,BNPL merchant and ownership files,internal_dataset,/Users/augustliu/Desktop/Research_On_Merchant_Side_Effect_Of_BNPL/data/merchant_ownership/merchant_ownership_rows.json,HNI
0000048287,,HNI CORP,no_relevant_evidence,"Search completed; no clear BNPL exposure signal detected in result text. Top links: https://r.bing.com/rs/4f/gg/cc,nc/-G_YKFrphkyl83D0HTgpMefXo7c.css?or=w; https://r.bing.com/rs/4f/h6/cc,nc/U6HOq0RcF4_oC2_ItiNCBhNzO24.css?or=w; https://r.bing.com/rs/4f/fG/cir3,cc,nc/5gFAL7Id0yWkqqPO1crOKHL1NzM.css?or=w",MEDIUM,2026-08-10T01:27:51.402911+00:00,"""HNI CORP"" BNPL Affirm Klarna Afterpay Zip Sezzle ""buy now pay later""",,Bing Search,web_search,https://www.bing.com/search?q=%22HNI+CORP%22+BNPL+Affirm+Klarna+Afterpay+Zip+Sezzle+%22buy+now+pay+later%22,HNI
0001528849,,RH,no_relevant_evidence,No exact CIK or canonical-name match in current BNPL merchant dataset.,HIGH,2026-08-10T01:27:51.402911+00:00,current BNPL merchant dataset exact CIK/canonical-name check,,BNPL merchant and ownership files,internal_dataset,/Users/augustliu/Desktop/Research_On_Merchant_Side_Effect_Of_BNPL/data/merchant_ownership/merchant_ownership_rows.json,RH
0001528849,,RH,no_relevant_evidence,"Search completed; no clear BNPL exposure signal detected in result text. Top links: https://r.bing.com/rs/4f/gg/cc,nc/-G_YKFrphkyl83D0HTgpMefXo7c.css?or=w; https://r.bing.com/rs/4f/gM/cc,nc/rWljTRKHPYQiu_szhv9ApXQ-KpI.css?or=w; https://r.bing.com/rs/4f/fG/cir3,cc,nc/5gFAL7Id0yWkqqPO1crOKHL1NzM.css?or=w",MEDIUM,2026-08-10T01:27:51.402911+00:00,"""RH"" BNPL Affirm Klarna Afterpay Zip Sezzle ""buy now pay later""",,Bing Search,web_search,https://www.bing.com/search?q=%22RH%22+BNPL+Affirm+Klarna+Afterpay+Zip+Sezzle+%22buy+now+pay+later%22,RH
0001655891,,TORM plc,no_relevant_evidence,No exact CIK or canonical-name match in current BNPL merchant dataset.,HIGH,2026-08-10T01:27:51.402911+00:00,current BNPL merchant dataset exact CIK/canonical-name check,,BNPL merchant and ownership files,internal_dataset,/Users/augustliu/Desktop/Research_On_Merchant_Side_Effect_Of_BNPL/data/merchant_ownership/merchant_ownership_rows.json,TRMD
0001655891,,TORM plc,no_relevant_evidence,"Search completed; no clear BNPL exposure signal detected in result text. Top links: https://r.bing.com/rs/4f/gg/cc,nc/-G_YKFrphkyl83D0HTgpMefXo7c.css?or=w; https://r.bing.com/rs/4f/h6/cc,nc/U6HOq0RcF4_oC2_ItiNCBhNzO24.css?or=w; https://r.bing.com/rs/4f/fG/cir3,cc,nc/5gFAL7Id0yWkqqPO1crOKHL1NzM.css?or=w",MEDIUM,2026-08-10T01:27:51.402911+00:00,"""TORM plc"" BNPL Affirm Klarna Afterpay Zip Sezzle ""buy now pay later""",,Bing Search,web_search,https://www.bing.com/search?q=%22TORM+plc%22+BNPL+Affirm+Klarna+Afterpay+Zip+Sezzle+%22buy+now+pay+later%22,TRMD
0001617406,,Park Hotels & Resorts Inc.,no_relevant_evidence,No exact CIK or canonical-name match in current BNPL merchant dataset.,HIGH,2026-08-10T01:27:51.402911+00:00,current BNPL merchant dataset exact CIK/canonical-name check,,BNPL merchant and ownership files,internal_dataset,/Users/augustliu/Desktop/Research_On_Merchant_Side_Effect_Of_BNPL/data/merchant_ownership/merchant_ownership_rows.json,PK
0001617406,,Park Hotels & Resorts Inc.,no_relevant_evidence,"Search completed; no clear BNPL exposure signal detected in result text. Top links: https://r.bing.com/rs/4f/gg/cc,nc/-G_YKFrphkyl83D0HTgpMefXo7c.css?or=w; https://r.bing.com/rs/4f/gS/cc,nc/_huiPba-9XiYDf9Vd8j9EoLtXL4.css?or=w; https://r.bing.com/rs/4f/eJ/cir3,cc,nc/-ooVmxB9OlPzBcewmec-cfwYTQs.css?or=w",MEDIUM,2026-08-10T01:27:51.402911+00:00,"""Park Hotels & Resorts Inc."" BNPL Affirm Klarna Afterpay Zip Sezzle ""buy now pay later""",,Bing Search,web_search,https://www.bing.com/search?q=%22Park+Hotels+%26+Resorts+Inc.%22+BNPL+Affirm+Klarna+Afterpay+Zip+Sezzle+%22buy+now+pay+later%22,PK
0001654126,,ZIM Integrated Shipping Services Ltd.,no_relevant_evidence,No exact CIK or canonical-name match in current BNPL merchant dataset.,HIGH,2026-08-10T01:27:51.402911+00:00,current BNPL merchant dataset exact CIK/canonical-name check,,BNPL merchant and ownership files,internal_dataset,/Users/augustliu/Desktop/Research_On_Merchant_Side_Effect_Of_BNPL/data/merchant_ownership/merchant_ownership_rows.json,ZIM
0001654126,,ZIM Integrated Shipping Services Ltd.,no_relevant_evidence,"Search completed; no clear BNPL exposure signal detected in result text. Top links: https://r.bing.com/rs/4f/gg/cc,nc/-G_YKFrphkyl83D0HTgpMefXo7c.css?or=w; https://r.bing.com/rs/4f/gM/cc,nc/rWljTRKHPYQiu_szhv9ApXQ-KpI.css?or=w; https://r.bing.com/rs/4f/f3/cir3,cc,nc/XKkf7PevzOVtzidRm3f9xWob0cM.css?or=w",MEDIUM,2026-08-10T01:27:51.402911+00:00,"""ZIM Integrated Shipping Services Ltd."" BNPL Affirm Klarna Afterpay Zip Sezzle ""buy now pay later""",,Bing Search,web_search,https://www.bing.com/search?q=%22ZIM+Integrated+Shipping+Services+Ltd.%22+BNPL+Affirm+Klarna+Afterpay+Zip+Sezzle+%22buy+now+pay+later%22,ZIM
0000069891,,NATIONAL BEVERAGE CORP,no_relevant_evidence,No exact CIK or canonical-name match in current BNPL merchant dataset.,HIGH,2026-08-10T01:27:51.402911+00:00,current BNPL merchant dataset exact CIK/canonical-name check,,BNPL merchant and ownership files,internal_dataset,/Users/augustliu/Desktop/Research_On_Merchant_Side_Effect_Of_BNPL/data/merchant_ownership/merchant_ownership_rows.json,FIZZ
0000069891,,NATIONAL BEVERAGE CORP,no_relevant_evidence,"Search completed; no clear BNPL exposure signal detected in result text. Top links: https://r.bing.com/rs/4f/gg/cc,nc/-G_YKFrphkyl83D0HTgpMefXo7c.css?or=w; https://r.bing.com/rs/4f/h6/cc,nc/U6HOq0RcF4_oC2_ItiNCBhNzO24.css?or=w; https://r.bing.com/rs/4f/fG/cir3,cc,nc/5gFAL7Id0yWkqqPO1crOKHL1NzM.css?or=w",MEDIUM,2026-08-10T01:27:51.402911+00:00,"""NATIONAL BEVERAGE CORP"" BNPL Affirm Klarna Afterpay Zip Sezzle ""buy now pay later""",,Bing Search,web_search,https://www.bing.com/search?q=%22NATIONAL+BEVERAGE+CORP%22+BNPL+Affirm+Klarna+Afterpay+Zip+Sezzle+%22buy+now+pay+later%22,FIZZ
0002078008,,Versigent PLC,no_relevant_evidence,No exact CIK or canonical-name match in current BNPL merchant dataset.,HIGH,2026-08-10T01:27:51.402911+00:00,current BNPL merchant dataset exact CIK/canonical-name check,,BNPL merchant and ownership files,internal_dataset,/Users/augustliu/Desktop/Research_On_Merchant_Side_Effect_Of_BNPL/data/merchant_ownership/merchant_ownership_rows.json,VGNT
0002078008,,Versigent PLC,no_relevant_evidence,"Search completed; no clear BNPL exposure signal detected in result text. Top links: https://r.bing.com/rs/4f/gg/cc,nc/-G_YKFrphkyl83D0HTgpMefXo7c.css?or=w; https://r.bing.com/rs/4f/h6/cc,nc/U6HOq0RcF4_oC2_ItiNCBhNzO24.css?or=w; https://r.bing.com/rs/4f/fn/cir3,cc,nc/qYkYtW4ptUTHO5TVR_F3o3iRdIs.css?or=w",MEDIUM,2026-08-10T01:27:51.402911+00:00,"""Versigent PLC"" BNPL Affirm Klarna Afterpay Zip Sezzle ""buy now pay later""",,Bing Search,web_search,https://www.bing.com/search?q=%22Versigent+PLC%22+BNPL+Affirm+Klarna+Afterpay+Zip+Sezzle+%22buy+now+pay+later%22,VGNT
0001811210,,"Lucid Group, Inc.",no_relevant_evidence,No exact CIK or canonical-name match in current BNPL merchant dataset.,HIGH,2026-08-10T01:27:51.402911+00:00,current BNPL merchant dataset exact CIK/canonical-name check,,BNPL merchant and ownership files,internal_dataset,/Users/augustliu/Desktop/Research_On_Merchant_Side_Effect_Of_BNPL/data/merchant_ownership/merchant_ownership_rows.json,LCID
0001811210,,"Lucid Group, Inc.",no_relevant_evidence,"Search completed; no clear BNPL exposure signal detected in result text. Top links: https://r.bing.com/rs/4f/gg/cc,nc/-G_YKFrphkyl83D0HTgpMefXo7c.css?or=w; https://r.bing.com/rs/4f/gS/cc,nc/_huiPba-9XiYDf9Vd8j9EoLtXL4.css?or=w; https://r.bing.com/rs/4f/eT/cir3,cc,nc/ZNlEaxLrmuWEflDP-KwkyUROBrA.css?or=w",MEDIUM,2026-08-10T01:27:51.402911+00:00,"""Lucid Group, Inc."" BNPL Affirm Klarna Afterpay Zip Sezzle ""buy now pay later""",,Bing Search,web_search,https://www.bing.com/search?q=%22Lucid+Group%2C+Inc.%22+BNPL+Affirm+Klarna+Afterpay+Zip+Sezzle+%22buy+now+pay+later%22,LCID
0000940942,,"Hub Group, Inc.",no_relevant_evidence,No exact CIK or canonical-name match in current BNPL merchant dataset.,HIGH,2026-08-10T01:27:51.402911+00:00,current BNPL merchant dataset exact CIK/canonical-name check,,BNPL merchant and ownership files,internal_dataset,/Users/augustliu/Desktop/Research_On_Merchant_Side_Effect_Of_BNPL/data/merchant_ownership/merchant_ownership_rows.json,HUBG
0000940942,,"Hub Group, Inc.",no_relevant_evidence,"Search completed; no clear BNPL exposure signal detected in result text. Top links: https://r.bing.com/rs/4f/gg/cc,nc/-G_YKFrphkyl83D0HTgpMefXo7c.css?or=w; https://r.bing.com/rs/4f/h6/cc,nc/U6HOq0RcF4_oC2_ItiNCBhNzO24.css?or=w; https://r.bing.com/rs/4f/fG/cir3,cc,nc/5gFAL7Id0yWkqqPO1crOKHL1NzM.css?or=w",MEDIUM,2026-08-10T01:27:51.402911+00:00,"""Hub Group, Inc."" BNPL Affirm Klarna Afterpay Zip Sezzle ""buy now pay later""",,Bing Search,web_search,https://www.bing.com/search?q=%22Hub+Group%2C+Inc.%22+BNPL+Affirm+Klarna+Afterpay+Zip+Sezzle+%22buy+now+pay+later%22,HUBG
0001111335,,VISTEON CORP,no_relevant_evidence,No exact CIK or canonical-name match in current BNPL merchant dataset.,HIGH,2026-08-10T01:27:51.402911+00:00,current BNPL merchant dataset exact CIK/canonical-name check,,BNPL merchant and ownership files,internal_dataset,/Users/augustliu/Desktop/Research_On_Merchant_Side_Effect_Of_BNPL/data/merchant_ownership/merchant_ownership_rows.json,VC
0001111335,,VISTEON CORP,no_relevant_evidence,"Search completed; no clear BNPL exposure signal detected in result text. Top links: https://r.bing.com/rs/4f/gg/cc,nc/-G_YKFrphkyl83D0HTgpMefXo7c.css?or=w; https://r.bing.com/rs/4f/gS/cc,nc/_huiPba-9XiYDf9Vd8j9EoLtXL4.css?or=w; https://r.bing.com/rs/4f/fG/cir3,cc,nc/5gFAL7Id0yWkqqPO1crOKHL1NzM.css?or=w",MEDIUM,2026-08-10T01:27:51.402911+00:00,"""VISTEON CORP"" BNPL Affirm Klarna Afterpay Zip Sezzle ""buy now pay later""",,Bing Search,web_search,https://www.bing.com/search?q=%22VISTEON+CORP%22+BNPL+Affirm+Klarna+Afterpay+Zip+Sezzle+%22buy+now+pay+later%22,VC
0000921738,,"PENN Entertainment, Inc.",no_relevant_evidence,No exact CIK or canonical-name match in current BNPL merchant dataset.,HIGH,2026-08-10T01:27:51.402911+00:00,current BNPL merchant dataset exact CIK/canonical-name check,,BNPL merchant and ownership files,internal_dataset,/Users/augustliu/Desktop/Research_On_Merchant_Side_Effect_Of_BNPL/data/merchant_ownership/merchant_ownership_rows.json,PENN
0000921738,,"PENN Entertainment, Inc.",no_relevant_evidence,"Search completed; no clear BNPL exposure signal detected in result text. Top links: https://r.bing.com/rs/4f/gg/cc,nc/-G_YKFrphkyl83D0HTgpMefXo7c.css?or=w; https://r.bing.com/rs/4f/gS/cc,nc/_huiPba-9XiYDf9Vd8j9EoLtXL4.css?or=w; https://r.bing.com/rs/4f/fG/cir3,cc,nc/5gFAL7Id0yWkqqPO1crOKHL1NzM.css?or=w",MEDIUM,2026-08-10T01:27:51.402911+00:00,"""PENN Entertainment, Inc."" BNPL Affirm Klarna Afterpay Zip Sezzle ""buy now pay later""",,Bing Search,web_search,https://www.bing.com/search?q=%22PENN+Entertainment%2C+Inc.%22+BNPL+Affirm+Klarna+Afterpay+Zip+Sezzle+%22buy+now+pay+later%22,PENN
0001639825,,"PELOTON INTERACTIVE, INC.",no_relevant_evidence,No exact CIK or canonical-name match in current BNPL merchant dataset.,HIGH,2026-08-10T01:27:51.402911+00:00,current BNPL merchant dataset exact CIK/canonical-name check,,BNPL merchant and ownership files,internal_dataset,/Users/augustliu/Desktop/Research_On_Merchant_Side_Effect_Of_BNPL/data/merchant_ownership/merchant_ownership_rows.json,PTON
0001639825,,"PELOTON INTERACTIVE, INC.",no_relevant_evidence,"Search completed; no clear BNPL exposure signal detected in result text. Top links: https://r.bing.com/rs/4f/gg/cc,nc/-G_YKFrphkyl83D0HTgpMefXo7c.css?or=w; https://r.bing.com/rs/4f/gM/cc,nc/rWljTRKHPYQiu_szhv9ApXQ-KpI.css?or=w; https://r.bing.com/rs/4f/eJ/cir3,cc,nc/-ooVmxB9OlPzBcewmec-cfwYTQs.css?or=w",MEDIUM,2026-08-10T01:27:51.402911+00:00,"""PELOTON INTERACTIVE, INC."" BNPL Affirm Klarna Afterpay Zip Sezzle ""buy now pay later""",,Bing Search,web_search,https://www.bing.com/search?q=%22PELOTON+INTERACTIVE%2C+INC.%22+BNPL+Affirm+Klarna+Afterpay+Zip+Sezzle+%22buy+now+pay+later%22,PTON
0001419945,,TEEKAY TANKERS LTD.,no_relevant_evidence,No exact CIK or canonical-name match in current BNPL merchant dataset.,HIGH,2026-08-10T01:27:51.402911+00:00,current BNPL merchant dataset exact CIK/canonical-name check,,BNPL merchant and ownership files,internal_dataset,/Users/augustliu/Desktop/Research_On_Merchant_Side_Effect_Of_BNPL/data/merchant_ownership/merchant_ownership_rows.json,TNK
0001419945,,TEEKAY TANKERS LTD.,no_relevant_evidence,"Search completed; no clear BNPL exposure signal detected in result text. Top links: https://r.bing.com/rs/4f/gg/cc,nc/-G_YKFrphkyl83D0HTgpMefXo7c.css?or=w; https://r.bing.com/rs/4f/gM/cc,nc/rWljTRKHPYQiu_szhv9ApXQ-KpI.css?or=w; https://r.bing.com/rs/4f/fG/cir3,cc,nc/5gFAL7Id0yWkqqPO1crOKHL1NzM.css?or=w",MEDIUM,2026-08-10T01:27:51.402911+00:00,"""TEEKAY TANKERS LTD."" BNPL Affirm Klarna Afterpay Zip Sezzle ""buy now pay later""",,Bing Search,web_search,https://www.bing.com/search?q=%22TEEKAY+TANKERS+LTD.%22+BNPL+Affirm+Klarna+Afterpay+Zip+Sezzle+%22buy+now+pay+later%22,TNK
0000076605,,PATRICK INDUSTRIES INC,no_relevant_evidence,No exact CIK or canonical-name match in current BNPL merchant dataset.,HIGH,2026-08-10T01:27:51.402911+00:00,current BNPL merchant dataset exact CIK/canonical-name check,,BNPL merchant and ownership files,internal_dataset,/Users/augustliu/Desktop/Research_On_Merchant_Side_Effect_Of_BNPL/data/merchant_ownership/merchant_ownership_rows.json,PATK
0000076605,,PATRICK INDUSTRIES INC,no_relevant_evidence,"Search completed; no clear BNPL exposure signal detected in result text. Top links: https://r.bing.com/rs/4f/gg/cc,nc/-G_YKFrphkyl83D0HTgpMefXo7c.css?or=w; https://r.bing.com/rs/4f/gM/cc,nc/rWljTRKHPYQiu_szhv9ApXQ-KpI.css?or=w; https://r.bing.com/rs/4f/fn/cir3,cc,nc/qYkYtW4ptUTHO5TVR_F3o3iRdIs.css?or=w",MEDIUM,2026-08-10T01:27:51.402911+00:00,"""PATRICK INDUSTRIES INC"" BNPL Affirm Klarna Afterpay Zip Sezzle ""buy now pay later""",,Bing Search,web_search,https://www.bing.com/search?q=%22PATRICK+INDUSTRIES+INC%22+BNPL+Affirm+Klarna+Afterpay+Zip+Sezzle+%22buy+now+pay+later%22,PATK
0001968915,,PHINIA INC.,no_relevant_evidence,No exact CIK or canonical-name match in current BNPL merchant dataset.,HIGH,2026-08-10T01:27:51.402911+00:00,current BNPL merchant dataset exact CIK/canonical-name check,,BNPL merchant and ownership files,internal_dataset,/Users/augustliu/Desktop/Research_On_Merchant_Side_Effect_Of_BNPL/data/merchant_ownership/merchant_ownership_rows.json,PHIN
0001968915,,PHINIA INC.,no_relevant_evidence,"Search completed; no clear BNPL exposure signal detected in result text. Top links: https://r.bing.com/rs/4f/gg/cc,nc/-G_YKFrphkyl83D0HTgpMefXo7c.css?or=w; https://r.bing.com/rs/4f/h6/cc,nc/U6HOq0RcF4_oC2_ItiNCBhNzO24.css?or=w; https://r.bing.com/rs/4f/fG/cir3,cc,nc/5gFAL7Id0yWkqqPO1crOKHL1NzM.css?or=w",MEDIUM,2026-08-10T01:27:51.402911+00:00,"""PHINIA INC."" BNPL Affirm Klarna Afterpay Zip Sezzle ""buy now pay later""",,Bing Search,web_search,https://www.bing.com/search?q=%22PHINIA+INC.%22+BNPL+Affirm+Klarna+Afterpay+Zip+Sezzle+%22buy+now+pay+later%22,PHIN
0001620533,,Shake Shack Inc.,no_relevant_evidence,No exact CIK or canonical-name match in current BNPL merchant dataset.,HIGH,2026-08-10T01:27:51.402911+00:00,current BNPL merchant dataset exact CIK/canonical-name check,,BNPL merchant and ownership files,internal_dataset,/Users/augustliu/Desktop/Research_On_Merchant_Side_Effect_Of_BNPL/data/merchant_ownership/merchant_ownership_rows.json,SHAK
0001620533,,Shake Shack Inc.,no_relevant_evidence,"Search completed; no clear BNPL exposure signal detected in result text. Top links: https://r.bing.com/rs/4f/gg/cc,nc/-G_YKFrphkyl83D0HTgpMefXo7c.css?or=w; https://r.bing.com/rs/4f/gS/cc,nc/_huiPba-9XiYDf9Vd8j9EoLtXL4.css?or=w; https://r.bing.com/rs/4f/fG/cir3,cc,nc/5gFAL7Id0yWkqqPO1crOKHL1NzM.css?or=w",MEDIUM,2026-08-10T01:27:51.402911+00:00,"""Shake Shack Inc."" BNPL Affirm Klarna Afterpay Zip Sezzle ""buy now pay later""",,Bing Search,web_search,https://www.bing.com/search?q=%22Shake+Shack+Inc.%22+BNPL+Affirm+Klarna+Afterpay+Zip+Sezzle+%22buy+now+pay+later%22,SHAK
0001362468,,Allegiant Travel CO,no_relevant_evidence,No exact CIK or canonical-name match in current BNPL merchant dataset.,HIGH,2026-08-10T01:27:51.402911+00:00,current BNPL merchant dataset exact CIK/canonical-name check,,BNPL merchant and ownership files,internal_dataset,/Users/augustliu/Desktop/Research_On_Merchant_Side_Effect_Of_BNPL/data/merchant_ownership/merchant_ownership_rows.json,ALGT
0001362468,,Allegiant Travel CO,no_relevant_evidence,"Search completed; no clear BNPL exposure signal detected in result text. Top links: https://r.bing.com/rs/4f/gg/cc,nc/-G_YKFrphkyl83D0HTgpMefXo7c.css?or=w; https://r.bing.com/rs/4f/gM/cc,nc/rWljTRKHPYQiu_szhv9ApXQ-KpI.css?or=w; https://r.bing.com/rs/4f/eT/cir3,cc,nc/ZNlEaxLrmuWEflDP-KwkyUROBrA.css?or=w",MEDIUM,2026-08-10T01:27:51.402911+00:00,"""Allegiant Travel CO"" BNPL Affirm Klarna Afterpay Zip Sezzle ""buy now pay later""",,Bing Search,web_search,https://www.bing.com/search?q=%22Allegiant+Travel+CO%22+BNPL+Affirm+Klarna+Afterpay+Zip+Sezzle+%22buy+now+pay+later%22,ALGT
0000854775,,DIGI INTERNATIONAL INC,no_relevant_evidence,No exact CIK or canonical-name match in current BNPL merchant dataset.,HIGH,2026-08-10T01:27:51.402911+00:00,current BNPL merchant dataset exact CIK/canonical-name check,,BNPL merchant and ownership files,internal_dataset,/Users/augustliu/Desktop/Research_On_Merchant_Side_Effect_Of_BNPL/data/merchant_ownership/merchant_ownership_rows.json,DGII
0000854775,,DIGI INTERNATIONAL INC,no_relevant_evidence,"Search completed; no clear BNPL exposure signal detected in result text. Top links: https://r.bing.com/rs/4f/gg/cc,nc/-G_YKFrphkyl83D0HTgpMefXo7c.css?or=w; https://r.bing.com/rs/4f/h6/cc,nc/U6HOq0RcF4_oC2_ItiNCBhNzO24.css?or=w; https://r.bing.com/rs/4f/fG/cir3,cc,nc/5gFAL7Id0yWkqqPO1crOKHL1NzM.css?or=w",MEDIUM,2026-08-10T01:27:51.402911+00:00,"""DIGI INTERNATIONAL INC"" BNPL Affirm Klarna Afterpay Zip Sezzle ""buy now pay later""",,Bing Search,web_search,https://www.bing.com/search?q=%22DIGI+INTERNATIONAL+INC%22+BNPL+Affirm+Klarna+Afterpay+Zip+Sezzle+%22buy+now+pay+later%22,DGII
0001758488,,ONESPAWORLD HOLDINGS Ltd,no_relevant_evidence,No exact CIK or canonical-name match in current BNPL merchant dataset.,HIGH,2026-08-10T01:27:51.402911+00:00,current BNPL merchant dataset exact CIK/canonical-name check,,BNPL merchant and ownership files,internal_dataset,/Users/augustliu/Desktop/Research_On_Merchant_Side_Effect_Of_BNPL/data/merchant_ownership/merchant_ownership_rows.json,OSW
0001758488,,ONESPAWORLD HOLDINGS Ltd,no_relevant_evidence,"Search completed; no clear BNPL exposure signal detected in result text. Top links: https://r.bing.com/rs/4f/gg/cc,nc/-G_YKFrphkyl83D0HTgpMefXo7c.css?or=w; https://r.bing.com/rs/4f/gS/cc,nc/_huiPba-9XiYDf9Vd8j9EoLtXL4.css?or=w; https://r.bing.com/rs/4f/f3/cir3,cc,nc/XKkf7PevzOVtzidRm3f9xWob0cM.css?or=w",MEDIUM,2026-08-10T01:27:51.402911+00:00,"""ONESPAWORLD HOLDINGS Ltd"" BNPL Affirm Klarna Afterpay Zip Sezzle ""buy now pay later""",,Bing Search,web_search,https://www.bing.com/search?q=%22ONESPAWORLD+HOLDINGS+Ltd%22+BNPL+Affirm+Klarna+Afterpay+Zip+Sezzle+%22buy+now+pay+later%22,OSW
0000028823,,"DIEBOLD NIXDORF, Inc",no_relevant_evidence,No exact CIK or canonical-name match in current BNPL merchant dataset.,HIGH,2026-08-10T01:27:51.402911+00:00,current BNPL merchant dataset exact CIK/canonical-name check,,BNPL merchant and ownership files,internal_dataset,/Users/augustliu/Desktop/Research_On_Merchant_Side_Effect_Of_BNPL/data/merchant_ownership/merchant_ownership_rows.json,DBD
0000028823,,"DIEBOLD NIXDORF, Inc",no_relevant_evidence,"Search completed; no clear BNPL exposure signal detected in result text. Top links: https://r.bing.com/rs/4f/gg/cc,nc/-G_YKFrphkyl83D0HTgpMefXo7c.css?or=w; https://r.bing.com/rs/4f/h6/cc,nc/U6HOq0RcF4_oC2_ItiNCBhNzO24.css?or=w; https://r.bing.com/rs/4f/eT/cir3,cc,nc/ZNlEaxLrmuWEflDP-KwkyUROBrA.css?or=w",MEDIUM,2026-08-10T01:27:51.402911+00:00,"""DIEBOLD NIXDORF, Inc"" BNPL Affirm Klarna Afterpay Zip Sezzle ""buy now pay later""",,Bing Search,web_search,https://www.bing.com/search?q=%22DIEBOLD+NIXDORF%2C+Inc%22+BNPL+Affirm+Klarna+Afterpay+Zip+Sezzle+%22buy+now+pay+later%22,DBD
0000763744,,LCI INDUSTRIES,no_relevant_evidence,No exact CIK or canonical-name match in current BNPL merchant dataset.,HIGH,2026-08-10T01:27:51.402911+00:00,current BNPL merchant dataset exact CIK/canonical-name check,,BNPL merchant and ownership files,internal_dataset,/Users/augustliu/Desktop/Research_On_Merchant_Side_Effect_Of_BNPL/data/merchant_ownership/merchant_ownership_rows.json,LCII
0000763744,,LCI INDUSTRIES,no_relevant_evidence,"Search completed; no clear BNPL exposure signal detected in result text. Top links: https://r.bing.com/rs/4f/gg/cc,nc/-G_YKFrphkyl83D0HTgpMefXo7c.css?or=w; https://r.bing.com/rs/4f/gS/cc,nc/_huiPba-9XiYDf9Vd8j9EoLtXL4.css?or=w; https://r.bing.com/rs/4f/ez/cir3,cc,nc/ITQ79_h8jq-eoIeRkdWbxDW7IbQ.css?or=w",MEDIUM,2026-08-10T01:27:51.402911+00:00,"""LCI INDUSTRIES"" BNPL Affirm Klarna Afterpay Zip Sezzle ""buy now pay later""",,Bing Search,web_search,https://www.bing.com/search?q=%22LCI+INDUSTRIES%22+BNPL+Affirm+Klarna+Afterpay+Zip+Sezzle+%22buy+now+pay+later%22,LCII
0001024305,,COTY INC.,no_relevant_evidence,No exact CIK or canonical-name match in current BNPL merchant dataset.,HIGH,2026-08-10T01:27:51.402911+00:00,current BNPL merchant dataset exact CIK/canonical-name check,,BNPL merchant and ownership files,internal_dataset,/Users/augustliu/Desktop/Research_On_Merchant_Side_Effect_Of_BNPL/data/merchant_ownership/merchant_ownership_rows.json,COTY
0001024305,,COTY INC.,no_relevant_evidence,"Search completed; no clear BNPL exposure signal detected in result text. Top links: https://r.bing.com/rs/4f/gg/cc,nc/-G_YKFrphkyl83D0HTgpMefXo7c.css?or=w; https://r.bing.com/rs/4f/h6/cc,nc/U6HOq0RcF4_oC2_ItiNCBhNzO24.css?or=w; https://r.bing.com/rs/4f/eJ/cir3,cc,nc/-ooVmxB9OlPzBcewmec-cfwYTQs.css?or=w",MEDIUM,2026-08-10T01:27:51.402911+00:00,"""COTY INC."" BNPL Affirm Klarna Afterpay Zip Sezzle ""buy now pay later""",,Bing Search,web_search,https://www.bing.com/search?q=%22COTY+INC.%22+BNPL+Affirm+Klarna+Afterpay+Zip+Sezzle+%22buy+now+pay+later%22,COTY
0001589526,,Blue Bird Corp,no_relevant_evidence,No exact CIK or canonical-name match in current BNPL merchant dataset.,HIGH,2026-08-10T01:27:51.402911+00:00,current BNPL merchant dataset exact CIK/canonical-name check,,BNPL merchant and ownership files,internal_dataset,/Users/augustliu/Desktop/Research_On_Merchant_Side_Effect_Of_BNPL/data/merchant_ownership/merchant_ownership_rows.json,BLBD
0001589526,,Blue Bird Corp,no_relevant_evidence,"Search completed; no clear BNPL exposure signal detected in result text. Top links: https://r.bing.com/rs/4f/gg/cc,nc/-G_YKFrphkyl83D0HTgpMefXo7c.css?or=w; https://r.bing.com/rs/4f/gM/cc,nc/rWljTRKHPYQiu_szhv9ApXQ-KpI.css?or=w; https://r.bing.com/rs/4f/fd/cir3,cc,nc/WTKNvHzqziTEsCD58MJtjs7bzWc.css?or=w",MEDIUM,2026-08-10T01:27:51.402911+00:00,"""Blue Bird Corp"" BNPL Affirm Klarna Afterpay Zip Sezzle ""buy now pay later""",,Bing Search,web_search,https://www.bing.com/search?q=%22Blue+Bird+Corp%22+BNPL+Affirm+Klarna+Afterpay+Zip+Sezzle+%22buy+now+pay+later%22,BLBD
0001964954,,Okeanis Eco Tankers Corp.,no_relevant_evidence,No exact CIK or canonical-name match in current BNPL merchant dataset.,HIGH,2026-08-10T01:27:51.402911+00:00,current BNPL merchant dataset exact CIK/canonical-name check,,BNPL merchant and ownership files,internal_dataset,/Users/augustliu/Desktop/Research_On_Merchant_Side_Effect_Of_BNPL/data/merchant_ownership/merchant_ownership_rows.json,ECO
0001964954,,Okeanis Eco Tankers Corp.,no_relevant_evidence,"Search completed; no clear BNPL exposure signal detected in result text. Top links: https://r.bing.com/rs/4f/gg/cc,nc/-G_YKFrphkyl83D0HTgpMefXo7c.css?or=w; https://r.bing.com/rs/4f/h6/cc,nc/U6HOq0RcF4_oC2_ItiNCBhNzO24.css?or=w; https://r.bing.com/rs/4f/fG/cir3,cc,nc/5gFAL7Id0yWkqqPO1crOKHL1NzM.css?or=w",MEDIUM,2026-08-10T01:27:51.402911+00:00,"""Okeanis Eco Tankers Corp."" BNPL Affirm Klarna Afterpay Zip Sezzle ""buy now pay later""",,Bing Search,web_search,https://www.bing.com/search?q=%22Okeanis+Eco+Tankers+Corp.%22+BNPL+Affirm+Klarna+Afterpay+Zip+Sezzle+%22buy+now+pay+later%22,ECO
0000078814,,PITNEY BOWES INC /DE/,no_relevant_evidence,No exact CIK or canonical-name match in current BNPL merchant dataset.,HIGH,2026-08-10T01:27:51.402911+00:00,current BNPL merchant dataset exact CIK/canonical-name check,,BNPL merchant and ownership files,internal_dataset,/Users/augustliu/Desktop/Research_On_Merchant_Side_Effect_Of_BNPL/data/merchant_ownership/merchant_ownership_rows.json,PBI
0000078814,,PITNEY BOWES INC /DE/,no_relevant_evidence,"Search completed; no clear BNPL exposure signal detected in result text. Top links: https://r.bing.com/rs/4f/gg/cc,nc/-G_YKFrphkyl83D0HTgpMefXo7c.css?or=w; https://r.bing.com/rs/4f/gM/cc,nc/rWljTRKHPYQiu_szhv9ApXQ-KpI.css?or=w; https://r.bing.com/rs/4f/fG/cir3,cc,nc/5gFAL7Id0yWkqqPO1crOKHL1NzM.css?or=w",MEDIUM,2026-08-10T01:27:51.402911+00:00,"""PITNEY BOWES INC /DE/"" BNPL Affirm Klarna Afterpay Zip Sezzle ""buy now pay later""",,Bing Search,web_search,https://www.bing.com/search?q=%22PITNEY+BOWES+INC+%2FDE%2F%22+BNPL+Affirm+Klarna+Afterpay+Zip+Sezzle+%22buy+now+pay+later%22,PBI
0001415921,,Navios Maritime Partners L.P.,no_relevant_evidence,No exact CIK or canonical-name match in current BNPL merchant dataset.,HIGH,2026-08-10T01:27:51.402911+00:00,current BNPL merchant dataset exact CIK/canonical-name check,,BNPL merchant and ownership files,internal_dataset,/Users/augustliu/Desktop/Research_On_Merchant_Side_Effect_Of_BNPL/data/merchant_ownership/merchant_ownership_rows.json,NMM
0001415921,,Navios Maritime Partners L.P.,no_relevant_evidence,"Search completed; no clear BNPL exposure signal detected in result text. Top links: https://r.bing.com/rs/4f/gg/cc,nc/-G_YKFrphkyl83D0HTgpMefXo7c.css?or=w; https://r.bing.com/rs/4f/h6/cc,nc/U6HOq0RcF4_oC2_ItiNCBhNzO24.css?or=w; https://r.bing.com/rs/4f/f3/cir3,cc,nc/XKkf7PevzOVtzidRm3f9xWob0cM.css?or=w",MEDIUM,2026-08-10T01:27:51.402911+00:00,"""Navios Maritime Partners L.P."" BNPL Affirm Klarna Afterpay Zip Sezzle ""buy now pay later""",,Bing Search,web_search,https://www.bing.com/search?q=%22Navios+Maritime+Partners+L.P.%22+BNPL+Affirm+Klarna+Afterpay+Zip+Sezzle+%22buy+now+pay+later%22,NMM
0001158463,,JETBLUE AIRWAYS CORP,no_relevant_evidence,No exact CIK or canonical-name match in current BNPL merchant dataset.,HIGH,2026-08-10T01:27:51.402911+00:00,current BNPL merchant dataset exact CIK/canonical-name check,,BNPL merchant and ownership files,internal_dataset,/Users/augustliu/Desktop/Research_On_Merchant_Side_Effect_Of_BNPL/data/merchant_ownership/merchant_ownership_rows.json,JBLU
0001158463,,JETBLUE AIRWAYS CORP,no_relevant_evidence,"Search completed; no clear BNPL exposure signal detected in result text. Top links: https://r.bing.com/rs/4f/gg/cc,nc/-G_YKFrphkyl83D0HTgpMefXo7c.css?or=w; https://r.bing.com/rs/4f/h6/cc,nc/U6HOq0RcF4_oC2_ItiNCBhNzO24.css?or=w; https://r.bing.com/rs/4f/fG/cir3,cc,nc/5gFAL7Id0yWkqqPO1crOKHL1NzM.css?or=w",MEDIUM,2026-08-10T01:27:51.402911+00:00,"""JETBLUE AIRWAYS CORP"" BNPL Affirm Klarna Afterpay Zip Sezzle ""buy now pay later""",,Bing Search,web_search,https://www.bing.com/search?q=%22JETBLUE+AIRWAYS+CORP%22+BNPL+Affirm+Klarna+Afterpay+Zip+Sezzle+%22buy+now+pay+later%22,JBLU
0001561861,,"Grupo Aeromexico, S.A.B. de C.V.",no_relevant_evidence,No exact CIK or canonical-name match in current BNPL merchant dataset.,HIGH,2026-08-10T01:27:51.402911+00:00,current BNPL merchant dataset exact CIK/canonical-name check,,BNPL merchant and ownership files,internal_dataset,/Users/augustliu/Desktop/Research_On_Merchant_Side_Effect_Of_BNPL/data/merchant_ownership/merchant_ownership_rows.json,AERO
0001561861,,"Grupo Aeromexico, S.A.B. de C.V.",no_relevant_evidence,"Search completed; no clear BNPL exposure signal detected in result text. Top links: https://r.bing.com/rs/4f/gg/cc,nc/-G_YKFrphkyl83D0HTgpMefXo7c.css?or=w; https://r.bing.com/rs/4f/gS/cc,nc/_huiPba-9XiYDf9Vd8j9EoLtXL4.css?or=w; https://r.bing.com/rs/4f/ez/cir3,cc,nc/ITQ79_h8jq-eoIeRkdWbxDW7IbQ.css?or=w",MEDIUM,2026-08-10T01:27:51.402911+00:00,"""Grupo Aeromexico, S.A.B. de C.V."" BNPL Affirm Klarna Afterpay Zip Sezzle ""buy now pay later""",,Bing Search,web_search,https://www.bing.com/search?q=%22Grupo+Aeromexico%2C+S.A.B.+de+C.V.%22+BNPL+Affirm+Klarna+Afterpay+Zip+Sezzle+%22buy+now+pay+later%22,AERO
0001381640,,Melco Resorts & Entertainment LTD,no_relevant_evidence,No exact CIK or canonical-name match in current BNPL merchant dataset.,HIGH,2026-08-10T01:27:51.402911+00:00,current BNPL merchant dataset exact CIK/canonical-name check,,BNPL merchant and ownership files,internal_dataset,/Users/augustliu/Desktop/Research_On_Merchant_Side_Effect_Of_BNPL/data/merchant_ownership/merchant_ownership_rows.json,MLCO
0001381640,,Melco Resorts & Entertainment LTD,no_relevant_evidence,"Search completed; no clear BNPL exposure signal detected in result text. Top links: https://r.bing.com/rs/4f/gg/cc,nc/-G_YKFrphkyl83D0HTgpMefXo7c.css?or=w; https://r.bing.com/rs/4f/gM/cc,nc/rWljTRKHPYQiu_szhv9ApXQ-KpI.css?or=w; https://r.bing.com/rs/4f/fG/cir3,cc,nc/5gFAL7Id0yWkqqPO1crOKHL1NzM.css?or=w",MEDIUM,2026-08-10T01:27:51.402911+00:00,"""Melco Resorts & Entertainment LTD"" BNPL Affirm Klarna Afterpay Zip Sezzle ""buy now pay later""",,Bing Search,web_search,https://www.bing.com/search?q=%22Melco+Resorts+%26+Entertainment+LTD%22+BNPL+Affirm+Klarna+Afterpay+Zip+Sezzle+%22buy+now+pay+later%22,MLCO
0000907242,,MONARCH CASINO & RESORT INC,no_relevant_evidence,No exact CIK or canonical-name match in current BNPL merchant dataset.,HIGH,2026-08-10T01:27:51.402911+00:00,current BNPL merchant dataset exact CIK/canonical-name check,,BNPL merchant and ownership files,internal_dataset,/Users/augustliu/Desktop/Research_On_Merchant_Side_Effect_Of_BNPL/data/merchant_ownership/merchant_ownership_rows.json,MCRI
0000907242,,MONARCH CASINO & RESORT INC,no_relevant_evidence,"Search completed; no clear BNPL exposure signal detected in result text. Top links: https://r.bing.com/rs/4f/gg/cc,nc/-G_YKFrphkyl83D0HTgpMefXo7c.css?or=w; https://r.bing.com/rs/4f/h6/cc,nc/U6HOq0RcF4_oC2_ItiNCBhNzO24.css?or=w; https://r.bing.com/rs/4f/ez/cir3,cc,nc/ITQ79_h8jq-eoIeRkdWbxDW7IbQ.css?or=w",MEDIUM,2026-08-10T01:27:51.402911+00:00,"""MONARCH CASINO & RESORT INC"" BNPL Affirm Klarna Afterpay Zip Sezzle ""buy now pay later""",,Bing Search,web_search,https://www.bing.com/search?q=%22MONARCH+CASINO+%26+RESORT+INC%22+BNPL+Affirm+Klarna+Afterpay+Zip+Sezzle+%22buy+now+pay+later%22,MCRI
0001295810,,"Sunstone Hotel Investors, Inc.",no_relevant_evidence,No exact CIK or canonical-name match in current BNPL merchant dataset.,HIGH,2026-08-10T01:27:51.402911+00:00,current BNPL merchant dataset exact CIK/canonical-name check,,BNPL merchant and ownership files,internal_dataset,/Users/augustliu/Desktop/Research_On_Merchant_Side_Effect_Of_BNPL/data/merchant_ownership/merchant_ownership_rows.json,SHO
0001295810,,"Sunstone Hotel Investors, Inc.",no_relevant_evidence,"Search completed; no clear BNPL exposure signal detected in result text. Top links: https://r.bing.com/rs/4f/gg/cc,nc/-G_YKFrphkyl83D0HTgpMefXo7c.css?or=w; https://r.bing.com/rs/4f/gM/cc,nc/rWljTRKHPYQiu_szhv9ApXQ-KpI.css?or=w; https://r.bing.com/rs/4f/eJ/cir3,cc,nc/-ooVmxB9OlPzBcewmec-cfwYTQs.css?or=w",MEDIUM,2026-08-10T01:27:51.402911+00:00,"""Sunstone Hotel Investors, Inc."" BNPL Affirm Klarna Afterpay Zip Sezzle ""buy now pay later""",,Bing Search,web_search,https://www.bing.com/search?q=%22Sunstone+Hotel+Investors%2C+Inc.%22+BNPL+Affirm+Klarna+Afterpay+Zip+Sezzle+%22buy+now+pay+later%22,SHO
0001978867,,Cadeler A/S,no_relevant_evidence,No exact CIK or canonical-name match in current BNPL merchant dataset.,HIGH,2026-08-10T01:27:51.402911+00:00,current BNPL merchant dataset exact CIK/canonical-name check,,BNPL merchant and ownership files,internal_dataset,/Users/augustliu/Desktop/Research_On_Merchant_Side_Effect_Of_BNPL/data/merchant_ownership/merchant_ownership_rows.json,CDLR
0001978867,,Cadeler A/S,no_relevant_evidence,"Search completed; no clear BNPL exposure signal detected in result text. Top links: https://r.bing.com/rs/4f/gg/cc,nc/-G_YKFrphkyl83D0HTgpMefXo7c.css?or=w; https://r.bing.com/rs/4f/gM/cc,nc/rWljTRKHPYQiu_szhv9ApXQ-KpI.css?or=w; https://r.bing.com/rs/4f/eJ/cir3,cc,nc/-ooVmxB9OlPzBcewmec-cfwYTQs.css?or=w",MEDIUM,2026-08-10T01:27:51.402911+00:00,"""Cadeler A/S"" BNPL Affirm Klarna Afterpay Zip Sezzle ""buy now pay later""",,Bing Search,web_search,https://www.bing.com/search?q=%22Cadeler+A%2FS%22+BNPL+Affirm+Klarna+Afterpay+Zip+Sezzle+%22buy+now+pay+later%22,CDLR
0002013649,,Chagee Holdings Ltd.,no_relevant_evidence,No exact CIK or canonical-name match in current BNPL merchant dataset.,HIGH,2026-08-10T01:27:51.402911+00:00,current BNPL merchant dataset exact CIK/canonical-name check,,BNPL merchant and ownership files,internal_dataset,/Users/augustliu/Desktop/Research_On_Merchant_Side_Effect_Of_BNPL/data/merchant_ownership/merchant_ownership_rows.json,CHA
0002013649,,Chagee Holdings Ltd.,no_relevant_evidence,"Search completed; no clear BNPL exposure signal detected in result text. Top links: https://r.bing.com/rs/4f/gg/cc,nc/-G_YKFrphkyl83D0HTgpMefXo7c.css?or=w; https://r.bing.com/rs/4f/gS/cc,nc/_huiPba-9XiYDf9Vd8j9EoLtXL4.css?or=w; https://r.bing.com/rs/4f/fG/cir3,cc,nc/5gFAL7Id0yWkqqPO1crOKHL1NzM.css?or=w",MEDIUM,2026-08-10T01:27:51.402911+00:00,"""Chagee Holdings Ltd."" BNPL Affirm Klarna Afterpay Zip Sezzle ""buy now pay later""",,Bing Search,web_search,https://www.bing.com/search?q=%22Chagee+Holdings+Ltd.%22+BNPL+Affirm+Klarna+Afterpay+Zip+Sezzle+%22buy+now+pay+later%22,CHA
0001884082,,Polestar Automotive Holding UK PLC,no_relevant_evidence,No exact CIK or canonical-name match in current BNPL merchant dataset.,HIGH,2026-08-10T01:27:51.402911+00:00,current BNPL merchant dataset exact CIK/canonical-name check,,BNPL merchant and ownership files,internal_dataset,/Users/augustliu/Desktop/Research_On_Merchant_Side_Effect_Of_BNPL/data/merchant_ownership/merchant_ownership_rows.json,PSNY
0001884082,,Polestar Automotive Holding UK PLC,no_relevant_evidence,"Search completed; no clear BNPL exposure signal detected in result text. Top links: https://r.bing.com/rs/4f/gg/cc,nc/-G_YKFrphkyl83D0HTgpMefXo7c.css?or=w; https://r.bing.com/rs/4f/h6/cc,nc/U6HOq0RcF4_oC2_ItiNCBhNzO24.css?or=w; https://r.bing.com/rs/4f/fG/cir3,cc,nc/5gFAL7Id0yWkqqPO1crOKHL1NzM.css?or=w",MEDIUM,2026-08-10T01:27:51.402911+00:00,"""Polestar Automotive Holding UK PLC"" BNPL Affirm Klarna Afterpay Zip Sezzle ""buy now pay later""",,Bing Search,web_search,https://www.bing.com/search?q=%22Polestar+Automotive+Holding+UK+PLC%22+BNPL+Affirm+Klarna+Afterpay+Zip+Sezzle+%22buy+now+pay+later%22,PSNY
0001564902,,United Parks & Resorts Inc.,no_relevant_evidence,No exact CIK or canonical-name match in current BNPL merchant dataset.,HIGH,2026-08-10T01:27:51.402911+00:00,current BNPL merchant dataset exact CIK/canonical-name check,,BNPL merchant and ownership files,internal_dataset,/Users/augustliu/Desktop/Research_On_Merchant_Side_Effect_Of_BNPL/data/merchant_ownership/merchant_ownership_rows.json,PRKS
0001564902,,United Parks & Resorts Inc.,no_relevant_evidence,"Search completed; no clear BNPL exposure signal detected in result text. Top links: https://r.bing.com/rs/4f/gg/cc,nc/-G_YKFrphkyl83D0HTgpMefXo7c.css?or=w; https://r.bing.com/rs/4f/gM/cc,nc/rWljTRKHPYQiu_szhv9ApXQ-KpI.css?or=w; https://r.bing.com/rs/4f/ez/cir3,cc,nc/ITQ79_h8jq-eoIeRkdWbxDW7IbQ.css?or=w",MEDIUM,2026-08-10T01:27:51.402911+00:00,"""United Parks & Resorts Inc."" BNPL Affirm Klarna Afterpay Zip Sezzle ""buy now pay later""",,Bing Search,web_search,https://www.bing.com/search?q=%22United+Parks+%26+Resorts+Inc.%22+BNPL+Affirm+Klarna+Afterpay+Zip+Sezzle+%22buy+now+pay+later%22,PRKS
0001616000,,"Xenia Hotels & Resorts, Inc.",no_relevant_evidence,No exact CIK or canonical-name match in current BNPL merchant dataset.,HIGH,2026-08-10T01:27:51.402911+00:00,current BNPL merchant dataset exact CIK/canonical-name check,,BNPL merchant and ownership files,internal_dataset,/Users/augustliu/Desktop/Research_On_Merchant_Side_Effect_Of_BNPL/data/merchant_ownership/merchant_ownership_rows.json,XHR
0001616000,,"Xenia Hotels & Resorts, Inc.",no_relevant_evidence,"Search completed; no clear BNPL exposure signal detected in result text. Top links: https://r.bing.com/rs/4f/gg/cc,nc/-G_YKFrphkyl83D0HTgpMefXo7c.css?or=w; https://r.bing.com/rs/4f/gM/cc,nc/rWljTRKHPYQiu_szhv9ApXQ-KpI.css?or=w; https://r.bing.com/rs/4f/fG/cir3,cc,nc/5gFAL7Id0yWkqqPO1crOKHL1NzM.css?or=w",MEDIUM,2026-08-10T01:27:51.402911+00:00,"""Xenia Hotels & Resorts, Inc."" BNPL Affirm Klarna Afterpay Zip Sezzle ""buy now pay later""",,Bing Search,web_search,https://www.bing.com/search?q=%22Xenia+Hotels+%26+Resorts%2C+Inc.%22+BNPL+Affirm+Klarna+Afterpay+Zip+Sezzle+%22buy+now+pay+later%22,XHR
0001596993,,DORIAN LPG LTD.,no_relevant_evidence,No exact CIK or canonical-name match in current BNPL merchant dataset.,HIGH,2026-08-10T01:27:51.402911+00:00,current BNPL merchant dataset exact CIK/canonical-name check,,BNPL merchant and ownership files,internal_dataset,/Users/augustliu/Desktop/Research_On_Merchant_Side_Effect_Of_BNPL/data/merchant_ownership/merchant_ownership_rows.json,LPG
0001596993,,DORIAN LPG LTD.,no_relevant_evidence,"Search completed; no clear BNPL exposure signal detected in result text. Top links: https://r.bing.com/rs/4f/gg/cc,nc/-G_YKFrphkyl83D0HTgpMefXo7c.css?or=w; https://r.bing.com/rs/4f/h6/cc,nc/U6HOq0RcF4_oC2_ItiNCBhNzO24.css?or=w; https://r.bing.com/rs/4f/fG/cir3,cc,nc/5gFAL7Id0yWkqqPO1crOKHL1NzM.css?or=w",MEDIUM,2026-08-10T01:27:51.402911+00:00,"""DORIAN LPG LTD."" BNPL Affirm Klarna Afterpay Zip Sezzle ""buy now pay later""",,Bing Search,web_search,https://www.bing.com/search?q=%22DORIAN+LPG+LTD.%22+BNPL+Affirm+Klarna+Afterpay+Zip+Sezzle+%22buy+now+pay+later%22,LPG
0001512499,,"LINDBLAD EXPEDITIONS HOLDINGS, INC.",no_relevant_evidence,No exact CIK or canonical-name match in current BNPL merchant dataset.,HIGH,2026-08-10T01:27:51.402911+00:00,current BNPL merchant dataset exact CIK/canonical-name check,,BNPL merchant and ownership files,internal_dataset,/Users/augustliu/Desktop/Research_On_Merchant_Side_Effect_Of_BNPL/data/merchant_ownership/merchant_ownership_rows.json,LIND
0001512499,,"LINDBLAD EXPEDITIONS HOLDINGS, INC.",no_relevant_evidence,"Search completed; no clear BNPL exposure signal detected in result text. Top links: https://r.bing.com/rs/4f/gg/cc,nc/-G_YKFrphkyl83D0HTgpMefXo7c.css?or=w; https://r.bing.com/rs/4f/h6/cc,nc/U6HOq0RcF4_oC2_ItiNCBhNzO24.css?or=w; https://r.bing.com/rs/4f/fG/cir3,cc,nc/5gFAL7Id0yWkqqPO1crOKHL1NzM.css?or=w",MEDIUM,2026-08-10T01:27:51.402911+00:00,"""LINDBLAD EXPEDITIONS HOLDINGS, INC."" BNPL Affirm Klarna Afterpay Zip Sezzle ""buy now pay later""",,Bing Search,web_search,https://www.bing.com/search?q=%22LINDBLAD+EXPEDITIONS+HOLDINGS%2C+INC.%22+BNPL+Affirm+Klarna+Afterpay+Zip+Sezzle+%22buy+now+pay+later%22,LIND
0001834489,,Genius Sports Ltd,no_relevant_evidence,No exact CIK or canonical-name match in current BNPL merchant dataset.,HIGH,2026-08-10T01:27:51.402911+00:00,current BNPL merchant dataset exact CIK/canonical-name check,,BNPL merchant and ownership files,internal_dataset,/Users/augustliu/Desktop/Research_On_Merchant_Side_Effect_Of_BNPL/data/merchant_ownership/merchant_ownership_rows.json,GENI
0001834489,,Genius Sports Ltd,no_relevant_evidence,"Search completed; no clear BNPL exposure signal detected in result text. Top links: https://r.bing.com/rs/4f/gg/cc,nc/-G_YKFrphkyl83D0HTgpMefXo7c.css?or=w; https://r.bing.com/rs/4f/gM/cc,nc/rWljTRKHPYQiu_szhv9ApXQ-KpI.css?or=w; https://r.bing.com/rs/4f/fG/cir3,cc,nc/5gFAL7Id0yWkqqPO1crOKHL1NzM.css?or=w",MEDIUM,2026-08-10T01:27:51.402911+00:00,"""Genius Sports Ltd"" BNPL Affirm Klarna Afterpay Zip Sezzle ""buy now pay later""",,Bing Search,web_search,https://www.bing.com/search?q=%22Genius+Sports+Ltd%22+BNPL+Affirm+Klarna+Afterpay+Zip+Sezzle+%22buy+now+pay+later%22,GENI
0001503584,,Costamare Inc.,no_relevant_evidence,No exact CIK or canonical-name match in current BNPL merchant dataset.,HIGH,2026-08-10T01:27:51.402911+00:00,current BNPL merchant dataset exact CIK/canonical-name check,,BNPL merchant and ownership files,internal_dataset,/Users/augustliu/Desktop/Research_On_Merchant_Side_Effect_Of_BNPL/data/merchant_ownership/merchant_ownership_rows.json,CMRE
0001503584,,Costamare Inc.,no_relevant_evidence,"Search completed; no clear BNPL exposure signal detected in result text. Top links: https://r.bing.com/rs/4f/gg/cc,nc/-G_YKFrphkyl83D0HTgpMefXo7c.css?or=w; https://r.bing.com/rs/4f/h6/cc,nc/U6HOq0RcF4_oC2_ItiNCBhNzO24.css?or=w; https://r.bing.com/rs/4f/eJ/cir3,cc,nc/-ooVmxB9OlPzBcewmec-cfwYTQs.css?or=w",MEDIUM,2026-08-10T01:27:51.402911+00:00,"""Costamare Inc."" BNPL Affirm Klarna Afterpay Zip Sezzle ""buy now pay later""",,Bing Search,web_search,https://www.bing.com/search?q=%22Costamare+Inc.%22+BNPL+Affirm+Klarna+Afterpay+Zip+Sezzle+%22buy+now+pay+later%22,CMRE
0001619762,,Brightstar Lottery PLC,no_relevant_evidence,No exact CIK or canonical-name match in current BNPL merchant dataset.,HIGH,2026-08-10T01:27:51.402911+00:00,current BNPL merchant dataset exact CIK/canonical-name check,,BNPL merchant and ownership files,internal_dataset,/Users/augustliu/Desktop/Research_On_Merchant_Side_Effect_Of_BNPL/data/merchant_ownership/merchant_ownership_rows.json,BRSL
0001619762,zip,Brightstar Lottery PLC,no_relevant_evidence,"Search completed; no clear BNPL exposure signal detected in result text. Top links: https://r.bing.com/rs/4f/gg/cc,nc/-G_YKFrphkyl83D0HTgpMefXo7c.css?or=w; https://r.bing.com/rs/4f/h6/cc,nc/U6HOq0RcF4_oC2_ItiNCBhNzO24.css?or=w; https://r.bing.com/rs/4f/fG/cir3,cc,nc/5gFAL7Id0yWkqqPO1crOKHL1NzM.css?or=w",MEDIUM,2026-08-10T01:27:51.402911+00:00,"""Brightstar Lottery PLC"" BNPL Affirm Klarna Afterpay Zip Sezzle ""buy now pay later""",,Bing Search,web_search,https://www.bing.com/search?q=%22Brightstar+Lottery+PLC%22+BNPL+Affirm+Klarna+Afterpay+Zip+Sezzle+%22buy+now+pay+later%22,BRSL
0001530721,,Capri Holdings Ltd,no_relevant_evidence,No exact CIK or canonical-name match in current BNPL merchant dataset.,HIGH,2026-08-10T01:27:51.402911+00:00,current BNPL merchant dataset exact CIK/canonical-name check,,BNPL merchant and ownership files,internal_dataset,/Users/augustliu/Desktop/Research_On_Merchant_Side_Effect_Of_BNPL/data/merchant_ownership/merchant_ownership_rows.json,CPRI
0001530721,,Capri Holdings Ltd,no_relevant_evidence,"Search completed; no clear BNPL exposure signal detected in result text. Top links: https://r.bing.com/rs/4f/gg/cc,nc/-G_YKFrphkyl83D0HTgpMefXo7c.css?or=w; https://r.bing.com/rs/4f/gM/cc,nc/rWljTRKHPYQiu_szhv9ApXQ-KpI.css?or=w; https://r.bing.com/rs/4f/fG/cir3,cc,nc/5gFAL7Id0yWkqqPO1crOKHL1NzM.css?or=w",MEDIUM,2026-08-10T01:27:51.402911+00:00,"""Capri Holdings Ltd"" BNPL Affirm Klarna Afterpay Zip Sezzle ""buy now pay later""",,Bing Search,web_search,https://www.bing.com/search?q=%22Capri+Holdings+Ltd%22+BNPL+Affirm+Klarna+Afterpay+Zip+Sezzle+%22buy+now+pay+later%22,CPRI
0001999001,,Six Flags Entertainment Corporation/NEW,no_relevant_evidence,No exact CIK or canonical-name match in current BNPL merchant dataset.,HIGH,2026-08-10T01:27:51.402911+00:00,current BNPL merchant dataset exact CIK/canonical-name check,,BNPL merchant and ownership files,internal_dataset,/Users/augustliu/Desktop/Research_On_Merchant_Side_Effect_Of_BNPL/data/merchant_ownership/merchant_ownership_rows.json,FUN
0001999001,,Six Flags Entertainment Corporation/NEW,no_relevant_evidence,"Search completed; no clear BNPL exposure signal detected in result text. Top links: https://r.bing.com/rs/4f/gg/cc,nc/-G_YKFrphkyl83D0HTgpMefXo7c.css?or=w; https://r.bing.com/rs/4f/h6/cc,nc/U6HOq0RcF4_oC2_ItiNCBhNzO24.css?or=w; https://r.bing.com/rs/4f/fG/cir3,cc,nc/5gFAL7Id0yWkqqPO1crOKHL1NzM.css?or=w",MEDIUM,2026-08-10T01:27:51.402911+00:00,"""Six Flags Entertainment Corporation/NEW"" BNPL Affirm Klarna Afterpay Zip Sezzle ""buy now pay later""",,Bing Search,web_search,https://www.bing.com/search?q=%22Six+Flags+Entertainment+Corporation%2FNEW%22+BNPL+Affirm+Klarna+Afterpay+Zip+Sezzle+%22buy+now+pay+later%22,FUN
0001508478,,Arcos Dorados Holdings Inc.,no_relevant_evidence,No exact CIK or canonical-name match in current BNPL merchant dataset.,HIGH,2026-08-10T01:27:51.402911+00:00,current BNPL merchant dataset exact CIK/canonical-name check,,BNPL merchant and ownership files,internal_dataset,/Users/augustliu/Desktop/Research_On_Merchant_Side_Effect_Of_BNPL/data/merchant_ownership/merchant_ownership_rows.json,ARCO
0001508478,,Arcos Dorados Holdings Inc.,no_relevant_evidence,"Search completed; no clear BNPL exposure signal detected in result text. Top links: https://r.bing.com/rs/4f/gg/cc,nc/-G_YKFrphkyl83D0HTgpMefXo7c.css?or=w; https://r.bing.com/rs/4f/h6/cc,nc/U6HOq0RcF4_oC2_ItiNCBhNzO24.css?or=w; https://r.bing.com/rs/4f/f3/cir3,cc,nc/XKkf7PevzOVtzidRm3f9xWob0cM.css?or=w",MEDIUM,2026-08-10T01:27:51.402911+00:00,"""Arcos Dorados Holdings Inc."" BNPL Affirm Klarna Afterpay Zip Sezzle ""buy now pay later""",,Bing Search,web_search,https://www.bing.com/search?q=%22Arcos+Dorados+Holdings+Inc.%22+BNPL+Affirm+Klarna+Afterpay+Zip+Sezzle+%22buy+now+pay+later%22,ARCO
0001772253,,Flex LNG Ltd.,no_relevant_evidence,No exact CIK or canonical-name match in current BNPL merchant dataset.,HIGH,2026-08-10T01:27:51.402911+00:00,current BNPL merchant dataset exact CIK/canonical-name check,,BNPL merchant and ownership files,internal_dataset,/Users/augustliu/Desktop/Research_On_Merchant_Side_Effect_Of_BNPL/data/merchant_ownership/merchant_ownership_rows.json,FLNG
0001772253,,Flex LNG Ltd.,no_relevant_evidence,"Search completed; no clear BNPL exposure signal detected in result text. Top links: https://r.bing.com/rs/4f/gg/cc,nc/-G_YKFrphkyl83D0HTgpMefXo7c.css?or=w; https://r.bing.com/rs/4f/gM/cc,nc/rWljTRKHPYQiu_szhv9ApXQ-KpI.css?or=w; https://r.bing.com/rs/4f/fG/cir3,cc,nc/5gFAL7Id0yWkqqPO1crOKHL1NzM.css?or=w",MEDIUM,2026-08-10T01:27:51.402911+00:00,"""Flex LNG Ltd."" BNPL Affirm Klarna Afterpay Zip Sezzle ""buy now pay later""",,Bing Search,web_search,https://www.bing.com/search?q=%22Flex+LNG+Ltd.%22+BNPL+Affirm+Klarna+Afterpay+Zip+Sezzle+%22buy+now+pay+later%22,FLNG
0001670541,,Adient plc,no_relevant_evidence,No exact CIK or canonical-name match in current BNPL merchant dataset.,HIGH,2026-08-10T01:27:51.402911+00:00,current BNPL merchant dataset exact CIK/canonical-name check,,BNPL merchant and ownership files,internal_dataset,/Users/augustliu/Desktop/Research_On_Merchant_Side_Effect_Of_BNPL/data/merchant_ownership/merchant_ownership_rows.json,ADNT
0001670541,,Adient plc,no_relevant_evidence,"Search completed; no clear BNPL exposure signal detected in result text. Top links: https://r.bing.com/rs/4f/gg/cc,nc/-G_YKFrphkyl83D0HTgpMefXo7c.css?or=w; https://r.bing.com/rs/4f/gS/cc,nc/_huiPba-9XiYDf9Vd8j9EoLtXL4.css?or=w; https://r.bing.com/rs/4f/fG/cir3,cc,nc/5gFAL7Id0yWkqqPO1crOKHL1NzM.css?or=w",MEDIUM,2026-08-10T01:27:51.402911+00:00,"""Adient plc"" BNPL Affirm Klarna Afterpay Zip Sezzle ""buy now pay later""",,Bing Search,web_search,https://www.bing.com/search?q=%22Adient+plc%22+BNPL+Affirm+Klarna+Afterpay+Zip+Sezzle+%22buy+now+pay+later%22,ADNT
0000926326,,"OMNICELL, INC.",no_relevant_evidence,No exact CIK or canonical-name match in current BNPL merchant dataset.,HIGH,2026-08-10T01:27:51.402911+00:00,current BNPL merchant dataset exact CIK/canonical-name check,,BNPL merchant and ownership files,internal_dataset,/Users/augustliu/Desktop/Research_On_Merchant_Side_Effect_Of_BNPL/data/merchant_ownership/merchant_ownership_rows.json,OMCL
0000926326,,"OMNICELL, INC.",no_relevant_evidence,"Search completed; no clear BNPL exposure signal detected in result text. Top links: https://r.bing.com/rs/4f/gg/cc,nc/-G_YKFrphkyl83D0HTgpMefXo7c.css?or=w; https://r.bing.com/rs/4f/gS/cc,nc/_huiPba-9XiYDf9Vd8j9EoLtXL4.css?or=w; https://r.bing.com/rs/4f/f3/cir3,cc,nc/XKkf7PevzOVtzidRm3f9xWob0cM.css?or=w",MEDIUM,2026-08-10T01:27:51.402911+00:00,"""OMNICELL, INC."" BNPL Affirm Klarna Afterpay Zip Sezzle ""buy now pay later""",,Bing Search,web_search,https://www.bing.com/search?q=%22OMNICELL%2C+INC.%22+BNPL+Affirm+Klarna+Afterpay+Zip+Sezzle+%22buy+now+pay+later%22,OMCL
0001432364,,AZUL SA,no_relevant_evidence,No exact CIK or canonical-name match in current BNPL merchant dataset.,HIGH,2026-08-10T01:27:51.402911+00:00,current BNPL merchant dataset exact CIK/canonical-name check,,BNPL merchant and ownership files,internal_dataset,/Users/augustliu/Desktop/Research_On_Merchant_Side_Effect_Of_BNPL/data/merchant_ownership/merchant_ownership_rows.json,AZUL
0001432364,,AZUL SA,no_relevant_evidence,"Search completed; no clear BNPL exposure signal detected in result text. Top links: https://r.bing.com/rs/4f/gg/cc,nc/-G_YKFrphkyl83D0HTgpMefXo7c.css?or=w; https://r.bing.com/rs/4f/gS/cc,nc/_huiPba-9XiYDf9Vd8j9EoLtXL4.css?or=w; https://r.bing.com/rs/4f/fG/cir3,cc,nc/5gFAL7Id0yWkqqPO1crOKHL1NzM.css?or=w",MEDIUM,2026-08-10T01:27:51.402911+00:00,"""AZUL SA"" BNPL Affirm Klarna Afterpay Zip Sezzle ""buy now pay later""",,Bing Search,web_search,https://www.bing.com/search?q=%22AZUL+SA%22+BNPL+Affirm+Klarna+Afterpay+Zip+Sezzle+%22buy+now+pay+later%22,AZUL
0000057131,,LA-Z-BOY INC,no_relevant_evidence,No exact CIK or canonical-name match in current BNPL merchant dataset.,HIGH,2026-08-10T01:27:51.402911+00:00,current BNPL merchant dataset exact CIK/canonical-name check,,BNPL merchant and ownership files,internal_dataset,/Users/augustliu/Desktop/Research_On_Merchant_Side_Effect_Of_BNPL/data/merchant_ownership/merchant_ownership_rows.json,LZB
0000057131,,LA-Z-BOY INC,no_relevant_evidence,"Search completed; no clear BNPL exposure signal detected in result text. Top links: https://r.bing.com/rs/4f/gg/cc,nc/-G_YKFrphkyl83D0HTgpMefXo7c.css?or=w; https://r.bing.com/rs/4f/h6/cc,nc/U6HOq0RcF4_oC2_ItiNCBhNzO24.css?or=w; https://r.bing.com/rs/4f/fd/cir3,cc,nc/WTKNvHzqziTEsCD58MJtjs7bzWc.css?or=w",MEDIUM,2026-08-10T01:27:51.402911+00:00,"""LA-Z-BOY INC"" BNPL Affirm Klarna Afterpay Zip Sezzle ""buy now pay later""",,Bing Search,web_search,https://www.bing.com/search?q=%22LA-Z-BOY+INC%22+BNPL+Affirm+Klarna+Afterpay+Zip+Sezzle+%22buy+now+pay+later%22,LZB
0000821002,,G III APPAREL GROUP LTD /DE/,no_relevant_evidence,No exact CIK or canonical-name match in current BNPL merchant dataset.,HIGH,2026-08-10T01:27:51.402911+00:00,current BNPL merchant dataset exact CIK/canonical-name check,,BNPL merchant and ownership files,internal_dataset,/Users/augustliu/Desktop/Research_On_Merchant_Side_Effect_Of_BNPL/data/merchant_ownership/merchant_ownership_rows.json,GIII
0000821002,,G III APPAREL GROUP LTD /DE/,no_relevant_evidence,"Search completed; no clear BNPL exposure signal detected in result text. Top links: https://r.bing.com/rs/4f/gg/cc,nc/-G_YKFrphkyl83D0HTgpMefXo7c.css?or=w; https://r.bing.com/rs/4f/h6/cc,nc/U6HOq0RcF4_oC2_ItiNCBhNzO24.css?or=w; https://r.bing.com/rs/4f/fn/cir3,cc,nc/qYkYtW4ptUTHO5TVR_F3o3iRdIs.css?or=w",MEDIUM,2026-08-10T01:27:51.402911+00:00,"""G III APPAREL GROUP LTD /DE/"" BNPL Affirm Klarna Afterpay Zip Sezzle ""buy now pay later""",,Bing Search,web_search,https://www.bing.com/search?q=%22G+III+APPAREL+GROUP+LTD+%2FDE%2F%22+BNPL+Affirm+Klarna+Afterpay+Zip+Sezzle+%22buy+now+pay+later%22,GIII
0000066382,,"MILLERKNOLL, INC.",no_relevant_evidence,No exact CIK or canonical-name match in current BNPL merchant dataset.,HIGH,2026-08-10T01:27:51.402911+00:00,current BNPL merchant dataset exact CIK/canonical-name check,,BNPL merchant and ownership files,internal_dataset,/Users/augustliu/Desktop/Research_On_Merchant_Side_Effect_Of_BNPL/data/merchant_ownership/merchant_ownership_rows.json,MLKN
0000066382,,"MILLERKNOLL, INC.",no_relevant_evidence,"Search completed; no clear BNPL exposure signal detected in result text. Top links: https://r.bing.com/rs/4f/gg/cc,nc/-G_YKFrphkyl83D0HTgpMefXo7c.css?or=w; https://r.bing.com/rs/4f/gS/cc,nc/_huiPba-9XiYDf9Vd8j9EoLtXL4.css?or=w; https://r.bing.com/rs/4f/fd/cir3,cc,nc/WTKNvHzqziTEsCD58MJtjs7bzWc.css?or=w",MEDIUM,2026-08-10T01:27:51.402911+00:00,"""MILLERKNOLL, INC."" BNPL Affirm Klarna Afterpay Zip Sezzle ""buy now pay later""",,Bing Search,web_search,https://www.bing.com/search?q=%22MILLERKNOLL%2C+INC.%22+BNPL+Affirm+Klarna+Afterpay+Zip+Sezzle+%22buy+now+pay+later%22,MLKN
0001013488,,BJs RESTAURANTS INC,no_relevant_evidence,No exact CIK or canonical-name match in current BNPL merchant dataset.,HIGH,2026-08-10T01:27:51.402911+00:00,current BNPL merchant dataset exact CIK/canonical-name check,,BNPL merchant and ownership files,internal_dataset,/Users/augustliu/Desktop/Research_On_Merchant_Side_Effect_Of_BNPL/data/merchant_ownership/merchant_ownership_rows.json,BJRI
0001013488,,BJs RESTAURANTS INC,no_relevant_evidence,"Search completed; no clear BNPL exposure signal detected in result text. Top links: https://r.bing.com/rs/4f/gg/cc,nc/-G_YKFrphkyl83D0HTgpMefXo7c.css?or=w; https://r.bing.com/rs/4f/h6/cc,nc/U6HOq0RcF4_oC2_ItiNCBhNzO24.css?or=w; https://r.bing.com/rs/4f/eT/cir3,cc,nc/ZNlEaxLrmuWEflDP-KwkyUROBrA.css?or=w",MEDIUM,2026-08-10T01:27:51.402911+00:00,"""BJs RESTAURANTS INC"" BNPL Affirm Klarna Afterpay Zip Sezzle ""buy now pay later""",,Bing Search,web_search,https://www.bing.com/search?q=%22BJs+RESTAURANTS+INC%22+BNPL+Affirm+Klarna+Afterpay+Zip+Sezzle+%22buy+now+pay+later%22,BJRI
0000884219,,"Pursuit Attractions & Hospitality, Inc.",no_relevant_evidence,No exact CIK or canonical-name match in current BNPL merchant dataset.,HIGH,2026-08-10T01:27:51.402911+00:00,current BNPL merchant dataset exact CIK/canonical-name check,,BNPL merchant and ownership files,internal_dataset,/Users/augustliu/Desktop/Research_On_Merchant_Side_Effect_Of_BNPL/data/merchant_ownership/merchant_ownership_rows.json,PRSU
0000884219,,"Pursuit Attractions & Hospitality, Inc.",no_relevant_evidence,"Search completed; no clear BNPL exposure signal detected in result text. Top links: https://r.bing.com/rs/4f/gg/cc,nc/-G_YKFrphkyl83D0HTgpMefXo7c.css?or=w; https://r.bing.com/rs/4f/h6/cc,nc/U6HOq0RcF4_oC2_ItiNCBhNzO24.css?or=w; https://r.bing.com/rs/4f/f3/cir3,cc,nc/XKkf7PevzOVtzidRm3f9xWob0cM.css?or=w",MEDIUM,2026-08-10T01:27:51.402911+00:00,"""Pursuit Attractions & Hospitality, Inc."" BNPL Affirm Klarna Afterpay Zip Sezzle ""buy now pay later""",,Bing Search,web_search,https://www.bing.com/search?q=%22Pursuit+Attractions+%26+Hospitality%2C+Inc.%22+BNPL+Affirm+Klarna+Afterpay+Zip+Sezzle+%22buy+now+pay+later%22,PRSU
0001581804,,Navigator Holdings Ltd.,no_relevant_evidence,No exact CIK or canonical-name match in current BNPL merchant dataset.,HIGH,2026-08-10T01:27:51.402911+00:00,current BNPL merchant dataset exact CIK/canonical-name check,,BNPL merchant and ownership files,internal_dataset,/Users/augustliu/Desktop/Research_On_Merchant_Side_Effect_Of_BNPL/data/merchant_ownership/merchant_ownership_rows.json,NVGS
0001581804,,Navigator Holdings Ltd.,no_relevant_evidence,"Search completed; no clear BNPL exposure signal detected in result text. Top links: https://r.bing.com/rs/4f/gg/cc,nc/-G_YKFrphkyl83D0HTgpMefXo7c.css?or=w; https://r.bing.com/rs/4f/gM/cc,nc/rWljTRKHPYQiu_szhv9ApXQ-KpI.css?or=w; https://r.bing.com/rs/4f/eT/cir3,cc,nc/ZNlEaxLrmuWEflDP-KwkyUROBrA.css?or=w",MEDIUM,2026-08-10T01:27:51.402911+00:00,"""Navigator Holdings Ltd."" BNPL Affirm Klarna Afterpay Zip Sezzle ""buy now pay later""",,Bing Search,web_search,https://www.bing.com/search?q=%22Navigator+Holdings+Ltd.%22+BNPL+Affirm+Klarna+Afterpay+Zip+Sezzle+%22buy+now+pay+later%22,NVGS
0001062231,,Dauch Corp,no_relevant_evidence,No exact CIK or canonical-name match in current BNPL merchant dataset.,HIGH,2026-08-10T01:27:51.402911+00:00,current BNPL merchant dataset exact CIK/canonical-name check,,BNPL merchant and ownership files,internal_dataset,/Users/augustliu/Desktop/Research_On_Merchant_Side_Effect_Of_BNPL/data/merchant_ownership/merchant_ownership_rows.json,DCH
0001062231,,Dauch Corp,no_relevant_evidence,"Search completed; no clear BNPL exposure signal detected in result text. Top links: https://r.bing.com/rs/4f/gg/cc,nc/-G_YKFrphkyl83D0HTgpMefXo7c.css?or=w; https://r.bing.com/rs/4f/gM/cc,nc/rWljTRKHPYQiu_szhv9ApXQ-KpI.css?or=w; https://r.bing.com/rs/4f/fG/cir3,cc,nc/5gFAL7Id0yWkqqPO1crOKHL1NzM.css?or=w",MEDIUM,2026-08-10T01:27:51.402911+00:00,"""Dauch Corp"" BNPL Affirm Klarna Afterpay Zip Sezzle ""buy now pay later""",,Bing Search,web_search,https://www.bing.com/search?q=%22Dauch+Corp%22+BNPL+Affirm+Klarna+Afterpay+Zip+Sezzle+%22buy+now+pay+later%22,DCH
0000069633,,"NAPCO SECURITY TECHNOLOGIES, INC",no_relevant_evidence,No exact CIK or canonical-name match in current BNPL merchant dataset.,HIGH,2026-08-10T01:27:51.402911+00:00,current BNPL merchant dataset exact CIK/canonical-name check,,BNPL merchant and ownership files,internal_dataset,/Users/augustliu/Desktop/Research_On_Merchant_Side_Effect_Of_BNPL/data/merchant_ownership/merchant_ownership_rows.json,NSSC
0000069633,,"NAPCO SECURITY TECHNOLOGIES, INC",no_relevant_evidence,"Search completed; no clear BNPL exposure signal detected in result text. Top links: https://r.bing.com/rs/4f/gg/cc,nc/-G_YKFrphkyl83D0HTgpMefXo7c.css?or=w; https://r.bing.com/rs/4f/gS/cc,nc/_huiPba-9XiYDf9Vd8j9EoLtXL4.css?or=w; https://r.bing.com/rs/4f/fd/cir3,cc,nc/WTKNvHzqziTEsCD58MJtjs7bzWc.css?or=w",MEDIUM,2026-08-10T01:27:51.402911+00:00,"""NAPCO SECURITY TECHNOLOGIES, INC"" BNPL Affirm Klarna Afterpay Zip Sezzle ""buy now pay later""",,Bing Search,web_search,https://www.bing.com/search?q=%22NAPCO+SECURITY+TECHNOLOGIES%2C+INC%22+BNPL+Affirm+Klarna+Afterpay+Zip+Sezzle+%22buy+now+pay+later%22,NSSC
0002054507,,Hotel101 Global Holdings Corp.,no_relevant_evidence,No exact CIK or canonical-name match in current BNPL merchant dataset.,HIGH,2026-08-10T01:27:51.402911+00:00,current BNPL merchant dataset exact CIK/canonical-name check,,BNPL merchant and ownership files,internal_dataset,/Users/augustliu/Desktop/Research_On_Merchant_Side_Effect_Of_BNPL/data/merchant_ownership/merchant_ownership_rows.json,HBNB
0002054507,,Hotel101 Global Holdings Corp.,no_relevant_evidence,"Search completed; no clear BNPL exposure signal detected in result text. Top links: https://r.bing.com/rs/4f/gg/cc,nc/-G_YKFrphkyl83D0HTgpMefXo7c.css?or=w; https://r.bing.com/rs/4f/gM/cc,nc/rWljTRKHPYQiu_szhv9ApXQ-KpI.css?or=w; https://r.bing.com/rs/4f/fn/cir3,cc,nc/qYkYtW4ptUTHO5TVR_F3o3iRdIs.css?or=w",MEDIUM,2026-08-10T01:27:51.402911+00:00,"""Hotel101 Global Holdings Corp."" BNPL Affirm Klarna Afterpay Zip Sezzle ""buy now pay later""",,Bing Search,web_search,https://www.bing.com/search?q=%22Hotel101+Global+Holdings+Corp.%22+BNPL+Affirm+Klarna+Afterpay+Zip+Sezzle+%22buy+now+pay+later%22,HBNB
0000851310,,HARMONIC INC.,no_relevant_evidence,No exact CIK or canonical-name match in current BNPL merchant dataset.,HIGH,2026-08-10T01:27:51.402911+00:00,current BNPL merchant dataset exact CIK/canonical-name check,,BNPL merchant and ownership files,internal_dataset,/Users/augustliu/Desktop/Research_On_Merchant_Side_Effect_Of_BNPL/data/merchant_ownership/merchant_ownership_rows.json,HLIT
0000851310,,HARMONIC INC.,no_relevant_evidence,"Search completed; no clear BNPL exposure signal detected in result text. Top links: https://r.bing.com/rs/4f/gg/cc,nc/-G_YKFrphkyl83D0HTgpMefXo7c.css?or=w; https://r.bing.com/rs/4f/gS/cc,nc/_huiPba-9XiYDf9Vd8j9EoLtXL4.css?or=w; https://r.bing.com/rs/4f/fG/cir3,cc,nc/5gFAL7Id0yWkqqPO1crOKHL1NzM.css?or=w",MEDIUM,2026-08-10T01:27:51.402911+00:00,"""HARMONIC INC."" BNPL Affirm Klarna Afterpay Zip Sezzle ""buy now pay later""",,Bing Search,web_search,https://www.bing.com/search?q=%22HARMONIC+INC.%22+BNPL+Affirm+Klarna+Afterpay+Zip+Sezzle+%22buy+now+pay+later%22,HLIT
0001067294,,"CRACKER BARREL OLD COUNTRY STORE, INC",no_relevant_evidence,No exact CIK or canonical-name match in current BNPL merchant dataset.,HIGH,2026-08-10T01:27:51.402911+00:00,current BNPL merchant dataset exact CIK/canonical-name check,,BNPL merchant and ownership files,internal_dataset,/Users/augustliu/Desktop/Research_On_Merchant_Side_Effect_Of_BNPL/data/merchant_ownership/merchant_ownership_rows.json,CBRL
0001067294,,"CRACKER BARREL OLD COUNTRY STORE, INC",no_relevant_evidence,"Search completed; no clear BNPL exposure signal detected in result text. Top links: https://r.bing.com/rs/4f/gg/cc,nc/-G_YKFrphkyl83D0HTgpMefXo7c.css?or=w; https://r.bing.com/rs/4f/gM/cc,nc/rWljTRKHPYQiu_szhv9ApXQ-KpI.css?or=w; https://r.bing.com/rs/4f/eJ/cir3,cc,nc/-ooVmxB9OlPzBcewmec-cfwYTQs.css?or=w",MEDIUM,2026-08-10T01:27:51.402911+00:00,"""CRACKER BARREL OLD COUNTRY STORE, INC"" BNPL Affirm Klarna Afterpay Zip Sezzle ""buy now pay later""",,Bing Search,web_search,https://www.bing.com/search?q=%22CRACKER+BARREL+OLD+COUNTRY+STORE%2C+INC%22+BNPL+Affirm+Klarna+Afterpay+Zip+Sezzle+%22buy+now+pay+later%22,CBRL
0001096752,,EDGEWELL PERSONAL CARE Co,no_relevant_evidence,No exact CIK or canonical-name match in current BNPL merchant dataset.,HIGH,2026-08-10T01:27:51.402911+00:00,current BNPL merchant dataset exact CIK/canonical-name check,,BNPL merchant and ownership files,internal_dataset,/Users/augustliu/Desktop/Research_On_Merchant_Side_Effect_Of_BNPL/data/merchant_ownership/merchant_ownership_rows.json,EPC
0001096752,,EDGEWELL PERSONAL CARE Co,no_relevant_evidence,"Search completed; no clear BNPL exposure signal detected in result text. Top links: https://r.bing.com/rs/4f/gg/cc,nc/-G_YKFrphkyl83D0HTgpMefXo7c.css?or=w; https://r.bing.com/rs/4f/gM/cc,nc/rWljTRKHPYQiu_szhv9ApXQ-KpI.css?or=w; https://r.bing.com/rs/4f/fG/cir3,cc,nc/5gFAL7Id0yWkqqPO1crOKHL1NzM.css?or=w",MEDIUM,2026-08-10T01:27:51.402911+00:00,"""EDGEWELL PERSONAL CARE Co"" BNPL Affirm Klarna Afterpay Zip Sezzle ""buy now pay later""",,Bing Search,web_search,https://www.bing.com/search?q=%22EDGEWELL+PERSONAL+CARE+Co%22+BNPL+Affirm+Klarna+Afterpay+Zip+Sezzle+%22buy+now+pay+later%22,EPC
0001722608,,"iQIYI, Inc.",no_relevant_evidence,No exact CIK or canonical-name match in current BNPL merchant dataset.,HIGH,2026-08-10T01:27:51.402911+00:00,current BNPL merchant dataset exact CIK/canonical-name check,,BNPL merchant and ownership files,internal_dataset,/Users/augustliu/Desktop/Research_On_Merchant_Side_Effect_Of_BNPL/data/merchant_ownership/merchant_ownership_rows.json,IQ
0001722608,,"iQIYI, Inc.",no_relevant_evidence,"Search completed; no clear BNPL exposure signal detected in result text. Top links: https://r.bing.com/rs/4f/gg/cc,nc/-G_YKFrphkyl83D0HTgpMefXo7c.css?or=w; https://r.bing.com/rs/4f/gM/cc,nc/rWljTRKHPYQiu_szhv9ApXQ-KpI.css?or=w; https://r.bing.com/rs/4f/fG/cir3,cc,nc/5gFAL7Id0yWkqqPO1crOKHL1NzM.css?or=w",MEDIUM,2026-08-10T01:27:51.402911+00:00,"""iQIYI, Inc."" BNPL Affirm Klarna Afterpay Zip Sezzle ""buy now pay later""",,Bing Search,web_search,https://www.bing.com/search?q=%22iQIYI%2C+Inc.%22+BNPL+Affirm+Klarna+Afterpay+Zip+Sezzle+%22buy+now+pay+later%22,IQ
0000903129,,Gentherm Inc,no_relevant_evidence,No exact CIK or canonical-name match in current BNPL merchant dataset.,HIGH,2026-08-10T01:27:51.402911+00:00,current BNPL merchant dataset exact CIK/canonical-name check,,BNPL merchant and ownership files,internal_dataset,/Users/augustliu/Desktop/Research_On_Merchant_Side_Effect_Of_BNPL/data/merchant_ownership/merchant_ownership_rows.json,THRM
0000903129,,Gentherm Inc,no_relevant_evidence,"Search completed; no clear BNPL exposure signal detected in result text. Top links: https://r.bing.com/rs/4f/gg/cc,nc/-G_YKFrphkyl83D0HTgpMefXo7c.css?or=w; https://r.bing.com/rs/4f/h6/cc,nc/U6HOq0RcF4_oC2_ItiNCBhNzO24.css?or=w; https://r.bing.com/rs/4f/fn/cir3,cc,nc/qYkYtW4ptUTHO5TVR_F3o3iRdIs.css?or=w",MEDIUM,2026-08-10T01:27:51.402911+00:00,"""Gentherm Inc"" BNPL Affirm Klarna Afterpay Zip Sezzle ""buy now pay later""",,Bing Search,web_search,https://www.bing.com/search?q=%22Gentherm+Inc%22+BNPL+Affirm+Klarna+Afterpay+Zip+Sezzle+%22buy+now+pay+later%22,THRM
0001726173,,Biglari Holdings Inc.,no_relevant_evidence,No exact CIK or canonical-name match in current BNPL merchant dataset.,HIGH,2026-08-10T01:27:51.402911+00:00,current BNPL merchant dataset exact CIK/canonical-name check,,BNPL merchant and ownership files,internal_dataset,/Users/augustliu/Desktop/Research_On_Merchant_Side_Effect_Of_BNPL/data/merchant_ownership/merchant_ownership_rows.json,BH-A
0001726173,,Biglari Holdings Inc.,no_relevant_evidence,"Search completed; no clear BNPL exposure signal detected in result text. Top links: https://r.bing.com/rs/4f/gg/cc,nc/-G_YKFrphkyl83D0HTgpMefXo7c.css?or=w; https://r.bing.com/rs/4f/h6/cc,nc/U6HOq0RcF4_oC2_ItiNCBhNzO24.css?or=w; https://r.bing.com/rs/4f/ez/cir3,cc,nc/ITQ79_h8jq-eoIeRkdWbxDW7IbQ.css?or=w",MEDIUM,2026-08-10T01:27:51.402911+00:00,"""Biglari Holdings Inc."" BNPL Affirm Klarna Afterpay Zip Sezzle ""buy now pay later""",,Bing Search,web_search,https://www.bing.com/search?q=%22Biglari+Holdings+Inc.%22+BNPL+Affirm+Klarna+Afterpay+Zip+Sezzle+%22buy+now+pay+later%22,BH-A
0001789029,,"Aeva Technologies, Inc.",no_relevant_evidence,No exact CIK or canonical-name match in current BNPL merchant dataset.,HIGH,2026-08-10T01:27:51.402911+00:00,current BNPL merchant dataset exact CIK/canonical-name check,,BNPL merchant and ownership files,internal_dataset,/Users/augustliu/Desktop/Research_On_Merchant_Side_Effect_Of_BNPL/data/merchant_ownership/merchant_ownership_rows.json,AEVA
0001789029,,"Aeva Technologies, Inc.",no_relevant_evidence,"Search completed; no clear BNPL exposure signal detected in result text. Top links: https://r.bing.com/rs/4f/gg/cc,nc/-G_YKFrphkyl83D0HTgpMefXo7c.css?or=w; https://r.bing.com/rs/4f/h6/cc,nc/U6HOq0RcF4_oC2_ItiNCBhNzO24.css?or=w; https://r.bing.com/rs/4f/fG/cir3,cc,nc/5gFAL7Id0yWkqqPO1crOKHL1NzM.css?or=w",MEDIUM,2026-08-10T01:27:51.402911+00:00,"""Aeva Technologies, Inc."" BNPL Affirm Klarna Afterpay Zip Sezzle ""buy now pay later""",,Bing Search,web_search,https://www.bing.com/search?q=%22Aeva+Technologies%2C+Inc.%22+BNPL+Affirm+Klarna+Afterpay+Zip+Sezzle+%22buy+now+pay+later%22,AEVA
0000070866,,NCR Voyix Corp,no_relevant_evidence,No exact CIK or canonical-name match in current BNPL merchant dataset.,HIGH,2026-08-10T01:27:51.402911+00:00,current BNPL merchant dataset exact CIK/canonical-name check,,BNPL merchant and ownership files,internal_dataset,/Users/augustliu/Desktop/Research_On_Merchant_Side_Effect_Of_BNPL/data/merchant_ownership/merchant_ownership_rows.json,VYX
0000070866,,NCR Voyix Corp,no_relevant_evidence,"Search completed; no clear BNPL exposure signal detected in result text. Top links: https://r.bing.com/rs/4f/gg/cc,nc/-G_YKFrphkyl83D0HTgpMefXo7c.css?or=w; https://r.bing.com/rs/4f/gM/cc,nc/rWljTRKHPYQiu_szhv9ApXQ-KpI.css?or=w; https://r.bing.com/rs/4f/eT/cir3,cc,nc/ZNlEaxLrmuWEflDP-KwkyUROBrA.css?or=w",MEDIUM,2026-08-10T01:27:51.402911+00:00,"""NCR Voyix Corp"" BNPL Affirm Klarna Afterpay Zip Sezzle ""buy now pay later""",,Bing Search,web_search,https://www.bing.com/search?q=%22NCR+Voyix+Corp%22+BNPL+Affirm+Klarna+Afterpay+Zip+Sezzle+%22buy+now+pay+later%22,VYX
0001743759,,"Corsair Gaming, Inc.",no_relevant_evidence,No exact CIK or canonical-name match in current BNPL merchant dataset.,HIGH,2026-08-10T01:27:51.402911+00:00,current BNPL merchant dataset exact CIK/canonical-name check,,BNPL merchant and ownership files,internal_dataset,/Users/augustliu/Desktop/Research_On_Merchant_Side_Effect_Of_BNPL/data/merchant_ownership/merchant_ownership_rows.json,CRSR
0001743759,,"Corsair Gaming, Inc.",no_relevant_evidence,"Search completed; no clear BNPL exposure signal detected in result text. Top links: https://r.bing.com/rs/4f/gg/cc,nc/-G_YKFrphkyl83D0HTgpMefXo7c.css?or=w; https://r.bing.com/rs/4f/h6/cc,nc/U6HOq0RcF4_oC2_ItiNCBhNzO24.css?or=w; https://r.bing.com/rs/4f/fG/cir3,cc,nc/5gFAL7Id0yWkqqPO1crOKHL1NzM.css?or=w",MEDIUM,2026-08-10T01:27:51.402911+00:00,"""Corsair Gaming, Inc."" BNPL Affirm Klarna Afterpay Zip Sezzle ""buy now pay later""",,Bing Search,web_search,https://www.bing.com/search?q=%22Corsair+Gaming%2C+Inc.%22+BNPL+Affirm+Klarna+Afterpay+Zip+Sezzle+%22buy+now+pay+later%22,CRSR
0001326200,,GENCO SHIPPING & TRADING LTD,no_relevant_evidence,No exact CIK or canonical-name match in current BNPL merchant dataset.,HIGH,2026-08-10T01:27:51.402911+00:00,current BNPL merchant dataset exact CIK/canonical-name check,,BNPL merchant and ownership files,internal_dataset,/Users/augustliu/Desktop/Research_On_Merchant_Side_Effect_Of_BNPL/data/merchant_ownership/merchant_ownership_rows.json,GNK
0001326200,,GENCO SHIPPING & TRADING LTD,no_relevant_evidence,"Search completed; no clear BNPL exposure signal detected in result text. Top links: https://r.bing.com/rs/4f/gg/cc,nc/-G_YKFrphkyl83D0HTgpMefXo7c.css?or=w; https://r.bing.com/rs/4f/gM/cc,nc/rWljTRKHPYQiu_szhv9ApXQ-KpI.css?or=w; https://r.bing.com/rs/4f/ez/cir3,cc,nc/ITQ79_h8jq-eoIeRkdWbxDW7IbQ.css?or=w",MEDIUM,2026-08-10T01:27:51.402911+00:00,"""GENCO SHIPPING & TRADING LTD"" BNPL Affirm Klarna Afterpay Zip Sezzle ""buy now pay later""",,Bing Search,web_search,https://www.bing.com/search?q=%22GENCO+SHIPPING+%26+TRADING+LTD%22+BNPL+Affirm+Klarna+Afterpay+Zip+Sezzle+%22buy+now+pay+later%22,GNK
0001831907,,LuxExperience B.V.,no_relevant_evidence,No exact CIK or canonical-name match in current BNPL merchant dataset.,HIGH,2026-08-10T01:27:51.402911+00:00,current BNPL merchant dataset exact CIK/canonical-name check,,BNPL merchant and ownership files,internal_dataset,/Users/augustliu/Desktop/Research_On_Merchant_Side_Effect_Of_BNPL/data/merchant_ownership/merchant_ownership_rows.json,LUXE
0001831907,,LuxExperience B.V.,no_relevant_evidence,"Search completed; no clear BNPL exposure signal detected in result text. Top links: https://r.bing.com/rs/4f/gg/cc,nc/-G_YKFrphkyl83D0HTgpMefXo7c.css?or=w; https://r.bing.com/rs/4f/h6/cc,nc/U6HOq0RcF4_oC2_ItiNCBhNzO24.css?or=w; https://r.bing.com/rs/4f/fG/cir3,cc,nc/5gFAL7Id0yWkqqPO1crOKHL1NzM.css?or=w",MEDIUM,2026-08-10T01:27:51.402911+00:00,"""LuxExperience B.V."" BNPL Affirm Klarna Afterpay Zip Sezzle ""buy now pay later""",,Bing Search,web_search,https://www.bing.com/search?q=%22LuxExperience+B.V.%22+BNPL+Affirm+Klarna+Afterpay+Zip+Sezzle+%22buy+now+pay+later%22,LUXE
0001941365,,"MasterBrand, Inc.",no_relevant_evidence,No exact CIK or canonical-name match in current BNPL merchant dataset.,HIGH,2026-08-10T01:27:51.402911+00:00,current BNPL merchant dataset exact CIK/canonical-name check,,BNPL merchant and ownership files,internal_dataset,/Users/augustliu/Desktop/Research_On_Merchant_Side_Effect_Of_BNPL/data/merchant_ownership/merchant_ownership_rows.json,MBC
0001941365,,"MasterBrand, Inc.",no_relevant_evidence,"Search completed; no clear BNPL exposure signal detected in result text. Top links: https://r.bing.com/rs/4f/gg/cc,nc/-G_YKFrphkyl83D0HTgpMefXo7c.css?or=w; https://r.bing.com/rs/4f/gS/cc,nc/_huiPba-9XiYDf9Vd8j9EoLtXL4.css?or=w; https://r.bing.com/rs/4f/eJ/cir3,cc,nc/-ooVmxB9OlPzBcewmec-cfwYTQs.css?or=w",MEDIUM,2026-08-10T01:27:51.402911+00:00,"""MasterBrand, Inc."" BNPL Affirm Klarna Afterpay Zip Sezzle ""buy now pay later""",,Bing Search,web_search,https://www.bing.com/search?q=%22MasterBrand%2C+Inc.%22+BNPL+Affirm+Klarna+Afterpay+Zip+Sezzle+%22buy+now+pay+later%22,MBC
0001850235,,D-MARKET Electronic Services & Trading,no_relevant_evidence,No exact CIK or canonical-name match in current BNPL merchant dataset.,HIGH,2026-08-10T01:27:51.402911+00:00,current BNPL merchant dataset exact CIK/canonical-name check,,BNPL merchant and ownership files,internal_dataset,/Users/augustliu/Desktop/Research_On_Merchant_Side_Effect_Of_BNPL/data/merchant_ownership/merchant_ownership_rows.json,HEPS
0001850235,,D-MARKET Electronic Services & Trading,no_relevant_evidence,"Search completed; no clear BNPL exposure signal detected in result text. Top links: https://r.bing.com/rs/4f/gg/cc,nc/-G_YKFrphkyl83D0HTgpMefXo7c.css?or=w; https://r.bing.com/rs/4f/h6/cc,nc/U6HOq0RcF4_oC2_ItiNCBhNzO24.css?or=w; https://r.bing.com/rs/4f/fG/cir3,cc,nc/5gFAL7Id0yWkqqPO1crOKHL1NzM.css?or=w",MEDIUM,2026-08-10T01:27:51.402911+00:00,"""D-MARKET Electronic Services & Trading"" BNPL Affirm Klarna Afterpay Zip Sezzle ""buy now pay later""",,Bing Search,web_search,https://www.bing.com/search?q=%22D-MARKET+Electronic+Services+%26+Trading%22+BNPL+Affirm+Klarna+Afterpay+Zip+Sezzle+%22buy+now+pay+later%22,HEPS
0001956955,,"Unusual Machines, Inc.",no_relevant_evidence,No exact CIK or canonical-name match in current BNPL merchant dataset.,HIGH,2026-08-10T01:27:51.402911+00:00,current BNPL merchant dataset exact CIK/canonical-name check,,BNPL merchant and ownership files,internal_dataset,/Users/augustliu/Desktop/Research_On_Merchant_Side_Effect_Of_BNPL/data/merchant_ownership/merchant_ownership_rows.json,UMAC
0001956955,,"Unusual Machines, Inc.",no_relevant_evidence,"Search completed; no clear BNPL exposure signal detected in result text. Top links: https://r.bing.com/rs/4f/gg/cc,nc/-G_YKFrphkyl83D0HTgpMefXo7c.css?or=w; https://r.bing.com/rs/4f/gM/cc,nc/rWljTRKHPYQiu_szhv9ApXQ-KpI.css?or=w; https://r.bing.com/rs/4f/eT/cir3,cc,nc/ZNlEaxLrmuWEflDP-KwkyUROBrA.css?or=w",MEDIUM,2026-08-10T01:27:51.402911+00:00,"""Unusual Machines, Inc."" BNPL Affirm Klarna Afterpay Zip Sezzle ""buy now pay later""",,Bing Search,web_search,https://www.bing.com/search?q=%22Unusual+Machines%2C+Inc.%22+BNPL+Affirm+Klarna+Afterpay+Zip+Sezzle+%22buy+now+pay+later%22,UMAC
0000911971,,TEEKAY CORP LTD,no_relevant_evidence,No exact CIK or canonical-name match in current BNPL merchant dataset.,HIGH,2026-08-10T01:27:51.402911+00:00,current BNPL merchant dataset exact CIK/canonical-name check,,BNPL merchant and ownership files,internal_dataset,/Users/augustliu/Desktop/Research_On_Merchant_Side_Effect_Of_BNPL/data/merchant_ownership/merchant_ownership_rows.json,TK
0000911971,,TEEKAY CORP LTD,no_relevant_evidence,"Search completed; no clear BNPL exposure signal detected in result text. Top links: https://r.bing.com/rs/4f/gg/cc,nc/-G_YKFrphkyl83D0HTgpMefXo7c.css?or=w; https://r.bing.com/rs/4f/gS/cc,nc/_huiPba-9XiYDf9Vd8j9EoLtXL4.css?or=w; https://r.bing.com/rs/4f/eJ/cir3,cc,nc/-ooVmxB9OlPzBcewmec-cfwYTQs.css?or=w",MEDIUM,2026-08-10T01:27:51.402911+00:00,"""TEEKAY CORP LTD"" BNPL Affirm Klarna Afterpay Zip Sezzle ""buy now pay later""",,Bing Search,web_search,https://www.bing.com/search?q=%22TEEKAY+CORP+LTD%22+BNPL+Affirm+Klarna+Afterpay+Zip+Sezzle+%22buy+now+pay+later%22,TK
0001805385,,"Evolv Technologies Holdings, Inc.",no_relevant_evidence,No exact CIK or canonical-name match in current BNPL merchant dataset.,HIGH,2026-08-10T01:27:51.402911+00:00,current BNPL merchant dataset exact CIK/canonical-name check,,BNPL merchant and ownership files,internal_dataset,/Users/augustliu/Desktop/Research_On_Merchant_Side_Effect_Of_BNPL/data/merchant_ownership/merchant_ownership_rows.json,EVLV
0001805385,,"Evolv Technologies Holdings, Inc.",no_relevant_evidence,"Search completed; no clear BNPL exposure signal detected in result text. Top links: https://r.bing.com/rs/4f/gg/cc,nc/-G_YKFrphkyl83D0HTgpMefXo7c.css?or=w; https://r.bing.com/rs/4f/h6/cc,nc/U6HOq0RcF4_oC2_ItiNCBhNzO24.css?or=w; https://r.bing.com/rs/4f/f3/cir3,cc,nc/XKkf7PevzOVtzidRm3f9xWob0cM.css?or=w",MEDIUM,2026-08-10T01:27:51.402911+00:00,"""Evolv Technologies Holdings, Inc."" BNPL Affirm Klarna Afterpay Zip Sezzle ""buy now pay later""",,Bing Search,web_search,https://www.bing.com/search?q=%22Evolv+Technologies+Holdings%2C+Inc.%22+BNPL+Affirm+Klarna+Afterpay+Zip+Sezzle+%22buy+now+pay+later%22,EVLV
0000901491,,PAPA JOHNS INTERNATIONAL INC,no_relevant_evidence,No exact CIK or canonical-name match in current BNPL merchant dataset.,HIGH,2026-08-10T01:27:51.402911+00:00,current BNPL merchant dataset exact CIK/canonical-name check,,BNPL merchant and ownership files,internal_dataset,/Users/augustliu/Desktop/Research_On_Merchant_Side_Effect_Of_BNPL/data/merchant_ownership/merchant_ownership_rows.json,PZZA
0000901491,,PAPA JOHNS INTERNATIONAL INC,no_relevant_evidence,"Search completed; no clear BNPL exposure signal detected in result text. Top links: https://r.bing.com/rs/4f/gg/cc,nc/-G_YKFrphkyl83D0HTgpMefXo7c.css?or=w; https://r.bing.com/rs/4f/gS/cc,nc/_huiPba-9XiYDf9Vd8j9EoLtXL4.css?or=w; https://r.bing.com/rs/4f/eT/cir3,cc,nc/ZNlEaxLrmuWEflDP-KwkyUROBrA.css?or=w",MEDIUM,2026-08-10T01:27:51.402911+00:00,"""PAPA JOHNS INTERNATIONAL INC"" BNPL Affirm Klarna Afterpay Zip Sezzle ""buy now pay later""",,Bing Search,web_search,https://www.bing.com/search?q=%22PAPA+JOHNS+INTERNATIONAL+INC%22+BNPL+Affirm+Klarna+Afterpay+Zip+Sezzle+%22buy+now+pay+later%22,PZZA
0001698991,,"Accel Entertainment, Inc.",no_relevant_evidence,No exact CIK or canonical-name match in current BNPL merchant dataset.,HIGH,2026-08-10T01:27:51.402911+00:00,current BNPL merchant dataset exact CIK/canonical-name check,,BNPL merchant and ownership files,internal_dataset,/Users/augustliu/Desktop/Research_On_Merchant_Side_Effect_Of_BNPL/data/merchant_ownership/merchant_ownership_rows.json,ACEL
0001698991,,"Accel Entertainment, Inc.",no_relevant_evidence,"Search completed; no clear BNPL exposure signal detected in result text. Top links: https://r.bing.com/rs/4f/gg/cc,nc/-G_YKFrphkyl83D0HTgpMefXo7c.css?or=w; https://r.bing.com/rs/4f/h6/cc,nc/U6HOq0RcF4_oC2_ItiNCBhNzO24.css?or=w; https://r.bing.com/rs/4f/fG/cir3,cc,nc/5gFAL7Id0yWkqqPO1crOKHL1NzM.css?or=w",MEDIUM,2026-08-10T01:27:51.402911+00:00,"""Accel Entertainment, Inc."" BNPL Affirm Klarna Afterpay Zip Sezzle ""buy now pay later""",,Bing Search,web_search,https://www.bing.com/search?q=%22Accel+Entertainment%2C+Inc.%22+BNPL+Affirm+Klarna+Afterpay+Zip+Sezzle+%22buy+now+pay+later%22,ACEL
0000810332,,REPUBLIC AIRWAYS HOLDINGS INC.,no_relevant_evidence,No exact CIK or canonical-name match in current BNPL merchant dataset.,HIGH,2026-08-10T01:27:51.402911+00:00,current BNPL merchant dataset exact CIK/canonical-name check,,BNPL merchant and ownership files,internal_dataset,/Users/augustliu/Desktop/Research_On_Merchant_Side_Effect_Of_BNPL/data/merchant_ownership/merchant_ownership_rows.json,RJET
0000810332,,REPUBLIC AIRWAYS HOLDINGS INC.,no_relevant_evidence,"Search completed; no clear BNPL exposure signal detected in result text. Top links: https://r.bing.com/rs/4f/gg/cc,nc/-G_YKFrphkyl83D0HTgpMefXo7c.css?or=w; https://r.bing.com/rs/4f/h6/cc,nc/U6HOq0RcF4_oC2_ItiNCBhNzO24.css?or=w; https://r.bing.com/rs/4f/fd/cir3,cc,nc/WTKNvHzqziTEsCD58MJtjs7bzWc.css?or=w",MEDIUM,2026-08-10T01:27:51.402911+00:00,"""REPUBLIC AIRWAYS HOLDINGS INC."" BNPL Affirm Klarna Afterpay Zip Sezzle ""buy now pay later""",,Bing Search,web_search,https://www.bing.com/search?q=%22REPUBLIC+AIRWAYS+HOLDINGS+INC.%22+BNPL+Affirm+Klarna+Afterpay+Zip+Sezzle+%22buy+now+pay+later%22,RJET
0001753539,,BlackSky Technology Inc.,no_relevant_evidence,No exact CIK or canonical-name match in current BNPL merchant dataset.,HIGH,2026-08-10T01:27:51.402911+00:00,current BNPL merchant dataset exact CIK/canonical-name check,,BNPL merchant and ownership files,internal_dataset,/Users/augustliu/Desktop/Research_On_Merchant_Side_Effect_Of_BNPL/data/merchant_ownership/merchant_ownership_rows.json,BKSY
0001753539,,BlackSky Technology Inc.,no_relevant_evidence,"Search completed; no clear BNPL exposure signal detected in result text. Top links: https://r.bing.com/rs/4f/gg/cc,nc/-G_YKFrphkyl83D0HTgpMefXo7c.css?or=w; https://r.bing.com/rs/4f/h6/cc,nc/U6HOq0RcF4_oC2_ItiNCBhNzO24.css?or=w; https://r.bing.com/rs/4f/fG/cir3,cc,nc/5gFAL7Id0yWkqqPO1crOKHL1NzM.css?or=w",MEDIUM,2026-08-10T01:27:51.402911+00:00,"""BlackSky Technology Inc."" BNPL Affirm Klarna Afterpay Zip Sezzle ""buy now pay later""",,Bing Search,web_search,https://www.bing.com/search?q=%22BlackSky+Technology+Inc.%22+BNPL+Affirm+Klarna+Afterpay+Zip+Sezzle+%22buy+now+pay+later%22,BKSY
0001840572,,Lucky Strike Entertainment Corp,no_relevant_evidence,No exact CIK or canonical-name match in current BNPL merchant dataset.,HIGH,2026-08-10T01:27:51.402911+00:00,current BNPL merchant dataset exact CIK/canonical-name check,,BNPL merchant and ownership files,internal_dataset,/Users/augustliu/Desktop/Research_On_Merchant_Side_Effect_Of_BNPL/data/merchant_ownership/merchant_ownership_rows.json,LUCK
0001840572,,Lucky Strike Entertainment Corp,no_relevant_evidence,"Search completed; no clear BNPL exposure signal detected in result text. Top links: https://r.bing.com/rs/4f/gg/cc,nc/-G_YKFrphkyl83D0HTgpMefXo7c.css?or=w; https://r.bing.com/rs/4f/gS/cc,nc/_huiPba-9XiYDf9Vd8j9EoLtXL4.css?or=w; https://r.bing.com/rs/4f/eJ/cir3,cc,nc/-ooVmxB9OlPzBcewmec-cfwYTQs.css?or=w",MEDIUM,2026-08-10T01:27:51.402911+00:00,"""Lucky Strike Entertainment Corp"" BNPL Affirm Klarna Afterpay Zip Sezzle ""buy now pay later""",,Bing Search,web_search,https://www.bing.com/search?q=%22Lucky+Strike+Entertainment+Corp%22+BNPL+Affirm+Klarna+Afterpay+Zip+Sezzle+%22buy+now+pay+later%22,LUCK
0001520504,,"Controladora Vuela Compania de Aviacion, S.A.B. de C.V.",no_relevant_evidence,No exact CIK or canonical-name match in current BNPL merchant dataset.,HIGH,2026-08-10T01:27:51.402911+00:00,current BNPL merchant dataset exact CIK/canonical-name check,,BNPL merchant and ownership files,internal_dataset,/Users/augustliu/Desktop/Research_On_Merchant_Side_Effect_Of_BNPL/data/merchant_ownership/merchant_ownership_rows.json,VLRS
0001520504,,"Controladora Vuela Compania de Aviacion, S.A.B. de C.V.",no_relevant_evidence,"Search completed; no clear BNPL exposure signal detected in result text. Top links: https://r.bing.com/rs/4f/gg/cc,nc/-G_YKFrphkyl83D0HTgpMefXo7c.css?or=w; https://r.bing.com/rs/4f/gM/cc,nc/rWljTRKHPYQiu_szhv9ApXQ-KpI.css?or=w; https://r.bing.com/rs/4f/fG/cir3,cc,nc/5gFAL7Id0yWkqqPO1crOKHL1NzM.css?or=w",MEDIUM,2026-08-10T01:27:51.402911+00:00,"""Controladora Vuela Compania de Aviacion, S.A.B. de C.V."" BNPL Affirm Klarna Afterpay Zip Sezzle ""buy now pay later""",,Bing Search,web_search,https://www.bing.com/search?q=%22Controladora+Vuela+Compania+de+Aviacion%2C+S.A.B.+de+C.V.%22+BNPL+Affirm+Klarna+Afterpay+Zip+Sezzle+%22buy+now+pay+later%22,VLRS
0000062234,,MARCUS CORP,no_relevant_evidence,No exact CIK or canonical-name match in current BNPL merchant dataset.,HIGH,2026-08-10T01:27:51.402911+00:00,current BNPL merchant dataset exact CIK/canonical-name check,,BNPL merchant and ownership files,internal_dataset,/Users/augustliu/Desktop/Research_On_Merchant_Side_Effect_Of_BNPL/data/merchant_ownership/merchant_ownership_rows.json,MCS
0000062234,,MARCUS CORP,no_relevant_evidence,"Search completed; no clear BNPL exposure signal detected in result text. Top links: https://r.bing.com/rs/4f/gg/cc,nc/-G_YKFrphkyl83D0HTgpMefXo7c.css?or=w; https://r.bing.com/rs/4f/gM/cc,nc/rWljTRKHPYQiu_szhv9ApXQ-KpI.css?or=w; https://r.bing.com/rs/4f/eJ/cir3,cc,nc/-ooVmxB9OlPzBcewmec-cfwYTQs.css?or=w",MEDIUM,2026-08-10T01:27:51.402911+00:00,"""MARCUS CORP"" BNPL Affirm Klarna Afterpay Zip Sezzle ""buy now pay later""",,Bing Search,web_search,https://www.bing.com/search?q=%22MARCUS+CORP%22+BNPL+Affirm+Klarna+Afterpay+Zip+Sezzle+%22buy+now+pay+later%22,MCS
0001789940,,"First Watch Restaurant Group, Inc.",no_relevant_evidence,No exact CIK or canonical-name match in current BNPL merchant dataset.,HIGH,2026-08-10T01:27:51.402911+00:00,current BNPL merchant dataset exact CIK/canonical-name check,,BNPL merchant and ownership files,internal_dataset,/Users/augustliu/Desktop/Research_On_Merchant_Side_Effect_Of_BNPL/data/merchant_ownership/merchant_ownership_rows.json,FWRG
0001789940,,"First Watch Restaurant Group, Inc.",no_relevant_evidence,"Search completed; no clear BNPL exposure signal detected in result text. Top links: https://r.bing.com/rs/4f/gg/cc,nc/-G_YKFrphkyl83D0HTgpMefXo7c.css?or=w; https://r.bing.com/rs/4f/gM/cc,nc/rWljTRKHPYQiu_szhv9ApXQ-KpI.css?or=w; https://r.bing.com/rs/4f/eT/cir3,cc,nc/ZNlEaxLrmuWEflDP-KwkyUROBrA.css?or=w",MEDIUM,2026-08-10T01:27:51.402911+00:00,"""First Watch Restaurant Group, Inc."" BNPL Affirm Klarna Afterpay Zip Sezzle ""buy now pay later""",,Bing Search,web_search,https://www.bing.com/search?q=%22First+Watch+Restaurant+Group%2C+Inc.%22+BNPL+Affirm+Klarna+Afterpay+Zip+Sezzle+%22buy+now+pay+later%22,FWRG
0001826470,,"Petco Health & Wellness Company, Inc.",no_relevant_evidence,No exact CIK or canonical-name match in current BNPL merchant dataset.,HIGH,2026-08-10T01:27:51.402911+00:00,current BNPL merchant dataset exact CIK/canonical-name check,,BNPL merchant and ownership files,internal_dataset,/Users/augustliu/Desktop/Research_On_Merchant_Side_Effect_Of_BNPL/data/merchant_ownership/merchant_ownership_rows.json,WOOF
0001826470,,"Petco Health & Wellness Company, Inc.",no_relevant_evidence,"Search completed; no clear BNPL exposure signal detected in result text. Top links: https://r.bing.com/rs/4f/gg/cc,nc/-G_YKFrphkyl83D0HTgpMefXo7c.css?or=w; https://r.bing.com/rs/4f/gM/cc,nc/rWljTRKHPYQiu_szhv9ApXQ-KpI.css?or=w; https://r.bing.com/rs/4f/fG/cir3,cc,nc/5gFAL7Id0yWkqqPO1crOKHL1NzM.css?or=w",MEDIUM,2026-08-10T01:27:51.402911+00:00,"""Petco Health & Wellness Company, Inc."" BNPL Affirm Klarna Afterpay Zip Sezzle ""buy now pay later""",,Bing Search,web_search,https://www.bing.com/search?q=%22Petco+Health+%26+Wellness+Company%2C+Inc.%22+BNPL+Affirm+Klarna+Afterpay+Zip+Sezzle+%22buy+now+pay+later%22,WOOF
0001434754,,"SAFE BULKERS, INC.",no_relevant_evidence,No exact CIK or canonical-name match in current BNPL merchant dataset.,HIGH,2026-08-10T01:27:51.402911+00:00,current BNPL merchant dataset exact CIK/canonical-name check,,BNPL merchant and ownership files,internal_dataset,/Users/augustliu/Desktop/Research_On_Merchant_Side_Effect_Of_BNPL/data/merchant_ownership/merchant_ownership_rows.json,SB
0001434754,,"SAFE BULKERS, INC.",no_relevant_evidence,"Search completed; no clear BNPL exposure signal detected in result text. Top links: https://r.bing.com/rs/4f/gg/cc,nc/-G_YKFrphkyl83D0HTgpMefXo7c.css?or=w; https://r.bing.com/rs/4f/h6/cc,nc/U6HOq0RcF4_oC2_ItiNCBhNzO24.css?or=w; https://r.bing.com/rs/4f/fG/cir3,cc,nc/5gFAL7Id0yWkqqPO1crOKHL1NzM.css?or=w",MEDIUM,2026-08-10T01:27:51.402911+00:00,"""SAFE BULKERS, INC."" BNPL Affirm Klarna Afterpay Zip Sezzle ""buy now pay later""",,Bing Search,web_search,https://www.bing.com/search?q=%22SAFE+BULKERS%2C+INC.%22+BNPL+Affirm+Klarna+Afterpay+Zip+Sezzle+%22buy+now+pay+later%22,SB
0001682745,,VERRA MOBILITY Corp,no_relevant_evidence,No exact CIK or canonical-name match in current BNPL merchant dataset.,HIGH,2026-08-10T01:27:51.402911+00:00,current BNPL merchant dataset exact CIK/canonical-name check,,BNPL merchant and ownership files,internal_dataset,/Users/augustliu/Desktop/Research_On_Merchant_Side_Effect_Of_BNPL/data/merchant_ownership/merchant_ownership_rows.json,VRRM
0001682745,,VERRA MOBILITY Corp,no_relevant_evidence,"Search completed; no clear BNPL exposure signal detected in result text. Top links: https://r.bing.com/rs/4f/gg/cc,nc/-G_YKFrphkyl83D0HTgpMefXo7c.css?or=w; https://r.bing.com/rs/4f/gS/cc,nc/_huiPba-9XiYDf9Vd8j9EoLtXL4.css?or=w; https://r.bing.com/rs/4f/fG/cir3,cc,nc/5gFAL7Id0yWkqqPO1crOKHL1NzM.css?or=w",MEDIUM,2026-08-10T01:27:51.402911+00:00,"""VERRA MOBILITY Corp"" BNPL Affirm Klarna Afterpay Zip Sezzle ""buy now pay later""",,Bing Search,web_search,https://www.bing.com/search?q=%22VERRA+MOBILITY+Corp%22+BNPL+Affirm+Klarna+Afterpay+Zip+Sezzle+%22buy+now+pay+later%22,VRRM
0001995306,,SUPER HI INTERNATIONAL HOLDING LTD.,no_relevant_evidence,No exact CIK or canonical-name match in current BNPL merchant dataset.,HIGH,2026-08-10T01:27:51.402911+00:00,current BNPL merchant dataset exact CIK/canonical-name check,,BNPL merchant and ownership files,internal_dataset,/Users/augustliu/Desktop/Research_On_Merchant_Side_Effect_Of_BNPL/data/merchant_ownership/merchant_ownership_rows.json,HDL
0001995306,,SUPER HI INTERNATIONAL HOLDING LTD.,no_relevant_evidence,"Search completed; no clear BNPL exposure signal detected in result text. Top links: https://r.bing.com/rs/4f/gg/cc,nc/-G_YKFrphkyl83D0HTgpMefXo7c.css?or=w; https://r.bing.com/rs/4f/gM/cc,nc/rWljTRKHPYQiu_szhv9ApXQ-KpI.css?or=w; https://r.bing.com/rs/4f/fG/cir3,cc,nc/5gFAL7Id0yWkqqPO1crOKHL1NzM.css?or=w",MEDIUM,2026-08-10T01:27:51.402911+00:00,"""SUPER HI INTERNATIONAL HOLDING LTD."" BNPL Affirm Klarna Afterpay Zip Sezzle ""buy now pay later""",,Bing Search,web_search,https://www.bing.com/search?q=%22SUPER+HI+INTERNATIONAL+HOLDING+LTD.%22+BNPL+Affirm+Klarna+Afterpay+Zip+Sezzle+%22buy+now+pay+later%22,HDL
0001477815,,"Sweetgreen, Inc.",no_relevant_evidence,No exact CIK or canonical-name match in current BNPL merchant dataset.,HIGH,2026-08-10T01:27:51.402911+00:00,current BNPL merchant dataset exact CIK/canonical-name check,,BNPL merchant and ownership files,internal_dataset,/Users/augustliu/Desktop/Research_On_Merchant_Side_Effect_Of_BNPL/data/merchant_ownership/merchant_ownership_rows.json,SG
0001477815,,"Sweetgreen, Inc.",no_relevant_evidence,"Search completed; no clear BNPL exposure signal detected in result text. Top links: https://r.bing.com/rs/4f/gg/cc,nc/-G_YKFrphkyl83D0HTgpMefXo7c.css?or=w; https://r.bing.com/rs/4f/gM/cc,nc/rWljTRKHPYQiu_szhv9ApXQ-KpI.css?or=w; https://r.bing.com/rs/4f/fG/cir3,cc,nc/5gFAL7Id0yWkqqPO1crOKHL1NzM.css?or=w",MEDIUM,2026-08-10T01:27:51.402911+00:00,"""Sweetgreen, Inc."" BNPL Affirm Klarna Afterpay Zip Sezzle ""buy now pay later""",,Bing Search,web_search,https://www.bing.com/search?q=%22Sweetgreen%2C+Inc.%22+BNPL+Affirm+Klarna+Afterpay+Zip+Sezzle+%22buy+now+pay+later%22,SG
0001057060,,MARINEMAX INC,no_relevant_evidence,No exact CIK or canonical-name match in current BNPL merchant dataset.,HIGH,2026-08-10T01:27:51.402911+00:00,current BNPL merchant dataset exact CIK/canonical-name check,,BNPL merchant and ownership files,internal_dataset,/Users/augustliu/Desktop/Research_On_Merchant_Side_Effect_Of_BNPL/data/merchant_ownership/merchant_ownership_rows.json,HZO
0001057060,,MARINEMAX INC,no_relevant_evidence,"Search completed; no clear BNPL exposure signal detected in result text. Top links: https://r.bing.com/rs/4f/gg/cc,nc/-G_YKFrphkyl83D0HTgpMefXo7c.css?or=w; https://r.bing.com/rs/4f/h6/cc,nc/U6HOq0RcF4_oC2_ItiNCBhNzO24.css?or=w; https://r.bing.com/rs/4f/fG/cir3,cc,nc/5gFAL7Id0yWkqqPO1crOKHL1NzM.css?or=w",MEDIUM,2026-08-10T01:27:51.402911+00:00,"""MARINEMAX INC"" BNPL Affirm Klarna Afterpay Zip Sezzle ""buy now pay later""",,Bing Search,web_search,https://www.bing.com/search?q=%22MARINEMAX+INC%22+BNPL+Affirm+Klarna+Afterpay+Zip+Sezzle+%22buy+now+pay+later%22,HZO
0001345126,,Compass Diversified Holdings,no_relevant_evidence,No exact CIK or canonical-name match in current BNPL merchant dataset.,HIGH,2026-08-10T01:27:51.402911+00:00,current BNPL merchant dataset exact CIK/canonical-name check,,BNPL merchant and ownership files,internal_dataset,/Users/augustliu/Desktop/Research_On_Merchant_Side_Effect_Of_BNPL/data/merchant_ownership/merchant_ownership_rows.json,CODI
0001345126,,Compass Diversified Holdings,no_relevant_evidence,"Search completed; no clear BNPL exposure signal detected in result text. Top links: https://r.bing.com/rs/4f/gg/cc,nc/-G_YKFrphkyl83D0HTgpMefXo7c.css?or=w; https://r.bing.com/rs/4f/h6/cc,nc/U6HOq0RcF4_oC2_ItiNCBhNzO24.css?or=w; https://r.bing.com/rs/4f/fG/cir3,cc,nc/5gFAL7Id0yWkqqPO1crOKHL1NzM.css?or=w",MEDIUM,2026-08-10T01:27:51.402911+00:00,"""Compass Diversified Holdings"" BNPL Affirm Klarna Afterpay Zip Sezzle ""buy now pay later""",,Bing Search,web_search,https://www.bing.com/search?q=%22Compass+Diversified+Holdings%22+BNPL+Affirm+Klarna+Afterpay+Zip+Sezzle+%22buy+now+pay+later%22,CODI
0001865200,,"Angel Studios, Inc.",no_relevant_evidence,No exact CIK or canonical-name match in current BNPL merchant dataset.,HIGH,2026-08-10T01:27:51.402911+00:00,current BNPL merchant dataset exact CIK/canonical-name check,,BNPL merchant and ownership files,internal_dataset,/Users/augustliu/Desktop/Research_On_Merchant_Side_Effect_Of_BNPL/data/merchant_ownership/merchant_ownership_rows.json,ANGX
0001865200,,"Angel Studios, Inc.",no_relevant_evidence,"Search completed; no clear BNPL exposure signal detected in result text. Top links: https://r.bing.com/rs/4f/gg/cc,nc/-G_YKFrphkyl83D0HTgpMefXo7c.css?or=w; https://r.bing.com/rs/4f/h6/cc,nc/U6HOq0RcF4_oC2_ItiNCBhNzO24.css?or=w; https://r.bing.com/rs/4f/fG/cir3,cc,nc/5gFAL7Id0yWkqqPO1crOKHL1NzM.css?or=w",MEDIUM,2026-08-10T01:27:51.402911+00:00,"""Angel Studios, Inc."" BNPL Affirm Klarna Afterpay Zip Sezzle ""buy now pay later""",,Bing Search,web_search,https://www.bing.com/search?q=%22Angel+Studios%2C+Inc.%22+BNPL+Affirm+Klarna+Afterpay+Zip+Sezzle+%22buy+now+pay+later%22,ANGX
0001756708,,Jumia Technologies AG,no_relevant_evidence,No exact CIK or canonical-name match in current BNPL merchant dataset.,HIGH,2026-08-10T01:27:51.402911+00:00,current BNPL merchant dataset exact CIK/canonical-name check,,BNPL merchant and ownership files,internal_dataset,/Users/augustliu/Desktop/Research_On_Merchant_Side_Effect_Of_BNPL/data/merchant_ownership/merchant_ownership_rows.json,JMIA
0001756708,,Jumia Technologies AG,no_relevant_evidence,"Search completed; no clear BNPL exposure signal detected in result text. Top links: https://r.bing.com/rs/4f/gg/cc,nc/-G_YKFrphkyl83D0HTgpMefXo7c.css?or=w; https://r.bing.com/rs/4f/h6/cc,nc/U6HOq0RcF4_oC2_ItiNCBhNzO24.css?or=w; https://r.bing.com/rs/4f/fG/cir3,cc,nc/5gFAL7Id0yWkqqPO1crOKHL1NzM.css?or=w",MEDIUM,2026-08-10T01:27:51.402911+00:00,"""Jumia Technologies AG"" BNPL Affirm Klarna Afterpay Zip Sezzle ""buy now pay later""",,Bing Search,web_search,https://www.bing.com/search?q=%22Jumia+Technologies+AG%22+BNPL+Affirm+Klarna+Afterpay+Zip+Sezzle+%22buy+now+pay+later%22,JMIA
0001547459,,"Natural Grocers by Vitamin Cottage, Inc.",no_relevant_evidence,No exact CIK or canonical-name match in current BNPL merchant dataset.,HIGH,2026-08-10T01:27:51.402911+00:00,current BNPL merchant dataset exact CIK/canonical-name check,,BNPL merchant and ownership files,internal_dataset,/Users/augustliu/Desktop/Research_On_Merchant_Side_Effect_Of_BNPL/data/merchant_ownership/merchant_ownership_rows.json,NGVC
0001547459,,"Natural Grocers by Vitamin Cottage, Inc.",no_relevant_evidence,"Search completed; no clear BNPL exposure signal detected in result text. Top links: https://r.bing.com/rs/4f/gg/cc,nc/-G_YKFrphkyl83D0HTgpMefXo7c.css?or=w; https://r.bing.com/rs/4f/h6/cc,nc/U6HOq0RcF4_oC2_ItiNCBhNzO24.css?or=w; https://r.bing.com/rs/4f/eJ/cir3,cc,nc/-ooVmxB9OlPzBcewmec-cfwYTQs.css?or=w",MEDIUM,2026-08-10T01:27:51.402911+00:00,"""Natural Grocers by Vitamin Cottage, Inc."" BNPL Affirm Klarna Afterpay Zip Sezzle ""buy now pay later""",,Bing Search,web_search,https://www.bing.com/search?q=%22Natural+Grocers+by+Vitamin+Cottage%2C+Inc.%22+BNPL+Affirm+Klarna+Afterpay+Zip+Sezzle+%22buy+now+pay+later%22,NGVC
0001546417,,"Bloomin' Brands, Inc.",no_relevant_evidence,No exact CIK or canonical-name match in current BNPL merchant dataset.,HIGH,2026-08-10T01:27:51.402911+00:00,current BNPL merchant dataset exact CIK/canonical-name check,,BNPL merchant and ownership files,internal_dataset,/Users/augustliu/Desktop/Research_On_Merchant_Side_Effect_Of_BNPL/data/merchant_ownership/merchant_ownership_rows.json,BLMN
0001546417,,"Bloomin' Brands, Inc.",no_relevant_evidence,"Search completed; no clear BNPL exposure signal detected in result text. Top links: https://r.bing.com/rs/4f/gg/cc,nc/-G_YKFrphkyl83D0HTgpMefXo7c.css?or=w; https://r.bing.com/rs/4f/h6/cc,nc/U6HOq0RcF4_oC2_ItiNCBhNzO24.css?or=w; https://r.bing.com/rs/4f/fG/cir3,cc,nc/5gFAL7Id0yWkqqPO1crOKHL1NzM.css?or=w",MEDIUM,2026-08-10T01:27:51.402911+00:00,"""Bloomin' Brands, Inc."" BNPL Affirm Klarna Afterpay Zip Sezzle ""buy now pay later""",,Bing Search,web_search,https://www.bing.com/search?q=%22Bloomin%27+Brands%2C+Inc.%22+BNPL+Affirm+Klarna+Afterpay+Zip+Sezzle+%22buy+now+pay+later%22,BLMN
0001959455,,Himalaya Shipping Ltd.,no_relevant_evidence,No exact CIK or canonical-name match in current BNPL merchant dataset.,HIGH,2026-08-10T01:27:51.402911+00:00,current BNPL merchant dataset exact CIK/canonical-name check,,BNPL merchant and ownership files,internal_dataset,/Users/augustliu/Desktop/Research_On_Merchant_Side_Effect_Of_BNPL/data/merchant_ownership/merchant_ownership_rows.json,HSHP
0001959455,,Himalaya Shipping Ltd.,no_relevant_evidence,"Search completed; no clear BNPL exposure signal detected in result text. Top links: https://r.bing.com/rs/4f/gg/cc,nc/-G_YKFrphkyl83D0HTgpMefXo7c.css?or=w; https://r.bing.com/rs/4f/h6/cc,nc/U6HOq0RcF4_oC2_ItiNCBhNzO24.css?or=w; https://r.bing.com/rs/4f/fG/cir3,cc,nc/5gFAL7Id0yWkqqPO1crOKHL1NzM.css?or=w",MEDIUM,2026-08-10T01:27:51.402911+00:00,"""Himalaya Shipping Ltd."" BNPL Affirm Klarna Afterpay Zip Sezzle ""buy now pay later""",,Bing Search,web_search,https://www.bing.com/search?q=%22Himalaya+Shipping+Ltd.%22+BNPL+Affirm+Klarna+Afterpay+Zip+Sezzle+%22buy+now+pay+later%22,HSHP
0001577437,,Ardmore Shipping Corp,no_relevant_evidence,No exact CIK or canonical-name match in current BNPL merchant dataset.,HIGH,2026-08-10T01:27:51.402911+00:00,current BNPL merchant dataset exact CIK/canonical-name check,,BNPL merchant and ownership files,internal_dataset,/Users/augustliu/Desktop/Research_On_Merchant_Side_Effect_Of_BNPL/data/merchant_ownership/merchant_ownership_rows.json,ASC
0001577437,,Ardmore Shipping Corp,no_relevant_evidence,"Search completed; no clear BNPL exposure signal detected in result text. Top links: https://r.bing.com/rs/4f/gg/cc,nc/-G_YKFrphkyl83D0HTgpMefXo7c.css?or=w; https://r.bing.com/rs/4f/gM/cc,nc/rWljTRKHPYQiu_szhv9ApXQ-KpI.css?or=w; https://r.bing.com/rs/4f/f3/cir3,cc,nc/XKkf7PevzOVtzidRm3f9xWob0cM.css?or=w",MEDIUM,2026-08-10T01:27:51.402911+00:00,"""Ardmore Shipping Corp"" BNPL Affirm Klarna Afterpay Zip Sezzle ""buy now pay later""",,Bing Search,web_search,https://www.bing.com/search?q=%22Ardmore+Shipping+Corp%22+BNPL+Affirm+Klarna+Afterpay+Zip+Sezzle+%22buy+now+pay+later%22,ASC
0001898718,,GMR Solutions Inc.,no_relevant_evidence,No exact CIK or canonical-name match in current BNPL merchant dataset.,HIGH,2026-08-10T01:27:51.402911+00:00,current BNPL merchant dataset exact CIK/canonical-name check,,BNPL merchant and ownership files,internal_dataset,/Users/augustliu/Desktop/Research_On_Merchant_Side_Effect_Of_BNPL/data/merchant_ownership/merchant_ownership_rows.json,GMRS
0001898718,,GMR Solutions Inc.,no_relevant_evidence,"Search completed; no clear BNPL exposure signal detected in result text. Top links: https://r.bing.com/rs/4f/gg/cc,nc/-G_YKFrphkyl83D0HTgpMefXo7c.css?or=w; https://r.bing.com/rs/4f/gS/cc,nc/_huiPba-9XiYDf9Vd8j9EoLtXL4.css?or=w; https://r.bing.com/rs/4f/ez/cir3,cc,nc/ITQ79_h8jq-eoIeRkdWbxDW7IbQ.css?or=w",MEDIUM,2026-08-10T01:27:51.402911+00:00,"""GMR Solutions Inc."" BNPL Affirm Klarna Afterpay Zip Sezzle ""buy now pay later""",,Bing Search,web_search,https://www.bing.com/search?q=%22GMR+Solutions+Inc.%22+BNPL+Affirm+Klarna+Afterpay+Zip+Sezzle+%22buy+now+pay+later%22,GMRS
0000708821,,PAR TECHNOLOGY CORP,no_relevant_evidence,No exact CIK or canonical-name match in current BNPL merchant dataset.,HIGH,2026-08-10T01:27:51.402911+00:00,current BNPL merchant dataset exact CIK/canonical-name check,,BNPL merchant and ownership files,internal_dataset,/Users/augustliu/Desktop/Research_On_Merchant_Side_Effect_Of_BNPL/data/merchant_ownership/merchant_ownership_rows.json,PAR
0000708821,,PAR TECHNOLOGY CORP,no_relevant_evidence,"Search completed; no clear BNPL exposure signal detected in result text. Top links: https://r.bing.com/rs/4f/gg/cc,nc/-G_YKFrphkyl83D0HTgpMefXo7c.css?or=w; https://r.bing.com/rs/4f/gM/cc,nc/rWljTRKHPYQiu_szhv9ApXQ-KpI.css?or=w; https://r.bing.com/rs/4f/fn/cir3,cc,nc/qYkYtW4ptUTHO5TVR_F3o3iRdIs.css?or=w",MEDIUM,2026-08-10T01:27:51.402911+00:00,"""PAR TECHNOLOGY CORP"" BNPL Affirm Klarna Afterpay Zip Sezzle ""buy now pay later""",,Bing Search,web_search,https://www.bing.com/search?q=%22PAR+TECHNOLOGY+CORP%22+BNPL+Affirm+Klarna+Afterpay+Zip+Sezzle+%22buy+now+pay+later%22,PAR
0000926282,,"ADTRAN Holdings, Inc.",no_relevant_evidence,No exact CIK or canonical-name match in current BNPL merchant dataset.,HIGH,2026-08-10T01:27:51.402911+00:00,current BNPL merchant dataset exact CIK/canonical-name check,,BNPL merchant and ownership files,internal_dataset,/Users/augustliu/Desktop/Research_On_Merchant_Side_Effect_Of_BNPL/data/merchant_ownership/merchant_ownership_rows.json,ADTN
0000926282,,"ADTRAN Holdings, Inc.",no_relevant_evidence,"Search completed; no clear BNPL exposure signal detected in result text. Top links: https://r.bing.com/rs/4f/gg/cc,nc/-G_YKFrphkyl83D0HTgpMefXo7c.css?or=w; https://r.bing.com/rs/4f/gS/cc,nc/_huiPba-9XiYDf9Vd8j9EoLtXL4.css?or=w; https://r.bing.com/rs/4f/fG/cir3,cc,nc/5gFAL7Id0yWkqqPO1crOKHL1NzM.css?or=w",MEDIUM,2026-08-10T01:27:51.402911+00:00,"""ADTRAN Holdings, Inc."" BNPL Affirm Klarna Afterpay Zip Sezzle ""buy now pay later""",,Bing Search,web_search,https://www.bing.com/search?q=%22ADTRAN+Holdings%2C+Inc.%22+BNPL+Affirm+Klarna+Afterpay+Zip+Sezzle+%22buy+now+pay+later%22,ADTN
0001517396,,STRATASYS LTD.,no_relevant_evidence,No exact CIK or canonical-name match in current BNPL merchant dataset.,HIGH,2026-08-10T01:27:51.402911+00:00,current BNPL merchant dataset exact CIK/canonical-name check,,BNPL merchant and ownership files,internal_dataset,/Users/augustliu/Desktop/Research_On_Merchant_Side_Effect_Of_BNPL/data/merchant_ownership/merchant_ownership_rows.json,SSYS
0001517396,,STRATASYS LTD.,no_relevant_evidence,"Search completed; no clear BNPL exposure signal detected in result text. Top links: https://r.bing.com/rs/4f/gg/cc,nc/-G_YKFrphkyl83D0HTgpMefXo7c.css?or=w; https://r.bing.com/rs/4f/gM/cc,nc/rWljTRKHPYQiu_szhv9ApXQ-KpI.css?or=w; https://r.bing.com/rs/4f/fG/cir3,cc,nc/5gFAL7Id0yWkqqPO1crOKHL1NzM.css?or=w",MEDIUM,2026-08-10T01:27:51.402911+00:00,"""STRATASYS LTD."" BNPL Affirm Klarna Afterpay Zip Sezzle ""buy now pay later""",,Bing Search,web_search,https://www.bing.com/search?q=%22STRATASYS+LTD.%22+BNPL+Affirm+Klarna+Afterpay+Zip+Sezzle+%22buy+now+pay+later%22,SSYS
0001824403,,"Reservoir Media, Inc.",no_relevant_evidence,No exact CIK or canonical-name match in current BNPL merchant dataset.,HIGH,2026-08-10T01:27:51.402911+00:00,current BNPL merchant dataset exact CIK/canonical-name check,,BNPL merchant and ownership files,internal_dataset,/Users/augustliu/Desktop/Research_On_Merchant_Side_Effect_Of_BNPL/data/merchant_ownership/merchant_ownership_rows.json,RSVR
0001824403,,"Reservoir Media, Inc.",no_relevant_evidence,"Search completed; no clear BNPL exposure signal detected in result text. Top links: https://r.bing.com/rs/4f/gg/cc,nc/-G_YKFrphkyl83D0HTgpMefXo7c.css?or=w; https://r.bing.com/rs/4f/gM/cc,nc/rWljTRKHPYQiu_szhv9ApXQ-KpI.css?or=w; https://r.bing.com/rs/4f/fG/cir3,cc,nc/5gFAL7Id0yWkqqPO1crOKHL1NzM.css?or=w",MEDIUM,2026-08-10T01:27:51.402911+00:00,"""Reservoir Media, Inc."" BNPL Affirm Klarna Afterpay Zip Sezzle ""buy now pay later""",,Bing Search,web_search,https://www.bing.com/search?q=%22Reservoir+Media%2C+Inc.%22+BNPL+Affirm+Klarna+Afterpay+Zip+Sezzle+%22buy+now+pay+later%22,RSVR
0001747079,,Bally's Corp,no_relevant_evidence,No exact CIK or canonical-name match in current BNPL merchant dataset.,HIGH,2026-08-10T01:27:51.402911+00:00,current BNPL merchant dataset exact CIK/canonical-name check,,BNPL merchant and ownership files,internal_dataset,/Users/augustliu/Desktop/Research_On_Merchant_Side_Effect_Of_BNPL/data/merchant_ownership/merchant_ownership_rows.json,BALY
0001747079,,Bally's Corp,no_relevant_evidence,"Search completed; no clear BNPL exposure signal detected in result text. Top links: https://r.bing.com/rs/4f/gg/cc,nc/-G_YKFrphkyl83D0HTgpMefXo7c.css?or=w; https://r.bing.com/rs/4f/h6/cc,nc/U6HOq0RcF4_oC2_ItiNCBhNzO24.css?or=w; https://r.bing.com/rs/4f/fG/cir3,cc,nc/5gFAL7Id0yWkqqPO1crOKHL1NzM.css?or=w",MEDIUM,2026-08-10T01:27:51.402911+00:00,"""Bally's Corp"" BNPL Affirm Klarna Afterpay Zip Sezzle ""buy now pay later""",,Bing Search,web_search,https://www.bing.com/search?q=%22Bally%27s+Corp%22+BNPL+Affirm+Klarna+Afterpay+Zip+Sezzle+%22buy+now+pay+later%22,BALY
0001907085,,Oddity Tech Ltd,no_relevant_evidence,No exact CIK or canonical-name match in current BNPL merchant dataset.,HIGH,2026-08-10T01:27:51.402911+00:00,current BNPL merchant dataset exact CIK/canonical-name check,,BNPL merchant and ownership files,internal_dataset,/Users/augustliu/Desktop/Research_On_Merchant_Side_Effect_Of_BNPL/data/merchant_ownership/merchant_ownership_rows.json,ODD
0001907085,,Oddity Tech Ltd,no_relevant_evidence,"Search completed; no clear BNPL exposure signal detected in result text. Top links: https://r.bing.com/rs/4f/gg/cc,nc/-G_YKFrphkyl83D0HTgpMefXo7c.css?or=w; https://r.bing.com/rs/4f/h6/cc,nc/U6HOq0RcF4_oC2_ItiNCBhNzO24.css?or=w; https://r.bing.com/rs/4f/fn/cir3,cc,nc/qYkYtW4ptUTHO5TVR_F3o3iRdIs.css?or=w",MEDIUM,2026-08-10T01:27:51.402911+00:00,"""Oddity Tech Ltd"" BNPL Affirm Klarna Afterpay Zip Sezzle ""buy now pay later""",,Bing Search,web_search,https://www.bing.com/search?q=%22Oddity+Tech+Ltd%22+BNPL+Affirm+Klarna+Afterpay+Zip+Sezzle+%22buy+now+pay+later%22,ODD
0001122904,,"NETGEAR, INC.",no_relevant_evidence,No exact CIK or canonical-name match in current BNPL merchant dataset.,HIGH,2026-08-10T01:27:51.402911+00:00,current BNPL merchant dataset exact CIK/canonical-name check,,BNPL merchant and ownership files,internal_dataset,/Users/augustliu/Desktop/Research_On_Merchant_Side_Effect_Of_BNPL/data/merchant_ownership/merchant_ownership_rows.json,NTGR
0001122904,,"NETGEAR, INC.",no_relevant_evidence,"Search completed; no clear BNPL exposure signal detected in result text. Top links: https://r.bing.com/rs/4f/gg/cc,nc/-G_YKFrphkyl83D0HTgpMefXo7c.css?or=w; https://r.bing.com/rs/4f/h6/cc,nc/U6HOq0RcF4_oC2_ItiNCBhNzO24.css?or=w; https://r.bing.com/rs/4f/fd/cir3,cc,nc/WTKNvHzqziTEsCD58MJtjs7bzWc.css?or=w",MEDIUM,2026-08-10T01:27:51.402911+00:00,"""NETGEAR, INC."" BNPL Affirm Klarna Afterpay Zip Sezzle ""buy now pay later""",,Bing Search,web_search,https://www.bing.com/search?q=%22NETGEAR%2C+INC.%22+BNPL+Affirm+Klarna+Afterpay+Zip+Sezzle+%22buy+now+pay+later%22,NTGR
0001759631,,Hyliion Holdings Corp.,no_relevant_evidence,No exact CIK or canonical-name match in current BNPL merchant dataset.,HIGH,2026-08-10T01:27:51.402911+00:00,current BNPL merchant dataset exact CIK/canonical-name check,,BNPL merchant and ownership files,internal_dataset,/Users/augustliu/Desktop/Research_On_Merchant_Side_Effect_Of_BNPL/data/merchant_ownership/merchant_ownership_rows.json,HYLN
0001759631,,Hyliion Holdings Corp.,no_relevant_evidence,"Search completed; no clear BNPL exposure signal detected in result text. Top links: https://r.bing.com/rs/4f/gg/cc,nc/-G_YKFrphkyl83D0HTgpMefXo7c.css?or=w; https://r.bing.com/rs/4f/gM/cc,nc/rWljTRKHPYQiu_szhv9ApXQ-KpI.css?or=w; https://r.bing.com/rs/4f/fd/cir3,cc,nc/WTKNvHzqziTEsCD58MJtjs7bzWc.css?or=w",MEDIUM,2026-08-10T01:27:51.402911+00:00,"""Hyliion Holdings Corp."" BNPL Affirm Klarna Afterpay Zip Sezzle ""buy now pay later""",,Bing Search,web_search,https://www.bing.com/search?q=%22Hyliion+Holdings+Corp.%22+BNPL+Affirm+Klarna+Afterpay+Zip+Sezzle+%22buy+now+pay+later%22,HYLN
0001704720,,"Cannae Holdings, Inc.",no_relevant_evidence,No exact CIK or canonical-name match in current BNPL merchant dataset.,HIGH,2026-08-10T01:27:51.402911+00:00,current BNPL merchant dataset exact CIK/canonical-name check,,BNPL merchant and ownership files,internal_dataset,/Users/augustliu/Desktop/Research_On_Merchant_Side_Effect_Of_BNPL/data/merchant_ownership/merchant_ownership_rows.json,CNNE
0001704720,,"Cannae Holdings, Inc.",no_relevant_evidence,"Search completed; no clear BNPL exposure signal detected in result text. Top links: https://r.bing.com/rs/4f/gg/cc,nc/-G_YKFrphkyl83D0HTgpMefXo7c.css?or=w; https://r.bing.com/rs/4f/h6/cc,nc/U6HOq0RcF4_oC2_ItiNCBhNzO24.css?or=w; https://r.bing.com/rs/4f/fd/cir3,cc,nc/WTKNvHzqziTEsCD58MJtjs7bzWc.css?or=w",MEDIUM,2026-08-10T01:27:51.402911+00:00,"""Cannae Holdings, Inc."" BNPL Affirm Klarna Afterpay Zip Sezzle ""buy now pay later""",,Bing Search,web_search,https://www.bing.com/search?q=%22Cannae+Holdings%2C+Inc.%22+BNPL+Affirm+Klarna+Afterpay+Zip+Sezzle+%22buy+now+pay+later%22,CNNE
0001788257,,"BETTERWARE DE MEXICO, S.A.P.I. DE C.V",no_relevant_evidence,No exact CIK or canonical-name match in current BNPL merchant dataset.,HIGH,2026-08-10T01:27:51.402911+00:00,current BNPL merchant dataset exact CIK/canonical-name check,,BNPL merchant and ownership files,internal_dataset,/Users/augustliu/Desktop/Research_On_Merchant_Side_Effect_Of_BNPL/data/merchant_ownership/merchant_ownership_rows.json,BWMX
0001788257,,"BETTERWARE DE MEXICO, S.A.P.I. DE C.V",no_relevant_evidence,"Search completed; no clear BNPL exposure signal detected in result text. Top links: https://r.bing.com/rs/4f/gg/cc,nc/-G_YKFrphkyl83D0HTgpMefXo7c.css?or=w; https://r.bing.com/rs/4f/gM/cc,nc/rWljTRKHPYQiu_szhv9ApXQ-KpI.css?or=w; https://r.bing.com/rs/4f/fG/cir3,cc,nc/5gFAL7Id0yWkqqPO1crOKHL1NzM.css?or=w",MEDIUM,2026-08-10T01:27:51.402911+00:00,"""BETTERWARE DE MEXICO, S.A.P.I. DE C.V"" BNPL Affirm Klarna Afterpay Zip Sezzle ""buy now pay later""",,Bing Search,web_search,https://www.bing.com/search?q=%22BETTERWARE+DE+MEXICO%2C+S.A.P.I.+DE+C.V%22+BNPL+Affirm+Klarna+Afterpay+Zip+Sezzle+%22buy+now+pay+later%22,BWMX
0000075288,,OXFORD INDUSTRIES INC,no_relevant_evidence,No exact CIK or canonical-name match in current BNPL merchant dataset.,HIGH,2026-08-10T01:27:51.402911+00:00,current BNPL merchant dataset exact CIK/canonical-name check,,BNPL merchant and ownership files,internal_dataset,/Users/augustliu/Desktop/Research_On_Merchant_Side_Effect_Of_BNPL/data/merchant_ownership/merchant_ownership_rows.json,OXM
0000075288,,OXFORD INDUSTRIES INC,no_relevant_evidence,"Search completed; no clear BNPL exposure signal detected in result text. Top links: https://r.bing.com/rs/4f/gg/cc,nc/-G_YKFrphkyl83D0HTgpMefXo7c.css?or=w; https://r.bing.com/rs/4f/gS/cc,nc/_huiPba-9XiYDf9Vd8j9EoLtXL4.css?or=w; https://r.bing.com/rs/4f/eJ/cir3,cc,nc/-ooVmxB9OlPzBcewmec-cfwYTQs.css?or=w",MEDIUM,2026-08-10T01:27:51.402911+00:00,"""OXFORD INDUSTRIES INC"" BNPL Affirm Klarna Afterpay Zip Sezzle ""buy now pay later""",,Bing Search,web_search,https://www.bing.com/search?q=%22OXFORD+INDUSTRIES+INC%22+BNPL+Affirm+Klarna+Afterpay+Zip+Sezzle+%22buy+now+pay+later%22,OXM
0000896156,,ETHAN ALLEN INTERIORS INC,no_relevant_evidence,No exact CIK or canonical-name match in current BNPL merchant dataset.,HIGH,2026-08-10T01:27:51.402911+00:00,current BNPL merchant dataset exact CIK/canonical-name check,,BNPL merchant and ownership files,internal_dataset,/Users/augustliu/Desktop/Research_On_Merchant_Side_Effect_Of_BNPL/data/merchant_ownership/merchant_ownership_rows.json,ETD
0000896156,,ETHAN ALLEN INTERIORS INC,no_relevant_evidence,"Search completed; no clear BNPL exposure signal detected in result text. Top links: https://r.bing.com/rs/4f/gg/cc,nc/-G_YKFrphkyl83D0HTgpMefXo7c.css?or=w; https://r.bing.com/rs/4f/h6/cc,nc/U6HOq0RcF4_oC2_ItiNCBhNzO24.css?or=w; https://r.bing.com/rs/4f/fn/cir3,cc,nc/qYkYtW4ptUTHO5TVR_F3o3iRdIs.css?or=w",MEDIUM,2026-08-10T01:27:51.402911+00:00,"""ETHAN ALLEN INTERIORS INC"" BNPL Affirm Klarna Afterpay Zip Sezzle ""buy now pay later""",,Bing Search,web_search,https://www.bing.com/search?q=%22ETHAN+ALLEN+INTERIORS+INC%22+BNPL+Affirm+Klarna+Afterpay+Zip+Sezzle+%22buy+now+pay+later%22,ETD
0000701719,,Envela Corp,no_relevant_evidence,No exact CIK or canonical-name match in current BNPL merchant dataset.,HIGH,2026-08-10T01:27:51.402911+00:00,current BNPL merchant dataset exact CIK/canonical-name check,,BNPL merchant and ownership files,internal_dataset,/Users/augustliu/Desktop/Research_On_Merchant_Side_Effect_Of_BNPL/data/merchant_ownership/merchant_ownership_rows.json,ELA
0000701719,,Envela Corp,no_relevant_evidence,"Search completed; no clear BNPL exposure signal detected in result text. Top links: https://r.bing.com/rs/4f/gg/cc,nc/-G_YKFrphkyl83D0HTgpMefXo7c.css?or=w; https://r.bing.com/rs/4f/gM/cc,nc/rWljTRKHPYQiu_szhv9ApXQ-KpI.css?or=w; https://r.bing.com/rs/4f/eJ/cir3,cc,nc/-ooVmxB9OlPzBcewmec-cfwYTQs.css?or=w",MEDIUM,2026-08-10T01:27:51.402911+00:00,"""Envela Corp"" BNPL Affirm Klarna Afterpay Zip Sezzle ""buy now pay later""",,Bing Search,web_search,https://www.bing.com/search?q=%22Envela+Corp%22+BNPL+Affirm+Klarna+Afterpay+Zip+Sezzle+%22buy+now+pay+later%22,ELA
0001772177,,"KURA SUSHI USA, INC.",no_relevant_evidence,No exact CIK or canonical-name match in current BNPL merchant dataset.,HIGH,2026-08-10T01:27:51.402911+00:00,current BNPL merchant dataset exact CIK/canonical-name check,,BNPL merchant and ownership files,internal_dataset,/Users/augustliu/Desktop/Research_On_Merchant_Side_Effect_Of_BNPL/data/merchant_ownership/merchant_ownership_rows.json,KRUS
0001772177,,"KURA SUSHI USA, INC.",no_relevant_evidence,"Search completed; no clear BNPL exposure signal detected in result text. Top links: https://r.bing.com/rs/4f/gg/cc,nc/-G_YKFrphkyl83D0HTgpMefXo7c.css?or=w; https://r.bing.com/rs/4f/h6/cc,nc/U6HOq0RcF4_oC2_ItiNCBhNzO24.css?or=w; https://r.bing.com/rs/4f/fG/cir3,cc,nc/5gFAL7Id0yWkqqPO1crOKHL1NzM.css?or=w",MEDIUM,2026-08-10T01:27:51.402911+00:00,"""KURA SUSHI USA, INC."" BNPL Affirm Klarna Afterpay Zip Sezzle ""buy now pay later""",,Bing Search,web_search,https://www.bing.com/search?q=%22KURA+SUSHI+USA%2C+INC.%22+BNPL+Affirm+Klarna+Afterpay+Zip+Sezzle+%22buy+now+pay+later%22,KRUS
0001854545,,Dingdong (Cayman) Ltd,no_relevant_evidence,No exact CIK or canonical-name match in current BNPL merchant dataset.,HIGH,2026-08-10T01:27:51.402911+00:00,current BNPL merchant dataset exact CIK/canonical-name check,,BNPL merchant and ownership files,internal_dataset,/Users/augustliu/Desktop/Research_On_Merchant_Side_Effect_Of_BNPL/data/merchant_ownership/merchant_ownership_rows.json,DDL
0001854545,,Dingdong (Cayman) Ltd,no_relevant_evidence,"Search completed; no clear BNPL exposure signal detected in result text. Top links: https://r.bing.com/rs/4f/gg/cc,nc/-G_YKFrphkyl83D0HTgpMefXo7c.css?or=w; https://r.bing.com/rs/4f/h6/cc,nc/U6HOq0RcF4_oC2_ItiNCBhNzO24.css?or=w; https://r.bing.com/rs/4f/fG/cir3,cc,nc/5gFAL7Id0yWkqqPO1crOKHL1NzM.css?or=w",MEDIUM,2026-08-10T01:27:51.402911+00:00,"""Dingdong (Cayman) Ltd"" BNPL Affirm Klarna Afterpay Zip Sezzle ""buy now pay later""",,Bing Search,web_search,https://www.bing.com/search?q=%22Dingdong+%28Cayman%29+Ltd%22+BNPL+Affirm+Klarna+Afterpay+Zip+Sezzle+%22buy+now+pay+later%22,DDL
0001318484,,Citi Trends Inc,no_relevant_evidence,No exact CIK or canonical-name match in current BNPL merchant dataset.,HIGH,2026-08-10T01:27:51.402911+00:00,current BNPL merchant dataset exact CIK/canonical-name check,,BNPL merchant and ownership files,internal_dataset,/Users/augustliu/Desktop/Research_On_Merchant_Side_Effect_Of_BNPL/data/merchant_ownership/merchant_ownership_rows.json,CTRN
0001318484,,Citi Trends Inc,no_relevant_evidence,"Search completed; no clear BNPL exposure signal detected in result text. Top links: https://r.bing.com/rs/4f/gg/cc,nc/-G_YKFrphkyl83D0HTgpMefXo7c.css?or=w; https://r.bing.com/rs/4f/h6/cc,nc/U6HOq0RcF4_oC2_ItiNCBhNzO24.css?or=w; https://r.bing.com/rs/4f/fd/cir3,cc,nc/WTKNvHzqziTEsCD58MJtjs7bzWc.css?or=w",MEDIUM,2026-08-10T01:27:51.402911+00:00,"""Citi Trends Inc"" BNPL Affirm Klarna Afterpay Zip Sezzle ""buy now pay later""",,Bing Search,web_search,https://www.bing.com/search?q=%22Citi+Trends+Inc%22+BNPL+Affirm+Klarna+Afterpay+Zip+Sezzle+%22buy+now+pay+later%22,CTRN
0001341170,,EUROSEAS LTD.,no_relevant_evidence,No exact CIK or canonical-name match in current BNPL merchant dataset.,HIGH,2026-08-10T01:27:51.402911+00:00,current BNPL merchant dataset exact CIK/canonical-name check,,BNPL merchant and ownership files,internal_dataset,/Users/augustliu/Desktop/Research_On_Merchant_Side_Effect_Of_BNPL/data/merchant_ownership/merchant_ownership_rows.json,ESEA
0001341170,,EUROSEAS LTD.,no_relevant_evidence,"Search completed; no clear BNPL exposure signal detected in result text. Top links: https://r.bing.com/rs/4f/gg/cc,nc/-G_YKFrphkyl83D0HTgpMefXo7c.css?or=w; https://r.bing.com/rs/4f/gM/cc,nc/rWljTRKHPYQiu_szhv9ApXQ-KpI.css?or=w; https://r.bing.com/rs/4f/f3/cir3,cc,nc/XKkf7PevzOVtzidRm3f9xWob0cM.css?or=w",MEDIUM,2026-08-10T01:27:51.402911+00:00,"""EUROSEAS LTD."" BNPL Affirm Klarna Afterpay Zip Sezzle ""buy now pay later""",,Bing Search,web_search,https://www.bing.com/search?q=%22EUROSEAS+LTD.%22+BNPL+Affirm+Klarna+Afterpay+Zip+Sezzle+%22buy+now+pay+later%22,ESEA
0001473334,,XMax Inc.,no_relevant_evidence,No exact CIK or canonical-name match in current BNPL merchant dataset.,HIGH,2026-08-10T01:27:51.402911+00:00,current BNPL merchant dataset exact CIK/canonical-name check,,BNPL merchant and ownership files,internal_dataset,/Users/augustliu/Desktop/Research_On_Merchant_Side_Effect_Of_BNPL/data/merchant_ownership/merchant_ownership_rows.json,XMAX
0001473334,,XMax Inc.,no_relevant_evidence,"Search completed; no clear BNPL exposure signal detected in result text. Top links: https://r.bing.com/rs/4f/gg/cc,nc/-G_YKFrphkyl83D0HTgpMefXo7c.css?or=w; https://r.bing.com/rs/4f/gM/cc,nc/rWljTRKHPYQiu_szhv9ApXQ-KpI.css?or=w; https://r.bing.com/rs/4f/f3/cir3,cc,nc/XKkf7PevzOVtzidRm3f9xWob0cM.css?or=w",MEDIUM,2026-08-10T01:27:51.402911+00:00,"""XMax Inc."" BNPL Affirm Klarna Afterpay Zip Sezzle ""buy now pay later""",,Bing Search,web_search,https://www.bing.com/search?q=%22XMax+Inc.%22+BNPL+Affirm+Klarna+Afterpay+Zip+Sezzle+%22buy+now+pay+later%22,XMAX
0001962746,,Lotus Technology Inc.,no_relevant_evidence,No exact CIK or canonical-name match in current BNPL merchant dataset.,HIGH,2026-08-10T01:27:51.402911+00:00,current BNPL merchant dataset exact CIK/canonical-name check,,BNPL merchant and ownership files,internal_dataset,/Users/augustliu/Desktop/Research_On_Merchant_Side_Effect_Of_BNPL/data/merchant_ownership/merchant_ownership_rows.json,LOT
0001962746,,Lotus Technology Inc.,no_relevant_evidence,"Search completed; no clear BNPL exposure signal detected in result text. Top links: https://r.bing.com/rs/4f/gg/cc,nc/-G_YKFrphkyl83D0HTgpMefXo7c.css?or=w; https://r.bing.com/rs/4f/h6/cc,nc/U6HOq0RcF4_oC2_ItiNCBhNzO24.css?or=w; https://r.bing.com/rs/4f/fn/cir3,cc,nc/qYkYtW4ptUTHO5TVR_F3o3iRdIs.css?or=w",MEDIUM,2026-08-10T01:27:51.402911+00:00,"""Lotus Technology Inc."" BNPL Affirm Klarna Afterpay Zip Sezzle ""buy now pay later""",,Bing Search,web_search,https://www.bing.com/search?q=%22Lotus+Technology+Inc.%22+BNPL+Affirm+Klarna+Afterpay+Zip+Sezzle+%22buy+now+pay+later%22,LOT
0001874315,,Satellogic Inc.,no_relevant_evidence,No exact CIK or canonical-name match in current BNPL merchant dataset.,HIGH,2026-08-10T01:27:51.402911+00:00,current BNPL merchant dataset exact CIK/canonical-name check,,BNPL merchant and ownership files,internal_dataset,/Users/augustliu/Desktop/Research_On_Merchant_Side_Effect_Of_BNPL/data/merchant_ownership/merchant_ownership_rows.json,SATL
0001874315,,Satellogic Inc.,no_relevant_evidence,"Search completed; no clear BNPL exposure signal detected in result text. Top links: https://r.bing.com/rs/4f/gg/cc,nc/-G_YKFrphkyl83D0HTgpMefXo7c.css?or=w; https://r.bing.com/rs/4f/gM/cc,nc/rWljTRKHPYQiu_szhv9ApXQ-KpI.css?or=w; https://r.bing.com/rs/4f/eJ/cir3,cc,nc/-ooVmxB9OlPzBcewmec-cfwYTQs.css?or=w",MEDIUM,2026-08-10T01:27:51.402911+00:00,"""Satellogic Inc."" BNPL Affirm Klarna Afterpay Zip Sezzle ""buy now pay later""",,Bing Search,web_search,https://www.bing.com/search?q=%22Satellogic+Inc.%22+BNPL+Affirm+Klarna+Afterpay+Zip+Sezzle+%22buy+now+pay+later%22,SATL
0001774170,,"Powerfleet, Inc.",no_relevant_evidence,No exact CIK or canonical-name match in current BNPL merchant dataset.,HIGH,2026-08-10T01:27:51.402911+00:00,current BNPL merchant dataset exact CIK/canonical-name check,,BNPL merchant and ownership files,internal_dataset,/Users/augustliu/Desktop/Research_On_Merchant_Side_Effect_Of_BNPL/data/merchant_ownership/merchant_ownership_rows.json,AIOT
0001774170,,"Powerfleet, Inc.",no_relevant_evidence,"Search completed; no clear BNPL exposure signal detected in result text. Top links: https://r.bing.com/rs/4f/gg/cc,nc/-G_YKFrphkyl83D0HTgpMefXo7c.css?or=w; https://r.bing.com/rs/4f/gM/cc,nc/rWljTRKHPYQiu_szhv9ApXQ-KpI.css?or=w; https://r.bing.com/rs/4f/fG/cir3,cc,nc/5gFAL7Id0yWkqqPO1crOKHL1NzM.css?or=w",MEDIUM,2026-08-10T01:27:51.402911+00:00,"""Powerfleet, Inc."" BNPL Affirm Klarna Afterpay Zip Sezzle ""buy now pay later""",,Bing Search,web_search,https://www.bing.com/search?q=%22Powerfleet%2C+Inc.%22+BNPL+Affirm+Klarna+Afterpay+Zip+Sezzle+%22buy+now+pay+later%22,AIOT
0001320461,,Cooper-Standard Holdings Inc.,no_relevant_evidence,No exact CIK or canonical-name match in current BNPL merchant dataset.,HIGH,2026-08-10T01:27:51.402911+00:00,current BNPL merchant dataset exact CIK/canonical-name check,,BNPL merchant and ownership files,internal_dataset,/Users/augustliu/Desktop/Research_On_Merchant_Side_Effect_Of_BNPL/data/merchant_ownership/merchant_ownership_rows.json,CPS
0001320461,,Cooper-Standard Holdings Inc.,no_relevant_evidence,"Search completed; no clear BNPL exposure signal detected in result text. Top links: https://r.bing.com/rs/4f/gg/cc,nc/-G_YKFrphkyl83D0HTgpMefXo7c.css?or=w; https://r.bing.com/rs/4f/gS/cc,nc/_huiPba-9XiYDf9Vd8j9EoLtXL4.css?or=w; https://r.bing.com/rs/4f/fG/cir3,cc,nc/5gFAL7Id0yWkqqPO1crOKHL1NzM.css?or=w",MEDIUM,2026-08-10T01:27:51.402911+00:00,"""Cooper-Standard Holdings Inc."" BNPL Affirm Klarna Afterpay Zip Sezzle ""buy now pay later""",,Bing Search,web_search,https://www.bing.com/search?q=%22Cooper-Standard+Holdings+Inc.%22+BNPL+Affirm+Klarna+Afterpay+Zip+Sezzle+%22buy+now+pay+later%22,CPS
0001606366,,"El Pollo Loco Holdings, Inc.",no_relevant_evidence,No exact CIK or canonical-name match in current BNPL merchant dataset.,HIGH,2026-08-10T01:27:51.402911+00:00,current BNPL merchant dataset exact CIK/canonical-name check,,BNPL merchant and ownership files,internal_dataset,/Users/augustliu/Desktop/Research_On_Merchant_Side_Effect_Of_BNPL/data/merchant_ownership/merchant_ownership_rows.json,LOCO
0001606366,,"El Pollo Loco Holdings, Inc.",no_relevant_evidence,"Search completed; no clear BNPL exposure signal detected in result text. Top links: https://r.bing.com/rs/4f/gg/cc,nc/-G_YKFrphkyl83D0HTgpMefXo7c.css?or=w; https://r.bing.com/rs/4f/gM/cc,nc/rWljTRKHPYQiu_szhv9ApXQ-KpI.css?or=w; https://r.bing.com/rs/4f/fG/cir3,cc,nc/5gFAL7Id0yWkqqPO1crOKHL1NzM.css?or=w",MEDIUM,2026-08-10T01:27:51.402911+00:00,"""El Pollo Loco Holdings, Inc."" BNPL Affirm Klarna Afterpay Zip Sezzle ""buy now pay later""",,Bing Search,web_search,https://www.bing.com/search?q=%22El+Pollo+Loco+Holdings%2C+Inc.%22+BNPL+Affirm+Klarna+Afterpay+Zip+Sezzle+%22buy+now+pay+later%22,LOCO
0001606909,,Pangaea Logistics Solutions Ltd.,no_relevant_evidence,No exact CIK or canonical-name match in current BNPL merchant dataset.,HIGH,2026-08-10T01:27:51.402911+00:00,current BNPL merchant dataset exact CIK/canonical-name check,,BNPL merchant and ownership files,internal_dataset,/Users/augustliu/Desktop/Research_On_Merchant_Side_Effect_Of_BNPL/data/merchant_ownership/merchant_ownership_rows.json,PANL
0001606909,,Pangaea Logistics Solutions Ltd.,no_relevant_evidence,"Search completed; no clear BNPL exposure signal detected in result text. Top links: https://r.bing.com/rs/4f/gg/cc,nc/-G_YKFrphkyl83D0HTgpMefXo7c.css?or=w; https://r.bing.com/rs/4f/h6/cc,nc/U6HOq0RcF4_oC2_ItiNCBhNzO24.css?or=w; https://r.bing.com/rs/4f/fG/cir3,cc,nc/5gFAL7Id0yWkqqPO1crOKHL1NzM.css?or=w",MEDIUM,2026-08-10T01:27:51.402911+00:00,"""Pangaea Logistics Solutions Ltd."" BNPL Affirm Klarna Afterpay Zip Sezzle ""buy now pay later""",,Bing Search,web_search,https://www.bing.com/search?q=%22Pangaea+Logistics+Solutions+Ltd.%22+BNPL+Affirm+Klarna+Afterpay+Zip+Sezzle+%22buy+now+pay+later%22,PANL
0000788329,,JOHNSON OUTDOORS INC,no_relevant_evidence,No exact CIK or canonical-name match in current BNPL merchant dataset.,HIGH,2026-08-10T01:27:51.402911+00:00,current BNPL merchant dataset exact CIK/canonical-name check,,BNPL merchant and ownership files,internal_dataset,/Users/augustliu/Desktop/Research_On_Merchant_Side_Effect_Of_BNPL/data/merchant_ownership/merchant_ownership_rows.json,JOUT
0000788329,,JOHNSON OUTDOORS INC,no_relevant_evidence,"Search completed; no clear BNPL exposure signal detected in result text. Top links: https://r.bing.com/rs/4f/gg/cc,nc/-G_YKFrphkyl83D0HTgpMefXo7c.css?or=w; https://r.bing.com/rs/4f/h6/cc,nc/U6HOq0RcF4_oC2_ItiNCBhNzO24.css?or=w; https://r.bing.com/rs/4f/fG/cir3,cc,nc/5gFAL7Id0yWkqqPO1crOKHL1NzM.css?or=w",MEDIUM,2026-08-10T01:27:51.402911+00:00,"""JOHNSON OUTDOORS INC"" BNPL Affirm Klarna Afterpay Zip Sezzle ""buy now pay later""",,Bing Search,web_search,https://www.bing.com/search?q=%22JOHNSON+OUTDOORS+INC%22+BNPL+Affirm+Klarna+Afterpay+Zip+Sezzle+%22buy+now+pay+later%22,JOUT
0001937987,,"Falcon's Beyond Global, Inc.",no_relevant_evidence,No exact CIK or canonical-name match in current BNPL merchant dataset.,HIGH,2026-08-10T01:27:51.402911+00:00,current BNPL merchant dataset exact CIK/canonical-name check,,BNPL merchant and ownership files,internal_dataset,/Users/augustliu/Desktop/Research_On_Merchant_Side_Effect_Of_BNPL/data/merchant_ownership/merchant_ownership_rows.json,FBYD
0001937987,,"Falcon's Beyond Global, Inc.",no_relevant_evidence,"Search completed; no clear BNPL exposure signal detected in result text. Top links: https://r.bing.com/rs/4f/gg/cc,nc/-G_YKFrphkyl83D0HTgpMefXo7c.css?or=w; https://r.bing.com/rs/4f/gS/cc,nc/_huiPba-9XiYDf9Vd8j9EoLtXL4.css?or=w; https://r.bing.com/rs/4f/f3/cir3,cc,nc/XKkf7PevzOVtzidRm3f9xWob0cM.css?or=w",MEDIUM,2026-08-10T01:27:51.402911+00:00,"""Falcon's Beyond Global, Inc."" BNPL Affirm Klarna Afterpay Zip Sezzle ""buy now pay later""",,Bing Search,web_search,https://www.bing.com/search?q=%22Falcon%27s+Beyond+Global%2C+Inc.%22+BNPL+Affirm+Klarna+Afterpay+Zip+Sezzle+%22buy+now+pay+later%22,FBYD
0001932737,,ROBO.AI INC.,no_relevant_evidence,No exact CIK or canonical-name match in current BNPL merchant dataset.,HIGH,2026-08-10T01:27:51.402911+00:00,current BNPL merchant dataset exact CIK/canonical-name check,,BNPL merchant and ownership files,internal_dataset,/Users/augustliu/Desktop/Research_On_Merchant_Side_Effect_Of_BNPL/data/merchant_ownership/merchant_ownership_rows.json,AIIO
0001932737,,ROBO.AI INC.,no_relevant_evidence,"Search completed; no clear BNPL exposure signal detected in result text. Top links: https://r.bing.com/rs/4f/gg/cc,nc/-G_YKFrphkyl83D0HTgpMefXo7c.css?or=w; https://r.bing.com/rs/4f/gM/cc,nc/rWljTRKHPYQiu_szhv9ApXQ-KpI.css?or=w; https://r.bing.com/rs/4f/fG/cir3,cc,nc/5gFAL7Id0yWkqqPO1crOKHL1NzM.css?or=w",MEDIUM,2026-08-10T01:27:51.402911+00:00,"""ROBO.AI INC."" BNPL Affirm Klarna Afterpay Zip Sezzle ""buy now pay later""",,Bing Search,web_search,https://www.bing.com/search?q=%22ROBO.AI+INC.%22+BNPL+Affirm+Klarna+Afterpay+Zip+Sezzle+%22buy+now+pay+later%22,AIIO
0001862044,,ZKH Group Ltd,no_relevant_evidence,No exact CIK or canonical-name match in current BNPL merchant dataset.,HIGH,2026-08-10T01:27:51.402911+00:00,current BNPL merchant dataset exact CIK/canonical-name check,,BNPL merchant and ownership files,internal_dataset,/Users/augustliu/Desktop/Research_On_Merchant_Side_Effect_Of_BNPL/data/merchant_ownership/merchant_ownership_rows.json,ZKH
0001862044,,ZKH Group Ltd,no_relevant_evidence,"Search completed; no clear BNPL exposure signal detected in result text. Top links: https://r.bing.com/rs/4f/gg/cc,nc/-G_YKFrphkyl83D0HTgpMefXo7c.css?or=w; https://r.bing.com/rs/4f/gM/cc,nc/rWljTRKHPYQiu_szhv9ApXQ-KpI.css?or=w; https://r.bing.com/rs/4f/fG/cir3,cc,nc/5gFAL7Id0yWkqqPO1crOKHL1NzM.css?or=w",MEDIUM,2026-08-10T01:27:51.402911+00:00,"""ZKH Group Ltd"" BNPL Affirm Klarna Afterpay Zip Sezzle ""buy now pay later""",,Bing Search,web_search,https://www.bing.com/search?q=%22ZKH+Group+Ltd%22+BNPL+Affirm+Klarna+Afterpay+Zip+Sezzle+%22buy+now+pay+later%22,ZKH
0002033535,,Costamare Bulkers Holdings Ltd,no_relevant_evidence,No exact CIK or canonical-name match in current BNPL merchant dataset.,HIGH,2026-08-10T01:27:51.402911+00:00,current BNPL merchant dataset exact CIK/canonical-name check,,BNPL merchant and ownership files,internal_dataset,/Users/augustliu/Desktop/Research_On_Merchant_Side_Effect_Of_BNPL/data/merchant_ownership/merchant_ownership_rows.json,CMDB
0002033535,,Costamare Bulkers Holdings Ltd,no_relevant_evidence,"Search completed; no clear BNPL exposure signal detected in result text. Top links: https://r.bing.com/rs/4f/gg/cc,nc/-G_YKFrphkyl83D0HTgpMefXo7c.css?or=w; https://r.bing.com/rs/4f/h6/cc,nc/U6HOq0RcF4_oC2_ItiNCBhNzO24.css?or=w; https://r.bing.com/rs/4f/eT/cir3,cc,nc/ZNlEaxLrmuWEflDP-KwkyUROBrA.css?or=w",MEDIUM,2026-08-10T01:27:51.402911+00:00,"""Costamare Bulkers Holdings Ltd"" BNPL Affirm Klarna Afterpay Zip Sezzle ""buy now pay later""",,Bing Search,web_search,https://www.bing.com/search?q=%22Costamare+Bulkers+Holdings+Ltd%22+BNPL+Affirm+Klarna+Afterpay+Zip+Sezzle+%22buy+now+pay+later%22,CMDB
0000049754,,"Dine Brands Global, Inc.",no_relevant_evidence,No exact CIK or canonical-name match in current BNPL merchant dataset.,HIGH,2026-08-10T01:27:51.402911+00:00,current BNPL merchant dataset exact CIK/canonical-name check,,BNPL merchant and ownership files,internal_dataset,/Users/augustliu/Desktop/Research_On_Merchant_Side_Effect_Of_BNPL/data/merchant_ownership/merchant_ownership_rows.json,DIN
0000049754,,"Dine Brands Global, Inc.",no_relevant_evidence,"Search completed; no clear BNPL exposure signal detected in result text. Top links: https://r.bing.com/rs/4f/gg/cc,nc/-G_YKFrphkyl83D0HTgpMefXo7c.css?or=w; https://r.bing.com/rs/4f/gM/cc,nc/rWljTRKHPYQiu_szhv9ApXQ-KpI.css?or=w; https://r.bing.com/rs/4f/fG/cir3,cc,nc/5gFAL7Id0yWkqqPO1crOKHL1NzM.css?or=w",MEDIUM,2026-08-10T01:27:51.402911+00:00,"""Dine Brands Global, Inc."" BNPL Affirm Klarna Afterpay Zip Sezzle ""buy now pay later""",,Bing Search,web_search,https://www.bing.com/search?q=%22Dine+Brands+Global%2C+Inc.%22+BNPL+Affirm+Klarna+Afterpay+Zip+Sezzle+%22buy+now+pay+later%22,DIN
0000912728,,FORWARD AIR CORP,no_relevant_evidence,No exact CIK or canonical-name match in current BNPL merchant dataset.,HIGH,2026-08-10T01:27:51.402911+00:00,current BNPL merchant dataset exact CIK/canonical-name check,,BNPL merchant and ownership files,internal_dataset,/Users/augustliu/Desktop/Research_On_Merchant_Side_Effect_Of_BNPL/data/merchant_ownership/merchant_ownership_rows.json,FWRD
0000912728,,FORWARD AIR CORP,no_relevant_evidence,"Search completed; no clear BNPL exposure signal detected in result text. Top links: https://r.bing.com/rs/4f/gg/cc,nc/-G_YKFrphkyl83D0HTgpMefXo7c.css?or=w; https://r.bing.com/rs/4f/h6/cc,nc/U6HOq0RcF4_oC2_ItiNCBhNzO24.css?or=w; https://r.bing.com/rs/4f/fG/cir3,cc,nc/5gFAL7Id0yWkqqPO1crOKHL1NzM.css?or=w",MEDIUM,2026-08-10T01:27:51.402911+00:00,"""FORWARD AIR CORP"" BNPL Affirm Klarna Afterpay Zip Sezzle ""buy now pay later""",,Bing Search,web_search,https://www.bing.com/search?q=%22FORWARD+AIR+CORP%22+BNPL+Affirm+Klarna+Afterpay+Zip+Sezzle+%22buy+now+pay+later%22,FWRD
0000929351,,STARZ ENTERTAINMENT CORP /CN/,no_relevant_evidence,No exact CIK or canonical-name match in current BNPL merchant dataset.,HIGH,2026-08-10T01:27:51.402911+00:00,current BNPL merchant dataset exact CIK/canonical-name check,,BNPL merchant and ownership files,internal_dataset,/Users/augustliu/Desktop/Research_On_Merchant_Side_Effect_Of_BNPL/data/merchant_ownership/merchant_ownership_rows.json,STRZ
0000929351,,STARZ ENTERTAINMENT CORP /CN/,no_relevant_evidence,"Search completed; no clear BNPL exposure signal detected in result text. Top links: https://r.bing.com/rs/4f/gg/cc,nc/-G_YKFrphkyl83D0HTgpMefXo7c.css?or=w; https://r.bing.com/rs/4f/h6/cc,nc/U6HOq0RcF4_oC2_ItiNCBhNzO24.css?or=w; https://r.bing.com/rs/4f/fG/cir3,cc,nc/5gFAL7Id0yWkqqPO1crOKHL1NzM.css?or=w",MEDIUM,2026-08-10T01:27:51.402911+00:00,"""STARZ ENTERTAINMENT CORP /CN/"" BNPL Affirm Klarna Afterpay Zip Sezzle ""buy now pay later""",,Bing Search,web_search,https://www.bing.com/search?q=%22STARZ+ENTERTAINMENT+CORP+%2FCN%2F%22+BNPL+Affirm+Klarna+Afterpay+Zip+Sezzle+%22buy+now+pay+later%22,STRZ
0000014707,,CALERES INC,no_relevant_evidence,No exact CIK or canonical-name match in current BNPL merchant dataset.,HIGH,2026-08-10T01:27:51.402911+00:00,current BNPL merchant dataset exact CIK/canonical-name check,,BNPL merchant and ownership files,internal_dataset,/Users/augustliu/Desktop/Research_On_Merchant_Side_Effect_Of_BNPL/data/merchant_ownership/merchant_ownership_rows.json,CAL
0000014707,,CALERES INC,no_relevant_evidence,"Search completed; no clear BNPL exposure signal detected in result text. Top links: https://r.bing.com/rs/4f/gg/cc,nc/-G_YKFrphkyl83D0HTgpMefXo7c.css?or=w; https://r.bing.com/rs/4f/h6/cc,nc/U6HOq0RcF4_oC2_ItiNCBhNzO24.css?or=w; https://r.bing.com/rs/4f/fG/cir3,cc,nc/5gFAL7Id0yWkqqPO1crOKHL1NzM.css?or=w",MEDIUM,2026-08-10T01:27:51.402911+00:00,"""CALERES INC"" BNPL Affirm Klarna Afterpay Zip Sezzle ""buy now pay later""",,Bing Search,web_search,https://www.bing.com/search?q=%22CALERES+INC%22+BNPL+Affirm+Klarna+Afterpay+Zip+Sezzle+%22buy+now+pay+later%22,CAL
0000018498,,GENESCO INC,no_relevant_evidence,No exact CIK or canonical-name match in current BNPL merchant dataset.,HIGH,2026-08-10T01:27:51.402911+00:00,current BNPL merchant dataset exact CIK/canonical-name check,,BNPL merchant and ownership files,internal_dataset,/Users/augustliu/Desktop/Research_On_Merchant_Side_Effect_Of_BNPL/data/merchant_ownership/merchant_ownership_rows.json,GCO
0000018498,,GENESCO INC,no_relevant_evidence,"Search completed; no clear BNPL exposure signal detected in result text. Top links: https://r.bing.com/rs/4f/gg/cc,nc/-G_YKFrphkyl83D0HTgpMefXo7c.css?or=w; https://r.bing.com/rs/4f/gM/cc,nc/rWljTRKHPYQiu_szhv9ApXQ-KpI.css?or=w; https://r.bing.com/rs/4f/fd/cir3,cc,nc/WTKNvHzqziTEsCD58MJtjs7bzWc.css?or=w",MEDIUM,2026-08-10T01:27:51.402911+00:00,"""GENESCO INC"" BNPL Affirm Klarna Afterpay Zip Sezzle ""buy now pay later""",,Bing Search,web_search,https://www.bing.com/search?q=%22GENESCO+INC%22+BNPL+Affirm+Klarna+Afterpay+Zip+Sezzle+%22buy+now+pay+later%22,GCO
0000709283,,QUANTUM CORP /DE/,no_relevant_evidence,No exact CIK or canonical-name match in current BNPL merchant dataset.,HIGH,2026-08-10T01:27:51.402911+00:00,current BNPL merchant dataset exact CIK/canonical-name check,,BNPL merchant and ownership files,internal_dataset,/Users/augustliu/Desktop/Research_On_Merchant_Side_Effect_Of_BNPL/data/merchant_ownership/merchant_ownership_rows.json,QMCO
0000709283,,QUANTUM CORP /DE/,no_relevant_evidence,"Search completed; no clear BNPL exposure signal detected in result text. Top links: https://r.bing.com/rs/4f/gg/cc,nc/-G_YKFrphkyl83D0HTgpMefXo7c.css?or=w; https://r.bing.com/rs/4f/h6/cc,nc/U6HOq0RcF4_oC2_ItiNCBhNzO24.css?or=w; https://r.bing.com/rs/4f/fn/cir3,cc,nc/qYkYtW4ptUTHO5TVR_F3o3iRdIs.css?or=w",MEDIUM,2026-08-10T01:27:51.402911+00:00,"""QUANTUM CORP /DE/"" BNPL Affirm Klarna Afterpay Zip Sezzle ""buy now pay later""",,Bing Search,web_search,https://www.bing.com/search?q=%22QUANTUM+CORP+%2FDE%2F%22+BNPL+Affirm+Klarna+Afterpay+Zip+Sezzle+%22buy+now+pay+later%22,QMCO
0000796505,,"Clearfield, Inc.",no_relevant_evidence,No exact CIK or canonical-name match in current BNPL merchant dataset.,HIGH,2026-08-10T01:27:51.402911+00:00,current BNPL merchant dataset exact CIK/canonical-name check,,BNPL merchant and ownership files,internal_dataset,/Users/augustliu/Desktop/Research_On_Merchant_Side_Effect_Of_BNPL/data/merchant_ownership/merchant_ownership_rows.json,CLFD
0000796505,,"Clearfield, Inc.",no_relevant_evidence,"Search completed; no clear BNPL exposure signal detected in result text. Top links: https://r.bing.com/rs/4f/gg/cc,nc/-G_YKFrphkyl83D0HTgpMefXo7c.css?or=w; https://r.bing.com/rs/4f/h6/cc,nc/U6HOq0RcF4_oC2_ItiNCBhNzO24.css?or=w; https://r.bing.com/rs/4f/fG/cir3,cc,nc/5gFAL7Id0yWkqqPO1crOKHL1NzM.css?or=w",MEDIUM,2026-08-10T01:27:51.402911+00:00,"""Clearfield, Inc."" BNPL Affirm Klarna Afterpay Zip Sezzle ""buy now pay later""",,Bing Search,web_search,https://www.bing.com/search?q=%22Clearfield%2C+Inc.%22+BNPL+Affirm+Klarna+Afterpay+Zip+Sezzle+%22buy+now+pay+later%22,CLFD
0001866782,,"Codere Online Luxembourg, S.A.",no_relevant_evidence,No exact CIK or canonical-name match in current BNPL merchant dataset.,HIGH,2026-08-10T01:27:51.402911+00:00,current BNPL merchant dataset exact CIK/canonical-name check,,BNPL merchant and ownership files,internal_dataset,/Users/augustliu/Desktop/Research_On_Merchant_Side_Effect_Of_BNPL/data/merchant_ownership/merchant_ownership_rows.json,CDRO
0001866782,,"Codere Online Luxembourg, S.A.",no_relevant_evidence,"Search completed; no clear BNPL exposure signal detected in result text. Top links: https://r.bing.com/rs/4f/gg/cc,nc/-G_YKFrphkyl83D0HTgpMefXo7c.css?or=w; https://r.bing.com/rs/4f/gM/cc,nc/rWljTRKHPYQiu_szhv9ApXQ-KpI.css?or=w; https://r.bing.com/rs/4f/fG/cir3,cc,nc/5gFAL7Id0yWkqqPO1crOKHL1NzM.css?or=w",MEDIUM,2026-08-10T01:27:51.402911+00:00,"""Codere Online Luxembourg, S.A."" BNPL Affirm Klarna Afterpay Zip Sezzle ""buy now pay later""",,Bing Search,web_search,https://www.bing.com/search?q=%22Codere+Online+Luxembourg%2C+S.A.%22+BNPL+Affirm+Klarna+Afterpay+Zip+Sezzle+%22buy+now+pay+later%22,CDRO
0000895447,,SHOE STATION GROUP INC,no_relevant_evidence,No exact CIK or canonical-name match in current BNPL merchant dataset.,HIGH,2026-08-10T01:27:51.402911+00:00,current BNPL merchant dataset exact CIK/canonical-name check,,BNPL merchant and ownership files,internal_dataset,/Users/augustliu/Desktop/Research_On_Merchant_Side_Effect_Of_BNPL/data/merchant_ownership/merchant_ownership_rows.json,SHOE
0000895447,,SHOE STATION GROUP INC,no_relevant_evidence,"Search completed; no clear BNPL exposure signal detected in result text. Top links: https://r.bing.com/rs/4f/gg/cc,nc/-G_YKFrphkyl83D0HTgpMefXo7c.css?or=w; https://r.bing.com/rs/4f/gM/cc,nc/rWljTRKHPYQiu_szhv9ApXQ-KpI.css?or=w; https://r.bing.com/rs/4f/ez/cir3,cc,nc/ITQ79_h8jq-eoIeRkdWbxDW7IbQ.css?or=w",MEDIUM,2026-08-10T01:27:51.402911+00:00,"""SHOE STATION GROUP INC"" BNPL Affirm Klarna Afterpay Zip Sezzle ""buy now pay later""",,Bing Search,web_search,https://www.bing.com/search?q=%22SHOE+STATION+GROUP+INC%22+BNPL+Affirm+Klarna+Afterpay+Zip+Sezzle+%22buy+now+pay+later%22,SHOE
0001530979,,"Honest Company, Inc.",no_relevant_evidence,No exact CIK or canonical-name match in current BNPL merchant dataset.,HIGH,2026-08-10T01:27:51.402911+00:00,current BNPL merchant dataset exact CIK/canonical-name check,,BNPL merchant and ownership files,internal_dataset,/Users/augustliu/Desktop/Research_On_Merchant_Side_Effect_Of_BNPL/data/merchant_ownership/merchant_ownership_rows.json,HNST
0001530979,,"Honest Company, Inc.",no_relevant_evidence,"Search completed; no clear BNPL exposure signal detected in result text. Top links: https://r.bing.com/rs/4f/gg/cc,nc/-G_YKFrphkyl83D0HTgpMefXo7c.css?or=w; https://r.bing.com/rs/4f/h6/cc,nc/U6HOq0RcF4_oC2_ItiNCBhNzO24.css?or=w; https://r.bing.com/rs/4f/eJ/cir3,cc,nc/-ooVmxB9OlPzBcewmec-cfwYTQs.css?or=w",MEDIUM,2026-08-10T01:27:51.402911+00:00,"""Honest Company, Inc."" BNPL Affirm Klarna Afterpay Zip Sezzle ""buy now pay later""",,Bing Search,web_search,https://www.bing.com/search?q=%22Honest+Company%2C+Inc.%22+BNPL+Affirm+Klarna+Afterpay+Zip+Sezzle+%22buy+now+pay+later%22,HNST
0000069733,,"NATHANS FAMOUS, INC.",no_relevant_evidence,No exact CIK or canonical-name match in current BNPL merchant dataset.,HIGH,2026-08-10T01:27:51.402911+00:00,current BNPL merchant dataset exact CIK/canonical-name check,,BNPL merchant and ownership files,internal_dataset,/Users/augustliu/Desktop/Research_On_Merchant_Side_Effect_Of_BNPL/data/merchant_ownership/merchant_ownership_rows.json,NATH
0000069733,,"NATHANS FAMOUS, INC.",no_relevant_evidence,"Search completed; no clear BNPL exposure signal detected in result text. Top links: https://r.bing.com/rs/4f/gg/cc,nc/-G_YKFrphkyl83D0HTgpMefXo7c.css?or=w; https://r.bing.com/rs/4f/h6/cc,nc/U6HOq0RcF4_oC2_ItiNCBhNzO24.css?or=w; https://r.bing.com/rs/4f/fd/cir3,cc,nc/WTKNvHzqziTEsCD58MJtjs7bzWc.css?or=w",MEDIUM,2026-08-10T01:27:51.402911+00:00,"""NATHANS FAMOUS, INC."" BNPL Affirm Klarna Afterpay Zip Sezzle ""buy now pay later""",,Bing Search,web_search,https://www.bing.com/search?q=%22NATHANS+FAMOUS%2C+INC.%22+BNPL+Affirm+Klarna+Afterpay+Zip+Sezzle+%22buy+now+pay+later%22,NATH
0000216085,,HAVERTY FURNITURE COMPANIES INC,no_relevant_evidence,No exact CIK or canonical-name match in current BNPL merchant dataset.,HIGH,2026-08-10T01:27:51.402911+00:00,current BNPL merchant dataset exact CIK/canonical-name check,,BNPL merchant and ownership files,internal_dataset,/Users/augustliu/Desktop/Research_On_Merchant_Side_Effect_Of_BNPL/data/merchant_ownership/merchant_ownership_rows.json,HVT
0000216085,,HAVERTY FURNITURE COMPANIES INC,no_relevant_evidence,"Search completed; no clear BNPL exposure signal detected in result text. Top links: https://r.bing.com/rs/4f/gg/cc,nc/-G_YKFrphkyl83D0HTgpMefXo7c.css?or=w; https://r.bing.com/rs/4f/gM/cc,nc/rWljTRKHPYQiu_szhv9ApXQ-KpI.css?or=w; https://r.bing.com/rs/4f/fG/cir3,cc,nc/5gFAL7Id0yWkqqPO1crOKHL1NzM.css?or=w",MEDIUM,2026-08-10T01:27:51.402911+00:00,"""HAVERTY FURNITURE COMPANIES INC"" BNPL Affirm Klarna Afterpay Zip Sezzle ""buy now pay later""",,Bing Search,web_search,https://www.bing.com/search?q=%22HAVERTY+FURNITURE+COMPANIES+INC%22+BNPL+Affirm+Klarna+Afterpay+Zip+Sezzle+%22buy+now+pay+later%22,HVT
0001171155,,"RADIANT LOGISTICS, INC",no_relevant_evidence,No exact CIK or canonical-name match in current BNPL merchant dataset.,HIGH,2026-08-10T01:27:51.402911+00:00,current BNPL merchant dataset exact CIK/canonical-name check,,BNPL merchant and ownership files,internal_dataset,/Users/augustliu/Desktop/Research_On_Merchant_Side_Effect_Of_BNPL/data/merchant_ownership/merchant_ownership_rows.json,RLGT
0001171155,,"RADIANT LOGISTICS, INC",no_relevant_evidence,"Search completed; no clear BNPL exposure signal detected in result text. Top links: https://r.bing.com/rs/4f/gg/cc,nc/-G_YKFrphkyl83D0HTgpMefXo7c.css?or=w; https://r.bing.com/rs/4f/h6/cc,nc/U6HOq0RcF4_oC2_ItiNCBhNzO24.css?or=w; https://r.bing.com/rs/4f/fG/cir3,cc,nc/5gFAL7Id0yWkqqPO1crOKHL1NzM.css?or=w",MEDIUM,2026-08-10T01:27:51.402911+00:00,"""RADIANT LOGISTICS, INC"" BNPL Affirm Klarna Afterpay Zip Sezzle ""buy now pay later""",,Bing Search,web_search,https://www.bing.com/search?q=%22RADIANT+LOGISTICS%2C+INC%22+BNPL+Affirm+Klarna+Afterpay+Zip+Sezzle+%22buy+now+pay+later%22,RLGT
0001770450,,Xerox Holdings Corp,no_relevant_evidence,No exact CIK or canonical-name match in current BNPL merchant dataset.,HIGH,2026-08-10T01:27:51.402911+00:00,current BNPL merchant dataset exact CIK/canonical-name check,,BNPL merchant and ownership files,internal_dataset,/Users/augustliu/Desktop/Research_On_Merchant_Side_Effect_Of_BNPL/data/merchant_ownership/merchant_ownership_rows.json,XRX
0001770450,,Xerox Holdings Corp,no_relevant_evidence,"Search completed; no clear BNPL exposure signal detected in result text. Top links: https://r.bing.com/rs/4f/gg/cc,nc/-G_YKFrphkyl83D0HTgpMefXo7c.css?or=w; https://r.bing.com/rs/4f/gM/cc,nc/rWljTRKHPYQiu_szhv9ApXQ-KpI.css?or=w; https://r.bing.com/rs/4f/eJ/cir3,cc,nc/-ooVmxB9OlPzBcewmec-cfwYTQs.css?or=w",MEDIUM,2026-08-10T01:27:51.402911+00:00,"""Xerox Holdings Corp"" BNPL Affirm Klarna Afterpay Zip Sezzle ""buy now pay later""",,Bing Search,web_search,https://www.bing.com/search?q=%22Xerox+Holdings+Corp%22+BNPL+Affirm+Klarna+Afterpay+Zip+Sezzle+%22buy+now+pay+later%22,XRX
0001669779,,"Camping World Holdings, Inc.",no_relevant_evidence,No exact CIK or canonical-name match in current BNPL merchant dataset.,HIGH,2026-08-10T01:27:51.402911+00:00,current BNPL merchant dataset exact CIK/canonical-name check,,BNPL merchant and ownership files,internal_dataset,/Users/augustliu/Desktop/Research_On_Merchant_Side_Effect_Of_BNPL/data/merchant_ownership/merchant_ownership_rows.json,CWH
0001669779,,"Camping World Holdings, Inc.",no_relevant_evidence,"Search completed; no clear BNPL exposure signal detected in result text. Top links: https://r.bing.com/rs/4f/gg/cc,nc/-G_YKFrphkyl83D0HTgpMefXo7c.css?or=w; https://r.bing.com/rs/4f/gS/cc,nc/_huiPba-9XiYDf9Vd8j9EoLtXL4.css?or=w; https://r.bing.com/rs/4f/fG/cir3,cc,nc/5gFAL7Id0yWkqqPO1crOKHL1NzM.css?or=w",MEDIUM,2026-08-10T01:27:51.402911+00:00,"""Camping World Holdings, Inc."" BNPL Affirm Klarna Afterpay Zip Sezzle ""buy now pay later""",,Bing Search,web_search,https://www.bing.com/search?q=%22Camping+World+Holdings%2C+Inc.%22+BNPL+Affirm+Klarna+Afterpay+Zip+Sezzle+%22buy+now+pay+later%22,CWH
0001448397,,Seanergy Maritime Holdings Corp.,no_relevant_evidence,No exact CIK or canonical-name match in current BNPL merchant dataset.,HIGH,2026-08-10T01:27:51.402911+00:00,current BNPL merchant dataset exact CIK/canonical-name check,,BNPL merchant and ownership files,internal_dataset,/Users/augustliu/Desktop/Research_On_Merchant_Side_Effect_Of_BNPL/data/merchant_ownership/merchant_ownership_rows.json,SHIP
0001448397,,Seanergy Maritime Holdings Corp.,no_relevant_evidence,"Search completed; no clear BNPL exposure signal detected in result text. Top links: https://r.bing.com/rs/4f/gg/cc,nc/-G_YKFrphkyl83D0HTgpMefXo7c.css?or=w; https://r.bing.com/rs/4f/h6/cc,nc/U6HOq0RcF4_oC2_ItiNCBhNzO24.css?or=w; https://r.bing.com/rs/4f/fG/cir3,cc,nc/5gFAL7Id0yWkqqPO1crOKHL1NzM.css?or=w",MEDIUM,2026-08-10T01:27:51.402911+00:00,"""Seanergy Maritime Holdings Corp."" BNPL Affirm Klarna Afterpay Zip Sezzle ""buy now pay later""",,Bing Search,web_search,https://www.bing.com/search?q=%22Seanergy+Maritime+Holdings+Corp.%22+BNPL+Affirm+Klarna+Afterpay+Zip+Sezzle+%22buy+now+pay+later%22,SHIP
0001564180,,KNOT Offshore Partners LP,no_relevant_evidence,No exact CIK or canonical-name match in current BNPL merchant dataset.,HIGH,2026-08-10T01:27:51.402911+00:00,current BNPL merchant dataset exact CIK/canonical-name check,,BNPL merchant and ownership files,internal_dataset,/Users/augustliu/Desktop/Research_On_Merchant_Side_Effect_Of_BNPL/data/merchant_ownership/merchant_ownership_rows.json,KNOP
0001564180,,KNOT Offshore Partners LP,no_relevant_evidence,"Search completed; no clear BNPL exposure signal detected in result text. Top links: https://r.bing.com/rs/4f/gg/cc,nc/-G_YKFrphkyl83D0HTgpMefXo7c.css?or=w; https://r.bing.com/rs/4f/gM/cc,nc/rWljTRKHPYQiu_szhv9ApXQ-KpI.css?or=w; https://r.bing.com/rs/4f/fG/cir3,cc,nc/5gFAL7Id0yWkqqPO1crOKHL1NzM.css?or=w",MEDIUM,2026-08-10T01:27:51.402911+00:00,"""KNOT Offshore Partners LP"" BNPL Affirm Klarna Afterpay Zip Sezzle ""buy now pay later""",,Bing Search,web_search,https://www.bing.com/search?q=%22KNOT+Offshore+Partners+LP%22+BNPL+Affirm+Klarna+Afterpay+Zip+Sezzle+%22buy+now+pay+later%22,KNOP
0001365767,,Allot Ltd.,no_relevant_evidence,No exact CIK or canonical-name match in current BNPL merchant dataset.,HIGH,2026-08-10T01:27:51.402911+00:00,current BNPL merchant dataset exact CIK/canonical-name check,,BNPL merchant and ownership files,internal_dataset,/Users/augustliu/Desktop/Research_On_Merchant_Side_Effect_Of_BNPL/data/merchant_ownership/merchant_ownership_rows.json,ALLT
0001365767,,Allot Ltd.,no_relevant_evidence,"Search completed; no clear BNPL exposure signal detected in result text. Top links: https://r.bing.com/rs/4f/gg/cc,nc/-G_YKFrphkyl83D0HTgpMefXo7c.css?or=w; https://r.bing.com/rs/4f/gM/cc,nc/rWljTRKHPYQiu_szhv9ApXQ-KpI.css?or=w; https://r.bing.com/rs/4f/fG/cir3,cc,nc/5gFAL7Id0yWkqqPO1crOKHL1NzM.css?or=w",MEDIUM,2026-08-10T01:27:51.402911+00:00,"""Allot Ltd."" BNPL Affirm Klarna Afterpay Zip Sezzle ""buy now pay later""",,Bing Search,web_search,https://www.bing.com/search?q=%22Allot+Ltd.%22+BNPL+Affirm+Klarna+Afterpay+Zip+Sezzle+%22buy+now+pay+later%22,ALLT
0001703157,,"Securetech Innovations, Inc.",no_relevant_evidence,No exact CIK or canonical-name match in current BNPL merchant dataset.,HIGH,2026-08-10T01:27:51.402911+00:00,current BNPL merchant dataset exact CIK/canonical-name check,,BNPL merchant and ownership files,internal_dataset,/Users/augustliu/Desktop/Research_On_Merchant_Side_Effect_Of_BNPL/data/merchant_ownership/merchant_ownership_rows.json,SCTH
0001703157,,"Securetech Innovations, Inc.",no_relevant_evidence,"Search completed; no clear BNPL exposure signal detected in result text. Top links: https://r.bing.com/rs/4f/gg/cc,nc/-G_YKFrphkyl83D0HTgpMefXo7c.css?or=w; https://r.bing.com/rs/4f/gM/cc,nc/rWljTRKHPYQiu_szhv9ApXQ-KpI.css?or=w; https://r.bing.com/rs/4f/f3/cir3,cc,nc/XKkf7PevzOVtzidRm3f9xWob0cM.css?or=w",MEDIUM,2026-08-10T01:27:51.402911+00:00,"""Securetech Innovations, Inc."" BNPL Affirm Klarna Afterpay Zip Sezzle ""buy now pay later""",,Bing Search,web_search,https://www.bing.com/search?q=%22Securetech+Innovations%2C+Inc.%22+BNPL+Affirm+Klarna+Afterpay+Zip+Sezzle+%22buy+now+pay+later%22,SCTH
0001525769,,"Dave & Buster's Entertainment, Inc.",no_relevant_evidence,No exact CIK or canonical-name match in current BNPL merchant dataset.,HIGH,2026-08-10T01:27:51.402911+00:00,current BNPL merchant dataset exact CIK/canonical-name check,,BNPL merchant and ownership files,internal_dataset,/Users/augustliu/Desktop/Research_On_Merchant_Side_Effect_Of_BNPL/data/merchant_ownership/merchant_ownership_rows.json,PLAY
0001525769,,"Dave & Buster's Entertainment, Inc.",no_relevant_evidence,"Search completed; no clear BNPL exposure signal detected in result text. Top links: https://r.bing.com/rs/4f/gg/cc,nc/-G_YKFrphkyl83D0HTgpMefXo7c.css?or=w; https://r.bing.com/rs/4f/h6/cc,nc/U6HOq0RcF4_oC2_ItiNCBhNzO24.css?or=w; https://r.bing.com/rs/4f/fG/cir3,cc,nc/5gFAL7Id0yWkqqPO1crOKHL1NzM.css?or=w",MEDIUM,2026-08-10T01:27:51.402911+00:00,"""Dave & Buster's Entertainment, Inc."" BNPL Affirm Klarna Afterpay Zip Sezzle ""buy now pay later""",,Bing Search,web_search,https://www.bing.com/search?q=%22Dave+%26+Buster%27s+Entertainment%2C+Inc.%22+BNPL+Affirm+Klarna+Afterpay+Zip+Sezzle+%22buy+now+pay+later%22,PLAY
0002047273,,BUUU Group Ltd,no_relevant_evidence,No exact CIK or canonical-name match in current BNPL merchant dataset.,HIGH,2026-08-10T01:27:51.402911+00:00,current BNPL merchant dataset exact CIK/canonical-name check,,BNPL merchant and ownership files,internal_dataset,/Users/augustliu/Desktop/Research_On_Merchant_Side_Effect_Of_BNPL/data/merchant_ownership/merchant_ownership_rows.json,BUUU
0002047273,,BUUU Group Ltd,no_relevant_evidence,"Search completed; no clear BNPL exposure signal detected in result text. Top links: https://r.bing.com/rs/4f/gg/cc,nc/-G_YKFrphkyl83D0HTgpMefXo7c.css?or=w; https://r.bing.com/rs/4f/h6/cc,nc/U6HOq0RcF4_oC2_ItiNCBhNzO24.css?or=w; https://r.bing.com/rs/4f/eJ/cir3,cc,nc/-ooVmxB9OlPzBcewmec-cfwYTQs.css?or=w",MEDIUM,2026-08-10T01:27:51.402911+00:00,"""BUUU Group Ltd"" BNPL Affirm Klarna Afterpay Zip Sezzle ""buy now pay later""",,Bing Search,web_search,https://www.bing.com/search?q=%22BUUU+Group+Ltd%22+BNPL+Affirm+Klarna+Afterpay+Zip+Sezzle+%22buy+now+pay+later%22,BUUU
0000933034,,STRATTEC SECURITY CORP,no_relevant_evidence,No exact CIK or canonical-name match in current BNPL merchant dataset.,HIGH,2026-08-10T01:27:51.402911+00:00,current BNPL merchant dataset exact CIK/canonical-name check,,BNPL merchant and ownership files,internal_dataset,/Users/augustliu/Desktop/Research_On_Merchant_Side_Effect_Of_BNPL/data/merchant_ownership/merchant_ownership_rows.json,STRT
0000933034,,STRATTEC SECURITY CORP,no_relevant_evidence,"Search completed; no clear BNPL exposure signal detected in result text. Top links: https://r.bing.com/rs/4f/gg/cc,nc/-G_YKFrphkyl83D0HTgpMefXo7c.css?or=w; https://r.bing.com/rs/4f/h6/cc,nc/U6HOq0RcF4_oC2_ItiNCBhNzO24.css?or=w; https://r.bing.com/rs/4f/fG/cir3,cc,nc/5gFAL7Id0yWkqqPO1crOKHL1NzM.css?or=w",MEDIUM,2026-08-10T01:27:51.402911+00:00,"""STRATTEC SECURITY CORP"" BNPL Affirm Klarna Afterpay Zip Sezzle ""buy now pay later""",,Bing Search,web_search,https://www.bing.com/search?q=%22STRATTEC+SECURITY+CORP%22+BNPL+Affirm+Klarna+Afterpay+Zip+Sezzle+%22buy+now+pay+later%22,STRT
0001956439,,Enhanced Group Inc.,no_relevant_evidence,No exact CIK or canonical-name match in current BNPL merchant dataset.,HIGH,2026-08-10T01:27:51.402911+00:00,current BNPL merchant dataset exact CIK/canonical-name check,,BNPL merchant and ownership files,internal_dataset,/Users/augustliu/Desktop/Research_On_Merchant_Side_Effect_Of_BNPL/data/merchant_ownership/merchant_ownership_rows.json,ENHA
0001956439,,Enhanced Group Inc.,no_relevant_evidence,"Search completed; no clear BNPL exposure signal detected in result text. Top links: https://r.bing.com/rs/4f/gg/cc,nc/-G_YKFrphkyl83D0HTgpMefXo7c.css?or=w; https://r.bing.com/rs/4f/h6/cc,nc/U6HOq0RcF4_oC2_ItiNCBhNzO24.css?or=w; https://r.bing.com/rs/4f/ez/cir3,cc,nc/ITQ79_h8jq-eoIeRkdWbxDW7IbQ.css?or=w",MEDIUM,2026-08-10T01:27:51.402911+00:00,"""Enhanced Group Inc."" BNPL Affirm Klarna Afterpay Zip Sezzle ""buy now pay later""",,Bing Search,web_search,https://www.bing.com/search?q=%22Enhanced+Group+Inc.%22+BNPL+Affirm+Klarna+Afterpay+Zip+Sezzle+%22buy+now+pay+later%22,ENHA
0000895456,,"ROCKY BRANDS, INC.",no_relevant_evidence,No exact CIK or canonical-name match in current BNPL merchant dataset.,HIGH,2026-08-10T01:27:51.402911+00:00,current BNPL merchant dataset exact CIK/canonical-name check,,BNPL merchant and ownership files,internal_dataset,/Users/augustliu/Desktop/Research_On_Merchant_Side_Effect_Of_BNPL/data/merchant_ownership/merchant_ownership_rows.json,RCKY
0000895456,,"ROCKY BRANDS, INC.",no_relevant_evidence,"Search completed; no clear BNPL exposure signal detected in result text. Top links: https://r.bing.com/rs/4f/gg/cc,nc/-G_YKFrphkyl83D0HTgpMefXo7c.css?or=w; https://r.bing.com/rs/4f/gM/cc,nc/rWljTRKHPYQiu_szhv9ApXQ-KpI.css?or=w; https://r.bing.com/rs/4f/ez/cir3,cc,nc/ITQ79_h8jq-eoIeRkdWbxDW7IbQ.css?or=w",MEDIUM,2026-08-10T01:27:51.402911+00:00,"""ROCKY BRANDS, INC."" BNPL Affirm Klarna Afterpay Zip Sezzle ""buy now pay later""",,Bing Search,web_search,https://www.bing.com/search?q=%22ROCKY+BRANDS%2C+INC.%22+BNPL+Affirm+Klarna+Afterpay+Zip+Sezzle+%22buy+now+pay+later%22,RCKY
0001713334,,STUDIO CITY INTERNATIONAL HOLDINGS Ltd,no_relevant_evidence,No exact CIK or canonical-name match in current BNPL merchant dataset.,HIGH,2026-08-10T01:27:51.402911+00:00,current BNPL merchant dataset exact CIK/canonical-name check,,BNPL merchant and ownership files,internal_dataset,/Users/augustliu/Desktop/Research_On_Merchant_Side_Effect_Of_BNPL/data/merchant_ownership/merchant_ownership_rows.json,MSC
0001713334,,STUDIO CITY INTERNATIONAL HOLDINGS Ltd,no_relevant_evidence,"Search completed; no clear BNPL exposure signal detected in result text. Top links: https://r.bing.com/rs/4f/gg/cc,nc/-G_YKFrphkyl83D0HTgpMefXo7c.css?or=w; https://r.bing.com/rs/4f/h6/cc,nc/U6HOq0RcF4_oC2_ItiNCBhNzO24.css?or=w; https://r.bing.com/rs/4f/fG/cir3,cc,nc/5gFAL7Id0yWkqqPO1crOKHL1NzM.css?or=w",MEDIUM,2026-08-10T01:27:51.402911+00:00,"""STUDIO CITY INTERNATIONAL HOLDINGS Ltd"" BNPL Affirm Klarna Afterpay Zip Sezzle ""buy now pay later""",,Bing Search,web_search,https://www.bing.com/search?q=%22STUDIO+CITY+INTERNATIONAL+HOLDINGS+Ltd%22+BNPL+Affirm+Klarna+Afterpay+Zip+Sezzle+%22buy+now+pay+later%22,MSC
0001957413,,Digital Currency X Technology Inc.,no_relevant_evidence,No exact CIK or canonical-name match in current BNPL merchant dataset.,HIGH,2026-08-10T01:27:51.402911+00:00,current BNPL merchant dataset exact CIK/canonical-name check,,BNPL merchant and ownership files,internal_dataset,/Users/augustliu/Desktop/Research_On_Merchant_Side_Effect_Of_BNPL/data/merchant_ownership/merchant_ownership_rows.json,DCX
0001957413,,Digital Currency X Technology Inc.,no_relevant_evidence,"Search completed; no clear BNPL exposure signal detected in result text. Top links: https://r.bing.com/rs/4f/gg/cc,nc/-G_YKFrphkyl83D0HTgpMefXo7c.css?or=w; https://r.bing.com/rs/4f/h6/cc,nc/U6HOq0RcF4_oC2_ItiNCBhNzO24.css?or=w; https://r.bing.com/rs/4f/eT/cir3,cc,nc/ZNlEaxLrmuWEflDP-KwkyUROBrA.css?or=w",MEDIUM,2026-08-10T01:27:51.402911+00:00,"""Digital Currency X Technology Inc."" BNPL Affirm Klarna Afterpay Zip Sezzle ""buy now pay later""",,Bing Search,web_search,https://www.bing.com/search?q=%22Digital+Currency+X+Technology+Inc.%22+BNPL+Affirm+Klarna+Afterpay+Zip+Sezzle+%22buy+now+pay+later%22,DCX
0002009684,,Seaport Entertainment Group Inc.,no_relevant_evidence,No exact CIK or canonical-name match in current BNPL merchant dataset.,HIGH,2026-08-10T01:27:51.402911+00:00,current BNPL merchant dataset exact CIK/canonical-name check,,BNPL merchant and ownership files,internal_dataset,/Users/augustliu/Desktop/Research_On_Merchant_Side_Effect_Of_BNPL/data/merchant_ownership/merchant_ownership_rows.json,SEG
0002009684,,Seaport Entertainment Group Inc.,no_relevant_evidence,"Search completed; no clear BNPL exposure signal detected in result text. Top links: https://r.bing.com/rs/4f/gg/cc,nc/-G_YKFrphkyl83D0HTgpMefXo7c.css?or=w; https://r.bing.com/rs/4f/h6/cc,nc/U6HOq0RcF4_oC2_ItiNCBhNzO24.css?or=w; https://r.bing.com/rs/4f/fG/cir3,cc,nc/5gFAL7Id0yWkqqPO1crOKHL1NzM.css?or=w",MEDIUM,2026-08-10T01:27:51.402911+00:00,"""Seaport Entertainment Group Inc."" BNPL Affirm Klarna Afterpay Zip Sezzle ""buy now pay later""",,Bing Search,web_search,https://www.bing.com/search?q=%22Seaport+Entertainment+Group+Inc.%22+BNPL+Affirm+Klarna+Afterpay+Zip+Sezzle+%22buy+now+pay+later%22,SEG
0001871509,,Portillo's Inc.,no_relevant_evidence,No exact CIK or canonical-name match in current BNPL merchant dataset.,HIGH,2026-08-10T01:27:51.402911+00:00,current BNPL merchant dataset exact CIK/canonical-name check,,BNPL merchant and ownership files,internal_dataset,/Users/augustliu/Desktop/Research_On_Merchant_Side_Effect_Of_BNPL/data/merchant_ownership/merchant_ownership_rows.json,PTLO
0001871509,,Portillo's Inc.,no_relevant_evidence,"Search completed; no clear BNPL exposure signal detected in result text. Top links: https://r.bing.com/rs/4f/gg/cc,nc/-G_YKFrphkyl83D0HTgpMefXo7c.css?or=w; https://r.bing.com/rs/4f/gM/cc,nc/rWljTRKHPYQiu_szhv9ApXQ-KpI.css?or=w; https://r.bing.com/rs/4f/eT/cir3,cc,nc/ZNlEaxLrmuWEflDP-KwkyUROBrA.css?or=w",MEDIUM,2026-08-10T01:27:51.402911+00:00,"""Portillo's Inc."" BNPL Affirm Klarna Afterpay Zip Sezzle ""buy now pay later""",,Bing Search,web_search,https://www.bing.com/search?q=%22Portillo%27s+Inc.%22+BNPL+Affirm+Klarna+Afterpay+Zip+Sezzle+%22buy+now+pay+later%22,PTLO
0001819580,,Yatsen Holding Ltd,no_relevant_evidence,No exact CIK or canonical-name match in current BNPL merchant dataset.,HIGH,2026-08-10T01:27:51.402911+00:00,current BNPL merchant dataset exact CIK/canonical-name check,,BNPL merchant and ownership files,internal_dataset,/Users/augustliu/Desktop/Research_On_Merchant_Side_Effect_Of_BNPL/data/merchant_ownership/merchant_ownership_rows.json,YSG
0001819580,,Yatsen Holding Ltd,no_relevant_evidence,"Search completed; no clear BNPL exposure signal detected in result text. Top links: https://r.bing.com/rs/4f/gg/cc,nc/-G_YKFrphkyl83D0HTgpMefXo7c.css?or=w; https://r.bing.com/rs/4f/h6/cc,nc/U6HOq0RcF4_oC2_ItiNCBhNzO24.css?or=w; https://r.bing.com/rs/4f/ez/cir3,cc,nc/ITQ79_h8jq-eoIeRkdWbxDW7IbQ.css?or=w",MEDIUM,2026-08-10T01:27:51.402911+00:00,"""Yatsen Holding Ltd"" BNPL Affirm Klarna Afterpay Zip Sezzle ""buy now pay later""",,Bing Search,web_search,https://www.bing.com/search?q=%22Yatsen+Holding+Ltd%22+BNPL+Affirm+Klarna+Afterpay+Zip+Sezzle+%22buy+now+pay+later%22,YSG
0001706946,,"Virgin Galactic Holdings, Inc",no_relevant_evidence,No exact CIK or canonical-name match in current BNPL merchant dataset.,HIGH,2026-08-10T01:27:51.402911+00:00,current BNPL merchant dataset exact CIK/canonical-name check,,BNPL merchant and ownership files,internal_dataset,/Users/augustliu/Desktop/Research_On_Merchant_Side_Effect_Of_BNPL/data/merchant_ownership/merchant_ownership_rows.json,SPCE
0001706946,,"Virgin Galactic Holdings, Inc",no_relevant_evidence,"Search completed; no clear BNPL exposure signal detected in result text. Top links: https://r.bing.com/rs/4f/gg/cc,nc/-G_YKFrphkyl83D0HTgpMefXo7c.css?or=w; https://r.bing.com/rs/4f/h6/cc,nc/U6HOq0RcF4_oC2_ItiNCBhNzO24.css?or=w; https://r.bing.com/rs/4f/fG/cir3,cc,nc/5gFAL7Id0yWkqqPO1crOKHL1NzM.css?or=w",MEDIUM,2026-08-10T01:27:51.402911+00:00,"""Virgin Galactic Holdings, Inc"" BNPL Affirm Klarna Afterpay Zip Sezzle ""buy now pay later""",,Bing Search,web_search,https://www.bing.com/search?q=%22Virgin+Galactic+Holdings%2C+Inc%22+BNPL+Affirm+Klarna+Afterpay+Zip+Sezzle+%22buy+now+pay+later%22,SPCE
0001822928,,Holley Inc.,no_relevant_evidence,No exact CIK or canonical-name match in current BNPL merchant dataset.,HIGH,2026-08-10T01:27:51.402911+00:00,current BNPL merchant dataset exact CIK/canonical-name check,,BNPL merchant and ownership files,internal_dataset,/Users/augustliu/Desktop/Research_On_Merchant_Side_Effect_Of_BNPL/data/merchant_ownership/merchant_ownership_rows.json,HLLY
0001822928,,Holley Inc.,no_relevant_evidence,"Search completed; no clear BNPL exposure signal detected in result text. Top links: https://r.bing.com/rs/4f/gg/cc,nc/-G_YKFrphkyl83D0HTgpMefXo7c.css?or=w; https://r.bing.com/rs/4f/h6/cc,nc/U6HOq0RcF4_oC2_ItiNCBhNzO24.css?or=w; https://r.bing.com/rs/4f/fG/cir3,cc,nc/5gFAL7Id0yWkqqPO1crOKHL1NzM.css?or=w",MEDIUM,2026-08-10T01:27:51.402911+00:00,"""Holley Inc."" BNPL Affirm Klarna Afterpay Zip Sezzle ""buy now pay later""",,Bing Search,web_search,https://www.bing.com/search?q=%22Holley+Inc.%22+BNPL+Affirm+Klarna+Afterpay+Zip+Sezzle+%22buy+now+pay+later%22,HLLY
0001802156,,"Xponential Fitness, Inc.",no_relevant_evidence,No exact CIK or canonical-name match in current BNPL merchant dataset.,HIGH,2026-08-10T01:27:51.402911+00:00,current BNPL merchant dataset exact CIK/canonical-name check,,BNPL merchant and ownership files,internal_dataset,/Users/augustliu/Desktop/Research_On_Merchant_Side_Effect_Of_BNPL/data/merchant_ownership/merchant_ownership_rows.json,XPOF
0001802156,,"Xponential Fitness, Inc.",no_relevant_evidence,"Search completed; no clear BNPL exposure signal detected in result text. Top links: https://r.bing.com/rs/4f/gg/cc,nc/-G_YKFrphkyl83D0HTgpMefXo7c.css?or=w; https://r.bing.com/rs/4f/gM/cc,nc/rWljTRKHPYQiu_szhv9ApXQ-KpI.css?or=w; https://r.bing.com/rs/4f/fG/cir3,cc,nc/5gFAL7Id0yWkqqPO1crOKHL1NzM.css?or=w",MEDIUM,2026-08-10T01:27:51.402911+00:00,"""Xponential Fitness, Inc."" BNPL Affirm Klarna Afterpay Zip Sezzle ""buy now pay later""",,Bing Search,web_search,https://www.bing.com/search?q=%22Xponential+Fitness%2C+Inc.%22+BNPL+Affirm+Klarna+Afterpay+Zip+Sezzle+%22buy+now+pay+later%22,XPOF
0000807882,,JACK IN THE BOX INC,no_relevant_evidence,No exact CIK or canonical-name match in current BNPL merchant dataset.,HIGH,2026-08-10T01:27:51.402911+00:00,current BNPL merchant dataset exact CIK/canonical-name check,,BNPL merchant and ownership files,internal_dataset,/Users/augustliu/Desktop/Research_On_Merchant_Side_Effect_Of_BNPL/data/merchant_ownership/merchant_ownership_rows.json,JACK
0000807882,,JACK IN THE BOX INC,no_relevant_evidence,"Search completed; no clear BNPL exposure signal detected in result text. Top links: https://r.bing.com/rs/4f/gg/cc,nc/-G_YKFrphkyl83D0HTgpMefXo7c.css?or=w; https://r.bing.com/rs/4f/gM/cc,nc/rWljTRKHPYQiu_szhv9ApXQ-KpI.css?or=w; https://r.bing.com/rs/4f/fG/cir3,cc,nc/5gFAL7Id0yWkqqPO1crOKHL1NzM.css?or=w",MEDIUM,2026-08-10T01:27:51.402911+00:00,"""JACK IN THE BOX INC"" BNPL Affirm Klarna Afterpay Zip Sezzle ""buy now pay later""",,Bing Search,web_search,https://www.bing.com/search?q=%22JACK+IN+THE+BOX+INC%22+BNPL+Affirm+Klarna+Afterpay+Zip+Sezzle+%22buy+now+pay+later%22,JACK
0001319947,,Designer Brands Inc.,no_relevant_evidence,No exact CIK or canonical-name match in current BNPL merchant dataset.,HIGH,2026-08-10T01:27:51.402911+00:00,current BNPL merchant dataset exact CIK/canonical-name check,,BNPL merchant and ownership files,internal_dataset,/Users/augustliu/Desktop/Research_On_Merchant_Side_Effect_Of_BNPL/data/merchant_ownership/merchant_ownership_rows.json,DBI
0001319947,,Designer Brands Inc.,no_relevant_evidence,"Search completed; no clear BNPL exposure signal detected in result text. Top links: https://r.bing.com/rs/4f/gg/cc,nc/-G_YKFrphkyl83D0HTgpMefXo7c.css?or=w; https://r.bing.com/rs/4f/h6/cc,nc/U6HOq0RcF4_oC2_ItiNCBhNzO24.css?or=w; https://r.bing.com/rs/4f/f3/cir3,cc,nc/XKkf7PevzOVtzidRm3f9xWob0cM.css?or=w",MEDIUM,2026-08-10T01:27:51.402911+00:00,"""Designer Brands Inc."" BNPL Affirm Klarna Afterpay Zip Sezzle ""buy now pay later""",,Bing Search,web_search,https://www.bing.com/search?q=%22Designer+Brands+Inc.%22+BNPL+Affirm+Klarna+Afterpay+Zip+Sezzle+%22buy+now+pay+later%22,DBI
0000015847,,BUTLER NATIONAL CORP,no_relevant_evidence,No exact CIK or canonical-name match in current BNPL merchant dataset.,HIGH,2026-08-10T01:27:51.402911+00:00,current BNPL merchant dataset exact CIK/canonical-name check,,BNPL merchant and ownership files,internal_dataset,/Users/augustliu/Desktop/Research_On_Merchant_Side_Effect_Of_BNPL/data/merchant_ownership/merchant_ownership_rows.json,BUKS
0000015847,,BUTLER NATIONAL CORP,no_relevant_evidence,"Search completed; no clear BNPL exposure signal detected in result text. Top links: https://r.bing.com/rs/4f/gg/cc,nc/-G_YKFrphkyl83D0HTgpMefXo7c.css?or=w; https://r.bing.com/rs/4f/h6/cc,nc/U6HOq0RcF4_oC2_ItiNCBhNzO24.css?or=w; https://r.bing.com/rs/4f/fG/cir3,cc,nc/5gFAL7Id0yWkqqPO1crOKHL1NzM.css?or=w",MEDIUM,2026-08-10T01:27:51.402911+00:00,"""BUTLER NATIONAL CORP"" BNPL Affirm Klarna Afterpay Zip Sezzle ""buy now pay later""",,Bing Search,web_search,https://www.bing.com/search?q=%22BUTLER+NATIONAL+CORP%22+BNPL+Affirm+Klarna+Afterpay+Zip+Sezzle+%22buy+now+pay+later%22,BUKS
0000002186,,BK Technologies Corp,no_relevant_evidence,No exact CIK or canonical-name match in current BNPL merchant dataset.,HIGH,2026-08-10T01:27:51.402911+00:00,current BNPL merchant dataset exact CIK/canonical-name check,,BNPL merchant and ownership files,internal_dataset,/Users/augustliu/Desktop/Research_On_Merchant_Side_Effect_Of_BNPL/data/merchant_ownership/merchant_ownership_rows.json,BKTI
0000002186,,BK Technologies Corp,no_relevant_evidence,"Search completed; no clear BNPL exposure signal detected in result text. Top links: https://r.bing.com/rs/4f/gg/cc,nc/-G_YKFrphkyl83D0HTgpMefXo7c.css?or=w; https://r.bing.com/rs/4f/h6/cc,nc/U6HOq0RcF4_oC2_ItiNCBhNzO24.css?or=w; https://r.bing.com/rs/4f/eJ/cir3,cc,nc/-ooVmxB9OlPzBcewmec-cfwYTQs.css?or=w",MEDIUM,2026-08-10T01:27:51.402911+00:00,"""BK Technologies Corp"" BNPL Affirm Klarna Afterpay Zip Sezzle ""buy now pay later""",,Bing Search,web_search,https://www.bing.com/search?q=%22BK+Technologies+Corp%22+BNPL+Affirm+Klarna+Afterpay+Zip+Sezzle+%22buy+now+pay+later%22,BKTI
0000037472,,FLEXSTEEL INDUSTRIES INC,no_relevant_evidence,No exact CIK or canonical-name match in current BNPL merchant dataset.,HIGH,2026-08-10T01:27:51.402911+00:00,current BNPL merchant dataset exact CIK/canonical-name check,,BNPL merchant and ownership files,internal_dataset,/Users/augustliu/Desktop/Research_On_Merchant_Side_Effect_Of_BNPL/data/merchant_ownership/merchant_ownership_rows.json,FLXS
0000037472,,FLEXSTEEL INDUSTRIES INC,no_relevant_evidence,"Search completed; no clear BNPL exposure signal detected in result text. Top links: https://r.bing.com/rs/4f/gg/cc,nc/-G_YKFrphkyl83D0HTgpMefXo7c.css?or=w; https://r.bing.com/rs/4f/h6/cc,nc/U6HOq0RcF4_oC2_ItiNCBhNzO24.css?or=w; https://r.bing.com/rs/4f/fd/cir3,cc,nc/WTKNvHzqziTEsCD58MJtjs7bzWc.css?or=w",MEDIUM,2026-08-10T01:27:51.402911+00:00,"""FLEXSTEEL INDUSTRIES INC"" BNPL Affirm Klarna Afterpay Zip Sezzle ""buy now pay later""",,Bing Search,web_search,https://www.bing.com/search?q=%22FLEXSTEEL+INDUSTRIES+INC%22+BNPL+Affirm+Klarna+Afterpay+Zip+Sezzle+%22buy+now+pay+later%22,FLXS
0001009829,,JAKKS PACIFIC INC,no_relevant_evidence,No exact CIK or canonical-name match in current BNPL merchant dataset.,HIGH,2026-08-10T01:27:51.402911+00:00,current BNPL merchant dataset exact CIK/canonical-name check,,BNPL merchant and ownership files,internal_dataset,/Users/augustliu/Desktop/Research_On_Merchant_Side_Effect_Of_BNPL/data/merchant_ownership/merchant_ownership_rows.json,JAKK
0001009829,,JAKKS PACIFIC INC,no_relevant_evidence,"Search completed; no clear BNPL exposure signal detected in result text. Top links: https://r.bing.com/rs/4f/gg/cc,nc/-G_YKFrphkyl83D0HTgpMefXo7c.css?or=w; https://r.bing.com/rs/4f/gM/cc,nc/rWljTRKHPYQiu_szhv9ApXQ-KpI.css?or=w; https://r.bing.com/rs/4f/fG/cir3,cc,nc/5gFAL7Id0yWkqqPO1crOKHL1NzM.css?or=w",MEDIUM,2026-08-10T01:27:51.402911+00:00,"""JAKKS PACIFIC INC"" BNPL Affirm Klarna Afterpay Zip Sezzle ""buy now pay later""",,Bing Search,web_search,https://www.bing.com/search?q=%22JAKKS+PACIFIC+INC%22+BNPL+Affirm+Klarna+Afterpay+Zip+Sezzle+%22buy+now+pay+later%22,JAKK
0001318885,,DIANA SHIPPING INC.,no_relevant_evidence,No exact CIK or canonical-name match in current BNPL merchant dataset.,HIGH,2026-08-10T01:27:51.402911+00:00,current BNPL merchant dataset exact CIK/canonical-name check,,BNPL merchant and ownership files,internal_dataset,/Users/augustliu/Desktop/Research_On_Merchant_Side_Effect_Of_BNPL/data/merchant_ownership/merchant_ownership_rows.json,DSX
0001318885,,DIANA SHIPPING INC.,no_relevant_evidence,"Search completed; no clear BNPL exposure signal detected in result text. Top links: https://r.bing.com/rs/4f/gg/cc,nc/-G_YKFrphkyl83D0HTgpMefXo7c.css?or=w; https://r.bing.com/rs/4f/gM/cc,nc/rWljTRKHPYQiu_szhv9ApXQ-KpI.css?or=w; https://r.bing.com/rs/4f/eT/cir3,cc,nc/ZNlEaxLrmuWEflDP-KwkyUROBrA.css?or=w",MEDIUM,2026-08-10T01:27:51.402911+00:00,"""DIANA SHIPPING INC."" BNPL Affirm Klarna Afterpay Zip Sezzle ""buy now pay later""",,Bing Search,web_search,https://www.bing.com/search?q=%22DIANA+SHIPPING+INC.%22+BNPL+Affirm+Klarna+Afterpay+Zip+Sezzle+%22buy+now+pay+later%22,DSX
0001901203,,CN Healthy Food Tech Group Corp.,no_relevant_evidence,No exact CIK or canonical-name match in current BNPL merchant dataset.,HIGH,2026-08-10T01:27:51.402911+00:00,current BNPL merchant dataset exact CIK/canonical-name check,,BNPL merchant and ownership files,internal_dataset,/Users/augustliu/Desktop/Research_On_Merchant_Side_Effect_Of_BNPL/data/merchant_ownership/merchant_ownership_rows.json,UCFI
0001901203,,CN Healthy Food Tech Group Corp.,no_relevant_evidence,"Search completed; no clear BNPL exposure signal detected in result text. Top links: https://r.bing.com/rs/4f/gg/cc,nc/-G_YKFrphkyl83D0HTgpMefXo7c.css?or=w; https://r.bing.com/rs/4f/h6/cc,nc/U6HOq0RcF4_oC2_ItiNCBhNzO24.css?or=w; https://r.bing.com/rs/4f/f3/cir3,cc,nc/XKkf7PevzOVtzidRm3f9xWob0cM.css?or=w",MEDIUM,2026-08-10T01:27:51.402911+00:00,"""CN Healthy Food Tech Group Corp."" BNPL Affirm Klarna Afterpay Zip Sezzle ""buy now pay later""",,Bing Search,web_search,https://www.bing.com/search?q=%22CN+Healthy+Food+Tech+Group+Corp.%22+BNPL+Affirm+Klarna+Afterpay+Zip+Sezzle+%22buy+now+pay+later%22,UCFI
0000033488,,ESCALADE INC,no_relevant_evidence,No exact CIK or canonical-name match in current BNPL merchant dataset.,HIGH,2026-08-10T01:27:51.402911+00:00,current BNPL merchant dataset exact CIK/canonical-name check,,BNPL merchant and ownership files,internal_dataset,/Users/augustliu/Desktop/Research_On_Merchant_Side_Effect_Of_BNPL/data/merchant_ownership/merchant_ownership_rows.json,ESCA
0000033488,,ESCALADE INC,no_relevant_evidence,"Search completed; no clear BNPL exposure signal detected in result text. Top links: https://r.bing.com/rs/4f/gg/cc,nc/-G_YKFrphkyl83D0HTgpMefXo7c.css?or=w; https://r.bing.com/rs/4f/h6/cc,nc/U6HOq0RcF4_oC2_ItiNCBhNzO24.css?or=w; https://r.bing.com/rs/4f/ez/cir3,cc,nc/ITQ79_h8jq-eoIeRkdWbxDW7IbQ.css?or=w",MEDIUM,2026-08-10T01:27:51.402911+00:00,"""ESCALADE INC"" BNPL Affirm Klarna Afterpay Zip Sezzle ""buy now pay later""",,Bing Search,web_search,https://www.bing.com/search?q=%22ESCALADE+INC%22+BNPL+Affirm+Klarna+Afterpay+Zip+Sezzle+%22buy+now+pay+later%22,ESCA
0001318605,,"Tesla, Inc.",no_relevant_evidence,No exact CIK or canonical-name match in current BNPL merchant dataset.,HIGH,2026-08-10T01:27:51.402911+00:00,current BNPL merchant dataset exact CIK/canonical-name check,,BNPL merchant and ownership files,internal_dataset,/Users/augustliu/Desktop/Research_On_Merchant_Side_Effect_Of_BNPL/data/merchant_ownership/merchant_ownership_rows.json,TSLA
0001318605,,"Tesla, Inc.",no_relevant_evidence,"Search completed; no clear BNPL exposure signal detected in result text. Top links: https://r.bing.com/rs/4f/gg/cc,nc/-G_YKFrphkyl83D0HTgpMefXo7c.css?or=w; https://r.bing.com/rs/4f/h6/cc,nc/U6HOq0RcF4_oC2_ItiNCBhNzO24.css?or=w; https://r.bing.com/rs/4f/f3/cir3,cc,nc/XKkf7PevzOVtzidRm3f9xWob0cM.css?or=w",MEDIUM,2026-08-10T01:27:51.402911+00:00,"""Tesla, Inc."" ""Affirm"" OR ""Klarna"" OR ""Afterpay"" OR ""Sezzle"" OR ""PayPal Pay Later"" OR ""Shop Pay Installments""",,Bing Search,web_search,https://www.bing.com/search?q=%22Tesla%2C+Inc.%22+%22Affirm%22+OR+%22Klarna%22+OR+%22Afterpay%22+OR+%22Sezzle%22+OR+%22PayPal+Pay+Later%22+OR+%22Shop+Pay+Installments%22,TSLA
0001571996,,Dell Technologies Inc.,no_relevant_evidence,No exact CIK or canonical-name match in current BNPL merchant dataset.,HIGH,2026-08-10T01:27:51.402911+00:00,current BNPL merchant dataset exact CIK/canonical-name check,,BNPL merchant and ownership files,internal_dataset,/Users/augustliu/Desktop/Research_On_Merchant_Side_Effect_Of_BNPL/data/merchant_ownership/merchant_ownership_rows.json,DELL
0001571996,,Dell Technologies Inc.,no_relevant_evidence,"Search completed; no clear BNPL exposure signal detected in result text. Top links: https://r.bing.com/rs/4f/gg/cc,nc/-G_YKFrphkyl83D0HTgpMefXo7c.css?or=w; https://r.bing.com/rs/4f/gM/cc,nc/rWljTRKHPYQiu_szhv9ApXQ-KpI.css?or=w; https://r.bing.com/rs/4f/ez/cir3,cc,nc/ITQ79_h8jq-eoIeRkdWbxDW7IbQ.css?or=w",MEDIUM,2026-08-10T01:27:51.402911+00:00,"""Dell Technologies Inc."" ""Affirm"" OR ""Klarna"" OR ""Afterpay"" OR ""Sezzle"" OR ""PayPal Pay Later"" OR ""Shop Pay Installments""",,Bing Search,web_search,https://www.bing.com/search?q=%22Dell+Technologies+Inc.%22+%22Affirm%22+OR+%22Klarna%22+OR+%22Afterpay%22+OR+%22Sezzle%22+OR+%22PayPal+Pay+Later%22+OR+%22Shop+Pay+Installments%22,DELL
0000051143,,INTERNATIONAL BUSINESS MACHINES CORP,no_relevant_evidence,No exact CIK or canonical-name match in current BNPL merchant dataset.,HIGH,2026-08-10T01:27:51.402911+00:00,current BNPL merchant dataset exact CIK/canonical-name check,,BNPL merchant and ownership files,internal_dataset,/Users/augustliu/Desktop/Research_On_Merchant_Side_Effect_Of_BNPL/data/merchant_ownership/merchant_ownership_rows.json,IBM
0000051143,,INTERNATIONAL BUSINESS MACHINES CORP,no_relevant_evidence,"Search completed; no clear BNPL exposure signal detected in result text. Top links: https://r.bing.com/rs/4f/gg/cc,nc/-G_YKFrphkyl83D0HTgpMefXo7c.css?or=w; https://r.bing.com/rs/4f/h6/cc,nc/U6HOq0RcF4_oC2_ItiNCBhNzO24.css?or=w; https://r.bing.com/rs/4f/ez/cir3,cc,nc/ITQ79_h8jq-eoIeRkdWbxDW7IbQ.css?or=w",MEDIUM,2026-08-10T01:27:51.402911+00:00,"""INTERNATIONAL BUSINESS MACHINES CORP"" ""Affirm"" OR ""Klarna"" OR ""Afterpay"" OR ""Sezzle"" OR ""PayPal Pay Later"" OR ""Shop Pay Installments""",,Bing Search,web_search,https://www.bing.com/search?q=%22INTERNATIONAL+BUSINESS+MACHINES+CORP%22+%22Affirm%22+OR+%22Klarna%22+OR+%22Afterpay%22+OR+%22Sezzle%22+OR+%22PayPal+Pay+Later%22+OR+%22Shop+Pay+Installments%22,IBM
0001137789,,Seagate Technology Holdings plc,no_relevant_evidence,No exact CIK or canonical-name match in current BNPL merchant dataset.,HIGH,2026-08-10T01:27:51.402911+00:00,current BNPL merchant dataset exact CIK/canonical-name check,,BNPL merchant and ownership files,internal_dataset,/Users/augustliu/Desktop/Research_On_Merchant_Side_Effect_Of_BNPL/data/merchant_ownership/merchant_ownership_rows.json,STX
0001137789,,Seagate Technology Holdings plc,no_relevant_evidence,"Search completed; no clear BNPL exposure signal detected in result text. Top links: https://r.bing.com/rs/4f/gg/cc,nc/-G_YKFrphkyl83D0HTgpMefXo7c.css?or=w; https://r.bing.com/rs/4f/gM/cc,nc/rWljTRKHPYQiu_szhv9ApXQ-KpI.css?or=w; https://r.bing.com/rs/4f/eJ/cir3,cc,nc/-ooVmxB9OlPzBcewmec-cfwYTQs.css?or=w",MEDIUM,2026-08-10T01:27:51.402911+00:00,"""Seagate Technology Holdings plc"" ""Affirm"" OR ""Klarna"" OR ""Afterpay"" OR ""Sezzle"" OR ""PayPal Pay Later"" OR ""Shop Pay Installments""",,Bing Search,web_search,https://www.bing.com/search?q=%22Seagate+Technology+Holdings+plc%22+%22Affirm%22+OR+%22Klarna%22+OR+%22Afterpay%22+OR+%22Sezzle%22+OR+%22PayPal+Pay+Later%22+OR+%22Shop+Pay+Installments%22,STX
0000804328,,QUALCOMM INC/DE,no_relevant_evidence,No exact CIK or canonical-name match in current BNPL merchant dataset.,HIGH,2026-08-10T01:27:51.402911+00:00,current BNPL merchant dataset exact CIK/canonical-name check,,BNPL merchant and ownership files,internal_dataset,/Users/augustliu/Desktop/Research_On_Merchant_Side_Effect_Of_BNPL/data/merchant_ownership/merchant_ownership_rows.json,QCOM
0000804328,,QUALCOMM INC/DE,no_relevant_evidence,"Search completed; no clear BNPL exposure signal detected in result text. Top links: https://r.bing.com/rs/4f/gg/cc,nc/-G_YKFrphkyl83D0HTgpMefXo7c.css?or=w; https://r.bing.com/rs/4f/h6/cc,nc/U6HOq0RcF4_oC2_ItiNCBhNzO24.css?or=w; https://r.bing.com/rs/4f/fG/cir3,cc,nc/5gFAL7Id0yWkqqPO1crOKHL1NzM.css?or=w",MEDIUM,2026-08-10T01:27:51.402911+00:00,"""QUALCOMM INC/DE"" ""Affirm"" OR ""Klarna"" OR ""Afterpay"" OR ""Sezzle"" OR ""PayPal Pay Later"" OR ""Shop Pay Installments""",,Bing Search,web_search,https://www.bing.com/search?q=%22QUALCOMM+INC%2FDE%22+%22Affirm%22+OR+%22Klarna%22+OR+%22Afterpay%22+OR+%22Sezzle%22+OR+%22PayPal+Pay+Later%22+OR+%22Shop+Pay+Installments%22,QCOM
0000064803,,CVS HEALTH Corp,no_relevant_evidence,No exact CIK or canonical-name match in current BNPL merchant dataset.,HIGH,2026-08-10T01:27:51.402911+00:00,current BNPL merchant dataset exact CIK/canonical-name check,,BNPL merchant and ownership files,internal_dataset,/Users/augustliu/Desktop/Research_On_Merchant_Side_Effect_Of_BNPL/data/merchant_ownership/merchant_ownership_rows.json,CVS
0000064803,,CVS HEALTH Corp,no_relevant_evidence,"Search completed; no clear BNPL exposure signal detected in result text. Top links: https://r.bing.com/rs/4f/gg/cc,nc/-G_YKFrphkyl83D0HTgpMefXo7c.css?or=w; https://r.bing.com/rs/4f/gM/cc,nc/rWljTRKHPYQiu_szhv9ApXQ-KpI.css?or=w; https://r.bing.com/rs/4f/fd/cir3,cc,nc/WTKNvHzqziTEsCD58MJtjs7bzWc.css?or=w",MEDIUM,2026-08-10T01:27:51.402911+00:00,"""CVS HEALTH Corp"" ""Affirm"" OR ""Klarna"" OR ""Afterpay"" OR ""Sezzle"" OR ""PayPal Pay Later"" OR ""Shop Pay Installments""",,Bing Search,web_search,https://www.bing.com/search?q=%22CVS+HEALTH+Corp%22+%22Affirm%22+OR+%22Klarna%22+OR+%22Afterpay%22+OR+%22Sezzle%22+OR+%22PayPal+Pay+Later%22+OR+%22Shop+Pay+Installments%22,CVS
0000829224,,STARBUCKS CORP,no_relevant_evidence,No exact CIK or canonical-name match in current BNPL merchant dataset.,HIGH,2026-08-10T01:27:51.402911+00:00,current BNPL merchant dataset exact CIK/canonical-name check,,BNPL merchant and ownership files,internal_dataset,/Users/augustliu/Desktop/Research_On_Merchant_Side_Effect_Of_BNPL/data/merchant_ownership/merchant_ownership_rows.json,SBUX
0000829224,,STARBUCKS CORP,no_relevant_evidence,"Search completed; no clear BNPL exposure signal detected in result text. Top links: https://r.bing.com/rs/4f/gg/cc,nc/-G_YKFrphkyl83D0HTgpMefXo7c.css?or=w; https://r.bing.com/rs/4f/gM/cc,nc/rWljTRKHPYQiu_szhv9ApXQ-KpI.css?or=w; https://r.bing.com/rs/4f/ez/cir3,cc,nc/ITQ79_h8jq-eoIeRkdWbxDW7IbQ.css?or=w",MEDIUM,2026-08-10T01:27:51.402911+00:00,"""STARBUCKS CORP"" ""Affirm"" OR ""Klarna"" OR ""Afterpay"" OR ""Sezzle"" OR ""PayPal Pay Later"" OR ""Shop Pay Installments""",,Bing Search,web_search,https://www.bing.com/search?q=%22STARBUCKS+CORP%22+%22Affirm%22+OR+%22Klarna%22+OR+%22Afterpay%22+OR+%22Sezzle%22+OR+%22PayPal+Pay+Later%22+OR+%22Shop+Pay+Installments%22,SBUX
0001262039,,"Fortinet, Inc.",no_relevant_evidence,No exact CIK or canonical-name match in current BNPL merchant dataset.,HIGH,2026-08-10T01:27:51.402911+00:00,current BNPL merchant dataset exact CIK/canonical-name check,,BNPL merchant and ownership files,internal_dataset,/Users/augustliu/Desktop/Research_On_Merchant_Side_Effect_Of_BNPL/data/merchant_ownership/merchant_ownership_rows.json,FTNT
0001262039,,"Fortinet, Inc.",no_relevant_evidence,"Search completed; no clear BNPL exposure signal detected in result text. Top links: https://r.bing.com/rs/4f/gg/cc,nc/-G_YKFrphkyl83D0HTgpMefXo7c.css?or=w; https://r.bing.com/rs/4f/h6/cc,nc/U6HOq0RcF4_oC2_ItiNCBhNzO24.css?or=w; https://r.bing.com/rs/4f/fn/cir3,cc,nc/qYkYtW4ptUTHO5TVR_F3o3iRdIs.css?or=w",MEDIUM,2026-08-10T01:27:51.402911+00:00,"""Fortinet, Inc."" ""Affirm"" OR ""Klarna"" OR ""Afterpay"" OR ""Sezzle"" OR ""PayPal Pay Later"" OR ""Shop Pay Installments""",,Bing Search,web_search,https://www.bing.com/search?q=%22Fortinet%2C+Inc.%22+%22Affirm%22+OR+%22Klarna%22+OR+%22Afterpay%22+OR+%22Sezzle%22+OR+%22PayPal+Pay+Later%22+OR+%22Shop+Pay+Installments%22,FTNT
0000865752,,Monster Beverage Corp,no_relevant_evidence,No exact CIK or canonical-name match in current BNPL merchant dataset.,HIGH,2026-08-10T01:27:51.402911+00:00,current BNPL merchant dataset exact CIK/canonical-name check,,BNPL merchant and ownership files,internal_dataset,/Users/augustliu/Desktop/Research_On_Merchant_Side_Effect_Of_BNPL/data/merchant_ownership/merchant_ownership_rows.json,MNST
0000865752,,Monster Beverage Corp,no_relevant_evidence,"Search completed; no clear BNPL exposure signal detected in result text. Top links: https://r.bing.com/rs/4f/gg/cc,nc/-G_YKFrphkyl83D0HTgpMefXo7c.css?or=w; https://r.bing.com/rs/4f/h6/cc,nc/U6HOq0RcF4_oC2_ItiNCBhNzO24.css?or=w; https://r.bing.com/rs/4f/fG/cir3,cc,nc/5gFAL7Id0yWkqqPO1crOKHL1NzM.css?or=w",MEDIUM,2026-08-10T01:27:51.402911+00:00,"""Monster Beverage Corp"" ""Affirm"" OR ""Klarna"" OR ""Afterpay"" OR ""Sezzle"" OR ""PayPal Pay Later"" OR ""Shop Pay Installments""",,Bing Search,web_search,https://www.bing.com/search?q=%22Monster+Beverage+Corp%22+%22Affirm%22+OR+%22Klarna%22+OR+%22Afterpay%22+OR+%22Sezzle%22+OR+%22PayPal+Pay+Later%22+OR+%22Shop+Pay+Installments%22,MNST
0001690820,,CARVANA CO.,no_relevant_evidence,No exact CIK or canonical-name match in current BNPL merchant dataset.,HIGH,2026-08-10T01:27:51.402911+00:00,current BNPL merchant dataset exact CIK/canonical-name check,,BNPL merchant and ownership files,internal_dataset,/Users/augustliu/Desktop/Research_On_Merchant_Side_Effect_Of_BNPL/data/merchant_ownership/merchant_ownership_rows.json,CVNA
0001690820,,CARVANA CO.,no_relevant_evidence,"Search completed; no clear BNPL exposure signal detected in result text. Top links: https://r.bing.com/rs/4f/gg/cc,nc/-G_YKFrphkyl83D0HTgpMefXo7c.css?or=w; https://r.bing.com/rs/4f/h6/cc,nc/U6HOq0RcF4_oC2_ItiNCBhNzO24.css?or=w; https://r.bing.com/rs/4f/fG/cir3,cc,nc/5gFAL7Id0yWkqqPO1crOKHL1NzM.css?or=w",MEDIUM,2026-08-10T01:27:51.402911+00:00,"""CARVANA CO."" ""Affirm"" OR ""Klarna"" OR ""Afterpay"" OR ""Sezzle"" OR ""PayPal Pay Later"" OR ""Shop Pay Installments""",,Bing Search,web_search,https://www.bing.com/search?q=%22CARVANA+CO.%22+%22Affirm%22+OR+%22Klarna%22+OR+%22Afterpay%22+OR+%22Sezzle%22+OR+%22PayPal+Pay+Later%22+OR+%22Shop+Pay+Installments%22,CVNA
0000089800,,SHERWIN WILLIAMS CO,no_relevant_evidence,No exact CIK or canonical-name match in current BNPL merchant dataset.,HIGH,2026-08-10T01:27:51.402911+00:00,current BNPL merchant dataset exact CIK/canonical-name check,,BNPL merchant and ownership files,internal_dataset,/Users/augustliu/Desktop/Research_On_Merchant_Side_Effect_Of_BNPL/data/merchant_ownership/merchant_ownership_rows.json,SHW
0000089800,,SHERWIN WILLIAMS CO,no_relevant_evidence,"Search completed; no clear BNPL exposure signal detected in result text. Top links: https://r.bing.com/rs/4f/gg/cc,nc/-G_YKFrphkyl83D0HTgpMefXo7c.css?or=w; https://r.bing.com/rs/4f/h6/cc,nc/U6HOq0RcF4_oC2_ItiNCBhNzO24.css?or=w; https://r.bing.com/rs/4f/fn/cir3,cc,nc/qYkYtW4ptUTHO5TVR_F3o3iRdIs.css?or=w",MEDIUM,2026-08-10T01:27:51.402911+00:00,"""SHERWIN WILLIAMS CO"" ""Affirm"" OR ""Klarna"" OR ""Afterpay"" OR ""Sezzle"" OR ""PayPal Pay Later"" OR ""Shop Pay Installments""",,Bing Search,web_search,https://www.bing.com/search?q=%22SHERWIN+WILLIAMS+CO%22+%22Affirm%22+OR+%22Klarna%22+OR+%22Afterpay%22+OR+%22Sezzle%22+OR+%22PayPal+Pay+Later%22+OR+%22Shop+Pay+Installments%22,SHW
0000723254,,CINTAS CORP,no_relevant_evidence,No exact CIK or canonical-name match in current BNPL merchant dataset.,HIGH,2026-08-10T01:27:51.402911+00:00,current BNPL merchant dataset exact CIK/canonical-name check,,BNPL merchant and ownership files,internal_dataset,/Users/augustliu/Desktop/Research_On_Merchant_Side_Effect_Of_BNPL/data/merchant_ownership/merchant_ownership_rows.json,CTAS
0000723254,,CINTAS CORP,no_relevant_evidence,"Search completed; no clear BNPL exposure signal detected in result text. Top links: https://r.bing.com/rs/4f/gg/cc,nc/-G_YKFrphkyl83D0HTgpMefXo7c.css?or=w; https://r.bing.com/rs/4f/h6/cc,nc/U6HOq0RcF4_oC2_ItiNCBhNzO24.css?or=w; https://r.bing.com/rs/4f/fG/cir3,cc,nc/5gFAL7Id0yWkqqPO1crOKHL1NzM.css?or=w",MEDIUM,2026-08-10T01:27:51.402911+00:00,"""CINTAS CORP"" ""Affirm"" OR ""Klarna"" OR ""Afterpay"" OR ""Sezzle"" OR ""PayPal Pay Later"" OR ""Shop Pay Installments""",,Bing Search,web_search,https://www.bing.com/search?q=%22CINTAS+CORP%22+%22Affirm%22+OR+%22Klarna%22+OR+%22Afterpay%22+OR+%22Sezzle%22+OR+%22PayPal+Pay+Later%22+OR+%22Shop+Pay+Installments%22,CTAS
0000745732,,"ROSS STORES, INC.",no_relevant_evidence,No exact CIK or canonical-name match in current BNPL merchant dataset.,HIGH,2026-08-10T01:27:51.402911+00:00,current BNPL merchant dataset exact CIK/canonical-name check,,BNPL merchant and ownership files,internal_dataset,/Users/augustliu/Desktop/Research_On_Merchant_Side_Effect_Of_BNPL/data/merchant_ownership/merchant_ownership_rows.json,ROST
0000745732,,"ROSS STORES, INC.",no_relevant_evidence,"Search completed; no clear BNPL exposure signal detected in result text. Top links: https://r.bing.com/rs/4f/gg/cc,nc/-G_YKFrphkyl83D0HTgpMefXo7c.css?or=w; https://r.bing.com/rs/4f/gM/cc,nc/rWljTRKHPYQiu_szhv9ApXQ-KpI.css?or=w; https://r.bing.com/rs/4f/fn/cir3,cc,nc/qYkYtW4ptUTHO5TVR_F3o3iRdIs.css?or=w",MEDIUM,2026-08-10T01:27:51.402911+00:00,"""ROSS STORES, INC."" ""Affirm"" OR ""Klarna"" OR ""Afterpay"" OR ""Sezzle"" OR ""PayPal Pay Later"" OR ""Shop Pay Installments""",,Bing Search,web_search,https://www.bing.com/search?q=%22ROSS+STORES%2C+INC.%22+%22Affirm%22+OR+%22Klarna%22+OR+%22Afterpay%22+OR+%22Sezzle%22+OR+%22PayPal+Pay+Later%22+OR+%22Shop+Pay+Installments%22,ROST
0001467858,,General Motors Co,no_relevant_evidence,No exact CIK or canonical-name match in current BNPL merchant dataset.,HIGH,2026-08-10T01:27:51.402911+00:00,current BNPL merchant dataset exact CIK/canonical-name check,,BNPL merchant and ownership files,internal_dataset,/Users/augustliu/Desktop/Research_On_Merchant_Side_Effect_Of_BNPL/data/merchant_ownership/merchant_ownership_rows.json,GM
0001467858,,General Motors Co,no_relevant_evidence,"Search completed; no clear BNPL exposure signal detected in result text. Top links: https://r.bing.com/rs/4f/gg/cc,nc/-G_YKFrphkyl83D0HTgpMefXo7c.css?or=w; https://r.bing.com/rs/4f/h6/cc,nc/U6HOq0RcF4_oC2_ItiNCBhNzO24.css?or=w; https://r.bing.com/rs/4f/fG/cir3,cc,nc/5gFAL7Id0yWkqqPO1crOKHL1NzM.css?or=w",MEDIUM,2026-08-10T01:27:51.402911+00:00,"""General Motors Co"" ""Affirm"" OR ""Klarna"" OR ""Afterpay"" OR ""Sezzle"" OR ""PayPal Pay Later"" OR ""Shop Pay Installments""",,Bing Search,web_search,https://www.bing.com/search?q=%22General+Motors+Co%22+%22Affirm%22+OR+%22Klarna%22+OR+%22Afterpay%22+OR+%22Sezzle%22+OR+%22PayPal+Pay+Later%22+OR+%22Shop+Pay+Installments%22,GM
0000898173,,O REILLY AUTOMOTIVE INC,no_relevant_evidence,No exact CIK or canonical-name match in current BNPL merchant dataset.,HIGH,2026-08-10T01:27:51.402911+00:00,current BNPL merchant dataset exact CIK/canonical-name check,,BNPL merchant and ownership files,internal_dataset,/Users/augustliu/Desktop/Research_On_Merchant_Side_Effect_Of_BNPL/data/merchant_ownership/merchant_ownership_rows.json,ORLY
0000898173,,O REILLY AUTOMOTIVE INC,no_relevant_evidence,"Search completed; no clear BNPL exposure signal detected in result text. Top links: https://r.bing.com/rs/4f/gg/cc,nc/-G_YKFrphkyl83D0HTgpMefXo7c.css?or=w; https://r.bing.com/rs/4f/gM/cc,nc/rWljTRKHPYQiu_szhv9ApXQ-KpI.css?or=w; https://r.bing.com/rs/4f/fG/cir3,cc,nc/5gFAL7Id0yWkqqPO1crOKHL1NzM.css?or=w",MEDIUM,2026-08-10T01:27:51.402911+00:00,"""O REILLY AUTOMOTIVE INC"" ""Affirm"" OR ""Klarna"" OR ""Afterpay"" OR ""Sezzle"" OR ""PayPal Pay Later"" OR ""Shop Pay Installments""",,Bing Search,web_search,https://www.bing.com/search?q=%22O+REILLY+AUTOMOTIVE+INC%22+%22Affirm%22+OR+%22Klarna%22+OR+%22Afterpay%22+OR+%22Sezzle%22+OR+%22PayPal+Pay+Later%22+OR+%22Shop+Pay+Installments%22,ORLY
0000068505,,"Motorola Solutions, Inc.",no_relevant_evidence,No exact CIK or canonical-name match in current BNPL merchant dataset.,HIGH,2026-08-10T01:27:51.402911+00:00,current BNPL merchant dataset exact CIK/canonical-name check,,BNPL merchant and ownership files,internal_dataset,/Users/augustliu/Desktop/Research_On_Merchant_Side_Effect_Of_BNPL/data/merchant_ownership/merchant_ownership_rows.json,MSI
0000068505,,"Motorola Solutions, Inc.",no_relevant_evidence,"Search completed; no clear BNPL exposure signal detected in result text. Top links: https://r.bing.com/rs/4f/gg/cc,nc/-G_YKFrphkyl83D0HTgpMefXo7c.css?or=w; https://r.bing.com/rs/4f/gM/cc,nc/rWljTRKHPYQiu_szhv9ApXQ-KpI.css?or=w; https://r.bing.com/rs/4f/f3/cir3,cc,nc/XKkf7PevzOVtzidRm3f9xWob0cM.css?or=w",MEDIUM,2026-08-10T01:27:51.402911+00:00,"""Motorola Solutions, Inc."" ""Affirm"" OR ""Klarna"" OR ""Afterpay"" OR ""Sezzle"" OR ""PayPal Pay Later"" OR ""Shop Pay Installments""",,Bing Search,web_search,https://www.bing.com/search?q=%22Motorola+Solutions%2C+Inc.%22+%22Affirm%22+OR+%22Klarna%22+OR+%22Afterpay%22+OR+%22Sezzle%22+OR+%22PayPal+Pay+Later%22+OR+%22Shop+Pay+Installments%22,MSI
0001585689,,Hilton Worldwide Holdings Inc.,no_relevant_evidence,No exact CIK or canonical-name match in current BNPL merchant dataset.,HIGH,2026-08-10T01:27:51.402911+00:00,current BNPL merchant dataset exact CIK/canonical-name check,,BNPL merchant and ownership files,internal_dataset,/Users/augustliu/Desktop/Research_On_Merchant_Side_Effect_Of_BNPL/data/merchant_ownership/merchant_ownership_rows.json,HLT
0001585689,,Hilton Worldwide Holdings Inc.,no_relevant_evidence,"Search completed; no clear BNPL exposure signal detected in result text. Top links: https://r.bing.com/rs/4f/gg/cc,nc/-G_YKFrphkyl83D0HTgpMefXo7c.css?or=w; https://r.bing.com/rs/4f/gM/cc,nc/rWljTRKHPYQiu_szhv9ApXQ-KpI.css?or=w; https://r.bing.com/rs/4f/ez/cir3,cc,nc/ITQ79_h8jq-eoIeRkdWbxDW7IbQ.css?or=w",MEDIUM,2026-08-10T01:27:51.402911+00:00,"""Hilton Worldwide Holdings Inc."" ""Affirm"" OR ""Klarna"" OR ""Afterpay"" OR ""Sezzle"" OR ""PayPal Pay Later"" OR ""Shop Pay Installments""",,Bing Search,web_search,https://www.bing.com/search?q=%22Hilton+Worldwide+Holdings+Inc.%22+%22Affirm%22+OR+%22Klarna%22+OR+%22Afterpay%22+OR+%22Sezzle%22+OR+%22PayPal+Pay+Later%22+OR+%22Shop+Pay+Installments%22,HLT
0000075362,,PACCAR INC,no_relevant_evidence,No exact CIK or canonical-name match in current BNPL merchant dataset.,HIGH,2026-08-10T01:27:51.402911+00:00,current BNPL merchant dataset exact CIK/canonical-name check,,BNPL merchant and ownership files,internal_dataset,/Users/augustliu/Desktop/Research_On_Merchant_Side_Effect_Of_BNPL/data/merchant_ownership/merchant_ownership_rows.json,PCAR
0000075362,,PACCAR INC,no_relevant_evidence,"Search completed; no clear BNPL exposure signal detected in result text. Top links: https://r.bing.com/rs/4f/gg/cc,nc/-G_YKFrphkyl83D0HTgpMefXo7c.css?or=w; https://r.bing.com/rs/4f/h6/cc,nc/U6HOq0RcF4_oC2_ItiNCBhNzO24.css?or=w; https://r.bing.com/rs/4f/eJ/cir3,cc,nc/-ooVmxB9OlPzBcewmec-cfwYTQs.css?or=w",MEDIUM,2026-08-10T01:27:51.402911+00:00,"""PACCAR INC"" ""Affirm"" OR ""Klarna"" OR ""Afterpay"" OR ""Sezzle"" OR ""PayPal Pay Later"" OR ""Shop Pay Installments""",,Bing Search,web_search,https://www.bing.com/search?q=%22PACCAR+INC%22+%22Affirm%22+OR+%22Klarna%22+OR+%22Afterpay%22+OR+%22Sezzle%22+OR+%22PayPal+Pay+Later%22+OR+%22Shop+Pay+Installments%22,PCAR
0001645590,,Hewlett Packard Enterprise Co,no_relevant_evidence,No exact CIK or canonical-name match in current BNPL merchant dataset.,HIGH,2026-08-10T01:27:51.402911+00:00,current BNPL merchant dataset exact CIK/canonical-name check,,BNPL merchant and ownership files,internal_dataset,/Users/augustliu/Desktop/Research_On_Merchant_Side_Effect_Of_BNPL/data/merchant_ownership/merchant_ownership_rows.json,HPE
0001645590,,Hewlett Packard Enterprise Co,no_relevant_evidence,"Search completed; no clear BNPL exposure signal detected in result text. Top links: https://r.bing.com/rs/4f/gg/cc,nc/-G_YKFrphkyl83D0HTgpMefXo7c.css?or=w; https://r.bing.com/rs/4f/gM/cc,nc/rWljTRKHPYQiu_szhv9ApXQ-KpI.css?or=w; https://r.bing.com/rs/4f/eJ/cir3,cc,nc/-ooVmxB9OlPzBcewmec-cfwYTQs.css?or=w",MEDIUM,2026-08-10T01:27:51.402911+00:00,"""Hewlett Packard Enterprise Co"" ""Affirm"" OR ""Klarna"" OR ""Afterpay"" OR ""Sezzle"" OR ""PayPal Pay Later"" OR ""Shop Pay Installments""",,Bing Search,web_search,https://www.bing.com/search?q=%22Hewlett+Packard+Enterprise+Co%22+%22Affirm%22+OR+%22Klarna%22+OR+%22Afterpay%22+OR+%22Sezzle%22+OR+%22PayPal+Pay+Later%22+OR+%22Shop+Pay+Installments%22,HPE
0000037996,,FORD MOTOR CO,no_relevant_evidence,No exact CIK or canonical-name match in current BNPL merchant dataset.,HIGH,2026-08-10T01:27:51.402911+00:00,current BNPL merchant dataset exact CIK/canonical-name check,,BNPL merchant and ownership files,internal_dataset,/Users/augustliu/Desktop/Research_On_Merchant_Side_Effect_Of_BNPL/data/merchant_ownership/merchant_ownership_rows.json,F
0000037996,,FORD MOTOR CO,no_relevant_evidence,"Search completed; no clear BNPL exposure signal detected in result text. Top links: https://r.bing.com/rs/4f/gg/cc,nc/-G_YKFrphkyl83D0HTgpMefXo7c.css?or=w; https://r.bing.com/rs/4f/h6/cc,nc/U6HOq0RcF4_oC2_ItiNCBhNzO24.css?or=w; https://r.bing.com/rs/4f/fG/cir3,cc,nc/5gFAL7Id0yWkqqPO1crOKHL1NzM.css?or=w",MEDIUM,2026-08-10T01:27:51.402911+00:00,"""FORD MOTOR CO"" ""Affirm"" OR ""Klarna"" OR ""Afterpay"" OR ""Sezzle"" OR ""PayPal Pay Later"" OR ""Shop Pay Installments""",,Bing Search,web_search,https://www.bing.com/search?q=%22FORD+MOTOR+CO%22+%22Affirm%22+OR+%22Klarna%22+OR+%22Afterpay%22+OR+%22Sezzle%22+OR+%22PayPal+Pay+Later%22+OR+%22Shop+Pay+Installments%22,F
0000815556,,FASTENAL CO,no_relevant_evidence,No exact CIK or canonical-name match in current BNPL merchant dataset.,HIGH,2026-08-10T01:27:51.402911+00:00,current BNPL merchant dataset exact CIK/canonical-name check,,BNPL merchant and ownership files,internal_dataset,/Users/augustliu/Desktop/Research_On_Merchant_Side_Effect_Of_BNPL/data/merchant_ownership/merchant_ownership_rows.json,FAST
0000815556,,FASTENAL CO,no_relevant_evidence,"Search completed; no clear BNPL exposure signal detected in result text. Top links: https://r.bing.com/rs/4f/gg/cc,nc/-G_YKFrphkyl83D0HTgpMefXo7c.css?or=w; https://r.bing.com/rs/4f/h6/cc,nc/U6HOq0RcF4_oC2_ItiNCBhNzO24.css?or=w; https://r.bing.com/rs/4f/eJ/cir3,cc,nc/-ooVmxB9OlPzBcewmec-cfwYTQs.css?or=w",MEDIUM,2026-08-10T01:27:51.402911+00:00,"""FASTENAL CO"" ""Affirm"" OR ""Klarna"" OR ""Afterpay"" OR ""Sezzle"" OR ""PayPal Pay Later"" OR ""Shop Pay Installments""",,Bing Search,web_search,https://www.bing.com/search?q=%22FASTENAL+CO%22+%22Affirm%22+OR+%22Klarna%22+OR+%22Afterpay%22+OR+%22Sezzle%22+OR+%22PayPal+Pay+Later%22+OR+%22Shop+Pay+Installments%22,FAST
0000936395,,CIENA CORP,no_relevant_evidence,No exact CIK or canonical-name match in current BNPL merchant dataset.,HIGH,2026-08-10T01:27:51.402911+00:00,current BNPL merchant dataset exact CIK/canonical-name check,,BNPL merchant and ownership files,internal_dataset,/Users/augustliu/Desktop/Research_On_Merchant_Side_Effect_Of_BNPL/data/merchant_ownership/merchant_ownership_rows.json,CIEN
0000936395,,CIENA CORP,no_relevant_evidence,"Search completed; no clear BNPL exposure signal detected in result text. Top links: https://r.bing.com/rs/4f/gg/cc,nc/-G_YKFrphkyl83D0HTgpMefXo7c.css?or=w; https://r.bing.com/rs/4f/h6/cc,nc/U6HOq0RcF4_oC2_ItiNCBhNzO24.css?or=w; https://r.bing.com/rs/4f/fG/cir3,cc,nc/5gFAL7Id0yWkqqPO1crOKHL1NzM.css?or=w",MEDIUM,2026-08-10T01:27:51.402911+00:00,"""CIENA CORP"" ""Affirm"" OR ""Klarna"" OR ""Afterpay"" OR ""Sezzle"" OR ""PayPal Pay Later"" OR ""Shop Pay Installments""",,Bing Search,web_search,https://www.bing.com/search?q=%22CIENA+CORP%22+%22Affirm%22+OR+%22Klarna%22+OR+%22Afterpay%22+OR+%22Sezzle%22+OR+%22PayPal+Pay+Later%22+OR+%22Shop+Pay+Installments%22,CIEN
0001058090,,CHIPOTLE MEXICAN GRILL INC,no_relevant_evidence,No exact CIK or canonical-name match in current BNPL merchant dataset.,HIGH,2026-08-10T01:27:51.402911+00:00,current BNPL merchant dataset exact CIK/canonical-name check,,BNPL merchant and ownership files,internal_dataset,/Users/augustliu/Desktop/Research_On_Merchant_Side_Effect_Of_BNPL/data/merchant_ownership/merchant_ownership_rows.json,CMG
0001058090,,CHIPOTLE MEXICAN GRILL INC,no_relevant_evidence,"Search completed; no clear BNPL exposure signal detected in result text. Top links: https://r.bing.com/rs/4f/gg/cc,nc/-G_YKFrphkyl83D0HTgpMefXo7c.css?or=w; https://r.bing.com/rs/4f/h6/cc,nc/U6HOq0RcF4_oC2_ItiNCBhNzO24.css?or=w; https://r.bing.com/rs/4f/eJ/cir3,cc,nc/-ooVmxB9OlPzBcewmec-cfwYTQs.css?or=w",MEDIUM,2026-08-10T01:27:51.402911+00:00,"""CHIPOTLE MEXICAN GRILL INC"" ""Affirm"" OR ""Klarna"" OR ""Afterpay"" OR ""Sezzle"" OR ""PayPal Pay Later"" OR ""Shop Pay Installments""",,Bing Search,web_search,https://www.bing.com/search?q=%22CHIPOTLE+MEXICAN+GRILL+INC%22+%22Affirm%22+OR+%22Klarna%22+OR+%22Afterpay%22+OR+%22Sezzle%22+OR+%22PayPal+Pay+Later%22+OR+%22Shop+Pay+Installments%22,CMG
0001041061,,YUM BRANDS INC,no_relevant_evidence,No exact CIK or canonical-name match in current BNPL merchant dataset.,HIGH,2026-08-10T01:27:51.402911+00:00,current BNPL merchant dataset exact CIK/canonical-name check,,BNPL merchant and ownership files,internal_dataset,/Users/augustliu/Desktop/Research_On_Merchant_Side_Effect_Of_BNPL/data/merchant_ownership/merchant_ownership_rows.json,YUM
0001041061,,YUM BRANDS INC,no_relevant_evidence,"Search completed; no clear BNPL exposure signal detected in result text. Top links: https://r.bing.com/rs/4f/gg/cc,nc/-G_YKFrphkyl83D0HTgpMefXo7c.css?or=w; https://r.bing.com/rs/4f/h6/cc,nc/U6HOq0RcF4_oC2_ItiNCBhNzO24.css?or=w; https://r.bing.com/rs/4f/fG/cir3,cc,nc/5gFAL7Id0yWkqqPO1crOKHL1NzM.css?or=w",MEDIUM,2026-08-10T01:27:51.402911+00:00,"""YUM BRANDS INC"" ""Affirm"" OR ""Klarna"" OR ""Afterpay"" OR ""Sezzle"" OR ""PayPal Pay Later"" OR ""Shop Pay Installments""",,Bing Search,web_search,https://www.bing.com/search?q=%22YUM+BRANDS+INC%22+%22Affirm%22+OR+%22Klarna%22+OR+%22Afterpay%22+OR+%22Sezzle%22+OR+%22PayPal+Pay+Later%22+OR+%22Shop+Pay+Installments%22,YUM
0000100517,,"United Airlines Holdings, Inc.",no_relevant_evidence,No exact CIK or canonical-name match in current BNPL merchant dataset.,HIGH,2026-08-10T01:27:51.402911+00:00,current BNPL merchant dataset exact CIK/canonical-name check,,BNPL merchant and ownership files,internal_dataset,/Users/augustliu/Desktop/Research_On_Merchant_Side_Effect_Of_BNPL/data/merchant_ownership/merchant_ownership_rows.json,UAL
0000100517,,"United Airlines Holdings, Inc.",no_relevant_evidence,"Search completed; no clear BNPL exposure signal detected in result text. Top links: https://r.bing.com/rs/4f/gg/cc,nc/-G_YKFrphkyl83D0HTgpMefXo7c.css?or=w; https://r.bing.com/rs/4f/h6/cc,nc/U6HOq0RcF4_oC2_ItiNCBhNzO24.css?or=w; https://r.bing.com/rs/4f/fG/cir3,cc,nc/5gFAL7Id0yWkqqPO1crOKHL1NzM.css?or=w",MEDIUM,2026-08-10T01:27:51.402911+00:00,"""United Airlines Holdings, Inc."" ""Affirm"" OR ""Klarna"" OR ""Afterpay"" OR ""Sezzle"" OR ""PayPal Pay Later"" OR ""Shop Pay Installments""",,Bing Search,web_search,https://www.bing.com/search?q=%22United+Airlines+Holdings%2C+Inc.%22+%22Affirm%22+OR+%22Klarna%22+OR+%22Afterpay%22+OR+%22Sezzle%22+OR+%22PayPal+Pay+Later%22+OR+%22Shop+Pay+Installments%22,UAL
0000815097,,Carnival Corp Ltd.,no_relevant_evidence,No exact CIK or canonical-name match in current BNPL merchant dataset.,HIGH,2026-08-10T01:27:51.402911+00:00,current BNPL merchant dataset exact CIK/canonical-name check,,BNPL merchant and ownership files,internal_dataset,/Users/augustliu/Desktop/Research_On_Merchant_Side_Effect_Of_BNPL/data/merchant_ownership/merchant_ownership_rows.json,CCL
0000815097,,Carnival Corp Ltd.,no_relevant_evidence,"Search completed; no clear BNPL exposure signal detected in result text. Top links: https://r.bing.com/rs/4f/gg/cc,nc/-G_YKFrphkyl83D0HTgpMefXo7c.css?or=w; https://r.bing.com/rs/4f/h6/cc,nc/U6HOq0RcF4_oC2_ItiNCBhNzO24.css?or=w; https://r.bing.com/rs/4f/fG/cir3,cc,nc/5gFAL7Id0yWkqqPO1crOKHL1NzM.css?or=w",MEDIUM,2026-08-10T01:27:51.402911+00:00,"""Carnival Corp Ltd."" ""Affirm"" OR ""Klarna"" OR ""Afterpay"" OR ""Sezzle"" OR ""PayPal Pay Later"" OR ""Shop Pay Installments""",,Bing Search,web_search,https://www.bing.com/search?q=%22Carnival+Corp+Ltd.%22+%22Affirm%22+OR+%22Klarna%22+OR+%22Afterpay%22+OR+%22Sezzle%22+OR+%22PayPal+Pay+Later%22+OR+%22Shop+Pay+Installments%22,CCL
0001002047,,"NetApp, Inc.",no_relevant_evidence,No exact CIK or canonical-name match in current BNPL merchant dataset.,HIGH,2026-08-10T01:27:51.402911+00:00,current BNPL merchant dataset exact CIK/canonical-name check,,BNPL merchant and ownership files,internal_dataset,/Users/augustliu/Desktop/Research_On_Merchant_Side_Effect_Of_BNPL/data/merchant_ownership/merchant_ownership_rows.json,NTAP
0001002047,,"NetApp, Inc.",no_relevant_evidence,"Search completed; no clear BNPL exposure signal detected in result text. Top links: https://r.bing.com/rs/4f/gg/cc,nc/-G_YKFrphkyl83D0HTgpMefXo7c.css?or=w; https://r.bing.com/rs/4f/h6/cc,nc/U6HOq0RcF4_oC2_ItiNCBhNzO24.css?or=w; https://r.bing.com/rs/4f/fG/cir3,cc,nc/5gFAL7Id0yWkqqPO1crOKHL1NzM.css?or=w",MEDIUM,2026-08-10T01:27:51.402911+00:00,"""NetApp, Inc."" ""Affirm"" OR ""Klarna"" OR ""Afterpay"" OR ""Sezzle"" OR ""PayPal Pay Later"" OR ""Shop Pay Installments""",,Bing Search,web_search,https://www.bing.com/search?q=%22NetApp%2C+Inc.%22+%22Affirm%22+OR+%22Klarna%22+OR+%22Afterpay%22+OR+%22Sezzle%22+OR+%22PayPal+Pay+Later%22+OR+%22Shop+Pay+Installments%22,NTAP
0001511737,,Ubiquiti Inc.,no_relevant_evidence,No exact CIK or canonical-name match in current BNPL merchant dataset.,HIGH,2026-08-10T01:27:51.402911+00:00,current BNPL merchant dataset exact CIK/canonical-name check,,BNPL merchant and ownership files,internal_dataset,/Users/augustliu/Desktop/Research_On_Merchant_Side_Effect_Of_BNPL/data/merchant_ownership/merchant_ownership_rows.json,UI
0001511737,,Ubiquiti Inc.,no_relevant_evidence,"Search completed; no clear BNPL exposure signal detected in result text. Top links: https://r.bing.com/rs/4f/gg/cc,nc/-G_YKFrphkyl83D0HTgpMefXo7c.css?or=w; https://r.bing.com/rs/4f/h6/cc,nc/U6HOq0RcF4_oC2_ItiNCBhNzO24.css?or=w; https://r.bing.com/rs/4f/fG/cir3,cc,nc/5gFAL7Id0yWkqqPO1crOKHL1NzM.css?or=w",MEDIUM,2026-08-10T01:27:51.402911+00:00,"""Ubiquiti Inc."" ""Affirm"" OR ""Klarna"" OR ""Afterpay"" OR ""Sezzle"" OR ""PayPal Pay Later"" OR ""Shop Pay Installments""",,Bing Search,web_search,https://www.bing.com/search?q=%22Ubiquiti+Inc.%22+%22Affirm%22+OR+%22Klarna%22+OR+%22Afterpay%22+OR+%22Sezzle%22+OR+%22PayPal+Pay+Later%22+OR+%22Shop+Pay+Installments%22,UI
0000726958,,CASEYS GENERAL STORES INC,no_relevant_evidence,No exact CIK or canonical-name match in current BNPL merchant dataset.,HIGH,2026-08-10T01:27:51.402911+00:00,current BNPL merchant dataset exact CIK/canonical-name check,,BNPL merchant and ownership files,internal_dataset,/Users/augustliu/Desktop/Research_On_Merchant_Side_Effect_Of_BNPL/data/merchant_ownership/merchant_ownership_rows.json,CASY
0000726958,,CASEYS GENERAL STORES INC,no_relevant_evidence,"Search completed; no clear BNPL exposure signal detected in result text. Top links: https://r.bing.com/rs/4f/gg/cc,nc/-G_YKFrphkyl83D0HTgpMefXo7c.css?or=w; https://r.bing.com/rs/4f/h6/cc,nc/U6HOq0RcF4_oC2_ItiNCBhNzO24.css?or=w; https://r.bing.com/rs/4f/ez/cir3,cc,nc/ITQ79_h8jq-eoIeRkdWbxDW7IbQ.css?or=w",MEDIUM,2026-08-10T01:27:51.402911+00:00,"""CASEYS GENERAL STORES INC"" ""Affirm"" OR ""Klarna"" OR ""Afterpay"" OR ""Sezzle"" OR ""PayPal Pay Later"" OR ""Shop Pay Installments""",,Bing Search,web_search,https://www.bing.com/search?q=%22CASEYS+GENERAL+STORES+INC%22+%22Affirm%22+OR+%22Klarna%22+OR+%22Afterpay%22+OR+%22Sezzle%22+OR+%22PayPal+Pay+Later%22+OR+%22Shop+Pay+Installments%22,CASY
0000935703,,"DOLLAR TREE, INC.",no_relevant_evidence,No exact CIK or canonical-name match in current BNPL merchant dataset.,HIGH,2026-08-10T01:27:51.402911+00:00,current BNPL merchant dataset exact CIK/canonical-name check,,BNPL merchant and ownership files,internal_dataset,/Users/augustliu/Desktop/Research_On_Merchant_Side_Effect_Of_BNPL/data/merchant_ownership/merchant_ownership_rows.json,DLTR
0000935703,,"DOLLAR TREE, INC.",no_relevant_evidence,"Search completed; no clear BNPL exposure signal detected in result text. Top links: https://r.bing.com/rs/4f/gg/cc,nc/-G_YKFrphkyl83D0HTgpMefXo7c.css?or=w; https://r.bing.com/rs/4f/h6/cc,nc/U6HOq0RcF4_oC2_ItiNCBhNzO24.css?or=w; https://r.bing.com/rs/4f/eT/cir3,cc,nc/ZNlEaxLrmuWEflDP-KwkyUROBrA.css?or=w",MEDIUM,2026-08-10T01:27:51.402911+00:00,"""DOLLAR TREE, INC."" ""Affirm"" OR ""Klarna"" OR ""Afterpay"" OR ""Sezzle"" OR ""PayPal Pay Later"" OR ""Shop Pay Installments""",,Bing Search,web_search,https://www.bing.com/search?q=%22DOLLAR+TREE%2C+INC.%22+%22Affirm%22+OR+%22Klarna%22+OR+%22Afterpay%22+OR+%22Sezzle%22+OR+%22PayPal+Pay+Later%22+OR+%22Shop+Pay+Installments%22,DLTR
0000940944,,DARDEN RESTAURANTS INC,no_relevant_evidence,No exact CIK or canonical-name match in current BNPL merchant dataset.,HIGH,2026-08-10T01:27:51.402911+00:00,current BNPL merchant dataset exact CIK/canonical-name check,,BNPL merchant and ownership files,internal_dataset,/Users/augustliu/Desktop/Research_On_Merchant_Side_Effect_Of_BNPL/data/merchant_ownership/merchant_ownership_rows.json,DRI
0000940944,,DARDEN RESTAURANTS INC,no_relevant_evidence,"Search completed; no clear BNPL exposure signal detected in result text. Top links: https://r.bing.com/rs/4f/gg/cc,nc/-G_YKFrphkyl83D0HTgpMefXo7c.css?or=w; https://r.bing.com/rs/4f/h6/cc,nc/U6HOq0RcF4_oC2_ItiNCBhNzO24.css?or=w; https://r.bing.com/rs/4f/f3/cir3,cc,nc/XKkf7PevzOVtzidRm3f9xWob0cM.css?or=w",MEDIUM,2026-08-10T01:27:51.402911+00:00,"""DARDEN RESTAURANTS INC"" ""Affirm"" OR ""Klarna"" OR ""Afterpay"" OR ""Sezzle"" OR ""PayPal Pay Later"" OR ""Shop Pay Installments""",,Bing Search,web_search,https://www.bing.com/search?q=%22DARDEN+RESTAURANTS+INC%22+%22Affirm%22+OR+%22Klarna%22+OR+%22Afterpay%22+OR+%22Sezzle%22+OR+%22PayPal+Pay+Later%22+OR+%22Shop+Pay+Installments%22,DRI
0000092380,,SOUTHWEST AIRLINES CO,no_relevant_evidence,No exact CIK or canonical-name match in current BNPL merchant dataset.,HIGH,2026-08-10T01:27:51.402911+00:00,current BNPL merchant dataset exact CIK/canonical-name check,,BNPL merchant and ownership files,internal_dataset,/Users/augustliu/Desktop/Research_On_Merchant_Side_Effect_Of_BNPL/data/merchant_ownership/merchant_ownership_rows.json,LUV
0000092380,,SOUTHWEST AIRLINES CO,no_relevant_evidence,"Search completed; no clear BNPL exposure signal detected in result text. Top links: https://r.bing.com/rs/4f/gg/cc,nc/-G_YKFrphkyl83D0HTgpMefXo7c.css?or=w; https://r.bing.com/rs/4f/gM/cc,nc/rWljTRKHPYQiu_szhv9ApXQ-KpI.css?or=w; https://r.bing.com/rs/4f/fd/cir3,cc,nc/WTKNvHzqziTEsCD58MJtjs7bzWc.css?or=w",MEDIUM,2026-08-10T01:27:51.402911+00:00,"""SOUTHWEST AIRLINES CO"" ""Affirm"" OR ""Klarna"" OR ""Afterpay"" OR ""Sezzle"" OR ""PayPal Pay Later"" OR ""Shop Pay Installments""",,Bing Search,web_search,https://www.bing.com/search?q=%22SOUTHWEST+AIRLINES+CO%22+%22Affirm%22+OR+%22Klarna%22+OR+%22Afterpay%22+OR+%22Sezzle%22+OR+%22PayPal+Pay+Later%22+OR+%22Shop+Pay+Installments%22,LUV
0000746515,,EXPEDITORS INTERNATIONAL OF WASHINGTON INC,no_relevant_evidence,No exact CIK or canonical-name match in current BNPL merchant dataset.,HIGH,2026-08-10T01:27:51.402911+00:00,current BNPL merchant dataset exact CIK/canonical-name check,,BNPL merchant and ownership files,internal_dataset,/Users/augustliu/Desktop/Research_On_Merchant_Side_Effect_Of_BNPL/data/merchant_ownership/merchant_ownership_rows.json,EXPD
0000746515,,EXPEDITORS INTERNATIONAL OF WASHINGTON INC,no_relevant_evidence,"Search completed; no clear BNPL exposure signal detected in result text. Top links: https://r.bing.com/rs/4f/gg/cc,nc/-G_YKFrphkyl83D0HTgpMefXo7c.css?or=w; https://r.bing.com/rs/4f/h6/cc,nc/U6HOq0RcF4_oC2_ItiNCBhNzO24.css?or=w; https://r.bing.com/rs/4f/fn/cir3,cc,nc/qYkYtW4ptUTHO5TVR_F3o3iRdIs.css?or=w",MEDIUM,2026-08-10T01:27:51.402911+00:00,"""EXPEDITORS INTERNATIONAL OF WASHINGTON INC"" ""Affirm"" OR ""Klarna"" OR ""Afterpay"" OR ""Sezzle"" OR ""PayPal Pay Later"" OR ""Shop Pay Installments""",,Bing Search,web_search,https://www.bing.com/search?q=%22EXPEDITORS+INTERNATIONAL+OF+WASHINGTON+INC%22+%22Affirm%22+OR+%22Klarna%22+OR+%22Afterpay%22+OR+%22Sezzle%22+OR+%22PayPal+Pay+Later%22+OR+%22Shop+Pay+Installments%22,EXPD
0001375365,,"Super Micro Computer, Inc.",no_relevant_evidence,No exact CIK or canonical-name match in current BNPL merchant dataset.,HIGH,2026-08-10T01:27:51.402911+00:00,current BNPL merchant dataset exact CIK/canonical-name check,,BNPL merchant and ownership files,internal_dataset,/Users/augustliu/Desktop/Research_On_Merchant_Side_Effect_Of_BNPL/data/merchant_ownership/merchant_ownership_rows.json,SMCI
0001375365,,"Super Micro Computer, Inc.",no_relevant_evidence,"Search completed; no clear BNPL exposure signal detected in result text. Top links: https://r.bing.com/rs/4f/gg/cc,nc/-G_YKFrphkyl83D0HTgpMefXo7c.css?or=w; https://r.bing.com/rs/4f/gM/cc,nc/rWljTRKHPYQiu_szhv9ApXQ-KpI.css?or=w; https://r.bing.com/rs/4f/fd/cir3,cc,nc/WTKNvHzqziTEsCD58MJtjs7bzWc.css?or=w",MEDIUM,2026-08-10T01:27:51.402911+00:00,"""Super Micro Computer, Inc."" ""Affirm"" OR ""Klarna"" OR ""Afterpay"" OR ""Sezzle"" OR ""PayPal Pay Later"" OR ""Shop Pay Installments""",,Bing Search,web_search,https://www.bing.com/search?q=%22Super+Micro+Computer%2C+Inc.%22+%22Affirm%22+OR+%22Klarna%22+OR+%22Afterpay%22+OR+%22Sezzle%22+OR+%22PayPal+Pay+Later%22+OR+%22Shop+Pay+Installments%22,SMCI
0001043277,,"C. H. ROBINSON WORLDWIDE, INC.",no_relevant_evidence,No exact CIK or canonical-name match in current BNPL merchant dataset.,HIGH,2026-08-10T01:27:51.402911+00:00,current BNPL merchant dataset exact CIK/canonical-name check,,BNPL merchant and ownership files,internal_dataset,/Users/augustliu/Desktop/Research_On_Merchant_Side_Effect_Of_BNPL/data/merchant_ownership/merchant_ownership_rows.json,CHRW
0001043277,,"C. H. ROBINSON WORLDWIDE, INC.",no_relevant_evidence,"Search completed; no clear BNPL exposure signal detected in result text. Top links: https://r.bing.com/rs/4f/gg/cc,nc/-G_YKFrphkyl83D0HTgpMefXo7c.css?or=w; https://r.bing.com/rs/4f/h6/cc,nc/U6HOq0RcF4_oC2_ItiNCBhNzO24.css?or=w; https://r.bing.com/rs/4f/fG/cir3,cc,nc/5gFAL7Id0yWkqqPO1crOKHL1NzM.css?or=w",MEDIUM,2026-08-10T01:27:51.402911+00:00,"""C. H. ROBINSON WORLDWIDE, INC."" ""Affirm"" OR ""Klarna"" OR ""Afterpay"" OR ""Sezzle"" OR ""PayPal Pay Later"" OR ""Shop Pay Installments""",,Bing Search,web_search,https://www.bing.com/search?q=%22C.+H.+ROBINSON+WORLDWIDE%2C+INC.%22+%22Affirm%22+OR+%22Klarna%22+OR+%22Afterpay%22+OR+%22Sezzle%22+OR+%22PayPal+Pay+Later%22+OR+%22Shop+Pay+Installments%22,CHRW
0001673358,,"Yum China Holdings, Inc.",no_relevant_evidence,No exact CIK or canonical-name match in current BNPL merchant dataset.,HIGH,2026-08-10T01:27:51.402911+00:00,current BNPL merchant dataset exact CIK/canonical-name check,,BNPL merchant and ownership files,internal_dataset,/Users/augustliu/Desktop/Research_On_Merchant_Side_Effect_Of_BNPL/data/merchant_ownership/merchant_ownership_rows.json,YUMC
0001673358,,"Yum China Holdings, Inc.",no_relevant_evidence,"Search completed; no clear BNPL exposure signal detected in result text. Top links: https://r.bing.com/rs/4f/gg/cc,nc/-G_YKFrphkyl83D0HTgpMefXo7c.css?or=w; https://r.bing.com/rs/4f/h6/cc,nc/U6HOq0RcF4_oC2_ItiNCBhNzO24.css?or=w; https://r.bing.com/rs/4f/fG/cir3,cc,nc/5gFAL7Id0yWkqqPO1crOKHL1NzM.css?or=w",MEDIUM,2026-08-10T01:27:51.402911+00:00,"""Yum China Holdings, Inc."" ""Affirm"" OR ""Klarna"" OR ""Afterpay"" OR ""Sezzle"" OR ""PayPal Pay Later"" OR ""Shop Pay Installments""",,Bing Search,web_search,https://www.bing.com/search?q=%22Yum+China+Holdings%2C+Inc.%22+%22Affirm%22+OR+%22Klarna%22+OR+%22Afterpay%22+OR+%22Sezzle%22+OR+%22PayPal+Pay+Later%22+OR+%22Shop+Pay+Installments%22,YUMC
0001019849,,"PENSKE AUTOMOTIVE GROUP, INC.",no_relevant_evidence,No exact CIK or canonical-name match in current BNPL merchant dataset.,HIGH,2026-08-10T01:27:51.402911+00:00,current BNPL merchant dataset exact CIK/canonical-name check,,BNPL merchant and ownership files,internal_dataset,/Users/augustliu/Desktop/Research_On_Merchant_Side_Effect_Of_BNPL/data/merchant_ownership/merchant_ownership_rows.json,PAG
0001019849,,"PENSKE AUTOMOTIVE GROUP, INC.",no_relevant_evidence,"Search completed; no clear BNPL exposure signal detected in result text. Top links: https://r.bing.com/rs/4f/gg/cc,nc/-G_YKFrphkyl83D0HTgpMefXo7c.css?or=w; https://r.bing.com/rs/4f/gM/cc,nc/rWljTRKHPYQiu_szhv9ApXQ-KpI.css?or=w; https://r.bing.com/rs/4f/ez/cir3,cc,nc/ITQ79_h8jq-eoIeRkdWbxDW7IbQ.css?or=w",MEDIUM,2026-08-10T01:27:51.402911+00:00,"""PENSKE AUTOMOTIVE GROUP, INC."" ""Affirm"" OR ""Klarna"" OR ""Afterpay"" OR ""Sezzle"" OR ""PayPal Pay Later"" OR ""Shop Pay Installments""",,Bing Search,web_search,https://www.bing.com/search?q=%22PENSKE+AUTOMOTIVE+GROUP%2C+INC.%22+%22Affirm%22+OR+%22Klarna%22+OR+%22Afterpay%22+OR+%22Sezzle%22+OR+%22PayPal+Pay+Later%22+OR+%22Shop+Pay+Installments%22,PAG
0001206264,,SOMNIGROUP INTERNATIONAL INC.,no_relevant_evidence,No exact CIK or canonical-name match in current BNPL merchant dataset.,HIGH,2026-08-10T01:27:51.402911+00:00,current BNPL merchant dataset exact CIK/canonical-name check,,BNPL merchant and ownership files,internal_dataset,/Users/augustliu/Desktop/Research_On_Merchant_Side_Effect_Of_BNPL/data/merchant_ownership/merchant_ownership_rows.json,SGI
0001206264,,SOMNIGROUP INTERNATIONAL INC.,no_relevant_evidence,"Search completed; no clear BNPL exposure signal detected in result text. Top links: https://r.bing.com/rs/4f/gg/cc,nc/-G_YKFrphkyl83D0HTgpMefXo7c.css?or=w; https://r.bing.com/rs/4f/h6/cc,nc/U6HOq0RcF4_oC2_ItiNCBhNzO24.css?or=w; https://r.bing.com/rs/4f/f3/cir3,cc,nc/XKkf7PevzOVtzidRm3f9xWob0cM.css?or=w",MEDIUM,2026-08-10T01:27:51.402911+00:00,"""SOMNIGROUP INTERNATIONAL INC."" ""Affirm"" OR ""Klarna"" OR ""Afterpay"" OR ""Sezzle"" OR ""PayPal Pay Later"" OR ""Shop Pay Installments""",,Bing Search,web_search,https://www.bing.com/search?q=%22SOMNIGROUP+INTERNATIONAL+INC.%22+%22Affirm%22+OR+%22Klarna%22+OR+%22Afterpay%22+OR+%22Sezzle%22+OR+%22PayPal+Pay+Later%22+OR+%22Shop+Pay+Installments%22,SGI
0001289460,,"Texas Roadhouse, Inc.",no_relevant_evidence,No exact CIK or canonical-name match in current BNPL merchant dataset.,HIGH,2026-08-10T01:27:51.402911+00:00,current BNPL merchant dataset exact CIK/canonical-name check,,BNPL merchant and ownership files,internal_dataset,/Users/augustliu/Desktop/Research_On_Merchant_Side_Effect_Of_BNPL/data/merchant_ownership/merchant_ownership_rows.json,TXRH
0001289460,,"Texas Roadhouse, Inc.",no_relevant_evidence,"Search completed; no clear BNPL exposure signal detected in result text. Top links: https://r.bing.com/rs/4f/gg/cc,nc/-G_YKFrphkyl83D0HTgpMefXo7c.css?or=w; https://r.bing.com/rs/4f/h6/cc,nc/U6HOq0RcF4_oC2_ItiNCBhNzO24.css?or=w; https://r.bing.com/rs/4f/fG/cir3,cc,nc/5gFAL7Id0yWkqqPO1crOKHL1NzM.css?or=w",MEDIUM,2026-08-10T01:27:51.402911+00:00,"""Texas Roadhouse, Inc."" ""Affirm"" OR ""Klarna"" OR ""Afterpay"" OR ""Sezzle"" OR ""PayPal Pay Later"" OR ""Shop Pay Installments""",,Bing Search,web_search,https://www.bing.com/search?q=%22Texas+Roadhouse%2C+Inc.%22+%22Affirm%22+OR+%22Klarna%22+OR+%22Afterpay%22+OR+%22Sezzle%22+OR+%22PayPal+Pay+Later%22+OR+%22Shop+Pay+Installments%22,TXRH
0001319161,,Warner Music Group Corp.,no_relevant_evidence,No exact CIK or canonical-name match in current BNPL merchant dataset.,HIGH,2026-08-10T01:27:51.402911+00:00,current BNPL merchant dataset exact CIK/canonical-name check,,BNPL merchant and ownership files,internal_dataset,/Users/augustliu/Desktop/Research_On_Merchant_Side_Effect_Of_BNPL/data/merchant_ownership/merchant_ownership_rows.json,WMG
0001319161,,Warner Music Group Corp.,no_relevant_evidence,"Search completed; no clear BNPL exposure signal detected in result text. Top links: https://r.bing.com/rs/4f/gg/cc,nc/-G_YKFrphkyl83D0HTgpMefXo7c.css?or=w; https://r.bing.com/rs/4f/gM/cc,nc/rWljTRKHPYQiu_szhv9ApXQ-KpI.css?or=w; https://r.bing.com/rs/4f/fG/cir3,cc,nc/5gFAL7Id0yWkqqPO1crOKHL1NzM.css?or=w",MEDIUM,2026-08-10T01:27:51.402911+00:00,"""Warner Music Group Corp."" ""Affirm"" OR ""Klarna"" OR ""Afterpay"" OR ""Sezzle"" OR ""PayPal Pay Later"" OR ""Shop Pay Installments""",,Bing Search,web_search,https://www.bing.com/search?q=%22Warner+Music+Group+Corp.%22+%22Affirm%22+OR+%22Klarna%22+OR+%22Afterpay%22+OR+%22Sezzle%22+OR+%22PayPal+Pay+Later%22+OR+%22Shop+Pay+Installments%22,WMG
0000317540,,"Coca-Cola Consolidated, Inc.",no_relevant_evidence,No exact CIK or canonical-name match in current BNPL merchant dataset.,HIGH,2026-08-10T01:27:51.402911+00:00,current BNPL merchant dataset exact CIK/canonical-name check,,BNPL merchant and ownership files,internal_dataset,/Users/augustliu/Desktop/Research_On_Merchant_Side_Effect_Of_BNPL/data/merchant_ownership/merchant_ownership_rows.json,COKE
0000317540,,"Coca-Cola Consolidated, Inc.",no_relevant_evidence,"Search completed; no clear BNPL exposure signal detected in result text. Top links: https://r.bing.com/rs/4f/gg/cc,nc/-G_YKFrphkyl83D0HTgpMefXo7c.css?or=w; https://r.bing.com/rs/4f/gM/cc,nc/rWljTRKHPYQiu_szhv9ApXQ-KpI.css?or=w; https://r.bing.com/rs/4f/f3/cir3,cc,nc/XKkf7PevzOVtzidRm3f9xWob0cM.css?or=w",MEDIUM,2026-08-10T01:27:51.402911+00:00,"""Coca-Cola Consolidated, Inc."" ""Affirm"" OR ""Klarna"" OR ""Afterpay"" OR ""Sezzle"" OR ""PayPal Pay Later"" OR ""Shop Pay Installments""",,Bing Search,web_search,https://www.bing.com/search?q=%22Coca-Cola+Consolidated%2C+Inc.%22+%22Affirm%22+OR+%22Klarna%22+OR+%22Afterpay%22+OR+%22Sezzle%22+OR+%22PayPal+Pay+Later%22+OR+%22Shop+Pay+Installments%22,COKE
0001521332,,Aptiv PLC,no_relevant_evidence,No exact CIK or canonical-name match in current BNPL merchant dataset.,HIGH,2026-08-10T01:27:51.402911+00:00,current BNPL merchant dataset exact CIK/canonical-name check,,BNPL merchant and ownership files,internal_dataset,/Users/augustliu/Desktop/Research_On_Merchant_Side_Effect_Of_BNPL/data/merchant_ownership/merchant_ownership_rows.json,APTV
0001521332,,Aptiv PLC,no_relevant_evidence,"Search completed; no clear BNPL exposure signal detected in result text. Top links: https://r.bing.com/rs/4f/gg/cc,nc/-G_YKFrphkyl83D0HTgpMefXo7c.css?or=w; https://r.bing.com/rs/4f/h6/cc,nc/U6HOq0RcF4_oC2_ItiNCBhNzO24.css?or=w; https://r.bing.com/rs/4f/fG/cir3,cc,nc/5gFAL7Id0yWkqqPO1crOKHL1NzM.css?or=w",MEDIUM,2026-08-10T01:27:51.402911+00:00,"""Aptiv PLC"" ""Affirm"" OR ""Klarna"" OR ""Afterpay"" OR ""Sezzle"" OR ""PayPal Pay Later"" OR ""Shop Pay Installments""",,Bing Search,web_search,https://www.bing.com/search?q=%22Aptiv+PLC%22+%22Affirm%22+OR+%22Klarna%22+OR+%22Afterpay%22+OR+%22Sezzle%22+OR+%22PayPal+Pay+Later%22+OR+%22Shop+Pay+Installments%22,APTV
0000067347,,MODINE MANUFACTURING CO,no_relevant_evidence,No exact CIK or canonical-name match in current BNPL merchant dataset.,HIGH,2026-08-10T01:27:51.402911+00:00,current BNPL merchant dataset exact CIK/canonical-name check,,BNPL merchant and ownership files,internal_dataset,/Users/augustliu/Desktop/Research_On_Merchant_Side_Effect_Of_BNPL/data/merchant_ownership/merchant_ownership_rows.json,MOD
0000067347,,MODINE MANUFACTURING CO,no_relevant_evidence,"Search completed; no clear BNPL exposure signal detected in result text. Top links: https://r.bing.com/rs/4f/gg/cc,nc/-G_YKFrphkyl83D0HTgpMefXo7c.css?or=w; https://r.bing.com/rs/4f/gM/cc,nc/rWljTRKHPYQiu_szhv9ApXQ-KpI.css?or=w; https://r.bing.com/rs/4f/fG/cir3,cc,nc/5gFAL7Id0yWkqqPO1crOKHL1NzM.css?or=w",MEDIUM,2026-08-10T01:27:51.402911+00:00,"""MODINE MANUFACTURING CO"" ""Affirm"" OR ""Klarna"" OR ""Afterpay"" OR ""Sezzle"" OR ""PayPal Pay Later"" OR ""Shop Pay Installments""",,Bing Search,web_search,https://www.bing.com/search?q=%22MODINE+MANUFACTURING+CO%22+%22Affirm%22+OR+%22Klarna%22+OR+%22Afterpay%22+OR+%22Sezzle%22+OR+%22PayPal+Pay+Later%22+OR+%22Shop+Pay+Installments%22,MOD
0000094845,,LEVI STRAUSS & CO,no_relevant_evidence,No exact CIK or canonical-name match in current BNPL merchant dataset.,HIGH,2026-08-10T01:27:51.402911+00:00,current BNPL merchant dataset exact CIK/canonical-name check,,BNPL merchant and ownership files,internal_dataset,/Users/augustliu/Desktop/Research_On_Merchant_Side_Effect_Of_BNPL/data/merchant_ownership/merchant_ownership_rows.json,LEVI
0000094845,,LEVI STRAUSS & CO,no_relevant_evidence,"Search completed; no clear BNPL exposure signal detected in result text. Top links: https://r.bing.com/rs/4f/gg/cc,nc/-G_YKFrphkyl83D0HTgpMefXo7c.css?or=w; https://r.bing.com/rs/4f/gM/cc,nc/rWljTRKHPYQiu_szhv9ApXQ-KpI.css?or=w; https://r.bing.com/rs/4f/eT/cir3,cc,nc/ZNlEaxLrmuWEflDP-KwkyUROBrA.css?or=w",MEDIUM,2026-08-10T01:27:51.402911+00:00,"""LEVI STRAUSS & CO"" ""Affirm"" OR ""Klarna"" OR ""Afterpay"" OR ""Sezzle"" OR ""PayPal Pay Later"" OR ""Shop Pay Installments""",,Bing Search,web_search,https://www.bing.com/search?q=%22LEVI+STRAUSS+%26+CO%22+%22Affirm%22+OR+%22Klarna%22+OR+%22Afterpay%22+OR+%22Sezzle%22+OR+%22PayPal+Pay+Later%22+OR+%22Shop+Pay+Installments%22,LEVI
0001636519,,Madison Square Garden Sports Corp.,no_relevant_evidence,No exact CIK or canonical-name match in current BNPL merchant dataset.,HIGH,2026-08-10T01:27:51.402911+00:00,current BNPL merchant dataset exact CIK/canonical-name check,,BNPL merchant and ownership files,internal_dataset,/Users/augustliu/Desktop/Research_On_Merchant_Side_Effect_Of_BNPL/data/merchant_ownership/merchant_ownership_rows.json,MSGS
0001636519,,Madison Square Garden Sports Corp.,no_relevant_evidence,"Search completed; no clear BNPL exposure signal detected in result text. Top links: https://r.bing.com/rs/4f/gg/cc,nc/-G_YKFrphkyl83D0HTgpMefXo7c.css?or=w; https://r.bing.com/rs/4f/h6/cc,nc/U6HOq0RcF4_oC2_ItiNCBhNzO24.css?or=w; https://r.bing.com/rs/4f/eJ/cir3,cc,nc/-ooVmxB9OlPzBcewmec-cfwYTQs.css?or=w",MEDIUM,2026-08-10T01:27:51.402911+00:00,"""Madison Square Garden Sports Corp."" ""Affirm"" OR ""Klarna"" OR ""Afterpay"" OR ""Sezzle"" OR ""PayPal Pay Later"" OR ""Shop Pay Installments""",,Bing Search,web_search,https://www.bing.com/search?q=%22Madison+Square+Garden+Sports+Corp.%22+%22Affirm%22+OR+%22Klarna%22+OR+%22Afterpay%22+OR+%22Sezzle%22+OR+%22PayPal+Pay+Later%22+OR+%22Shop+Pay+Installments%22,MSGS
0001411207,,Allison Transmission Holdings Inc,no_relevant_evidence,No exact CIK or canonical-name match in current BNPL merchant dataset.,HIGH,2026-08-10T01:27:51.402911+00:00,current BNPL merchant dataset exact CIK/canonical-name check,,BNPL merchant and ownership files,internal_dataset,/Users/augustliu/Desktop/Research_On_Merchant_Side_Effect_Of_BNPL/data/merchant_ownership/merchant_ownership_rows.json,ALSN
0001411207,,Allison Transmission Holdings Inc,no_relevant_evidence,"Search completed; no clear BNPL exposure signal detected in result text. Top links: https://r.bing.com/rs/4f/gg/cc,nc/-G_YKFrphkyl83D0HTgpMefXo7c.css?or=w; https://r.bing.com/rs/4f/gM/cc,nc/rWljTRKHPYQiu_szhv9ApXQ-KpI.css?or=w; https://r.bing.com/rs/4f/fd/cir3,cc,nc/WTKNvHzqziTEsCD58MJtjs7bzWc.css?or=w",MEDIUM,2026-08-10T01:27:51.402911+00:00,"""Allison Transmission Holdings Inc"" ""Affirm"" OR ""Klarna"" OR ""Afterpay"" OR ""Sezzle"" OR ""PayPal Pay Later"" OR ""Shop Pay Installments""",,Bing Search,web_search,https://www.bing.com/search?q=%22Allison+Transmission+Holdings+Inc%22+%22Affirm%22+OR+%22Klarna%22+OR+%22Afterpay%22+OR+%22Sezzle%22+OR+%22PayPal+Pay+Later%22+OR+%22Shop+Pay+Installments%22,ALSN
0000703351,,"BRINKER INTERNATIONAL, INC",no_relevant_evidence,No exact CIK or canonical-name match in current BNPL merchant dataset.,HIGH,2026-08-10T01:27:51.402911+00:00,current BNPL merchant dataset exact CIK/canonical-name check,,BNPL merchant and ownership files,internal_dataset,/Users/augustliu/Desktop/Research_On_Merchant_Side_Effect_Of_BNPL/data/merchant_ownership/merchant_ownership_rows.json,EAT
0000703351,,"BRINKER INTERNATIONAL, INC",no_relevant_evidence,"Search completed; no clear BNPL exposure signal detected in result text. Top links: https://r.bing.com/rs/4f/gg/cc,nc/-G_YKFrphkyl83D0HTgpMefXo7c.css?or=w; https://r.bing.com/rs/4f/gS/cc,nc/_huiPba-9XiYDf9Vd8j9EoLtXL4.css?or=w; https://r.bing.com/rs/4f/fG/cir3,cc,nc/5gFAL7Id0yWkqqPO1crOKHL1NzM.css?or=w",MEDIUM,2026-08-10T01:27:51.402911+00:00,"""BRINKER INTERNATIONAL, INC"" ""Affirm"" OR ""Klarna"" OR ""Afterpay"" OR ""Sezzle"" OR ""PayPal Pay Later"" OR ""Shop Pay Installments""",,Bing Search,web_search,https://www.bing.com/search?q=%22BRINKER+INTERNATIONAL%2C+INC%22+%22Affirm%22+OR+%22Klarna%22+OR+%22Afterpay%22+OR+%22Sezzle%22+OR+%22PayPal+Pay+Later%22+OR+%22Shop+Pay+Installments%22,EAT
0001034670,,AUTOLIV INC,no_relevant_evidence,No exact CIK or canonical-name match in current BNPL merchant dataset.,HIGH,2026-08-10T01:27:51.402911+00:00,current BNPL merchant dataset exact CIK/canonical-name check,,BNPL merchant and ownership files,internal_dataset,/Users/augustliu/Desktop/Research_On_Merchant_Side_Effect_Of_BNPL/data/merchant_ownership/merchant_ownership_rows.json,ALV
0001034670,,AUTOLIV INC,no_relevant_evidence,"Search completed; no clear BNPL exposure signal detected in result text. Top links: https://r.bing.com/rs/4f/gg/cc,nc/-G_YKFrphkyl83D0HTgpMefXo7c.css?or=w; https://r.bing.com/rs/4f/h6/cc,nc/U6HOq0RcF4_oC2_ItiNCBhNzO24.css?or=w; https://r.bing.com/rs/4f/fG/cir3,cc,nc/5gFAL7Id0yWkqqPO1crOKHL1NzM.css?or=w",MEDIUM,2026-08-10T01:27:51.402911+00:00,"""AUTOLIV INC"" ""Affirm"" OR ""Klarna"" OR ""Afterpay"" OR ""Sezzle"" OR ""PayPal Pay Later"" OR ""Shop Pay Installments""",,Bing Search,web_search,https://www.bing.com/search?q=%22AUTOLIV+INC%22+%22Affirm%22+OR+%22Klarna%22+OR+%22Afterpay%22+OR+%22Sezzle%22+OR+%22PayPal+Pay+Later%22+OR+%22Shop+Pay+Installments%22,ALV
0001023128,,LITHIA MOTORS INC,no_relevant_evidence,No exact CIK or canonical-name match in current BNPL merchant dataset.,HIGH,2026-08-10T01:27:51.402911+00:00,current BNPL merchant dataset exact CIK/canonical-name check,,BNPL merchant and ownership files,internal_dataset,/Users/augustliu/Desktop/Research_On_Merchant_Side_Effect_Of_BNPL/data/merchant_ownership/merchant_ownership_rows.json,LAD
0001023128,,LITHIA MOTORS INC,no_relevant_evidence,"Search completed; no clear BNPL exposure signal detected in result text. Top links: https://r.bing.com/rs/4f/gg/cc,nc/-G_YKFrphkyl83D0HTgpMefXo7c.css?or=w; https://r.bing.com/rs/4f/gM/cc,nc/rWljTRKHPYQiu_szhv9ApXQ-KpI.css?or=w; https://r.bing.com/rs/4f/fG/cir3,cc,nc/5gFAL7Id0yWkqqPO1crOKHL1NzM.css?or=w",MEDIUM,2026-08-10T01:27:51.402911+00:00,"""LITHIA MOTORS INC"" ""Affirm"" OR ""Klarna"" OR ""Afterpay"" OR ""Sezzle"" OR ""PayPal Pay Later"" OR ""Shop Pay Installments""",,Bing Search,web_search,https://www.bing.com/search?q=%22LITHIA+MOTORS+INC%22+%22Affirm%22+OR+%22Klarna%22+OR+%22Afterpay%22+OR+%22Sezzle%22+OR+%22PayPal+Pay+Later%22+OR+%22Shop+Pay+Installments%22,LAD
0001341766,,"Celsius Holdings, Inc.",no_relevant_evidence,No exact CIK or canonical-name match in current BNPL merchant dataset.,HIGH,2026-08-10T01:27:51.402911+00:00,current BNPL merchant dataset exact CIK/canonical-name check,,BNPL merchant and ownership files,internal_dataset,/Users/augustliu/Desktop/Research_On_Merchant_Side_Effect_Of_BNPL/data/merchant_ownership/merchant_ownership_rows.json,CELH
0001341766,,"Celsius Holdings, Inc.",no_relevant_evidence,"Search completed; no clear BNPL exposure signal detected in result text. Top links: https://r.bing.com/rs/4f/gg/cc,nc/-G_YKFrphkyl83D0HTgpMefXo7c.css?or=w; https://r.bing.com/rs/4f/h6/cc,nc/U6HOq0RcF4_oC2_ItiNCBhNzO24.css?or=w; https://r.bing.com/rs/4f/eJ/cir3,cc,nc/-ooVmxB9OlPzBcewmec-cfwYTQs.css?or=w",MEDIUM,2026-08-10T01:27:51.402911+00:00,"""Celsius Holdings, Inc."" ""Affirm"" OR ""Klarna"" OR ""Afterpay"" OR ""Sezzle"" OR ""PayPal Pay Later"" OR ""Shop Pay Installments""",,Bing Search,web_search,https://www.bing.com/search?q=%22Celsius+Holdings%2C+Inc.%22+%22Affirm%22+OR+%22Klarna%22+OR+%22Afterpay%22+OR+%22Sezzle%22+OR+%22PayPal+Pay+Later%22+OR+%22Shop+Pay+Installments%22,CELH
0001316835,,"Builders FirstSource, Inc.",no_relevant_evidence,No exact CIK or canonical-name match in current BNPL merchant dataset.,HIGH,2026-08-10T01:27:51.402911+00:00,current BNPL merchant dataset exact CIK/canonical-name check,,BNPL merchant and ownership files,internal_dataset,/Users/augustliu/Desktop/Research_On_Merchant_Side_Effect_Of_BNPL/data/merchant_ownership/merchant_ownership_rows.json,BLDR
0001316835,,"Builders FirstSource, Inc.",no_relevant_evidence,"Search completed; no clear BNPL exposure signal detected in result text. Top links: https://r.bing.com/rs/4f/gg/cc,nc/-G_YKFrphkyl83D0HTgpMefXo7c.css?or=w; https://r.bing.com/rs/4f/gM/cc,nc/rWljTRKHPYQiu_szhv9ApXQ-KpI.css?or=w; https://r.bing.com/rs/4f/eT/cir3,cc,nc/ZNlEaxLrmuWEflDP-KwkyUROBrA.css?or=w",MEDIUM,2026-08-10T01:27:51.402911+00:00,"""Builders FirstSource, Inc."" ""Affirm"" OR ""Klarna"" OR ""Afterpay"" OR ""Sezzle"" OR ""PayPal Pay Later"" OR ""Shop Pay Installments""",,Bing Search,web_search,https://www.bing.com/search?q=%22Builders+FirstSource%2C+Inc.%22+%22Affirm%22+OR+%22Klarna%22+OR+%22Afterpay%22+OR+%22Sezzle%22+OR+%22PayPal+Pay+Later%22+OR+%22Shop+Pay+Installments%22,BLDR
0000056047,,KIRBY CORP,no_relevant_evidence,No exact CIK or canonical-name match in current BNPL merchant dataset.,HIGH,2026-08-10T01:27:51.402911+00:00,current BNPL merchant dataset exact CIK/canonical-name check,,BNPL merchant and ownership files,internal_dataset,/Users/augustliu/Desktop/Research_On_Merchant_Side_Effect_Of_BNPL/data/merchant_ownership/merchant_ownership_rows.json,KEX
0000056047,,KIRBY CORP,no_relevant_evidence,"Search completed; no clear BNPL exposure signal detected in result text. Top links: https://r.bing.com/rs/4f/gg/cc,nc/-G_YKFrphkyl83D0HTgpMefXo7c.css?or=w; https://r.bing.com/rs/4f/gS/cc,nc/_huiPba-9XiYDf9Vd8j9EoLtXL4.css?or=w; https://r.bing.com/rs/4f/f3/cir3,cc,nc/XKkf7PevzOVtzidRm3f9xWob0cM.css?or=w",MEDIUM,2026-08-10T01:27:51.402911+00:00,"""KIRBY CORP"" ""Affirm"" OR ""Klarna"" OR ""Afterpay"" OR ""Sezzle"" OR ""PayPal Pay Later"" OR ""Shop Pay Installments""",,Bing Search,web_search,https://www.bing.com/search?q=%22KIRBY+CORP%22+%22Affirm%22+OR+%22Klarna%22+OR+%22Afterpay%22+OR+%22Sezzle%22+OR+%22PayPal+Pay+Later%22+OR+%22Shop+Pay+Installments%22,KEX
0000350698,,"AUTONATION, INC.",no_relevant_evidence,No exact CIK or canonical-name match in current BNPL merchant dataset.,HIGH,2026-08-10T01:27:51.402911+00:00,current BNPL merchant dataset exact CIK/canonical-name check,,BNPL merchant and ownership files,internal_dataset,/Users/augustliu/Desktop/Research_On_Merchant_Side_Effect_Of_BNPL/data/merchant_ownership/merchant_ownership_rows.json,AN
0000350698,,"AUTONATION, INC.",no_relevant_evidence,"Search completed; no clear BNPL exposure signal detected in result text. Top links: https://r.bing.com/rs/4f/gg/cc,nc/-G_YKFrphkyl83D0HTgpMefXo7c.css?or=w; https://r.bing.com/rs/4f/h6/cc,nc/U6HOq0RcF4_oC2_ItiNCBhNzO24.css?or=w; https://r.bing.com/rs/4f/fG/cir3,cc,nc/5gFAL7Id0yWkqqPO1crOKHL1NzM.css?or=w",MEDIUM,2026-08-10T01:27:51.402911+00:00,"""AUTONATION, INC."" ""Affirm"" OR ""Klarna"" OR ""Afterpay"" OR ""Sezzle"" OR ""PayPal Pay Later"" OR ""Shop Pay Installments""",,Bing Search,web_search,https://www.bing.com/search?q=%22AUTONATION%2C+INC.%22+%22Affirm%22+OR+%22Klarna%22+OR+%22Afterpay%22+OR+%22Sezzle%22+OR+%22PayPal+Pay+Later%22+OR+%22Shop+Pay+Installments%22,AN
0001653653,,"Red Rock Resorts, Inc.",no_relevant_evidence,No exact CIK or canonical-name match in current BNPL merchant dataset.,HIGH,2026-08-10T01:27:51.402911+00:00,current BNPL merchant dataset exact CIK/canonical-name check,,BNPL merchant and ownership files,internal_dataset,/Users/augustliu/Desktop/Research_On_Merchant_Side_Effect_Of_BNPL/data/merchant_ownership/merchant_ownership_rows.json,RRR
0001653653,,"Red Rock Resorts, Inc.",no_relevant_evidence,"Search completed; no clear BNPL exposure signal detected in result text. Top links: https://r.bing.com/rs/4f/gg/cc,nc/-G_YKFrphkyl83D0HTgpMefXo7c.css?or=w; https://r.bing.com/rs/4f/gS/cc,nc/_huiPba-9XiYDf9Vd8j9EoLtXL4.css?or=w; https://r.bing.com/rs/4f/fG/cir3,cc,nc/5gFAL7Id0yWkqqPO1crOKHL1NzM.css?or=w",MEDIUM,2026-08-10T01:27:51.402911+00:00,"""Red Rock Resorts, Inc."" ""Affirm"" OR ""Klarna"" OR ""Afterpay"" OR ""Sezzle"" OR ""PayPal Pay Later"" OR ""Shop Pay Installments""",,Bing Search,web_search,https://www.bing.com/search?q=%22Red+Rock+Resorts%2C+Inc.%22+%22Affirm%22+OR+%22Klarna%22+OR+%22Afterpay%22+OR+%22Sezzle%22+OR+%22PayPal+Pay+Later%22+OR+%22Shop+Pay+Installments%22,RRR
0001507079,,"Floor & Decor Holdings, Inc.",no_relevant_evidence,No exact CIK or canonical-name match in current BNPL merchant dataset.,HIGH,2026-08-10T01:27:51.402911+00:00,current BNPL merchant dataset exact CIK/canonical-name check,,BNPL merchant and ownership files,internal_dataset,/Users/augustliu/Desktop/Research_On_Merchant_Side_Effect_Of_BNPL/data/merchant_ownership/merchant_ownership_rows.json,FND
0001507079,,"Floor & Decor Holdings, Inc.",no_relevant_evidence,"Search completed; no clear BNPL exposure signal detected in result text. Top links: https://r.bing.com/rs/4f/gg/cc,nc/-G_YKFrphkyl83D0HTgpMefXo7c.css?or=w; https://r.bing.com/rs/4f/gM/cc,nc/rWljTRKHPYQiu_szhv9ApXQ-KpI.css?or=w; https://r.bing.com/rs/4f/fG/cir3,cc,nc/5gFAL7Id0yWkqqPO1crOKHL1NzM.css?or=w",MEDIUM,2026-08-10T01:27:51.402911+00:00,"""Floor & Decor Holdings, Inc."" ""Affirm"" OR ""Klarna"" OR ""Afterpay"" OR ""Sezzle"" OR ""PayPal Pay Later"" OR ""Shop Pay Installments""",,Bing Search,web_search,https://www.bing.com/search?q=%22Floor+%26+Decor+Holdings%2C+Inc.%22+%22Affirm%22+OR+%22Klarna%22+OR+%22Afterpay%22+OR+%22Sezzle%22+OR+%22PayPal+Pay+Later%22+OR+%22Shop+Pay+Installments%22,FND
0000040211,,GATX CORP,no_relevant_evidence,No exact CIK or canonical-name match in current BNPL merchant dataset.,HIGH,2026-08-10T01:27:51.402911+00:00,current BNPL merchant dataset exact CIK/canonical-name check,,BNPL merchant and ownership files,internal_dataset,/Users/augustliu/Desktop/Research_On_Merchant_Side_Effect_Of_BNPL/data/merchant_ownership/merchant_ownership_rows.json,GATX
0000040211,,GATX CORP,no_relevant_evidence,"Search completed; no clear BNPL exposure signal detected in result text. Top links: https://r.bing.com/rs/4f/gg/cc,nc/-G_YKFrphkyl83D0HTgpMefXo7c.css?or=w; https://r.bing.com/rs/4f/gM/cc,nc/rWljTRKHPYQiu_szhv9ApXQ-KpI.css?or=w; https://r.bing.com/rs/4f/fd/cir3,cc,nc/WTKNvHzqziTEsCD58MJtjs7bzWc.css?or=w",MEDIUM,2026-08-10T01:27:51.402911+00:00,"""GATX CORP"" ""Affirm"" OR ""Klarna"" OR ""Afterpay"" OR ""Sezzle"" OR ""PayPal Pay Later"" OR ""Shop Pay Installments""",,Bing Search,web_search,https://www.bing.com/search?q=%22GATX+CORP%22+%22Affirm%22+OR+%22Klarna%22+OR+%22Afterpay%22+OR+%22Sezzle%22+OR+%22PayPal+Pay+Later%22+OR+%22Shop+Pay+Installments%22,GATX
0001012019,,RUSH ENTERPRISES INC \TX\,no_relevant_evidence,No exact CIK or canonical-name match in current BNPL merchant dataset.,HIGH,2026-08-10T01:27:51.402911+00:00,current BNPL merchant dataset exact CIK/canonical-name check,,BNPL merchant and ownership files,internal_dataset,/Users/augustliu/Desktop/Research_On_Merchant_Side_Effect_Of_BNPL/data/merchant_ownership/merchant_ownership_rows.json,RUSHA
0001012019,,RUSH ENTERPRISES INC \TX\,no_relevant_evidence,"Search completed; no clear BNPL exposure signal detected in result text. Top links: https://r.bing.com/rs/4f/gg/cc,nc/-G_YKFrphkyl83D0HTgpMefXo7c.css?or=w; https://r.bing.com/rs/4f/h6/cc,nc/U6HOq0RcF4_oC2_ItiNCBhNzO24.css?or=w; https://r.bing.com/rs/4f/fG/cir3,cc,nc/5gFAL7Id0yWkqqPO1crOKHL1NzM.css?or=w",MEDIUM,2026-08-10T01:27:51.402911+00:00,"""RUSH ENTERPRISES INC \TX\"" ""Affirm"" OR ""Klarna"" OR ""Afterpay"" OR ""Sezzle"" OR ""PayPal Pay Later"" OR ""Shop Pay Installments""",,Bing Search,web_search,https://www.bing.com/search?q=%22RUSH+ENTERPRISES+INC+%5CTX%5C%22+%22Affirm%22+OR+%22Klarna%22+OR+%22Afterpay%22+OR+%22Sezzle%22+OR+%22PayPal+Pay+Later%22+OR+%22Shop+Pay+Installments%22,RUSHA
0000003453,,"Matson, Inc.",no_relevant_evidence,No exact CIK or canonical-name match in current BNPL merchant dataset.,HIGH,2026-08-10T01:27:51.402911+00:00,current BNPL merchant dataset exact CIK/canonical-name check,,BNPL merchant and ownership files,internal_dataset,/Users/augustliu/Desktop/Research_On_Merchant_Side_Effect_Of_BNPL/data/merchant_ownership/merchant_ownership_rows.json,MATX
0000003453,,"Matson, Inc.",no_relevant_evidence,"Search completed; no clear BNPL exposure signal detected in result text. Top links: https://r.bing.com/rs/4f/gg/cc,nc/-G_YKFrphkyl83D0HTgpMefXo7c.css?or=w; https://r.bing.com/rs/4f/gM/cc,nc/rWljTRKHPYQiu_szhv9ApXQ-KpI.css?or=w; https://r.bing.com/rs/4f/ez/cir3,cc,nc/ITQ79_h8jq-eoIeRkdWbxDW7IbQ.css?or=w",MEDIUM,2026-08-10T01:27:51.402911+00:00,"""Matson, Inc."" ""Affirm"" OR ""Klarna"" OR ""Afterpay"" OR ""Sezzle"" OR ""PayPal Pay Later"" OR ""Shop Pay Installments""",,Bing Search,web_search,https://www.bing.com/search?q=%22Matson%2C+Inc.%22+%22Affirm%22+OR+%22Klarna%22+OR+%22Afterpay%22+OR+%22Sezzle%22+OR+%22PayPal+Pay+Later%22+OR+%22Shop+Pay+Installments%22,MATX
0001590895,,"Caesars Entertainment, Inc.",no_relevant_evidence,No exact CIK or canonical-name match in current BNPL merchant dataset.,HIGH,2026-08-10T01:27:51.402911+00:00,current BNPL merchant dataset exact CIK/canonical-name check,,BNPL merchant and ownership files,internal_dataset,/Users/augustliu/Desktop/Research_On_Merchant_Side_Effect_Of_BNPL/data/merchant_ownership/merchant_ownership_rows.json,CZR
0001590895,affirm; afterpay; buy now pay later; klarna; pay in 4; paypal pay later; sezzle; zip,"Caesars Entertainment, Inc.",possible_bnpl,"Provider/payment terms appeared in search result text: affirm, afterpay, buy now pay later, klarna, pay in 4. Top links: https://www.bing.com/ck/a?!&&p=d61bb52bab1cecec0954e5b69ca3aa576b3205d5c87895c5f9c7bd6de0a82317JmltdHM9MTc4NjIzMzYwMA&ptn=3&ver=2&hsh=4&fclid=15e75c80-1f3a-6824-185b-4b311efd6933&u=a1aHR0cHM6Ly93d3cuZm9vbC5jb20vaW52ZXN0aW5nL3N0b2NrLW1hcmtldC9tYXJrZXQtc2VjdG9ycy9maW5hbmNpYWxzL2ZpbnRlY2gtc3RvY2tzL2JucGwtc3RvY2tzLz9tc29ja2lkPTE1ZTc1YzgwMWYzYTY4MjQxODViNGIzMTFlZmQ2OTMz&ntb=1; https://www.bing.com/ck/a?!&&p=d61bb52bab1cecec0954e5b69ca3aa576b3205d5c87895c5f9c7bd6de0a82317JmltdHM9MTc4NjIzMzYwMA&ptn=3&ver=2&hsh=4&fclid=15e75c80-1f3a-6824-185b-4b311efd6933&u=a1aHR0cHM6Ly93d3cuZm9vbC5jb20vaW52ZXN0aW5nL3N0b2NrLW1hcmtldC9tYXJrZXQtc2VjdG9ycy9maW5hbmNpYWxzL2ZpbnRlY2gtc3RvY2tzL2JucGwtc3RvY2tzLz9tc29ja2lkPTE1ZTc1YzgwMWYzYTY4MjQxODViNGIzMTFlZmQ2OTMz&ntb=1; https://www.bing.com/ck/a?!&&p=31d6bbc27365c5b12ae015a4719b6e0dfc255fb98a5424fd67e37b1e5507de5dJmltdHM9MTc4NjIzMzYwMA&ptn=3&ver=2&hsh=4&fclid=15e75c80-1f3a-6824-185b-4b311efd6933&u=a1L3NlYXJjaD9xPU1hdHRoZXcrRGlsYWxsbyZGT1JNPUZBQ1RSRQ&ntb=1",LOW,2026-08-10T01:27:51.402911+00:00,"""Caesars Entertainment, Inc."" ""Affirm"" OR ""Klarna"" OR ""Afterpay"" OR ""Sezzle"" OR ""PayPal Pay Later"" OR ""Shop Pay Installments""",,Bing Search,web_search,https://www.bing.com/search?q=%22Caesars+Entertainment%2C+Inc.%22+%22Affirm%22+OR+%22Klarna%22+OR+%22Afterpay%22+OR+%22Sezzle%22+OR+%22PayPal+Pay+Later%22+OR+%22Shop+Pay+Installments%22,CZR
0001041803,,PRICESMART INC,no_relevant_evidence,No exact CIK or canonical-name match in current BNPL merchant dataset.,HIGH,2026-08-10T01:27:51.402911+00:00,current BNPL merchant dataset exact CIK/canonical-name check,,BNPL merchant and ownership files,internal_dataset,/Users/augustliu/Desktop/Research_On_Merchant_Side_Effect_Of_BNPL/data/merchant_ownership/merchant_ownership_rows.json,PSMT
0001041803,,PRICESMART INC,no_relevant_evidence,"Search completed; no clear BNPL exposure signal detected in result text. Top links: https://r.bing.com/rs/4f/gg/cc,nc/-G_YKFrphkyl83D0HTgpMefXo7c.css?or=w; https://r.bing.com/rs/4f/h6/cc,nc/U6HOq0RcF4_oC2_ItiNCBhNzO24.css?or=w; https://r.bing.com/rs/4f/fG/cir3,cc,nc/5gFAL7Id0yWkqqPO1crOKHL1NzM.css?or=w",MEDIUM,2026-08-10T01:27:51.402911+00:00,"""PRICESMART INC"" ""Affirm"" OR ""Klarna"" OR ""Afterpay"" OR ""Sezzle"" OR ""PayPal Pay Later"" OR ""Shop Pay Installments""",,Bing Search,web_search,https://www.bing.com/search?q=%22PRICESMART+INC%22+%22Affirm%22+OR+%22Klarna%22+OR+%22Afterpay%22+OR+%22Sezzle%22+OR+%22PayPal+Pay+Later%22+OR+%22Shop+Pay+Installments%22,PSMT
0000020212,,Churchill Downs Inc,no_relevant_evidence,No exact CIK or canonical-name match in current BNPL merchant dataset.,HIGH,2026-08-10T01:27:51.402911+00:00,current BNPL merchant dataset exact CIK/canonical-name check,,BNPL merchant and ownership files,internal_dataset,/Users/augustliu/Desktop/Research_On_Merchant_Side_Effect_Of_BNPL/data/merchant_ownership/merchant_ownership_rows.json,CHDN
0000020212,affirm; afterpay; buy now pay later; klarna; pay in 4; paypal pay later; sezzle; zip,Churchill Downs Inc,possible_bnpl,"Provider/payment terms appeared in search result text: affirm, afterpay, buy now pay later, klarna, pay in 4. Top links: https://www.bing.com/ck/a?!&&p=5984fb8f72060001f2fc2539325d818ceb46d08aa3c4077c2886b544fd268edfJmltdHM9MTc4NjIzMzYwMA&ptn=3&ver=2&hsh=4&fclid=2e222a12-a58c-683f-194e-3da3a4596999&u=a1aHR0cHM6Ly93d3cua2xhcm5hLmNvbS91cy9wYXltZW50cy8&ntb=1; https://www.bing.com/ck/a?!&&p=5984fb8f72060001f2fc2539325d818ceb46d08aa3c4077c2886b544fd268edfJmltdHM9MTc4NjIzMzYwMA&ptn=3&ver=2&hsh=4&fclid=2e222a12-a58c-683f-194e-3da3a4596999&u=a1aHR0cHM6Ly93d3cua2xhcm5hLmNvbS91cy9wYXltZW50cy8&ntb=1; https://www.bing.com/ck/a?!&&p=dbdadb7990a828374b6e3ebca1f1768b1a4654ecdaa2c1152096300bd87152b6JmltdHM9MTc4NjIzMzYwMA&ptn=3&ver=2&hsh=4&fclid=2e222a12-a58c-683f-194e-3da3a4596999&u=a1aHR0cHM6Ly9pci5jaHVyY2hpbGxkb3duc2luY29ycG9yYXRlZC5jb20v&ntb=1",LOW,2026-08-10T01:27:51.402911+00:00,"""Churchill Downs Inc"" ""Affirm"" OR ""Klarna"" OR ""Afterpay"" OR ""Sezzle"" OR ""PayPal Pay Later"" OR ""Shop Pay Installments""",,Bing Search,web_search,https://www.bing.com/search?q=%22Churchill+Downs+Inc%22+%22Affirm%22+OR+%22Klarna%22+OR+%22Afterpay%22+OR+%22Sezzle%22+OR+%22PayPal+Pay+Later%22+OR+%22Shop+Pay+Installments%22,CHDN
0000766421,,"ALASKA AIR GROUP, INC.",no_relevant_evidence,No exact CIK or canonical-name match in current BNPL merchant dataset.,HIGH,2026-08-10T01:27:51.402911+00:00,current BNPL merchant dataset exact CIK/canonical-name check,,BNPL merchant and ownership files,internal_dataset,/Users/augustliu/Desktop/Research_On_Merchant_Side_Effect_Of_BNPL/data/merchant_ownership/merchant_ownership_rows.json,ALK
0000766421,,"ALASKA AIR GROUP, INC.",no_relevant_evidence,"Search completed; no clear BNPL exposure signal detected in result text. Top links: https://r.bing.com/rs/4f/gg/cc,nc/-G_YKFrphkyl83D0HTgpMefXo7c.css?or=w; https://r.bing.com/rs/4f/h6/cc,nc/U6HOq0RcF4_oC2_ItiNCBhNzO24.css?or=w; https://r.bing.com/rs/4f/fd/cir3,cc,nc/WTKNvHzqziTEsCD58MJtjs7bzWc.css?or=w",MEDIUM,2026-08-10T01:27:51.402911+00:00,"""ALASKA AIR GROUP, INC."" ""Affirm"" OR ""Klarna"" OR ""Afterpay"" OR ""Sezzle"" OR ""PayPal Pay Later"" OR ""Shop Pay Installments""",,Bing Search,web_search,https://www.bing.com/search?q=%22ALASKA+AIR+GROUP%2C+INC.%22+%22Affirm%22+OR+%22Klarna%22+OR+%22Afterpay%22+OR+%22Sezzle%22+OR+%22PayPal+Pay+Later%22+OR+%22Shop+Pay+Installments%22,ALK
0001046311,,CHOICE HOTELS INTERNATIONAL INC /DE,no_relevant_evidence,No exact CIK or canonical-name match in current BNPL merchant dataset.,HIGH,2026-08-10T01:27:51.402911+00:00,current BNPL merchant dataset exact CIK/canonical-name check,,BNPL merchant and ownership files,internal_dataset,/Users/augustliu/Desktop/Research_On_Merchant_Side_Effect_Of_BNPL/data/merchant_ownership/merchant_ownership_rows.json,CHH
0001046311,,CHOICE HOTELS INTERNATIONAL INC /DE,no_relevant_evidence,"Search completed; no clear BNPL exposure signal detected in result text. Top links: https://r.bing.com/rs/4f/gg/cc,nc/-G_YKFrphkyl83D0HTgpMefXo7c.css?or=w; https://r.bing.com/rs/4f/h6/cc,nc/U6HOq0RcF4_oC2_ItiNCBhNzO24.css?or=w; https://r.bing.com/rs/4f/eJ/cir3,cc,nc/-ooVmxB9OlPzBcewmec-cfwYTQs.css?or=w",MEDIUM,2026-08-10T01:27:51.402911+00:00,"""CHOICE HOTELS INTERNATIONAL INC /DE"" ""Affirm"" OR ""Klarna"" OR ""Afterpay"" OR ""Sezzle"" OR ""PayPal Pay Later"" OR ""Shop Pay Installments""",,Bing Search,web_search,https://www.bing.com/search?q=%22CHOICE+HOTELS+INTERNATIONAL+INC+%2FDE%22+%22Affirm%22+OR+%22Klarna%22+OR+%22Afterpay%22+OR+%22Sezzle%22+OR+%22PayPal+Pay+Later%22+OR+%22Shop+Pay+Installments%22,CHH
0001760965,,"Kontoor Brands, Inc.",no_relevant_evidence,No exact CIK or canonical-name match in current BNPL merchant dataset.,HIGH,2026-08-10T01:27:51.402911+00:00,current BNPL merchant dataset exact CIK/canonical-name check,,BNPL merchant and ownership files,internal_dataset,/Users/augustliu/Desktop/Research_On_Merchant_Side_Effect_Of_BNPL/data/merchant_ownership/merchant_ownership_rows.json,KTB
0001760965,,"Kontoor Brands, Inc.",no_relevant_evidence,"Search completed; no clear BNPL exposure signal detected in result text. Top links: https://r.bing.com/rs/4f/gg/cc,nc/-G_YKFrphkyl83D0HTgpMefXo7c.css?or=w; https://r.bing.com/rs/4f/h6/cc,nc/U6HOq0RcF4_oC2_ItiNCBhNzO24.css?or=w; https://r.bing.com/rs/4f/fG/cir3,cc,nc/5gFAL7Id0yWkqqPO1crOKHL1NzM.css?or=w",MEDIUM,2026-08-10T01:27:51.402911+00:00,"""Kontoor Brands, Inc."" ""Affirm"" OR ""Klarna"" OR ""Afterpay"" OR ""Sezzle"" OR ""PayPal Pay Later"" OR ""Shop Pay Installments""",,Bing Search,web_search,https://www.bing.com/search?q=%22Kontoor+Brands%2C+Inc.%22+%22Affirm%22+OR+%22Klarna%22+OR+%22Afterpay%22+OR+%22Sezzle%22+OR+%22PayPal+Pay+Later%22+OR+%22Shop+Pay+Installments%22,KTB
0001610250,,"Boot Barn Holdings, Inc.",no_relevant_evidence,No exact CIK or canonical-name match in current BNPL merchant dataset.,HIGH,2026-08-10T01:27:51.402911+00:00,current BNPL merchant dataset exact CIK/canonical-name check,,BNPL merchant and ownership files,internal_dataset,/Users/augustliu/Desktop/Research_On_Merchant_Side_Effect_Of_BNPL/data/merchant_ownership/merchant_ownership_rows.json,BOOT
0001610250,,"Boot Barn Holdings, Inc.",no_relevant_evidence,"Search completed; no clear BNPL exposure signal detected in result text. Top links: https://r.bing.com/rs/4f/gg/cc,nc/-G_YKFrphkyl83D0HTgpMefXo7c.css?or=w; https://r.bing.com/rs/4f/gS/cc,nc/_huiPba-9XiYDf9Vd8j9EoLtXL4.css?or=w; https://r.bing.com/rs/4f/eJ/cir3,cc,nc/-ooVmxB9OlPzBcewmec-cfwYTQs.css?or=w",MEDIUM,2026-08-10T01:27:51.402911+00:00,"""Boot Barn Holdings, Inc."" ""Affirm"" OR ""Klarna"" OR ""Afterpay"" OR ""Sezzle"" OR ""PayPal Pay Later"" OR ""Shop Pay Installments""",,Bing Search,web_search,https://www.bing.com/search?q=%22Boot+Barn+Holdings%2C+Inc.%22+%22Affirm%22+OR+%22Klarna%22+OR+%22Afterpay%22+OR+%22Sezzle%22+OR+%22PayPal+Pay+Later%22+OR+%22Shop+Pay+Installments%22,BOOT
0001639300,,"Ollie's Bargain Outlet Holdings, Inc.",no_relevant_evidence,No exact CIK or canonical-name match in current BNPL merchant dataset.,HIGH,2026-08-10T01:27:51.402911+00:00,current BNPL merchant dataset exact CIK/canonical-name check,,BNPL merchant and ownership files,internal_dataset,/Users/augustliu/Desktop/Research_On_Merchant_Side_Effect_Of_BNPL/data/merchant_ownership/merchant_ownership_rows.json,OLLI
0001639300,,"Ollie's Bargain Outlet Holdings, Inc.",no_relevant_evidence,"Search completed; no clear BNPL exposure signal detected in result text. Top links: https://r.bing.com/rs/4f/gg/cc,nc/-G_YKFrphkyl83D0HTgpMefXo7c.css?or=w; https://r.bing.com/rs/4f/h6/cc,nc/U6HOq0RcF4_oC2_ItiNCBhNzO24.css?or=w; https://r.bing.com/rs/4f/fG/cir3,cc,nc/5gFAL7Id0yWkqqPO1crOKHL1NzM.css?or=w",MEDIUM,2026-08-10T01:27:51.402911+00:00,"""Ollie's Bargain Outlet Holdings, Inc."" ""Affirm"" OR ""Klarna"" OR ""Afterpay"" OR ""Sezzle"" OR ""PayPal Pay Later"" OR ""Shop Pay Installments""",,Bing Search,web_search,https://www.bing.com/search?q=%22Ollie%27s+Bargain+Outlet+Holdings%2C+Inc.%22+%22Affirm%22+OR+%22Klarna%22+OR+%22Afterpay%22+OR+%22Sezzle%22+OR+%22PayPal+Pay+Later%22+OR+%22Shop+Pay+Installments%22,OLLI
0001637207,,"Planet Fitness, Inc.",no_relevant_evidence,No exact CIK or canonical-name match in current BNPL merchant dataset.,HIGH,2026-08-10T01:27:51.402911+00:00,current BNPL merchant dataset exact CIK/canonical-name check,,BNPL merchant and ownership files,internal_dataset,/Users/augustliu/Desktop/Research_On_Merchant_Side_Effect_Of_BNPL/data/merchant_ownership/merchant_ownership_rows.json,PLNT
0001637207,,"Planet Fitness, Inc.",no_relevant_evidence,"Search completed; no clear BNPL exposure signal detected in result text. Top links: https://r.bing.com/rs/4f/gg/cc,nc/-G_YKFrphkyl83D0HTgpMefXo7c.css?or=w; https://r.bing.com/rs/4f/gM/cc,nc/rWljTRKHPYQiu_szhv9ApXQ-KpI.css?or=w; https://r.bing.com/rs/4f/fG/cir3,cc,nc/5gFAL7Id0yWkqqPO1crOKHL1NzM.css?or=w",MEDIUM,2026-08-10T01:27:51.402911+00:00,"""Planet Fitness, Inc."" ""Affirm"" OR ""Klarna"" OR ""Afterpay"" OR ""Sezzle"" OR ""PayPal Pay Later"" OR ""Shop Pay Installments""",,Bing Search,web_search,https://www.bing.com/search?q=%22Planet+Fitness%2C+Inc.%22+%22Affirm%22+OR+%22Klarna%22+OR+%22Afterpay%22+OR+%22Sezzle%22+OR+%22PayPal+Pay+Later%22+OR+%22Shop+Pay+Installments%22,PLNT
0000063276,,MATTEL INC /DE/,no_relevant_evidence,No exact CIK or canonical-name match in current BNPL merchant dataset.,HIGH,2026-08-10T01:27:51.402911+00:00,current BNPL merchant dataset exact CIK/canonical-name check,,BNPL merchant and ownership files,internal_dataset,/Users/augustliu/Desktop/Research_On_Merchant_Side_Effect_Of_BNPL/data/merchant_ownership/merchant_ownership_rows.json,MAT
0000063276,,MATTEL INC /DE/,no_relevant_evidence,"Search completed; no clear BNPL exposure signal detected in result text. Top links: https://r.bing.com/rs/4f/gg/cc,nc/-G_YKFrphkyl83D0HTgpMefXo7c.css?or=w; https://r.bing.com/rs/4f/gM/cc,nc/rWljTRKHPYQiu_szhv9ApXQ-KpI.css?or=w; https://r.bing.com/rs/4f/fG/cir3,cc,nc/5gFAL7Id0yWkqqPO1crOKHL1NzM.css?or=w",MEDIUM,2026-08-10T01:27:51.402911+00:00,"""MATTEL INC /DE/"" ""Affirm"" OR ""Klarna"" OR ""Afterpay"" OR ""Sezzle"" OR ""PayPal Pay Later"" OR ""Shop Pay Installments""",,Bing Search,web_search,https://www.bing.com/search?q=%22MATTEL+INC+%2FDE%2F%22+%22Affirm%22+OR+%22Klarna%22+OR+%22Afterpay%22+OR+%22Sezzle%22+OR+%22PayPal+Pay+Later%22+OR+%22Shop+Pay+Installments%22,MAT
0001646188,,Ondas Inc.,no_relevant_evidence,No exact CIK or canonical-name match in current BNPL merchant dataset.,HIGH,2026-08-10T01:27:51.402911+00:00,current BNPL merchant dataset exact CIK/canonical-name check,,BNPL merchant and ownership files,internal_dataset,/Users/augustliu/Desktop/Research_On_Merchant_Side_Effect_Of_BNPL/data/merchant_ownership/merchant_ownership_rows.json,ONDS
0001646188,,Ondas Inc.,no_relevant_evidence,"Search completed; no clear BNPL exposure signal detected in result text. Top links: https://r.bing.com/rs/4f/gg/cc,nc/-G_YKFrphkyl83D0HTgpMefXo7c.css?or=w; https://r.bing.com/rs/4f/h6/cc,nc/U6HOq0RcF4_oC2_ItiNCBhNzO24.css?or=w; https://r.bing.com/rs/4f/fn/cir3,cc,nc/qYkYtW4ptUTHO5TVR_F3o3iRdIs.css?or=w",MEDIUM,2026-08-10T01:27:51.402911+00:00,"""Ondas Inc."" ""Affirm"" OR ""Klarna"" OR ""Afterpay"" OR ""Sezzle"" OR ""PayPal Pay Later"" OR ""Shop Pay Installments""",,Bing Search,web_search,https://www.bing.com/search?q=%22Ondas+Inc.%22+%22Affirm%22+OR+%22Klarna%22+OR+%22Afterpay%22+OR+%22Sezzle%22+OR+%22PayPal+Pay+Later%22+OR+%22Shop+Pay+Installments%22,ONDS
0001385280,,"Cinemark Holdings, Inc.",no_relevant_evidence,No exact CIK or canonical-name match in current BNPL merchant dataset.,HIGH,2026-08-10T01:27:51.402911+00:00,current BNPL merchant dataset exact CIK/canonical-name check,,BNPL merchant and ownership files,internal_dataset,/Users/augustliu/Desktop/Research_On_Merchant_Side_Effect_Of_BNPL/data/merchant_ownership/merchant_ownership_rows.json,CNK
0001385280,,"Cinemark Holdings, Inc.",no_relevant_evidence,"Search completed; no clear BNPL exposure signal detected in result text. Top links: https://r.bing.com/rs/4f/gg/cc,nc/-G_YKFrphkyl83D0HTgpMefXo7c.css?or=w; https://r.bing.com/rs/4f/h6/cc,nc/U6HOq0RcF4_oC2_ItiNCBhNzO24.css?or=w; https://r.bing.com/rs/4f/fd/cir3,cc,nc/WTKNvHzqziTEsCD58MJtjs7bzWc.css?or=w",MEDIUM,2026-08-10T01:27:51.402911+00:00,"""Cinemark Holdings, Inc."" ""Affirm"" OR ""Klarna"" OR ""Afterpay"" OR ""Sezzle"" OR ""PayPal Pay Later"" OR ""Shop Pay Installments""",,Bing Search,web_search,https://www.bing.com/search?q=%22Cinemark+Holdings%2C+Inc.%22+%22Affirm%22+OR+%22Klarna%22+OR+%22Afterpay%22+OR+%22Sezzle%22+OR+%22PayPal+Pay+Later%22+OR+%22Shop+Pay+Installments%22,CNK
0001395942,,"OPENLANE, Inc.",no_relevant_evidence,No exact CIK or canonical-name match in current BNPL merchant dataset.,HIGH,2026-08-10T01:27:51.402911+00:00,current BNPL merchant dataset exact CIK/canonical-name check,,BNPL merchant and ownership files,internal_dataset,/Users/augustliu/Desktop/Research_On_Merchant_Side_Effect_Of_BNPL/data/merchant_ownership/merchant_ownership_rows.json,OPLN
0001395942,,"OPENLANE, Inc.",no_relevant_evidence,"Search completed; no clear BNPL exposure signal detected in result text. Top links: https://r.bing.com/rs/4f/gg/cc,nc/-G_YKFrphkyl83D0HTgpMefXo7c.css?or=w; https://r.bing.com/rs/4f/h6/cc,nc/U6HOq0RcF4_oC2_ItiNCBhNzO24.css?or=w; https://r.bing.com/rs/4f/f3/cir3,cc,nc/XKkf7PevzOVtzidRm3f9xWob0cM.css?or=w",MEDIUM,2026-08-10T01:27:51.402911+00:00,"""OPENLANE, Inc."" ""Affirm"" OR ""Klarna"" OR ""Afterpay"" OR ""Sezzle"" OR ""PayPal Pay Later"" OR ""Shop Pay Installments""",,Bing Search,web_search,https://www.bing.com/search?q=%22OPENLANE%2C+Inc.%22+%22Affirm%22+OR+%22Klarna%22+OR+%22Afterpay%22+OR+%22Sezzle%22+OR+%22PayPal+Pay+Later%22+OR+%22Shop+Pay+Installments%22,OPLN
0000868780,,"Dorman Products, Inc.",no_relevant_evidence,No exact CIK or canonical-name match in current BNPL merchant dataset.,HIGH,2026-08-10T01:27:51.402911+00:00,current BNPL merchant dataset exact CIK/canonical-name check,,BNPL merchant and ownership files,internal_dataset,/Users/augustliu/Desktop/Research_On_Merchant_Side_Effect_Of_BNPL/data/merchant_ownership/merchant_ownership_rows.json,DORM
0000868780,,"Dorman Products, Inc.",no_relevant_evidence,"Search completed; no clear BNPL exposure signal detected in result text. Top links: https://r.bing.com/rs/4f/gg/cc,nc/-G_YKFrphkyl83D0HTgpMefXo7c.css?or=w; https://r.bing.com/rs/4f/gS/cc,nc/_huiPba-9XiYDf9Vd8j9EoLtXL4.css?or=w; https://r.bing.com/rs/4f/fn/cir3,cc,nc/qYkYtW4ptUTHO5TVR_F3o3iRdIs.css?or=w",MEDIUM,2026-08-10T01:27:51.402911+00:00,"""Dorman Products, Inc."" ""Affirm"" OR ""Klarna"" OR ""Afterpay"" OR ""Sezzle"" OR ""PayPal Pay Later"" OR ""Shop Pay Installments""",,Bing Search,web_search,https://www.bing.com/search?q=%22Dorman+Products%2C+Inc.%22+%22Affirm%22+OR+%22Klarna%22+OR+%22Afterpay%22+OR+%22Sezzle%22+OR+%22PayPal+Pay+Later%22+OR+%22Shop+Pay+Installments%22,DORM
0000932696,,INSIGHT ENTERPRISES INC,no_relevant_evidence,No exact CIK or canonical-name match in current BNPL merchant dataset.,HIGH,2026-08-10T01:27:51.402911+00:00,current BNPL merchant dataset exact CIK/canonical-name check,,BNPL merchant and ownership files,internal_dataset,/Users/augustliu/Desktop/Research_On_Merchant_Side_Effect_Of_BNPL/data/merchant_ownership/merchant_ownership_rows.json,NSIT
0000932696,,INSIGHT ENTERPRISES INC,no_relevant_evidence,"Search completed; no clear BNPL exposure signal detected in result text. Top links: https://r.bing.com/rs/4f/gg/cc,nc/-G_YKFrphkyl83D0HTgpMefXo7c.css?or=w; https://r.bing.com/rs/4f/h6/cc,nc/U6HOq0RcF4_oC2_ItiNCBhNzO24.css?or=w; https://r.bing.com/rs/4f/fG/cir3,cc,nc/5gFAL7Id0yWkqqPO1crOKHL1NzM.css?or=w",MEDIUM,2026-08-10T01:27:51.402911+00:00,"""INSIGHT ENTERPRISES INC"" ""Affirm"" OR ""Klarna"" OR ""Afterpay"" OR ""Sezzle"" OR ""PayPal Pay Later"" OR ""Shop Pay Installments""",,Bing Search,web_search,https://www.bing.com/search?q=%22INSIGHT+ENTERPRISES+INC%22+%22Affirm%22+OR+%22Klarna%22+OR+%22Afterpay%22+OR+%22Sezzle%22+OR+%22PayPal+Pay+Later%22+OR+%22Shop+Pay+Installments%22,NSIT
0000913241,,"STEVEN MADDEN, LTD.",no_relevant_evidence,No exact CIK or canonical-name match in current BNPL merchant dataset.,HIGH,2026-08-10T01:27:51.402911+00:00,current BNPL merchant dataset exact CIK/canonical-name check,,BNPL merchant and ownership files,internal_dataset,/Users/augustliu/Desktop/Research_On_Merchant_Side_Effect_Of_BNPL/data/merchant_ownership/merchant_ownership_rows.json,SHOO
0000913241,,"STEVEN MADDEN, LTD.",no_relevant_evidence,"Search completed; no clear BNPL exposure signal detected in result text. Top links: https://r.bing.com/rs/4f/gg/cc,nc/-G_YKFrphkyl83D0HTgpMefXo7c.css?or=w; https://r.bing.com/rs/4f/h6/cc,nc/U6HOq0RcF4_oC2_ItiNCBhNzO24.css?or=w; https://r.bing.com/rs/4f/fG/cir3,cc,nc/5gFAL7Id0yWkqqPO1crOKHL1NzM.css?or=w",MEDIUM,2026-08-10T01:27:51.402911+00:00,"""STEVEN MADDEN, LTD."" ""Affirm"" OR ""Klarna"" OR ""Afterpay"" OR ""Sezzle"" OR ""PayPal Pay Later"" OR ""Shop Pay Installments""",,Bing Search,web_search,https://www.bing.com/search?q=%22STEVEN+MADDEN%2C+LTD.%22+%22Affirm%22+OR+%22Klarna%22+OR+%22Afterpay%22+OR+%22Sezzle%22+OR+%22PayPal+Pay+Later%22+OR+%22Shop+Pay+Installments%22,SHOO
0000837465,,Callaway Golf Co,no_relevant_evidence,No exact CIK or canonical-name match in current BNPL merchant dataset.,HIGH,2026-08-10T01:27:51.402911+00:00,current BNPL merchant dataset exact CIK/canonical-name check,,BNPL merchant and ownership files,internal_dataset,/Users/augustliu/Desktop/Research_On_Merchant_Side_Effect_Of_BNPL/data/merchant_ownership/merchant_ownership_rows.json,CALY
0000837465,,Callaway Golf Co,no_relevant_evidence,"Search completed; no clear BNPL exposure signal detected in result text. Top links: https://r.bing.com/rs/4f/gg/cc,nc/-G_YKFrphkyl83D0HTgpMefXo7c.css?or=w; https://r.bing.com/rs/4f/h6/cc,nc/U6HOq0RcF4_oC2_ItiNCBhNzO24.css?or=w; https://r.bing.com/rs/4f/f3/cir3,cc,nc/XKkf7PevzOVtzidRm3f9xWob0cM.css?or=w",MEDIUM,2026-08-10T01:27:51.402911+00:00,"""Callaway Golf Co"" ""Affirm"" OR ""Klarna"" OR ""Afterpay"" OR ""Sezzle"" OR ""PayPal Pay Later"" OR ""Shop Pay Installments""",,Bing Search,web_search,https://www.bing.com/search?q=%22Callaway+Golf+Co%22+%22Affirm%22+OR+%22Klarna%22+OR+%22Afterpay%22+OR+%22Sezzle%22+OR+%22PayPal+Pay+Later%22+OR+%22Shop+Pay+Installments%22,CALY
0001031203,,GROUP 1 AUTOMOTIVE INC,no_relevant_evidence,No exact CIK or canonical-name match in current BNPL merchant dataset.,HIGH,2026-08-10T01:27:51.402911+00:00,current BNPL merchant dataset exact CIK/canonical-name check,,BNPL merchant and ownership files,internal_dataset,/Users/augustliu/Desktop/Research_On_Merchant_Side_Effect_Of_BNPL/data/merchant_ownership/merchant_ownership_rows.json,GPI
0001031203,,GROUP 1 AUTOMOTIVE INC,no_relevant_evidence,"Search completed; no clear BNPL exposure signal detected in result text. Top links: https://r.bing.com/rs/4f/gg/cc,nc/-G_YKFrphkyl83D0HTgpMefXo7c.css?or=w; https://r.bing.com/rs/4f/gS/cc,nc/_huiPba-9XiYDf9Vd8j9EoLtXL4.css?or=w; https://r.bing.com/rs/4f/ez/cir3,cc,nc/ITQ79_h8jq-eoIeRkdWbxDW7IbQ.css?or=w",MEDIUM,2026-08-10T01:27:51.402911+00:00,"""GROUP 1 AUTOMOTIVE INC"" ""Affirm"" OR ""Klarna"" OR ""Afterpay"" OR ""Sezzle"" OR ""PayPal Pay Later"" OR ""Shop Pay Installments""",,Bing Search,web_search,https://www.bing.com/search?q=%22GROUP+1+AUTOMOTIVE+INC%22+%22Affirm%22+OR+%22Klarna%22+OR+%22Afterpay%22+OR+%22Sezzle%22+OR+%22PayPal+Pay+Later%22+OR+%22Shop+Pay+Installments%22,GPI
0001587523,,Knowles Corp,no_relevant_evidence,No exact CIK or canonical-name match in current BNPL merchant dataset.,HIGH,2026-08-10T01:27:51.402911+00:00,current BNPL merchant dataset exact CIK/canonical-name check,,BNPL merchant and ownership files,internal_dataset,/Users/augustliu/Desktop/Research_On_Merchant_Side_Effect_Of_BNPL/data/merchant_ownership/merchant_ownership_rows.json,KN
0001587523,,Knowles Corp,no_relevant_evidence,"Search completed; no clear BNPL exposure signal detected in result text. Top links: https://r.bing.com/rs/4f/gg/cc,nc/-G_YKFrphkyl83D0HTgpMefXo7c.css?or=w; https://r.bing.com/rs/4f/h6/cc,nc/U6HOq0RcF4_oC2_ItiNCBhNzO24.css?or=w; https://r.bing.com/rs/4f/eT/cir3,cc,nc/ZNlEaxLrmuWEflDP-KwkyUROBrA.css?or=w",MEDIUM,2026-08-10T01:27:51.402911+00:00,"""Knowles Corp"" ""Affirm"" OR ""Klarna"" OR ""Afterpay"" OR ""Sezzle"" OR ""PayPal Pay Later"" OR ""Shop Pay Installments""",,Bing Search,web_search,https://www.bing.com/search?q=%22Knowles+Corp%22+%22Affirm%22+OR+%22Klarna%22+OR+%22Afterpay%22+OR+%22Sezzle%22+OR+%22PayPal+Pay+Later%22+OR+%22Shop+Pay+Installments%22,KN
0000048287,,HNI CORP,no_relevant_evidence,No exact CIK or canonical-name match in current BNPL merchant dataset.,HIGH,2026-08-10T01:27:51.402911+00:00,current BNPL merchant dataset exact CIK/canonical-name check,,BNPL merchant and ownership files,internal_dataset,/Users/augustliu/Desktop/Research_On_Merchant_Side_Effect_Of_BNPL/data/merchant_ownership/merchant_ownership_rows.json,HNI
0000048287,,HNI CORP,no_relevant_evidence,"Search completed; no clear BNPL exposure signal detected in result text. Top links: https://r.bing.com/rs/4f/gg/cc,nc/-G_YKFrphkyl83D0HTgpMefXo7c.css?or=w; https://r.bing.com/rs/4f/h6/cc,nc/U6HOq0RcF4_oC2_ItiNCBhNzO24.css?or=w; https://r.bing.com/rs/4f/fd/cir3,cc,nc/WTKNvHzqziTEsCD58MJtjs7bzWc.css?or=w",MEDIUM,2026-08-10T01:27:51.402911+00:00,"""HNI CORP"" ""Affirm"" OR ""Klarna"" OR ""Afterpay"" OR ""Sezzle"" OR ""PayPal Pay Later"" OR ""Shop Pay Installments""",,Bing Search,web_search,https://www.bing.com/search?q=%22HNI+CORP%22+%22Affirm%22+OR+%22Klarna%22+OR+%22Afterpay%22+OR+%22Sezzle%22+OR+%22PayPal+Pay+Later%22+OR+%22Shop+Pay+Installments%22,HNI
0001617406,,Park Hotels & Resorts Inc.,no_relevant_evidence,No exact CIK or canonical-name match in current BNPL merchant dataset.,HIGH,2026-08-10T01:27:51.402911+00:00,current BNPL merchant dataset exact CIK/canonical-name check,,BNPL merchant and ownership files,internal_dataset,/Users/augustliu/Desktop/Research_On_Merchant_Side_Effect_Of_BNPL/data/merchant_ownership/merchant_ownership_rows.json,PK
0001617406,,Park Hotels & Resorts Inc.,no_relevant_evidence,"Search completed; no clear BNPL exposure signal detected in result text. Top links: https://r.bing.com/rs/4f/gg/cc,nc/-G_YKFrphkyl83D0HTgpMefXo7c.css?or=w; https://r.bing.com/rs/4f/gM/cc,nc/rWljTRKHPYQiu_szhv9ApXQ-KpI.css?or=w; https://r.bing.com/rs/4f/eJ/cir3,cc,nc/-ooVmxB9OlPzBcewmec-cfwYTQs.css?or=w",MEDIUM,2026-08-10T01:27:51.402911+00:00,"""Park Hotels & Resorts Inc."" ""Affirm"" OR ""Klarna"" OR ""Afterpay"" OR ""Sezzle"" OR ""PayPal Pay Later"" OR ""Shop Pay Installments""",,Bing Search,web_search,https://www.bing.com/search?q=%22Park+Hotels+%26+Resorts+Inc.%22+%22Affirm%22+OR+%22Klarna%22+OR+%22Afterpay%22+OR+%22Sezzle%22+OR+%22PayPal+Pay+Later%22+OR+%22Shop+Pay+Installments%22,PK
0000069891,,NATIONAL BEVERAGE CORP,no_relevant_evidence,No exact CIK or canonical-name match in current BNPL merchant dataset.,HIGH,2026-08-10T01:27:51.402911+00:00,current BNPL merchant dataset exact CIK/canonical-name check,,BNPL merchant and ownership files,internal_dataset,/Users/augustliu/Desktop/Research_On_Merchant_Side_Effect_Of_BNPL/data/merchant_ownership/merchant_ownership_rows.json,FIZZ
0000069891,,NATIONAL BEVERAGE CORP,no_relevant_evidence,"Search completed; no clear BNPL exposure signal detected in result text. Top links: https://r.bing.com/rs/4f/gg/cc,nc/-G_YKFrphkyl83D0HTgpMefXo7c.css?or=w; https://r.bing.com/rs/4f/gM/cc,nc/rWljTRKHPYQiu_szhv9ApXQ-KpI.css?or=w; https://r.bing.com/rs/4f/fG/cir3,cc,nc/5gFAL7Id0yWkqqPO1crOKHL1NzM.css?or=w",MEDIUM,2026-08-10T01:27:51.402911+00:00,"""NATIONAL BEVERAGE CORP"" ""Affirm"" OR ""Klarna"" OR ""Afterpay"" OR ""Sezzle"" OR ""PayPal Pay Later"" OR ""Shop Pay Installments""",,Bing Search,web_search,https://www.bing.com/search?q=%22NATIONAL+BEVERAGE+CORP%22+%22Affirm%22+OR+%22Klarna%22+OR+%22Afterpay%22+OR+%22Sezzle%22+OR+%22PayPal+Pay+Later%22+OR+%22Shop+Pay+Installments%22,FIZZ
0000940942,,"Hub Group, Inc.",no_relevant_evidence,No exact CIK or canonical-name match in current BNPL merchant dataset.,HIGH,2026-08-10T01:27:51.402911+00:00,current BNPL merchant dataset exact CIK/canonical-name check,,BNPL merchant and ownership files,internal_dataset,/Users/augustliu/Desktop/Research_On_Merchant_Side_Effect_Of_BNPL/data/merchant_ownership/merchant_ownership_rows.json,HUBG
0000940942,,"Hub Group, Inc.",no_relevant_evidence,"Search completed; no clear BNPL exposure signal detected in result text. Top links: https://r.bing.com/rs/4f/gg/cc,nc/-G_YKFrphkyl83D0HTgpMefXo7c.css?or=w; https://r.bing.com/rs/4f/gM/cc,nc/rWljTRKHPYQiu_szhv9ApXQ-KpI.css?or=w; https://r.bing.com/rs/4f/fG/cir3,cc,nc/5gFAL7Id0yWkqqPO1crOKHL1NzM.css?or=w",MEDIUM,2026-08-10T01:27:51.402911+00:00,"""Hub Group, Inc."" ""Affirm"" OR ""Klarna"" OR ""Afterpay"" OR ""Sezzle"" OR ""PayPal Pay Later"" OR ""Shop Pay Installments""",,Bing Search,web_search,https://www.bing.com/search?q=%22Hub+Group%2C+Inc.%22+%22Affirm%22+OR+%22Klarna%22+OR+%22Afterpay%22+OR+%22Sezzle%22+OR+%22PayPal+Pay+Later%22+OR+%22Shop+Pay+Installments%22,HUBG
0001111335,,VISTEON CORP,no_relevant_evidence,No exact CIK or canonical-name match in current BNPL merchant dataset.,HIGH,2026-08-10T01:27:51.402911+00:00,current BNPL merchant dataset exact CIK/canonical-name check,,BNPL merchant and ownership files,internal_dataset,/Users/augustliu/Desktop/Research_On_Merchant_Side_Effect_Of_BNPL/data/merchant_ownership/merchant_ownership_rows.json,VC
0001111335,,VISTEON CORP,no_relevant_evidence,"Search completed; no clear BNPL exposure signal detected in result text. Top links: https://r.bing.com/rs/4f/gg/cc,nc/-G_YKFrphkyl83D0HTgpMefXo7c.css?or=w; https://r.bing.com/rs/4f/gM/cc,nc/rWljTRKHPYQiu_szhv9ApXQ-KpI.css?or=w; https://r.bing.com/rs/4f/fG/cir3,cc,nc/5gFAL7Id0yWkqqPO1crOKHL1NzM.css?or=w",MEDIUM,2026-08-10T01:27:51.402911+00:00,"""VISTEON CORP"" ""Affirm"" OR ""Klarna"" OR ""Afterpay"" OR ""Sezzle"" OR ""PayPal Pay Later"" OR ""Shop Pay Installments""",,Bing Search,web_search,https://www.bing.com/search?q=%22VISTEON+CORP%22+%22Affirm%22+OR+%22Klarna%22+OR+%22Afterpay%22+OR+%22Sezzle%22+OR+%22PayPal+Pay+Later%22+OR+%22Shop+Pay+Installments%22,VC
0000921738,,"PENN Entertainment, Inc.",no_relevant_evidence,No exact CIK or canonical-name match in current BNPL merchant dataset.,HIGH,2026-08-10T01:27:51.402911+00:00,current BNPL merchant dataset exact CIK/canonical-name check,,BNPL merchant and ownership files,internal_dataset,/Users/augustliu/Desktop/Research_On_Merchant_Side_Effect_Of_BNPL/data/merchant_ownership/merchant_ownership_rows.json,PENN
0000921738,,"PENN Entertainment, Inc.",no_relevant_evidence,"Search completed; no clear BNPL exposure signal detected in result text. Top links: https://r.bing.com/rs/4f/gg/cc,nc/-G_YKFrphkyl83D0HTgpMefXo7c.css?or=w; https://r.bing.com/rs/4f/gM/cc,nc/rWljTRKHPYQiu_szhv9ApXQ-KpI.css?or=w; https://r.bing.com/rs/4f/fG/cir3,cc,nc/5gFAL7Id0yWkqqPO1crOKHL1NzM.css?or=w",MEDIUM,2026-08-10T01:27:51.402911+00:00,"""PENN Entertainment, Inc."" ""Affirm"" OR ""Klarna"" OR ""Afterpay"" OR ""Sezzle"" OR ""PayPal Pay Later"" OR ""Shop Pay Installments""",,Bing Search,web_search,https://www.bing.com/search?q=%22PENN+Entertainment%2C+Inc.%22+%22Affirm%22+OR+%22Klarna%22+OR+%22Afterpay%22+OR+%22Sezzle%22+OR+%22PayPal+Pay+Later%22+OR+%22Shop+Pay+Installments%22,PENN
0001620533,,Shake Shack Inc.,no_relevant_evidence,No exact CIK or canonical-name match in current BNPL merchant dataset.,HIGH,2026-08-10T01:27:51.402911+00:00,current BNPL merchant dataset exact CIK/canonical-name check,,BNPL merchant and ownership files,internal_dataset,/Users/augustliu/Desktop/Research_On_Merchant_Side_Effect_Of_BNPL/data/merchant_ownership/merchant_ownership_rows.json,SHAK
0001620533,,Shake Shack Inc.,no_relevant_evidence,"Search completed; no clear BNPL exposure signal detected in result text. Top links: https://r.bing.com/rs/4f/gg/cc,nc/-G_YKFrphkyl83D0HTgpMefXo7c.css?or=w; https://r.bing.com/rs/4f/h6/cc,nc/U6HOq0RcF4_oC2_ItiNCBhNzO24.css?or=w; https://r.bing.com/rs/4f/fG/cir3,cc,nc/5gFAL7Id0yWkqqPO1crOKHL1NzM.css?or=w",MEDIUM,2026-08-10T01:27:51.402911+00:00,"""Shake Shack Inc."" ""Affirm"" OR ""Klarna"" OR ""Afterpay"" OR ""Sezzle"" OR ""PayPal Pay Later"" OR ""Shop Pay Installments""",,Bing Search,web_search,https://www.bing.com/search?q=%22Shake+Shack+Inc.%22+%22Affirm%22+OR+%22Klarna%22+OR+%22Afterpay%22+OR+%22Sezzle%22+OR+%22PayPal+Pay+Later%22+OR+%22Shop+Pay+Installments%22,SHAK
0000854775,,DIGI INTERNATIONAL INC,no_relevant_evidence,No exact CIK or canonical-name match in current BNPL merchant dataset.,HIGH,2026-08-10T01:27:51.402911+00:00,current BNPL merchant dataset exact CIK/canonical-name check,,BNPL merchant and ownership files,internal_dataset,/Users/augustliu/Desktop/Research_On_Merchant_Side_Effect_Of_BNPL/data/merchant_ownership/merchant_ownership_rows.json,DGII
0000854775,,DIGI INTERNATIONAL INC,no_relevant_evidence,"Search completed; no clear BNPL exposure signal detected in result text. Top links: https://r.bing.com/rs/4f/gg/cc,nc/-G_YKFrphkyl83D0HTgpMefXo7c.css?or=w; https://r.bing.com/rs/4f/gM/cc,nc/rWljTRKHPYQiu_szhv9ApXQ-KpI.css?or=w; https://r.bing.com/rs/4f/fn/cir3,cc,nc/qYkYtW4ptUTHO5TVR_F3o3iRdIs.css?or=w",MEDIUM,2026-08-10T01:27:51.402911+00:00,"""DIGI INTERNATIONAL INC"" ""Affirm"" OR ""Klarna"" OR ""Afterpay"" OR ""Sezzle"" OR ""PayPal Pay Later"" OR ""Shop Pay Installments""",,Bing Search,web_search,https://www.bing.com/search?q=%22DIGI+INTERNATIONAL+INC%22+%22Affirm%22+OR+%22Klarna%22+OR+%22Afterpay%22+OR+%22Sezzle%22+OR+%22PayPal+Pay+Later%22+OR+%22Shop+Pay+Installments%22,DGII
0000028823,,"DIEBOLD NIXDORF, Inc",no_relevant_evidence,No exact CIK or canonical-name match in current BNPL merchant dataset.,HIGH,2026-08-10T01:27:51.402911+00:00,current BNPL merchant dataset exact CIK/canonical-name check,,BNPL merchant and ownership files,internal_dataset,/Users/augustliu/Desktop/Research_On_Merchant_Side_Effect_Of_BNPL/data/merchant_ownership/merchant_ownership_rows.json,DBD
0000028823,,"DIEBOLD NIXDORF, Inc",no_relevant_evidence,"Search completed; no clear BNPL exposure signal detected in result text. Top links: https://r.bing.com/rs/4f/gg/cc,nc/-G_YKFrphkyl83D0HTgpMefXo7c.css?or=w; https://r.bing.com/rs/4f/h6/cc,nc/U6HOq0RcF4_oC2_ItiNCBhNzO24.css?or=w; https://r.bing.com/rs/4f/fG/cir3,cc,nc/5gFAL7Id0yWkqqPO1crOKHL1NzM.css?or=w",MEDIUM,2026-08-10T01:27:51.402911+00:00,"""DIEBOLD NIXDORF, Inc"" ""Affirm"" OR ""Klarna"" OR ""Afterpay"" OR ""Sezzle"" OR ""PayPal Pay Later"" OR ""Shop Pay Installments""",,Bing Search,web_search,https://www.bing.com/search?q=%22DIEBOLD+NIXDORF%2C+Inc%22+%22Affirm%22+OR+%22Klarna%22+OR+%22Afterpay%22+OR+%22Sezzle%22+OR+%22PayPal+Pay+Later%22+OR+%22Shop+Pay+Installments%22,DBD
0001024305,,COTY INC.,no_relevant_evidence,No exact CIK or canonical-name match in current BNPL merchant dataset.,HIGH,2026-08-10T01:27:51.402911+00:00,current BNPL merchant dataset exact CIK/canonical-name check,,BNPL merchant and ownership files,internal_dataset,/Users/augustliu/Desktop/Research_On_Merchant_Side_Effect_Of_BNPL/data/merchant_ownership/merchant_ownership_rows.json,COTY
0001024305,,COTY INC.,no_relevant_evidence,"Search completed; no clear BNPL exposure signal detected in result text. Top links: https://r.bing.com/rs/4f/gg/cc,nc/-G_YKFrphkyl83D0HTgpMefXo7c.css?or=w; https://r.bing.com/rs/4f/h6/cc,nc/U6HOq0RcF4_oC2_ItiNCBhNzO24.css?or=w; https://r.bing.com/rs/4f/fG/cir3,cc,nc/5gFAL7Id0yWkqqPO1crOKHL1NzM.css?or=w",MEDIUM,2026-08-10T01:27:51.402911+00:00,"""COTY INC."" ""Affirm"" OR ""Klarna"" OR ""Afterpay"" OR ""Sezzle"" OR ""PayPal Pay Later"" OR ""Shop Pay Installments""",,Bing Search,web_search,https://www.bing.com/search?q=%22COTY+INC.%22+%22Affirm%22+OR+%22Klarna%22+OR+%22Afterpay%22+OR+%22Sezzle%22+OR+%22PayPal+Pay+Later%22+OR+%22Shop+Pay+Installments%22,COTY
0001589526,,Blue Bird Corp,no_relevant_evidence,No exact CIK or canonical-name match in current BNPL merchant dataset.,HIGH,2026-08-10T01:27:51.402911+00:00,current BNPL merchant dataset exact CIK/canonical-name check,,BNPL merchant and ownership files,internal_dataset,/Users/augustliu/Desktop/Research_On_Merchant_Side_Effect_Of_BNPL/data/merchant_ownership/merchant_ownership_rows.json,BLBD
0001589526,,Blue Bird Corp,no_relevant_evidence,"Search completed; no clear BNPL exposure signal detected in result text. Top links: https://r.bing.com/rs/4f/gg/cc,nc/-G_YKFrphkyl83D0HTgpMefXo7c.css?or=w; https://r.bing.com/rs/4f/h6/cc,nc/U6HOq0RcF4_oC2_ItiNCBhNzO24.css?or=w; https://r.bing.com/rs/4f/fG/cir3,cc,nc/5gFAL7Id0yWkqqPO1crOKHL1NzM.css?or=w",MEDIUM,2026-08-10T01:27:51.402911+00:00,"""Blue Bird Corp"" ""Affirm"" OR ""Klarna"" OR ""Afterpay"" OR ""Sezzle"" OR ""PayPal Pay Later"" OR ""Shop Pay Installments""",,Bing Search,web_search,https://www.bing.com/search?q=%22Blue+Bird+Corp%22+%22Affirm%22+OR+%22Klarna%22+OR+%22Afterpay%22+OR+%22Sezzle%22+OR+%22PayPal+Pay+Later%22+OR+%22Shop+Pay+Installments%22,BLBD
0000078814,,PITNEY BOWES INC /DE/,no_relevant_evidence,No exact CIK or canonical-name match in current BNPL merchant dataset.,HIGH,2026-08-10T01:27:51.402911+00:00,current BNPL merchant dataset exact CIK/canonical-name check,,BNPL merchant and ownership files,internal_dataset,/Users/augustliu/Desktop/Research_On_Merchant_Side_Effect_Of_BNPL/data/merchant_ownership/merchant_ownership_rows.json,PBI
0000078814,,PITNEY BOWES INC /DE/,no_relevant_evidence,"Search completed; no clear BNPL exposure signal detected in result text. Top links: https://r.bing.com/rs/4f/gg/cc,nc/-G_YKFrphkyl83D0HTgpMefXo7c.css?or=w; https://r.bing.com/rs/4f/gM/cc,nc/rWljTRKHPYQiu_szhv9ApXQ-KpI.css?or=w; https://r.bing.com/rs/4f/eJ/cir3,cc,nc/-ooVmxB9OlPzBcewmec-cfwYTQs.css?or=w",MEDIUM,2026-08-10T01:27:51.402911+00:00,"""PITNEY BOWES INC /DE/"" ""Affirm"" OR ""Klarna"" OR ""Afterpay"" OR ""Sezzle"" OR ""PayPal Pay Later"" OR ""Shop Pay Installments""",,Bing Search,web_search,https://www.bing.com/search?q=%22PITNEY+BOWES+INC+%2FDE%2F%22+%22Affirm%22+OR+%22Klarna%22+OR+%22Afterpay%22+OR+%22Sezzle%22+OR+%22PayPal+Pay+Later%22+OR+%22Shop+Pay+Installments%22,PBI
0001158463,,JETBLUE AIRWAYS CORP,no_relevant_evidence,No exact CIK or canonical-name match in current BNPL merchant dataset.,HIGH,2026-08-10T01:27:51.402911+00:00,current BNPL merchant dataset exact CIK/canonical-name check,,BNPL merchant and ownership files,internal_dataset,/Users/augustliu/Desktop/Research_On_Merchant_Side_Effect_Of_BNPL/data/merchant_ownership/merchant_ownership_rows.json,JBLU
0001158463,,JETBLUE AIRWAYS CORP,no_relevant_evidence,"Search completed; no clear BNPL exposure signal detected in result text. Top links: https://r.bing.com/rs/4f/gg/cc,nc/-G_YKFrphkyl83D0HTgpMefXo7c.css?or=w; https://r.bing.com/rs/4f/h6/cc,nc/U6HOq0RcF4_oC2_ItiNCBhNzO24.css?or=w; https://r.bing.com/rs/4f/fG/cir3,cc,nc/5gFAL7Id0yWkqqPO1crOKHL1NzM.css?or=w",MEDIUM,2026-08-10T01:27:51.402911+00:00,"""JETBLUE AIRWAYS CORP"" ""Affirm"" OR ""Klarna"" OR ""Afterpay"" OR ""Sezzle"" OR ""PayPal Pay Later"" OR ""Shop Pay Installments""",,Bing Search,web_search,https://www.bing.com/search?q=%22JETBLUE+AIRWAYS+CORP%22+%22Affirm%22+OR+%22Klarna%22+OR+%22Afterpay%22+OR+%22Sezzle%22+OR+%22PayPal+Pay+Later%22+OR+%22Shop+Pay+Installments%22,JBLU
0000907242,,MONARCH CASINO & RESORT INC,no_relevant_evidence,No exact CIK or canonical-name match in current BNPL merchant dataset.,HIGH,2026-08-10T01:27:51.402911+00:00,current BNPL merchant dataset exact CIK/canonical-name check,,BNPL merchant and ownership files,internal_dataset,/Users/augustliu/Desktop/Research_On_Merchant_Side_Effect_Of_BNPL/data/merchant_ownership/merchant_ownership_rows.json,MCRI
0000907242,,MONARCH CASINO & RESORT INC,no_relevant_evidence,"Search completed; no clear BNPL exposure signal detected in result text. Top links: https://r.bing.com/rs/4f/gg/cc,nc/-G_YKFrphkyl83D0HTgpMefXo7c.css?or=w; https://r.bing.com/rs/4f/gM/cc,nc/rWljTRKHPYQiu_szhv9ApXQ-KpI.css?or=w; https://r.bing.com/rs/4f/fG/cir3,cc,nc/5gFAL7Id0yWkqqPO1crOKHL1NzM.css?or=w",MEDIUM,2026-08-10T01:27:51.402911+00:00,"""MONARCH CASINO & RESORT INC"" ""Affirm"" OR ""Klarna"" OR ""Afterpay"" OR ""Sezzle"" OR ""PayPal Pay Later"" OR ""Shop Pay Installments""",,Bing Search,web_search,https://www.bing.com/search?q=%22MONARCH+CASINO+%26+RESORT+INC%22+%22Affirm%22+OR+%22Klarna%22+OR+%22Afterpay%22+OR+%22Sezzle%22+OR+%22PayPal+Pay+Later%22+OR+%22Shop+Pay+Installments%22,MCRI
0001530721,,Capri Holdings Ltd,no_relevant_evidence,No exact CIK or canonical-name match in current BNPL merchant dataset.,HIGH,2026-08-10T01:27:51.402911+00:00,current BNPL merchant dataset exact CIK/canonical-name check,,BNPL merchant and ownership files,internal_dataset,/Users/augustliu/Desktop/Research_On_Merchant_Side_Effect_Of_BNPL/data/merchant_ownership/merchant_ownership_rows.json,CPRI
0001530721,,Capri Holdings Ltd,no_relevant_evidence,"Search completed; no clear BNPL exposure signal detected in result text. Top links: https://r.bing.com/rs/4f/gg/cc,nc/-G_YKFrphkyl83D0HTgpMefXo7c.css?or=w; https://r.bing.com/rs/4f/h6/cc,nc/U6HOq0RcF4_oC2_ItiNCBhNzO24.css?or=w; https://r.bing.com/rs/4f/fG/cir3,cc,nc/5gFAL7Id0yWkqqPO1crOKHL1NzM.css?or=w",MEDIUM,2026-08-10T01:27:51.402911+00:00,"""Capri Holdings Ltd"" ""Affirm"" OR ""Klarna"" OR ""Afterpay"" OR ""Sezzle"" OR ""PayPal Pay Later"" OR ""Shop Pay Installments""",,Bing Search,web_search,https://www.bing.com/search?q=%22Capri+Holdings+Ltd%22+%22Affirm%22+OR+%22Klarna%22+OR+%22Afterpay%22+OR+%22Sezzle%22+OR+%22PayPal+Pay+Later%22+OR+%22Shop+Pay+Installments%22,CPRI
0001670541,,Adient plc,no_relevant_evidence,No exact CIK or canonical-name match in current BNPL merchant dataset.,HIGH,2026-08-10T01:27:51.402911+00:00,current BNPL merchant dataset exact CIK/canonical-name check,,BNPL merchant and ownership files,internal_dataset,/Users/augustliu/Desktop/Research_On_Merchant_Side_Effect_Of_BNPL/data/merchant_ownership/merchant_ownership_rows.json,ADNT
0001670541,,Adient plc,no_relevant_evidence,"Search completed; no clear BNPL exposure signal detected in result text. Top links: https://r.bing.com/rs/4f/gg/cc,nc/-G_YKFrphkyl83D0HTgpMefXo7c.css?or=w; https://r.bing.com/rs/4f/gM/cc,nc/rWljTRKHPYQiu_szhv9ApXQ-KpI.css?or=w; https://r.bing.com/rs/4f/eT/cir3,cc,nc/ZNlEaxLrmuWEflDP-KwkyUROBrA.css?or=w",MEDIUM,2026-08-10T01:27:51.402911+00:00,"""Adient plc"" ""Affirm"" OR ""Klarna"" OR ""Afterpay"" OR ""Sezzle"" OR ""PayPal Pay Later"" OR ""Shop Pay Installments""",,Bing Search,web_search,https://www.bing.com/search?q=%22Adient+plc%22+%22Affirm%22+OR+%22Klarna%22+OR+%22Afterpay%22+OR+%22Sezzle%22+OR+%22PayPal+Pay+Later%22+OR+%22Shop+Pay+Installments%22,ADNT
0000926326,,"OMNICELL, INC.",no_relevant_evidence,No exact CIK or canonical-name match in current BNPL merchant dataset.,HIGH,2026-08-10T01:27:51.402911+00:00,current BNPL merchant dataset exact CIK/canonical-name check,,BNPL merchant and ownership files,internal_dataset,/Users/augustliu/Desktop/Research_On_Merchant_Side_Effect_Of_BNPL/data/merchant_ownership/merchant_ownership_rows.json,OMCL
0000926326,,"OMNICELL, INC.",no_relevant_evidence,"Search completed; no clear BNPL exposure signal detected in result text. Top links: https://r.bing.com/rs/4f/gg/cc,nc/-G_YKFrphkyl83D0HTgpMefXo7c.css?or=w; https://r.bing.com/rs/4f/h6/cc,nc/U6HOq0RcF4_oC2_ItiNCBhNzO24.css?or=w; https://r.bing.com/rs/4f/fd/cir3,cc,nc/WTKNvHzqziTEsCD58MJtjs7bzWc.css?or=w",MEDIUM,2026-08-10T01:27:51.402911+00:00,"""OMNICELL, INC."" ""Affirm"" OR ""Klarna"" OR ""Afterpay"" OR ""Sezzle"" OR ""PayPal Pay Later"" OR ""Shop Pay Installments""",,Bing Search,web_search,https://www.bing.com/search?q=%22OMNICELL%2C+INC.%22+%22Affirm%22+OR+%22Klarna%22+OR+%22Afterpay%22+OR+%22Sezzle%22+OR+%22PayPal+Pay+Later%22+OR+%22Shop+Pay+Installments%22,OMCL
0000057131,,LA-Z-BOY INC,no_relevant_evidence,No exact CIK or canonical-name match in current BNPL merchant dataset.,HIGH,2026-08-10T01:27:51.402911+00:00,current BNPL merchant dataset exact CIK/canonical-name check,,BNPL merchant and ownership files,internal_dataset,/Users/augustliu/Desktop/Research_On_Merchant_Side_Effect_Of_BNPL/data/merchant_ownership/merchant_ownership_rows.json,LZB
0000057131,,LA-Z-BOY INC,no_relevant_evidence,"Search completed; no clear BNPL exposure signal detected in result text. Top links: https://r.bing.com/rs/4f/gg/cc,nc/-G_YKFrphkyl83D0HTgpMefXo7c.css?or=w; https://r.bing.com/rs/4f/h6/cc,nc/U6HOq0RcF4_oC2_ItiNCBhNzO24.css?or=w; https://r.bing.com/rs/4f/fG/cir3,cc,nc/5gFAL7Id0yWkqqPO1crOKHL1NzM.css?or=w",MEDIUM,2026-08-10T01:27:51.402911+00:00,"""LA-Z-BOY INC"" ""Affirm"" OR ""Klarna"" OR ""Afterpay"" OR ""Sezzle"" OR ""PayPal Pay Later"" OR ""Shop Pay Installments""",,Bing Search,web_search,https://www.bing.com/search?q=%22LA-Z-BOY+INC%22+%22Affirm%22+OR+%22Klarna%22+OR+%22Afterpay%22+OR+%22Sezzle%22+OR+%22PayPal+Pay+Later%22+OR+%22Shop+Pay+Installments%22,LZB
0000066382,,"MILLERKNOLL, INC.",no_relevant_evidence,No exact CIK or canonical-name match in current BNPL merchant dataset.,HIGH,2026-08-10T01:27:51.402911+00:00,current BNPL merchant dataset exact CIK/canonical-name check,,BNPL merchant and ownership files,internal_dataset,/Users/augustliu/Desktop/Research_On_Merchant_Side_Effect_Of_BNPL/data/merchant_ownership/merchant_ownership_rows.json,MLKN
0000066382,,"MILLERKNOLL, INC.",no_relevant_evidence,"Search completed; no clear BNPL exposure signal detected in result text. Top links: https://r.bing.com/rs/4f/gg/cc,nc/-G_YKFrphkyl83D0HTgpMefXo7c.css?or=w; https://r.bing.com/rs/4f/h6/cc,nc/U6HOq0RcF4_oC2_ItiNCBhNzO24.css?or=w; https://r.bing.com/rs/4f/eT/cir3,cc,nc/ZNlEaxLrmuWEflDP-KwkyUROBrA.css?or=w",MEDIUM,2026-08-10T01:27:51.402911+00:00,"""MILLERKNOLL, INC."" ""Affirm"" OR ""Klarna"" OR ""Afterpay"" OR ""Sezzle"" OR ""PayPal Pay Later"" OR ""Shop Pay Installments""",,Bing Search,web_search,https://www.bing.com/search?q=%22MILLERKNOLL%2C+INC.%22+%22Affirm%22+OR+%22Klarna%22+OR+%22Afterpay%22+OR+%22Sezzle%22+OR+%22PayPal+Pay+Later%22+OR+%22Shop+Pay+Installments%22,MLKN
0000069633,,"NAPCO SECURITY TECHNOLOGIES, INC",no_relevant_evidence,No exact CIK or canonical-name match in current BNPL merchant dataset.,HIGH,2026-08-10T01:27:51.402911+00:00,current BNPL merchant dataset exact CIK/canonical-name check,,BNPL merchant and ownership files,internal_dataset,/Users/augustliu/Desktop/Research_On_Merchant_Side_Effect_Of_BNPL/data/merchant_ownership/merchant_ownership_rows.json,NSSC
0000069633,,"NAPCO SECURITY TECHNOLOGIES, INC",no_relevant_evidence,"Search completed; no clear BNPL exposure signal detected in result text. Top links: https://r.bing.com/rs/4f/gg/cc,nc/-G_YKFrphkyl83D0HTgpMefXo7c.css?or=w; https://r.bing.com/rs/4f/gS/cc,nc/_huiPba-9XiYDf9Vd8j9EoLtXL4.css?or=w; https://r.bing.com/rs/4f/fd/cir3,cc,nc/WTKNvHzqziTEsCD58MJtjs7bzWc.css?or=w",MEDIUM,2026-08-10T01:27:51.402911+00:00,"""NAPCO SECURITY TECHNOLOGIES, INC"" ""Affirm"" OR ""Klarna"" OR ""Afterpay"" OR ""Sezzle"" OR ""PayPal Pay Later"" OR ""Shop Pay Installments""",,Bing Search,web_search,https://www.bing.com/search?q=%22NAPCO+SECURITY+TECHNOLOGIES%2C+INC%22+%22Affirm%22+OR+%22Klarna%22+OR+%22Afterpay%22+OR+%22Sezzle%22+OR+%22PayPal+Pay+Later%22+OR+%22Shop+Pay+Installments%22,NSSC
0000851310,,HARMONIC INC.,no_relevant_evidence,No exact CIK or canonical-name match in current BNPL merchant dataset.,HIGH,2026-08-10T01:27:51.402911+00:00,current BNPL merchant dataset exact CIK/canonical-name check,,BNPL merchant and ownership files,internal_dataset,/Users/augustliu/Desktop/Research_On_Merchant_Side_Effect_Of_BNPL/data/merchant_ownership/merchant_ownership_rows.json,HLIT
0000851310,,HARMONIC INC.,no_relevant_evidence,"Search completed; no clear BNPL exposure signal detected in result text. Top links: https://r.bing.com/rs/4f/gg/cc,nc/-G_YKFrphkyl83D0HTgpMefXo7c.css?or=w; https://r.bing.com/rs/4f/h6/cc,nc/U6HOq0RcF4_oC2_ItiNCBhNzO24.css?or=w; https://r.bing.com/rs/4f/fG/cir3,cc,nc/5gFAL7Id0yWkqqPO1crOKHL1NzM.css?or=w",MEDIUM,2026-08-10T01:27:51.402911+00:00,"""HARMONIC INC."" ""Affirm"" OR ""Klarna"" OR ""Afterpay"" OR ""Sezzle"" OR ""PayPal Pay Later"" OR ""Shop Pay Installments""",,Bing Search,web_search,https://www.bing.com/search?q=%22HARMONIC+INC.%22+%22Affirm%22+OR+%22Klarna%22+OR+%22Afterpay%22+OR+%22Sezzle%22+OR+%22PayPal+Pay+Later%22+OR+%22Shop+Pay+Installments%22,HLIT
0001096752,,EDGEWELL PERSONAL CARE Co,no_relevant_evidence,No exact CIK or canonical-name match in current BNPL merchant dataset.,HIGH,2026-08-10T01:27:51.402911+00:00,current BNPL merchant dataset exact CIK/canonical-name check,,BNPL merchant and ownership files,internal_dataset,/Users/augustliu/Desktop/Research_On_Merchant_Side_Effect_Of_BNPL/data/merchant_ownership/merchant_ownership_rows.json,EPC
0001096752,,EDGEWELL PERSONAL CARE Co,no_relevant_evidence,"Search completed; no clear BNPL exposure signal detected in result text. Top links: https://r.bing.com/rs/4f/gg/cc,nc/-G_YKFrphkyl83D0HTgpMefXo7c.css?or=w; https://r.bing.com/rs/4f/gM/cc,nc/rWljTRKHPYQiu_szhv9ApXQ-KpI.css?or=w; https://r.bing.com/rs/4f/ez/cir3,cc,nc/ITQ79_h8jq-eoIeRkdWbxDW7IbQ.css?or=w",MEDIUM,2026-08-10T01:27:51.402911+00:00,"""EDGEWELL PERSONAL CARE Co"" ""Affirm"" OR ""Klarna"" OR ""Afterpay"" OR ""Sezzle"" OR ""PayPal Pay Later"" OR ""Shop Pay Installments""",,Bing Search,web_search,https://www.bing.com/search?q=%22EDGEWELL+PERSONAL+CARE+Co%22+%22Affirm%22+OR+%22Klarna%22+OR+%22Afterpay%22+OR+%22Sezzle%22+OR+%22PayPal+Pay+Later%22+OR+%22Shop+Pay+Installments%22,EPC
0000901491,,PAPA JOHNS INTERNATIONAL INC,no_relevant_evidence,No exact CIK or canonical-name match in current BNPL merchant dataset.,HIGH,2026-08-10T01:27:51.402911+00:00,current BNPL merchant dataset exact CIK/canonical-name check,,BNPL merchant and ownership files,internal_dataset,/Users/augustliu/Desktop/Research_On_Merchant_Side_Effect_Of_BNPL/data/merchant_ownership/merchant_ownership_rows.json,PZZA
0000901491,,PAPA JOHNS INTERNATIONAL INC,no_relevant_evidence,"Search completed; no clear BNPL exposure signal detected in result text. Top links: https://r.bing.com/rs/4f/gg/cc,nc/-G_YKFrphkyl83D0HTgpMefXo7c.css?or=w; https://r.bing.com/rs/4f/h6/cc,nc/U6HOq0RcF4_oC2_ItiNCBhNzO24.css?or=w; https://r.bing.com/rs/4f/ez/cir3,cc,nc/ITQ79_h8jq-eoIeRkdWbxDW7IbQ.css?or=w",MEDIUM,2026-08-10T01:27:51.402911+00:00,"""PAPA JOHNS INTERNATIONAL INC"" ""Affirm"" OR ""Klarna"" OR ""Afterpay"" OR ""Sezzle"" OR ""PayPal Pay Later"" OR ""Shop Pay Installments""",,Bing Search,web_search,https://www.bing.com/search?q=%22PAPA+JOHNS+INTERNATIONAL+INC%22+%22Affirm%22+OR+%22Klarna%22+OR+%22Afterpay%22+OR+%22Sezzle%22+OR+%22PayPal+Pay+Later%22+OR+%22Shop+Pay+Installments%22,PZZA
0000062234,,MARCUS CORP,no_relevant_evidence,No exact CIK or canonical-name match in current BNPL merchant dataset.,HIGH,2026-08-10T01:27:51.402911+00:00,current BNPL merchant dataset exact CIK/canonical-name check,,BNPL merchant and ownership files,internal_dataset,/Users/augustliu/Desktop/Research_On_Merchant_Side_Effect_Of_BNPL/data/merchant_ownership/merchant_ownership_rows.json,MCS
0000062234,,MARCUS CORP,no_relevant_evidence,"Search completed; no clear BNPL exposure signal detected in result text. Top links: https://r.bing.com/rs/4f/gg/cc,nc/-G_YKFrphkyl83D0HTgpMefXo7c.css?or=w; https://r.bing.com/rs/4f/h6/cc,nc/U6HOq0RcF4_oC2_ItiNCBhNzO24.css?or=w; https://r.bing.com/rs/4f/fG/cir3,cc,nc/5gFAL7Id0yWkqqPO1crOKHL1NzM.css?or=w",MEDIUM,2026-08-10T01:27:51.402911+00:00,"""MARCUS CORP"" ""Affirm"" OR ""Klarna"" OR ""Afterpay"" OR ""Sezzle"" OR ""PayPal Pay Later"" OR ""Shop Pay Installments""",,Bing Search,web_search,https://www.bing.com/search?q=%22MARCUS+CORP%22+%22Affirm%22+OR+%22Klarna%22+OR+%22Afterpay%22+OR+%22Sezzle%22+OR+%22PayPal+Pay+Later%22+OR+%22Shop+Pay+Installments%22,MCS
0001682745,,VERRA MOBILITY Corp,no_relevant_evidence,No exact CIK or canonical-name match in current BNPL merchant dataset.,HIGH,2026-08-10T01:27:51.402911+00:00,current BNPL merchant dataset exact CIK/canonical-name check,,BNPL merchant and ownership files,internal_dataset,/Users/augustliu/Desktop/Research_On_Merchant_Side_Effect_Of_BNPL/data/merchant_ownership/merchant_ownership_rows.json,VRRM
0001682745,,VERRA MOBILITY Corp,no_relevant_evidence,"Search completed; no clear BNPL exposure signal detected in result text. Top links: https://r.bing.com/rs/4f/gg/cc,nc/-G_YKFrphkyl83D0HTgpMefXo7c.css?or=w; https://r.bing.com/rs/4f/gM/cc,nc/rWljTRKHPYQiu_szhv9ApXQ-KpI.css?or=w; https://r.bing.com/rs/4f/fG/cir3,cc,nc/5gFAL7Id0yWkqqPO1crOKHL1NzM.css?or=w",MEDIUM,2026-08-10T01:27:51.402911+00:00,"""VERRA MOBILITY Corp"" ""Affirm"" OR ""Klarna"" OR ""Afterpay"" OR ""Sezzle"" OR ""PayPal Pay Later"" OR ""Shop Pay Installments""",,Bing Search,web_search,https://www.bing.com/search?q=%22VERRA+MOBILITY+Corp%22+%22Affirm%22+OR+%22Klarna%22+OR+%22Afterpay%22+OR+%22Sezzle%22+OR+%22PayPal+Pay+Later%22+OR+%22Shop+Pay+Installments%22,VRRM
0001345126,,Compass Diversified Holdings,no_relevant_evidence,No exact CIK or canonical-name match in current BNPL merchant dataset.,HIGH,2026-08-10T01:27:51.402911+00:00,current BNPL merchant dataset exact CIK/canonical-name check,,BNPL merchant and ownership files,internal_dataset,/Users/augustliu/Desktop/Research_On_Merchant_Side_Effect_Of_BNPL/data/merchant_ownership/merchant_ownership_rows.json,CODI
0001345126,,Compass Diversified Holdings,no_relevant_evidence,"Search completed; no clear BNPL exposure signal detected in result text. Top links: https://r.bing.com/rs/4f/gg/cc,nc/-G_YKFrphkyl83D0HTgpMefXo7c.css?or=w; https://r.bing.com/rs/4f/h6/cc,nc/U6HOq0RcF4_oC2_ItiNCBhNzO24.css?or=w; https://r.bing.com/rs/4f/f3/cir3,cc,nc/XKkf7PevzOVtzidRm3f9xWob0cM.css?or=w",MEDIUM,2026-08-10T01:27:51.402911+00:00,"""Compass Diversified Holdings"" ""Affirm"" OR ""Klarna"" OR ""Afterpay"" OR ""Sezzle"" OR ""PayPal Pay Later"" OR ""Shop Pay Installments""",,Bing Search,web_search,https://www.bing.com/search?q=%22Compass+Diversified+Holdings%22+%22Affirm%22+OR+%22Klarna%22+OR+%22Afterpay%22+OR+%22Sezzle%22+OR+%22PayPal+Pay+Later%22+OR+%22Shop+Pay+Installments%22,CODI
0001547459,,"Natural Grocers by Vitamin Cottage, Inc.",no_relevant_evidence,No exact CIK or canonical-name match in current BNPL merchant dataset.,HIGH,2026-08-10T01:27:51.402911+00:00,current BNPL merchant dataset exact CIK/canonical-name check,,BNPL merchant and ownership files,internal_dataset,/Users/augustliu/Desktop/Research_On_Merchant_Side_Effect_Of_BNPL/data/merchant_ownership/merchant_ownership_rows.json,NGVC
0001547459,,"Natural Grocers by Vitamin Cottage, Inc.",no_relevant_evidence,"Search completed; no clear BNPL exposure signal detected in result text. Top links: https://r.bing.com/rs/4f/gg/cc,nc/-G_YKFrphkyl83D0HTgpMefXo7c.css?or=w; https://r.bing.com/rs/4f/h6/cc,nc/U6HOq0RcF4_oC2_ItiNCBhNzO24.css?or=w; https://r.bing.com/rs/4f/fn/cir3,cc,nc/qYkYtW4ptUTHO5TVR_F3o3iRdIs.css?or=w",MEDIUM,2026-08-10T01:27:51.402911+00:00,"""Natural Grocers by Vitamin Cottage, Inc."" ""Affirm"" OR ""Klarna"" OR ""Afterpay"" OR ""Sezzle"" OR ""PayPal Pay Later"" OR ""Shop Pay Installments""",,Bing Search,web_search,https://www.bing.com/search?q=%22Natural+Grocers+by+Vitamin+Cottage%2C+Inc.%22+%22Affirm%22+OR+%22Klarna%22+OR+%22Afterpay%22+OR+%22Sezzle%22+OR+%22PayPal+Pay+Later%22+OR+%22Shop+Pay+Installments%22,NGVC
0001546417,,"Bloomin' Brands, Inc.",no_relevant_evidence,No exact CIK or canonical-name match in current BNPL merchant dataset.,HIGH,2026-08-10T01:27:51.402911+00:00,current BNPL merchant dataset exact CIK/canonical-name check,,BNPL merchant and ownership files,internal_dataset,/Users/augustliu/Desktop/Research_On_Merchant_Side_Effect_Of_BNPL/data/merchant_ownership/merchant_ownership_rows.json,BLMN
0001546417,,"Bloomin' Brands, Inc.",no_relevant_evidence,"Search completed; no clear BNPL exposure signal detected in result text. Top links: https://r.bing.com/rs/4f/gg/cc,nc/-G_YKFrphkyl83D0HTgpMefXo7c.css?or=w; https://r.bing.com/rs/4f/gM/cc,nc/rWljTRKHPYQiu_szhv9ApXQ-KpI.css?or=w; https://r.bing.com/rs/4f/fG/cir3,cc,nc/5gFAL7Id0yWkqqPO1crOKHL1NzM.css?or=w",MEDIUM,2026-08-10T01:27:51.402911+00:00,"""Bloomin' Brands, Inc."" ""Affirm"" OR ""Klarna"" OR ""Afterpay"" OR ""Sezzle"" OR ""PayPal Pay Later"" OR ""Shop Pay Installments""",,Bing Search,web_search,https://www.bing.com/search?q=%22Bloomin%27+Brands%2C+Inc.%22+%22Affirm%22+OR+%22Klarna%22+OR+%22Afterpay%22+OR+%22Sezzle%22+OR+%22PayPal+Pay+Later%22+OR+%22Shop+Pay+Installments%22,BLMN
0000926282,,"ADTRAN Holdings, Inc.",no_relevant_evidence,No exact CIK or canonical-name match in current BNPL merchant dataset.,HIGH,2026-08-10T01:27:51.402911+00:00,current BNPL merchant dataset exact CIK/canonical-name check,,BNPL merchant and ownership files,internal_dataset,/Users/augustliu/Desktop/Research_On_Merchant_Side_Effect_Of_BNPL/data/merchant_ownership/merchant_ownership_rows.json,ADTN
0000926282,,"ADTRAN Holdings, Inc.",no_relevant_evidence,"Search completed; no clear BNPL exposure signal detected in result text. Top links: https://r.bing.com/rs/4f/gg/cc,nc/-G_YKFrphkyl83D0HTgpMefXo7c.css?or=w; https://r.bing.com/rs/4f/h6/cc,nc/U6HOq0RcF4_oC2_ItiNCBhNzO24.css?or=w; https://r.bing.com/rs/4f/fG/cir3,cc,nc/5gFAL7Id0yWkqqPO1crOKHL1NzM.css?or=w",MEDIUM,2026-08-10T01:27:51.402911+00:00,"""ADTRAN Holdings, Inc."" ""Affirm"" OR ""Klarna"" OR ""Afterpay"" OR ""Sezzle"" OR ""PayPal Pay Later"" OR ""Shop Pay Installments""",,Bing Search,web_search,https://www.bing.com/search?q=%22ADTRAN+Holdings%2C+Inc.%22+%22Affirm%22+OR+%22Klarna%22+OR+%22Afterpay%22+OR+%22Sezzle%22+OR+%22PayPal+Pay+Later%22+OR+%22Shop+Pay+Installments%22,ADTN
0001517396,,STRATASYS LTD.,no_relevant_evidence,No exact CIK or canonical-name match in current BNPL merchant dataset.,HIGH,2026-08-10T01:27:51.402911+00:00,current BNPL merchant dataset exact CIK/canonical-name check,,BNPL merchant and ownership files,internal_dataset,/Users/augustliu/Desktop/Research_On_Merchant_Side_Effect_Of_BNPL/data/merchant_ownership/merchant_ownership_rows.json,SSYS
0001517396,,STRATASYS LTD.,no_relevant_evidence,"Search completed; no clear BNPL exposure signal detected in result text. Top links: https://r.bing.com/rs/4f/gg/cc,nc/-G_YKFrphkyl83D0HTgpMefXo7c.css?or=w; https://r.bing.com/rs/4f/h6/cc,nc/U6HOq0RcF4_oC2_ItiNCBhNzO24.css?or=w; https://r.bing.com/rs/4f/fn/cir3,cc,nc/qYkYtW4ptUTHO5TVR_F3o3iRdIs.css?or=w",MEDIUM,2026-08-10T01:27:51.402911+00:00,"""STRATASYS LTD."" ""Affirm"" OR ""Klarna"" OR ""Afterpay"" OR ""Sezzle"" OR ""PayPal Pay Later"" OR ""Shop Pay Installments""",,Bing Search,web_search,https://www.bing.com/search?q=%22STRATASYS+LTD.%22+%22Affirm%22+OR+%22Klarna%22+OR+%22Afterpay%22+OR+%22Sezzle%22+OR+%22PayPal+Pay+Later%22+OR+%22Shop+Pay+Installments%22,SSYS
0001747079,,Bally's Corp,no_relevant_evidence,No exact CIK or canonical-name match in current BNPL merchant dataset.,HIGH,2026-08-10T01:27:51.402911+00:00,current BNPL merchant dataset exact CIK/canonical-name check,,BNPL merchant and ownership files,internal_dataset,/Users/augustliu/Desktop/Research_On_Merchant_Side_Effect_Of_BNPL/data/merchant_ownership/merchant_ownership_rows.json,BALY
0001747079,,Bally's Corp,no_relevant_evidence,"Search completed; no clear BNPL exposure signal detected in result text. Top links: https://r.bing.com/rs/4f/gg/cc,nc/-G_YKFrphkyl83D0HTgpMefXo7c.css?or=w; https://r.bing.com/rs/4f/gM/cc,nc/rWljTRKHPYQiu_szhv9ApXQ-KpI.css?or=w; https://r.bing.com/rs/4f/eJ/cir3,cc,nc/-ooVmxB9OlPzBcewmec-cfwYTQs.css?or=w",MEDIUM,2026-08-10T01:27:51.402911+00:00,"""Bally's Corp"" ""Affirm"" OR ""Klarna"" OR ""Afterpay"" OR ""Sezzle"" OR ""PayPal Pay Later"" OR ""Shop Pay Installments""",,Bing Search,web_search,https://www.bing.com/search?q=%22Bally%27s+Corp%22+%22Affirm%22+OR+%22Klarna%22+OR+%22Afterpay%22+OR+%22Sezzle%22+OR+%22PayPal+Pay+Later%22+OR+%22Shop+Pay+Installments%22,BALY
0001122904,,"NETGEAR, INC.",no_relevant_evidence,No exact CIK or canonical-name match in current BNPL merchant dataset.,HIGH,2026-08-10T01:27:51.402911+00:00,current BNPL merchant dataset exact CIK/canonical-name check,,BNPL merchant and ownership files,internal_dataset,/Users/augustliu/Desktop/Research_On_Merchant_Side_Effect_Of_BNPL/data/merchant_ownership/merchant_ownership_rows.json,NTGR
0001122904,,"NETGEAR, INC.",no_relevant_evidence,"Search completed; no clear BNPL exposure signal detected in result text. Top links: https://r.bing.com/rs/4f/gg/cc,nc/-G_YKFrphkyl83D0HTgpMefXo7c.css?or=w; https://r.bing.com/rs/4f/h6/cc,nc/U6HOq0RcF4_oC2_ItiNCBhNzO24.css?or=w; https://r.bing.com/rs/4f/fG/cir3,cc,nc/5gFAL7Id0yWkqqPO1crOKHL1NzM.css?or=w",MEDIUM,2026-08-10T01:27:51.402911+00:00,"""NETGEAR, INC."" ""Affirm"" OR ""Klarna"" OR ""Afterpay"" OR ""Sezzle"" OR ""PayPal Pay Later"" OR ""Shop Pay Installments""",,Bing Search,web_search,https://www.bing.com/search?q=%22NETGEAR%2C+INC.%22+%22Affirm%22+OR+%22Klarna%22+OR+%22Afterpay%22+OR+%22Sezzle%22+OR+%22PayPal+Pay+Later%22+OR+%22Shop+Pay+Installments%22,NTGR
0000075288,,OXFORD INDUSTRIES INC,no_relevant_evidence,No exact CIK or canonical-name match in current BNPL merchant dataset.,HIGH,2026-08-10T01:27:51.402911+00:00,current BNPL merchant dataset exact CIK/canonical-name check,,BNPL merchant and ownership files,internal_dataset,/Users/augustliu/Desktop/Research_On_Merchant_Side_Effect_Of_BNPL/data/merchant_ownership/merchant_ownership_rows.json,OXM
0000075288,,OXFORD INDUSTRIES INC,no_relevant_evidence,"Search completed; no clear BNPL exposure signal detected in result text. Top links: https://r.bing.com/rs/4f/gg/cc,nc/-G_YKFrphkyl83D0HTgpMefXo7c.css?or=w; https://r.bing.com/rs/4f/gM/cc,nc/rWljTRKHPYQiu_szhv9ApXQ-KpI.css?or=w; https://r.bing.com/rs/4f/f3/cir3,cc,nc/XKkf7PevzOVtzidRm3f9xWob0cM.css?or=w",MEDIUM,2026-08-10T01:27:51.402911+00:00,"""OXFORD INDUSTRIES INC"" ""Affirm"" OR ""Klarna"" OR ""Afterpay"" OR ""Sezzle"" OR ""PayPal Pay Later"" OR ""Shop Pay Installments""",,Bing Search,web_search,https://www.bing.com/search?q=%22OXFORD+INDUSTRIES+INC%22+%22Affirm%22+OR+%22Klarna%22+OR+%22Afterpay%22+OR+%22Sezzle%22+OR+%22PayPal+Pay+Later%22+OR+%22Shop+Pay+Installments%22,OXM
0000896156,,ETHAN ALLEN INTERIORS INC,no_relevant_evidence,No exact CIK or canonical-name match in current BNPL merchant dataset.,HIGH,2026-08-10T01:27:51.402911+00:00,current BNPL merchant dataset exact CIK/canonical-name check,,BNPL merchant and ownership files,internal_dataset,/Users/augustliu/Desktop/Research_On_Merchant_Side_Effect_Of_BNPL/data/merchant_ownership/merchant_ownership_rows.json,ETD
0000896156,,ETHAN ALLEN INTERIORS INC,no_relevant_evidence,"Search completed; no clear BNPL exposure signal detected in result text. Top links: https://r.bing.com/rs/4f/gg/cc,nc/-G_YKFrphkyl83D0HTgpMefXo7c.css?or=w; https://r.bing.com/rs/4f/gM/cc,nc/rWljTRKHPYQiu_szhv9ApXQ-KpI.css?or=w; https://r.bing.com/rs/4f/fn/cir3,cc,nc/qYkYtW4ptUTHO5TVR_F3o3iRdIs.css?or=w",MEDIUM,2026-08-10T01:27:51.402911+00:00,"""ETHAN ALLEN INTERIORS INC"" ""Affirm"" OR ""Klarna"" OR ""Afterpay"" OR ""Sezzle"" OR ""PayPal Pay Later"" OR ""Shop Pay Installments""",,Bing Search,web_search,https://www.bing.com/search?q=%22ETHAN+ALLEN+INTERIORS+INC%22+%22Affirm%22+OR+%22Klarna%22+OR+%22Afterpay%22+OR+%22Sezzle%22+OR+%22PayPal+Pay+Later%22+OR+%22Shop+Pay+Installments%22,ETD
0000701719,,Envela Corp,no_relevant_evidence,No exact CIK or canonical-name match in current BNPL merchant dataset.,HIGH,2026-08-10T01:27:51.402911+00:00,current BNPL merchant dataset exact CIK/canonical-name check,,BNPL merchant and ownership files,internal_dataset,/Users/augustliu/Desktop/Research_On_Merchant_Side_Effect_Of_BNPL/data/merchant_ownership/merchant_ownership_rows.json,ELA
0000701719,,Envela Corp,no_relevant_evidence,"Search completed; no clear BNPL exposure signal detected in result text. Top links: https://r.bing.com/rs/4f/gg/cc,nc/-G_YKFrphkyl83D0HTgpMefXo7c.css?or=w; https://r.bing.com/rs/4f/h6/cc,nc/U6HOq0RcF4_oC2_ItiNCBhNzO24.css?or=w; https://r.bing.com/rs/4f/fG/cir3,cc,nc/5gFAL7Id0yWkqqPO1crOKHL1NzM.css?or=w",MEDIUM,2026-08-10T01:27:51.402911+00:00,"""Envela Corp"" ""Affirm"" OR ""Klarna"" OR ""Afterpay"" OR ""Sezzle"" OR ""PayPal Pay Later"" OR ""Shop Pay Installments""",,Bing Search,web_search,https://www.bing.com/search?q=%22Envela+Corp%22+%22Affirm%22+OR+%22Klarna%22+OR+%22Afterpay%22+OR+%22Sezzle%22+OR+%22PayPal+Pay+Later%22+OR+%22Shop+Pay+Installments%22,ELA
0001318484,,Citi Trends Inc,no_relevant_evidence,No exact CIK or canonical-name match in current BNPL merchant dataset.,HIGH,2026-08-10T01:27:51.402911+00:00,current BNPL merchant dataset exact CIK/canonical-name check,,BNPL merchant and ownership files,internal_dataset,/Users/augustliu/Desktop/Research_On_Merchant_Side_Effect_Of_BNPL/data/merchant_ownership/merchant_ownership_rows.json,CTRN
0001318484,,Citi Trends Inc,no_relevant_evidence,"Search completed; no clear BNPL exposure signal detected in result text. Top links: https://r.bing.com/rs/4f/gg/cc,nc/-G_YKFrphkyl83D0HTgpMefXo7c.css?or=w; https://r.bing.com/rs/4f/h6/cc,nc/U6HOq0RcF4_oC2_ItiNCBhNzO24.css?or=w; https://r.bing.com/rs/4f/fn/cir3,cc,nc/qYkYtW4ptUTHO5TVR_F3o3iRdIs.css?or=w",MEDIUM,2026-08-10T01:27:51.402911+00:00,"""Citi Trends Inc"" ""Affirm"" OR ""Klarna"" OR ""Afterpay"" OR ""Sezzle"" OR ""PayPal Pay Later"" OR ""Shop Pay Installments""",,Bing Search,web_search,https://www.bing.com/search?q=%22Citi+Trends+Inc%22+%22Affirm%22+OR+%22Klarna%22+OR+%22Afterpay%22+OR+%22Sezzle%22+OR+%22PayPal+Pay+Later%22+OR+%22Shop+Pay+Installments%22,CTRN
0001473334,,XMax Inc.,no_relevant_evidence,No exact CIK or canonical-name match in current BNPL merchant dataset.,HIGH,2026-08-10T01:27:51.402911+00:00,current BNPL merchant dataset exact CIK/canonical-name check,,BNPL merchant and ownership files,internal_dataset,/Users/augustliu/Desktop/Research_On_Merchant_Side_Effect_Of_BNPL/data/merchant_ownership/merchant_ownership_rows.json,XMAX
0001473334,,XMax Inc.,no_relevant_evidence,"Search completed; no clear BNPL exposure signal detected in result text. Top links: https://r.bing.com/rs/4f/gg/cc,nc/-G_YKFrphkyl83D0HTgpMefXo7c.css?or=w; https://r.bing.com/rs/4f/h6/cc,nc/U6HOq0RcF4_oC2_ItiNCBhNzO24.css?or=w; https://r.bing.com/rs/4f/fG/cir3,cc,nc/5gFAL7Id0yWkqqPO1crOKHL1NzM.css?or=w",MEDIUM,2026-08-10T01:27:51.402911+00:00,"""XMax Inc."" ""Affirm"" OR ""Klarna"" OR ""Afterpay"" OR ""Sezzle"" OR ""PayPal Pay Later"" OR ""Shop Pay Installments""",,Bing Search,web_search,https://www.bing.com/search?q=%22XMax+Inc.%22+%22Affirm%22+OR+%22Klarna%22+OR+%22Afterpay%22+OR+%22Sezzle%22+OR+%22PayPal+Pay+Later%22+OR+%22Shop+Pay+Installments%22,XMAX
0001606909,,Pangaea Logistics Solutions Ltd.,no_relevant_evidence,No exact CIK or canonical-name match in current BNPL merchant dataset.,HIGH,2026-08-10T01:27:51.402911+00:00,current BNPL merchant dataset exact CIK/canonical-name check,,BNPL merchant and ownership files,internal_dataset,/Users/augustliu/Desktop/Research_On_Merchant_Side_Effect_Of_BNPL/data/merchant_ownership/merchant_ownership_rows.json,PANL
0001606909,,Pangaea Logistics Solutions Ltd.,no_relevant_evidence,"Search completed; no clear BNPL exposure signal detected in result text. Top links: https://r.bing.com/rs/4f/gg/cc,nc/-G_YKFrphkyl83D0HTgpMefXo7c.css?or=w; https://r.bing.com/rs/4f/gS/cc,nc/_huiPba-9XiYDf9Vd8j9EoLtXL4.css?or=w; https://r.bing.com/rs/4f/fG/cir3,cc,nc/5gFAL7Id0yWkqqPO1crOKHL1NzM.css?or=w",MEDIUM,2026-08-10T01:27:51.402911+00:00,"""Pangaea Logistics Solutions Ltd."" ""Affirm"" OR ""Klarna"" OR ""Afterpay"" OR ""Sezzle"" OR ""PayPal Pay Later"" OR ""Shop Pay Installments""",,Bing Search,web_search,https://www.bing.com/search?q=%22Pangaea+Logistics+Solutions+Ltd.%22+%22Affirm%22+OR+%22Klarna%22+OR+%22Afterpay%22+OR+%22Sezzle%22+OR+%22PayPal+Pay+Later%22+OR+%22Shop+Pay+Installments%22,PANL
0000912728,,FORWARD AIR CORP,no_relevant_evidence,No exact CIK or canonical-name match in current BNPL merchant dataset.,HIGH,2026-08-10T01:27:51.402911+00:00,current BNPL merchant dataset exact CIK/canonical-name check,,BNPL merchant and ownership files,internal_dataset,/Users/augustliu/Desktop/Research_On_Merchant_Side_Effect_Of_BNPL/data/merchant_ownership/merchant_ownership_rows.json,FWRD
0000912728,,FORWARD AIR CORP,no_relevant_evidence,"Search completed; no clear BNPL exposure signal detected in result text. Top links: https://r.bing.com/rs/4f/gg/cc,nc/-G_YKFrphkyl83D0HTgpMefXo7c.css?or=w; https://r.bing.com/rs/4f/h6/cc,nc/U6HOq0RcF4_oC2_ItiNCBhNzO24.css?or=w; https://r.bing.com/rs/4f/ez/cir3,cc,nc/ITQ79_h8jq-eoIeRkdWbxDW7IbQ.css?or=w",MEDIUM,2026-08-10T01:27:51.402911+00:00,"""FORWARD AIR CORP"" ""Affirm"" OR ""Klarna"" OR ""Afterpay"" OR ""Sezzle"" OR ""PayPal Pay Later"" OR ""Shop Pay Installments""",,Bing Search,web_search,https://www.bing.com/search?q=%22FORWARD+AIR+CORP%22+%22Affirm%22+OR+%22Klarna%22+OR+%22Afterpay%22+OR+%22Sezzle%22+OR+%22PayPal+Pay+Later%22+OR+%22Shop+Pay+Installments%22,FWRD
0000895447,,SHOE STATION GROUP INC,no_relevant_evidence,No exact CIK or canonical-name match in current BNPL merchant dataset.,HIGH,2026-08-10T01:27:51.402911+00:00,current BNPL merchant dataset exact CIK/canonical-name check,,BNPL merchant and ownership files,internal_dataset,/Users/augustliu/Desktop/Research_On_Merchant_Side_Effect_Of_BNPL/data/merchant_ownership/merchant_ownership_rows.json,SHOE
0000895447,,SHOE STATION GROUP INC,no_relevant_evidence,"Search completed; no clear BNPL exposure signal detected in result text. Top links: https://r.bing.com/rs/4f/gg/cc,nc/-G_YKFrphkyl83D0HTgpMefXo7c.css?or=w; https://r.bing.com/rs/4f/h6/cc,nc/U6HOq0RcF4_oC2_ItiNCBhNzO24.css?or=w; https://r.bing.com/rs/4f/ez/cir3,cc,nc/ITQ79_h8jq-eoIeRkdWbxDW7IbQ.css?or=w",MEDIUM,2026-08-10T01:27:51.402911+00:00,"""SHOE STATION GROUP INC"" ""Affirm"" OR ""Klarna"" OR ""Afterpay"" OR ""Sezzle"" OR ""PayPal Pay Later"" OR ""Shop Pay Installments""",,Bing Search,web_search,https://www.bing.com/search?q=%22SHOE+STATION+GROUP+INC%22+%22Affirm%22+OR+%22Klarna%22+OR+%22Afterpay%22+OR+%22Sezzle%22+OR+%22PayPal+Pay+Later%22+OR+%22Shop+Pay+Installments%22,SHOE
0000216085,,HAVERTY FURNITURE COMPANIES INC,no_relevant_evidence,No exact CIK or canonical-name match in current BNPL merchant dataset.,HIGH,2026-08-10T01:27:51.402911+00:00,current BNPL merchant dataset exact CIK/canonical-name check,,BNPL merchant and ownership files,internal_dataset,/Users/augustliu/Desktop/Research_On_Merchant_Side_Effect_Of_BNPL/data/merchant_ownership/merchant_ownership_rows.json,HVT
0000216085,,HAVERTY FURNITURE COMPANIES INC,no_relevant_evidence,"Search completed; no clear BNPL exposure signal detected in result text. Top links: https://r.bing.com/rs/4f/gg/cc,nc/-G_YKFrphkyl83D0HTgpMefXo7c.css?or=w; https://r.bing.com/rs/4f/gM/cc,nc/rWljTRKHPYQiu_szhv9ApXQ-KpI.css?or=w; https://r.bing.com/rs/4f/fn/cir3,cc,nc/qYkYtW4ptUTHO5TVR_F3o3iRdIs.css?or=w",MEDIUM,2026-08-10T01:27:51.402911+00:00,"""HAVERTY FURNITURE COMPANIES INC"" ""Affirm"" OR ""Klarna"" OR ""Afterpay"" OR ""Sezzle"" OR ""PayPal Pay Later"" OR ""Shop Pay Installments""",,Bing Search,web_search,https://www.bing.com/search?q=%22HAVERTY+FURNITURE+COMPANIES+INC%22+%22Affirm%22+OR+%22Klarna%22+OR+%22Afterpay%22+OR+%22Sezzle%22+OR+%22PayPal+Pay+Later%22+OR+%22Shop+Pay+Installments%22,HVT
0001669779,,"Camping World Holdings, Inc.",no_relevant_evidence,No exact CIK or canonical-name match in current BNPL merchant dataset.,HIGH,2026-08-10T01:27:51.402911+00:00,current BNPL merchant dataset exact CIK/canonical-name check,,BNPL merchant and ownership files,internal_dataset,/Users/augustliu/Desktop/Research_On_Merchant_Side_Effect_Of_BNPL/data/merchant_ownership/merchant_ownership_rows.json,CWH
0001669779,,"Camping World Holdings, Inc.",no_relevant_evidence,"Search completed; no clear BNPL exposure signal detected in result text. Top links: https://r.bing.com/rs/4f/gg/cc,nc/-G_YKFrphkyl83D0HTgpMefXo7c.css?or=w; https://r.bing.com/rs/4f/h6/cc,nc/U6HOq0RcF4_oC2_ItiNCBhNzO24.css?or=w; https://r.bing.com/rs/4f/fG/cir3,cc,nc/5gFAL7Id0yWkqqPO1crOKHL1NzM.css?or=w",MEDIUM,2026-08-10T01:27:51.402911+00:00,"""Camping World Holdings, Inc."" ""Affirm"" OR ""Klarna"" OR ""Afterpay"" OR ""Sezzle"" OR ""PayPal Pay Later"" OR ""Shop Pay Installments""",,Bing Search,web_search,https://www.bing.com/search?q=%22Camping+World+Holdings%2C+Inc.%22+%22Affirm%22+OR+%22Klarna%22+OR+%22Afterpay%22+OR+%22Sezzle%22+OR+%22PayPal+Pay+Later%22+OR+%22Shop+Pay+Installments%22,CWH
0000933034,,STRATTEC SECURITY CORP,no_relevant_evidence,No exact CIK or canonical-name match in current BNPL merchant dataset.,HIGH,2026-08-10T01:27:51.402911+00:00,current BNPL merchant dataset exact CIK/canonical-name check,,BNPL merchant and ownership files,internal_dataset,/Users/augustliu/Desktop/Research_On_Merchant_Side_Effect_Of_BNPL/data/merchant_ownership/merchant_ownership_rows.json,STRT
0000933034,,STRATTEC SECURITY CORP,no_relevant_evidence,"Search completed; no clear BNPL exposure signal detected in result text. Top links: https://r.bing.com/rs/4f/gg/cc,nc/-G_YKFrphkyl83D0HTgpMefXo7c.css?or=w; https://r.bing.com/rs/4f/h6/cc,nc/U6HOq0RcF4_oC2_ItiNCBhNzO24.css?or=w; https://r.bing.com/rs/4f/fG/cir3,cc,nc/5gFAL7Id0yWkqqPO1crOKHL1NzM.css?or=w",MEDIUM,2026-08-10T01:27:51.402911+00:00,"""STRATTEC SECURITY CORP"" ""Affirm"" OR ""Klarna"" OR ""Afterpay"" OR ""Sezzle"" OR ""PayPal Pay Later"" OR ""Shop Pay Installments""",,Bing Search,web_search,https://www.bing.com/search?q=%22STRATTEC+SECURITY+CORP%22+%22Affirm%22+OR+%22Klarna%22+OR+%22Afterpay%22+OR+%22Sezzle%22+OR+%22PayPal+Pay+Later%22+OR+%22Shop+Pay+Installments%22,STRT
0000895456,,"ROCKY BRANDS, INC.",no_relevant_evidence,No exact CIK or canonical-name match in current BNPL merchant dataset.,HIGH,2026-08-10T01:27:51.402911+00:00,current BNPL merchant dataset exact CIK/canonical-name check,,BNPL merchant and ownership files,internal_dataset,/Users/augustliu/Desktop/Research_On_Merchant_Side_Effect_Of_BNPL/data/merchant_ownership/merchant_ownership_rows.json,RCKY
0000895456,,"ROCKY BRANDS, INC.",no_relevant_evidence,"Search completed; no clear BNPL exposure signal detected in result text. Top links: https://r.bing.com/rs/4f/gg/cc,nc/-G_YKFrphkyl83D0HTgpMefXo7c.css?or=w; https://r.bing.com/rs/4f/gS/cc,nc/_huiPba-9XiYDf9Vd8j9EoLtXL4.css?or=w; https://r.bing.com/rs/4f/fG/cir3,cc,nc/5gFAL7Id0yWkqqPO1crOKHL1NzM.css?or=w",MEDIUM,2026-08-10T01:27:51.402911+00:00,"""ROCKY BRANDS, INC."" ""Affirm"" OR ""Klarna"" OR ""Afterpay"" OR ""Sezzle"" OR ""PayPal Pay Later"" OR ""Shop Pay Installments""",,Bing Search,web_search,https://www.bing.com/search?q=%22ROCKY+BRANDS%2C+INC.%22+%22Affirm%22+OR+%22Klarna%22+OR+%22Afterpay%22+OR+%22Sezzle%22+OR+%22PayPal+Pay+Later%22+OR+%22Shop+Pay+Installments%22,RCKY
0000807882,,JACK IN THE BOX INC,no_relevant_evidence,No exact CIK or canonical-name match in current BNPL merchant dataset.,HIGH,2026-08-10T01:27:51.402911+00:00,current BNPL merchant dataset exact CIK/canonical-name check,,BNPL merchant and ownership files,internal_dataset,/Users/augustliu/Desktop/Research_On_Merchant_Side_Effect_Of_BNPL/data/merchant_ownership/merchant_ownership_rows.json,JACK
0000807882,,JACK IN THE BOX INC,no_relevant_evidence,"Search completed; no clear BNPL exposure signal detected in result text. Top links: https://r.bing.com/rs/4f/gg/cc,nc/-G_YKFrphkyl83D0HTgpMefXo7c.css?or=w; https://r.bing.com/rs/4f/h6/cc,nc/U6HOq0RcF4_oC2_ItiNCBhNzO24.css?or=w; https://r.bing.com/rs/4f/eJ/cir3,cc,nc/-ooVmxB9OlPzBcewmec-cfwYTQs.css?or=w",MEDIUM,2026-08-10T01:27:51.402911+00:00,"""JACK IN THE BOX INC"" ""Affirm"" OR ""Klarna"" OR ""Afterpay"" OR ""Sezzle"" OR ""PayPal Pay Later"" OR ""Shop Pay Installments""",,Bing Search,web_search,https://www.bing.com/search?q=%22JACK+IN+THE+BOX+INC%22+%22Affirm%22+OR+%22Klarna%22+OR+%22Afterpay%22+OR+%22Sezzle%22+OR+%22PayPal+Pay+Later%22+OR+%22Shop+Pay+Installments%22,JACK
0001319947,,Designer Brands Inc.,no_relevant_evidence,No exact CIK or canonical-name match in current BNPL merchant dataset.,HIGH,2026-08-10T01:27:51.402911+00:00,current BNPL merchant dataset exact CIK/canonical-name check,,BNPL merchant and ownership files,internal_dataset,/Users/augustliu/Desktop/Research_On_Merchant_Side_Effect_Of_BNPL/data/merchant_ownership/merchant_ownership_rows.json,DBI
0001319947,,Designer Brands Inc.,no_relevant_evidence,"Search completed; no clear BNPL exposure signal detected in result text. Top links: https://r.bing.com/rs/4f/gg/cc,nc/-G_YKFrphkyl83D0HTgpMefXo7c.css?or=w; https://r.bing.com/rs/4f/h6/cc,nc/U6HOq0RcF4_oC2_ItiNCBhNzO24.css?or=w; https://r.bing.com/rs/4f/fG/cir3,cc,nc/5gFAL7Id0yWkqqPO1crOKHL1NzM.css?or=w",MEDIUM,2026-08-10T01:27:51.402911+00:00,"""Designer Brands Inc."" ""Affirm"" OR ""Klarna"" OR ""Afterpay"" OR ""Sezzle"" OR ""PayPal Pay Later"" OR ""Shop Pay Installments""",,Bing Search,web_search,https://www.bing.com/search?q=%22Designer+Brands+Inc.%22+%22Affirm%22+OR+%22Klarna%22+OR+%22Afterpay%22+OR+%22Sezzle%22+OR+%22PayPal+Pay+Later%22+OR+%22Shop+Pay+Installments%22,DBI
0000002186,,BK Technologies Corp,no_relevant_evidence,No exact CIK or canonical-name match in current BNPL merchant dataset.,HIGH,2026-08-10T01:27:51.402911+00:00,current BNPL merchant dataset exact CIK/canonical-name check,,BNPL merchant and ownership files,internal_dataset,/Users/augustliu/Desktop/Research_On_Merchant_Side_Effect_Of_BNPL/data/merchant_ownership/merchant_ownership_rows.json,BKTI
0000002186,,BK Technologies Corp,no_relevant_evidence,"Search completed; no clear BNPL exposure signal detected in result text. Top links: https://r.bing.com/rs/4f/gg/cc,nc/-G_YKFrphkyl83D0HTgpMefXo7c.css?or=w; https://r.bing.com/rs/4f/h6/cc,nc/U6HOq0RcF4_oC2_ItiNCBhNzO24.css?or=w; https://r.bing.com/rs/4f/fG/cir3,cc,nc/5gFAL7Id0yWkqqPO1crOKHL1NzM.css?or=w",MEDIUM,2026-08-10T01:27:51.402911+00:00,"""BK Technologies Corp"" ""Affirm"" OR ""Klarna"" OR ""Afterpay"" OR ""Sezzle"" OR ""PayPal Pay Later"" OR ""Shop Pay Installments""",,Bing Search,web_search,https://www.bing.com/search?q=%22BK+Technologies+Corp%22+%22Affirm%22+OR+%22Klarna%22+OR+%22Afterpay%22+OR+%22Sezzle%22+OR+%22PayPal+Pay+Later%22+OR+%22Shop+Pay+Installments%22,BKTI
0000037472,,FLEXSTEEL INDUSTRIES INC,no_relevant_evidence,No exact CIK or canonical-name match in current BNPL merchant dataset.,HIGH,2026-08-10T01:27:51.402911+00:00,current BNPL merchant dataset exact CIK/canonical-name check,,BNPL merchant and ownership files,internal_dataset,/Users/augustliu/Desktop/Research_On_Merchant_Side_Effect_Of_BNPL/data/merchant_ownership/merchant_ownership_rows.json,FLXS
0000037472,,FLEXSTEEL INDUSTRIES INC,no_relevant_evidence,"Search completed; no clear BNPL exposure signal detected in result text. Top links: https://r.bing.com/rs/4f/gg/cc,nc/-G_YKFrphkyl83D0HTgpMefXo7c.css?or=w; https://r.bing.com/rs/4f/gM/cc,nc/rWljTRKHPYQiu_szhv9ApXQ-KpI.css?or=w; https://r.bing.com/rs/4f/eT/cir3,cc,nc/ZNlEaxLrmuWEflDP-KwkyUROBrA.css?or=w",MEDIUM,2026-08-10T01:27:51.402911+00:00,"""FLEXSTEEL INDUSTRIES INC"" ""Affirm"" OR ""Klarna"" OR ""Afterpay"" OR ""Sezzle"" OR ""PayPal Pay Later"" OR ""Shop Pay Installments""",,Bing Search,web_search,https://www.bing.com/search?q=%22FLEXSTEEL+INDUSTRIES+INC%22+%22Affirm%22+OR+%22Klarna%22+OR+%22Afterpay%22+OR+%22Sezzle%22+OR+%22PayPal+Pay+Later%22+OR+%22Shop+Pay+Installments%22,FLXS
0001009829,,JAKKS PACIFIC INC,no_relevant_evidence,No exact CIK or canonical-name match in current BNPL merchant dataset.,HIGH,2026-08-10T01:27:51.402911+00:00,current BNPL merchant dataset exact CIK/canonical-name check,,BNPL merchant and ownership files,internal_dataset,/Users/augustliu/Desktop/Research_On_Merchant_Side_Effect_Of_BNPL/data/merchant_ownership/merchant_ownership_rows.json,JAKK
0001009829,,JAKKS PACIFIC INC,no_relevant_evidence,"Search completed; no clear BNPL exposure signal detected in result text. Top links: https://r.bing.com/rs/4f/gg/cc,nc/-G_YKFrphkyl83D0HTgpMefXo7c.css?or=w; https://r.bing.com/rs/4f/gM/cc,nc/rWljTRKHPYQiu_szhv9ApXQ-KpI.css?or=w; https://r.bing.com/rs/4f/fn/cir3,cc,nc/qYkYtW4ptUTHO5TVR_F3o3iRdIs.css?or=w",MEDIUM,2026-08-10T01:27:51.402911+00:00,"""JAKKS PACIFIC INC"" ""Affirm"" OR ""Klarna"" OR ""Afterpay"" OR ""Sezzle"" OR ""PayPal Pay Later"" OR ""Shop Pay Installments""",,Bing Search,web_search,https://www.bing.com/search?q=%22JAKKS+PACIFIC+INC%22+%22Affirm%22+OR+%22Klarna%22+OR+%22Afterpay%22+OR+%22Sezzle%22+OR+%22PayPal+Pay+Later%22+OR+%22Shop+Pay+Installments%22,JAKK
0000033488,,ESCALADE INC,no_relevant_evidence,No exact CIK or canonical-name match in current BNPL merchant dataset.,HIGH,2026-08-10T01:27:51.402911+00:00,current BNPL merchant dataset exact CIK/canonical-name check,,BNPL merchant and ownership files,internal_dataset,/Users/augustliu/Desktop/Research_On_Merchant_Side_Effect_Of_BNPL/data/merchant_ownership/merchant_ownership_rows.json,ESCA
0000033488,,ESCALADE INC,no_relevant_evidence,"Search completed; no clear BNPL exposure signal detected in result text. Top links: https://r.bing.com/rs/4f/gg/cc,nc/-G_YKFrphkyl83D0HTgpMefXo7c.css?or=w; https://r.bing.com/rs/4f/h6/cc,nc/U6HOq0RcF4_oC2_ItiNCBhNzO24.css?or=w; https://r.bing.com/rs/4f/fG/cir3,cc,nc/5gFAL7Id0yWkqqPO1crOKHL1NzM.css?or=w",MEDIUM,2026-08-10T01:27:51.402911+00:00,"""ESCALADE INC"" ""Affirm"" OR ""Klarna"" OR ""Afterpay"" OR ""Sezzle"" OR ""PayPal Pay Later"" OR ""Shop Pay Installments""",,Bing Search,web_search,https://www.bing.com/search?q=%22ESCALADE+INC%22+%22Affirm%22+OR+%22Klarna%22+OR+%22Afterpay%22+OR+%22Sezzle%22+OR+%22PayPal+Pay+Later%22+OR+%22Shop+Pay+Installments%22,ESCA
0001735707,,Garrett Motion Inc.,no_relevant_evidence,No exact CIK or canonical-name match in current BNPL merchant dataset.,HIGH,2026-08-10T01:27:51.402911+00:00,current BNPL merchant dataset exact CIK/canonical-name check,,BNPL merchant and ownership files,internal_dataset,/Users/augustliu/Desktop/Research_On_Merchant_Side_Effect_Of_BNPL/data/merchant_ownership/merchant_ownership_rows.json,GTX
0001735707,,Garrett Motion Inc.,no_relevant_evidence,"Search completed; no clear BNPL exposure signal detected in result text. Top links: https://r.bing.com/rs/4f/gg/cc,nc/-G_YKFrphkyl83D0HTgpMefXo7c.css?or=w; https://r.bing.com/rs/4f/gM/cc,nc/rWljTRKHPYQiu_szhv9ApXQ-KpI.css?or=w; https://r.bing.com/rs/4f/eT/cir3,cc,nc/ZNlEaxLrmuWEflDP-KwkyUROBrA.css?or=w",MEDIUM,2026-08-10T01:27:51.402911+00:00,"""Garrett Motion Inc."" ""Affirm"" OR ""Klarna"" OR ""Afterpay"" OR ""Sezzle"" OR ""PayPal Pay Later"" OR ""Shop Pay Installments""",,Bing Search,web_search,https://www.bing.com/search?q=%22Garrett+Motion+Inc.%22+%22Affirm%22+OR+%22Klarna%22+OR+%22Afterpay%22+OR+%22Sezzle%22+OR+%22PayPal+Pay+Later%22+OR+%22Shop+Pay+Installments%22,GTX
0001722684,,"WYNDHAM HOTELS & RESORTS, INC.",no_relevant_evidence,No exact CIK or canonical-name match in current BNPL merchant dataset.,HIGH,2026-08-10T01:27:51.402911+00:00,current BNPL merchant dataset exact CIK/canonical-name check,,BNPL merchant and ownership files,internal_dataset,/Users/augustliu/Desktop/Research_On_Merchant_Side_Effect_Of_BNPL/data/merchant_ownership/merchant_ownership_rows.json,WH
0001722684,,"WYNDHAM HOTELS & RESORTS, INC.",no_relevant_evidence,"Search completed; no clear BNPL exposure signal detected in result text. Top links: https://r.bing.com/rs/5Z/u7/cc,nc/ywj4fC5dgfNh4f_rEfTknZT2gZI.css?or=w; https://r.bing.com/rs/5Z/JA/cc,nc/zg1iw8_P6125lZTQs-LtqTYUxs0.css?or=w; https://r.bing.com/rs/5Z/JD/cc,nc/qcYlxqUVoG6wDSdBGrbKI_U4rrc.css?or=w",MEDIUM,2026-08-10T01:27:51.402911+00:00,"""WYNDHAM HOTELS & RESORTS, INC."" ""Affirm"" OR ""Klarna"" OR ""Afterpay"" OR ""Sezzle"" OR ""PayPal Pay Later"" OR ""Shop Pay Installments""",,Bing Search,web_search,https://www.bing.com/search?q=%22WYNDHAM+HOTELS+%26+RESORTS%2C+INC.%22+%22Affirm%22+OR+%22Klarna%22+OR+%22Afterpay%22+OR+%22Sezzle%22+OR+%22PayPal+Pay+Later%22+OR+%22Shop+Pay+Installments%22,WH
