CIK,broad_bnpl_category,category_confidence,classification_basis,company_name,detailed_bnpl_category,sample_group,secondary_categories,sic_code,sic_description,ticker
0000006201,Entertainment,LOW,SEC SIC plus keyword/category mapping; unclear cases flagged REVIEW.,American Airlines Group Inc.,Gaming & Entertainment,treated,Flights; Travel & Entertainment; Travel & Events,4512,"Air Transportation, Scheduled",AAL
0000016988,Home & Appliances,MEDIUM,SEC SIC plus keyword/category mapping; unclear cases flagged REVIEW.,CANON INC,Home & Appliances,treated,Computers & Tablets; Electronics & Appliances; Gaming & Entertainment; Phones & Smartwatches; Photography; TV & Audio,3861,Photographic Equipment & Supplies,CAJPY
0000018255,Apparel & Personal Care,HIGH,SEC SIC plus keyword/category mapping; unclear cases flagged REVIEW.,CATO CORP,Clothing & Accessories,treated,Clothing; Clothing & Accessories; Jewelry; Shoes,5621,Retail-Women's Clothing Stores,CATO
0000027419,Apparel & Personal Care,LOW,SEC SIC plus keyword/category mapping; unclear cases flagged REVIEW.,TARGET CORP,Clothing & Accessories,treated,"Apparel; Books, Movies & Music; Education; Electronics; Electronics & Appliances; Food & Beverage; Home & Furniture; Jewelry & Accessories; Kids & Babies; Kids & Family; Pets; Phones; Shoes; Sports & Outdoors; Toys & Games; Toys & Hobbies",5331,Retail-Variety Stores,TGT
0000028917,Apparel & Personal Care,LOW,SEC SIC plus keyword/category mapping; unclear cases flagged REVIEW.,"DILLARD'S, INC.",Clothing & Accessories,treated,Clothing & Accessories; Electronics & Devices; Fashion; Health & Beauty; Home & Garden; Kids & Baby; Men's fashion; Travel & Entertainment,5311,Retail-Department Stores,DDS
0000029534,Apparel & Personal Care,LOW,SEC SIC plus keyword/category mapping; unclear cases flagged REVIEW.,DOLLAR GENERAL CORP,Clothing & Accessories,treated,"Books, Movies & Music; Kids & Family; Toys & Hobbies",5331,Retail-Variety Stores,DG
0000039911,Apparel & Personal Care,HIGH,SEC SIC plus keyword/category mapping; unclear cases flagged REVIEW.,GAP INC,Clothing & Accessories,treated,Activewear; Apparel; Clothing; Clothing & Accessories; Fashion; Health & Beauty; Jewelry; Kids & Baby; Men's fashion; Shoes; Swimwear,5651,Retail-Family Clothing Stores,GAP
0000041091,,REVIEW,SEC SIC plus keyword/category mapping; unclear cases flagged REVIEW.,GEORGIA POWER CO,,treated,Bills,4911,Electric Services,GPJA
0000042582,Automotive,MEDIUM,SEC SIC plus keyword/category mapping; unclear cases flagged REVIEW.,GOODYEAR TIRE & RUBBER CO /OH/,Automotive,treated,Auto,3011,Tires & Inner Tubes,GT
0000047217,Electronics & Technology,MEDIUM,SEC SIC plus keyword/category mapping; unclear cases flagged REVIEW.,HP INC,Computers & Tablets,treated,Computers & Tablets; Gaming & Entertainment; Phones & Smartwatches; Photography; TV & Audio; Toys & Games,3570,Computer & office Equipment,HPQ
0000060667,Home & Appliances,HIGH,SEC SIC plus keyword/category mapping; unclear cases flagged REVIEW.,LOWES COMPANIES INC,Home Improvement,treated,Bed & Bath; Garden & Patio; Home & Appliances; Home & Furniture; Home Appliances; Home Improvement; Kitchen Appliances; Outdoor & Seasonal,5211,Retail-Lumber & Other Building Materials Dealers,LOW
0000086312,Entertainment,MEDIUM,SEC SIC plus keyword/category mapping; unclear cases flagged REVIEW.,"TRAVELERS COMPANIES, INC.",Gaming & Entertainment,treated,Bills,6331,"Fire, Marine & Casualty Insurance",TRV
0000103379,Apparel & Personal Care,MEDIUM,SEC SIC plus keyword/category mapping; unclear cases flagged REVIEW.,V F CORP,Clothing & Accessories,treated,Clothing; Outdoor; Shoes; Sporting Goods,2320,"Men's & Boys' Furnishgs, Work Clothg, & Allied Garments",VFC
0000104169,Apparel & Personal Care,LOW,SEC SIC plus keyword/category mapping; unclear cases flagged REVIEW.,Walmart Inc.,Clothing & Accessories,treated,"Bills; Books, Movies & Music; Electronics & Appliances; Food & Beverage; Garden & Patio; Home & Appliances; Home & Furniture; Home Appliances; Home Improvement; Kids & Family; Kitchen Appliances; Toys & Hobbies",5331,Retail-Variety Stores,WMT
0000106640,Home & Appliances,MEDIUM,SEC SIC plus keyword/category mapping; unclear cases flagged REVIEW.,WHIRLPOOL CORP /DE/,Home & Appliances,treated,Garden & Patio; Home & Appliances; Home Appliances; Home Improvement; Kitchen Appliances,3630,Household Appliances,WHR
0000109177,Apparel & Personal Care,MEDIUM,SEC SIC plus keyword/category mapping; unclear cases flagged REVIEW.,"Spectrum Brands Holdings, Inc.",Health & Beauty,treated,Bills; Health & Beauty,3690,"Miscellaneous Electrical Machinery, Equipment & Supplies",SPB
0000110471,Apparel & Personal Care,MEDIUM,SEC SIC plus keyword/category mapping; unclear cases flagged REVIEW.,WOLVERINE WORLD WIDE INC /DE/,Clothing & Accessories,treated,Clothing & Accessories,3140,"Footwear, (No Rubber)",WWW
0000313838,Electronics & Technology,MEDIUM,SEC SIC plus keyword/category mapping; unclear cases flagged REVIEW.,Sony Group Corp,TV & Audio,treated,Computers & Tablets; Gaming & Entertainment; Phones & Smartwatches; Photography; TV & Audio,3651,Household Audio & Video Equipment,SONY
0000320187,Apparel & Personal Care,MEDIUM,SEC SIC plus keyword/category mapping; unclear cases flagged REVIEW.,"NIKE, Inc.",Clothing & Accessories,treated,Activewear; Clothing; Clothing & Accessories; Fitness & Gear; Kids & Babies; Shoes; Sports & Outdoor; Sports & Outdoors,3021,Rubber & Plastics Footwear,NKE
0000320193,Electronics & Technology,MEDIUM,SEC SIC plus keyword/category mapping; unclear cases flagged REVIEW.,Apple Inc.,Computers & Tablets,treated,Bills; Computers & Tablets; Electronics & Appliances; Gaming & Entertainment; Phones; Phones & Smartwatches; Photography; TV & Audio,3571,Electronic Computers,AAPL
0000354950,Home & Appliances,HIGH,SEC SIC plus keyword/category mapping; unclear cases flagged REVIEW.,"HOME DEPOT, INC.",Home Improvement,treated,Bed & Bath; Furniture & Decor; Garden & Patio; Home & Appliances; Home & Furniture; Home Appliances; Home Improvement; Kitchen Appliances; Outdoor & Seasonal,5211,Retail-Lumber & Other Building Materials Dealers,HD
0000701985,Apparel & Personal Care,MEDIUM,SEC SIC plus keyword/category mapping; unclear cases flagged REVIEW.,"Bath & Body Works, Inc.",Health & Beauty,treated,Bed & Bath; Health & Beauty; Self Care,5990,"Retail-Retail Stores, NEC",BBWI
0000719955,Home & Appliances,MEDIUM,SEC SIC plus keyword/category mapping; unclear cases flagged REVIEW.,WILLIAMS SONOMA INC,Home & Appliances,treated,Bed & Bath; Furniture & Decor; Garden & Patio; Home & Appliances; Home Appliances; Home Improvement; Kitchen Appliances,5700,"Retail-Home Furniture, Furnishings & Equipment Stores",WSM
0000732717,Home & Appliances,MEDIUM,SEC SIC plus keyword/category mapping; unclear cases flagged REVIEW.,AT&T INC.,Home & Appliances,treated,Bills; Electronics & Appliances; Phones,4813,Telephone Communications (No Radiotelephone),T
0000764478,Electronics & Technology,HIGH,SEC SIC plus keyword/category mapping; unclear cases flagged REVIEW.,BEST BUY CO INC,TV & Audio,treated,Computers & Tablets; Electronics; Electronics & Appliances; Gaming & Entertainment; Phones; Phones & Smartwatches; Photography; TV & Audio; TVs,5731,"Retail-Radio, Tv & Consumer Electronics Stores",BBY
0000769397,Electronics & Technology,MEDIUM,SEC SIC plus keyword/category mapping; unclear cases flagged REVIEW.,"Autodesk, Inc.",Computers & Tablets,treated,Automotive,7372,Services-Prepackaged Software,ADSK
0000789019,Electronics & Technology,MEDIUM,SEC SIC plus keyword/category mapping; unclear cases flagged REVIEW.,MICROSOFT CORP,TV & Audio,treated,Computers & Tablets; Gaming & Entertainment; Phones & Smartwatches; Photography; TV & Audio,7372,Services-Prepackaged Software,MSFT
0000793952,Sports & Leisure,MEDIUM,SEC SIC plus keyword/category mapping; unclear cases flagged REVIEW.,"HARLEY-DAVIDSON, INC.",Sports & Outdoor,treated,Sports & Outdoor,3751,"Motorcycles, Bicycles & Parts",HOG
0000794367,Apparel & Personal Care,LOW,SEC SIC plus keyword/category mapping; unclear cases flagged REVIEW.,"Macy's, Inc.",Clothing & Accessories,treated,Accessories; Apparel; Bed & Bath; Clothing & Accessories; Furniture & Decor; Shoes,5311,Retail-Department Stores,M
0000799288,Apparel & Personal Care,HIGH,SEC SIC plus keyword/category mapping; unclear cases flagged REVIEW.,"LANDS' END, INC.",Clothing & Accessories,treated,Activewear; Bed & Bath; Clothing; Clothing & Accessories; Jewelry; Outdoor; Shoes; Swimwear,5651,Retail-Family Clothing Stores,LE
0000814453,Kids & Toys,MEDIUM,SEC SIC plus keyword/category mapping; unclear cases flagged REVIEW.,NEWELL BRANDS INC.,Kids & Family,treated,Kids & Babies; Kids & Baby,3089,"Plastics Products, NEC",NWL
0000823768,,REVIEW,SEC SIC plus keyword/category mapping; unclear cases flagged REVIEW.,WASTE MANAGEMENT INC,,treated,Bills,4953,Refuse Systems,WM
0000866729,Kids & Toys,MEDIUM,SEC SIC plus keyword/category mapping; unclear cases flagged REVIEW.,SCHOLASTIC CORP,Kids & Family,treated,Education; Kids & Babies,2731,Books: Publishing or Publishing & Printing,SCHL
0000866787,Automotive,HIGH,SEC SIC plus keyword/category mapping; unclear cases flagged REVIEW.,AUTOZONE INC,Automotive,treated,Automotive,5531,Retail-Auto & Home Supply Stores,AZO
0000883569,Apparel & Personal Care,MEDIUM,SEC SIC plus keyword/category mapping; unclear cases flagged REVIEW.,"Fossil Group, Inc.",Clothing & Accessories,treated,Clothing & Accessories; Jewelry & Accessories,3873,"Watches, Clocks, Clockwork Operated Devices/Parts",FOSL
0000884887,Entertainment,LOW,SEC SIC plus keyword/category mapping; unclear cases flagged REVIEW.,ROYAL CARIBBEAN CRUISES LTD,Gaming & Entertainment,treated,Travel & Entertainment; Travel & Events,4400,Water Transportation,RCL
0000885245,Apparel & Personal Care,HIGH,SEC SIC plus keyword/category mapping; unclear cases flagged REVIEW.,BUCKLE INC,Clothing & Accessories,treated,Clothing & Accessories; Fashion; Men's fashion,5651,Retail-Family Clothing Stores,BKE
0000885639,Apparel & Personal Care,LOW,SEC SIC plus keyword/category mapping; unclear cases flagged REVIEW.,KOHLS Corp,Clothing & Accessories,treated,Accessories; Activewear; Apparel; Bed & Bath; Clothing; Furniture & Decor; Garden & Patio; Home & Appliances; Home & Furniture; Home Appliances; Home Improvement; Jewelry; Jewelry & Accessories; Kitchen Appliances; Shoes,5311,Retail-Department Stores,KSS
0000899051,,REVIEW,SEC SIC plus keyword/category mapping; unclear cases flagged REVIEW.,ALLSTATE CORP,,treated,Bills,6331,"Fire, Marine & Casualty Insurance",ALL
0000908937,Electronics & Technology,MEDIUM,SEC SIC plus keyword/category mapping; unclear cases flagged REVIEW.,SIRIUS XM HOLDINGS INC.,TV & Audio,treated,Bills,4832,Radio Broadcasting Stations,SIRI
0000909832,Apparel & Personal Care,LOW,SEC SIC plus keyword/category mapping; unclear cases flagged REVIEW.,COSTCO WHOLESALE CORP /NEW,Clothing & Accessories,treated,"Books, Movies & Music; Kids & Family; Toys & Hobbies",5331,Retail-Variety Stores,COST
0000910521,Apparel & Personal Care,MEDIUM,SEC SIC plus keyword/category mapping; unclear cases flagged REVIEW.,DECKERS OUTDOOR CORP,Clothing & Accessories,treated,Clothing & Accessories; Fashion; Shoes; Sports & Outdoor,3021,Rubber & Plastics Footwear,DECK
0000912615,Apparel & Personal Care,HIGH,SEC SIC plus keyword/category mapping; unclear cases flagged REVIEW.,URBAN OUTFITTERS INC,Clothing & Accessories,treated,Clothing & Accessories; Fashion; Home & Furniture; Home & Garden; Men's fashion,5651,Retail-Family Clothing Stores,URBN
0000916365,Home & Appliances,HIGH,SEC SIC plus keyword/category mapping; unclear cases flagged REVIEW.,TRACTOR SUPPLY CO /DE/,Home Improvement,treated,Garden & Patio; Home & Appliances; Home & Furniture; Home Appliances; Home Improvement; Kitchen Appliances; Pets,5200,"Retail-Building Materials, Hardware, Garden Supply",TSCO
0000919012,Apparel & Personal Care,HIGH,SEC SIC plus keyword/category mapping; unclear cases flagged REVIEW.,AMERICAN EAGLE OUTFITTERS INC,Clothing & Accessories,treated,Activewear; Apparel; Clothing; Clothing & Accessories; Fashion; Jewelry; Men's fashion; Shoes; Swimwear,5651,Retail-Family Clothing Stores,AEO
0001001250,Apparel & Personal Care,HIGH,SEC SIC plus keyword/category mapping; unclear cases flagged REVIEW.,ESTEE LAUDER COMPANIES INC,Health & Beauty,treated,Cosmetics; Health & Beauty; Self Care,2844,"Perfumes, Cosmetics & Other Toilet Preparations",EL
0001018724,Apparel & Personal Care,LOW,SEC SIC plus keyword/category mapping; unclear cases flagged REVIEW.,AMAZON COM INC,Clothing & Accessories,treated,"Books, Movies & Music; Clothing & Accessories; Electronics; Fashion; Home & Furniture; Kids & Family; Men's fashion; Shoes; Toys & Hobbies",5961,Retail-Catalog & Mail-Order Houses,AMZN
0001018840,Apparel & Personal Care,HIGH,SEC SIC plus keyword/category mapping; unclear cases flagged REVIEW.,ABERCROMBIE & FITCH CO /DE/,Clothing & Accessories,treated,Clothing; Clothing & Accessories,5651,Retail-Family Clothing Stores,ANF
0001032975,Electronics & Technology,MEDIUM,SEC SIC plus keyword/category mapping; unclear cases flagged REVIEW.,LOGITECH INTERNATIONAL S.A.,Computers & Tablets,treated,Computers & Tablets; Electronics; Electronics & Appliances; Gaming & Entertainment; Phones & Smartwatches; Photography; TV & Audio,3577,"Computer Peripheral Equipment, NEC",LOGI
0001037038,Apparel & Personal Care,MEDIUM,SEC SIC plus keyword/category mapping; unclear cases flagged REVIEW.,RALPH LAUREN CORP,Clothing & Accessories,treated,Fashion; Men's fashion,2320,"Men's & Boys' Furnishgs, Work Clothg, & Allied Garments",RL
0001041859,Apparel & Personal Care,HIGH,SEC SIC plus keyword/category mapping; unclear cases flagged REVIEW.,"Childrens Place, Inc.",Clothing & Accessories,treated,Clothing & Accessories; Fashion; Kids & Babies; Kids & Baby,5651,Retail-Family Clothing Stores,PLCE
0001045810,Electronics & Technology,MEDIUM,SEC SIC plus keyword/category mapping; unclear cases flagged REVIEW.,NVIDIA CORP,TV & Audio,treated,Computers & Tablets; Gaming & Entertainment; Phones & Smartwatches; Photography; TV & Audio,3674,Semiconductors & Related Devices,NVDA
0001048286,Entertainment,LOW,SEC SIC plus keyword/category mapping; unclear cases flagged REVIEW.,MARRIOTT INTERNATIONAL INC /MD/,Gaming & Entertainment,treated,Hotels,7011,Hotels & Motels,MAR
0001050797,Apparel & Personal Care,MEDIUM,SEC SIC plus keyword/category mapping; unclear cases flagged REVIEW.,COLUMBIA SPORTSWEAR CO,Clothing & Accessories,treated,Activewear; Clothing; Clothing & Accessories; Fitness; Outdoor; Shoes; Sporting Goods; Sports & Outdoors,2300,Apparel & Other Finishd Prods of Fabrics & Similar Matl,COLM
0001060822,Apparel & Personal Care,MEDIUM,SEC SIC plus keyword/category mapping; unclear cases flagged REVIEW.,CARTERS INC,Clothing & Accessories,treated,Clothing & Accessories; Kids & Babies; Kids & Baby,2300,Apparel & Other Finishd Prods of Fabrics & Similar Matl,CRI
0001065088,Kids & Toys,MEDIUM,SEC SIC plus keyword/category mapping; unclear cases flagged REVIEW.,EBAY INC,Toys & Hobbies,treated,"Books, Movies & Music; Electronics; Electronics & Appliances; Kids & Family; Pets; Toys & Games; Toys & Hobbies",7389,"Services-Business Services, NEC",EBAY
0001075531,Sports & Leisure,MEDIUM,SEC SIC plus keyword/category mapping; unclear cases flagged REVIEW.,Booking Holdings Inc.,Sports & Outdoor,treated,Flights; Hotels; Travel & Entertainment; Travel & Events,4700,Transportation Services,BKNG
0001084869,Home & Appliances,MEDIUM,SEC SIC plus keyword/category mapping; unclear cases flagged REVIEW.,1 800 FLOWERS COM INC,Home & Appliances,treated,Garden & Patio; Home & Appliances; Home Appliances; Home Improvement; Kitchen Appliances,5990,"Retail-Retail Stores, NEC",FLWS
0001089063,Apparel & Personal Care,MEDIUM,SEC SIC plus keyword/category mapping; unclear cases flagged REVIEW.,"DICK'S SPORTING GOODS, INC.",Clothing & Accessories,treated,Men's fashion; Sports & Outdoor,5940,Retail-Miscellaneous Shopping Goods Stores,DKS
0001113809,Kids & Toys,HIGH,SEC SIC plus keyword/category mapping; unclear cases flagged REVIEW.,BUILD-A-BEAR WORKSHOP INC,Toys & Hobbies,treated,Toys & Games,5945,"Retail-Hobby, Toy & Game Shops",BBW
0001116132,Apparel & Personal Care,MEDIUM,SEC SIC plus keyword/category mapping; unclear cases flagged REVIEW.,"TAPESTRY, INC.",Clothing & Accessories,treated,Accessories; Apparel; Bed & Bath; Clothing; Clothing & Accessories; Cosmetics; Fashion; Furniture & Decor; Jewelry; Jewelry & Accessories; Pets; Shoes,3100,Leather & Leather Products,TPR
0001121788,Electronics & Technology,MEDIUM,SEC SIC plus keyword/category mapping; unclear cases flagged REVIEW.,GARMIN LTD,TV & Audio,treated,Computers & Tablets; Gaming & Entertainment; Phones & Smartwatches; Photography; TV & Audio,3812,"Search, Detection, Navigation, Guidance, Aeronautical Sys",GRMN
0001130713,Apparel & Personal Care,LOW,SEC SIC plus keyword/category mapping; unclear cases flagged REVIEW.,"BED BATH & BEYOND, INC.",Clothing & Accessories,treated,Bed & Bath; Cosmetics; Garden & Patio; Home & Appliances; Home & Furniture; Home Appliances; Home Improvement; Kitchen Appliances; Self Care,5961,Retail-Catalog & Mail-Order Houses,BBBY
0001132105,Apparel & Personal Care,MEDIUM,SEC SIC plus keyword/category mapping; unclear cases flagged REVIEW.,"SPORTSMAN'S WAREHOUSE HOLDINGS, INC.",Clothing & Accessories,treated,Clothing; Outdoor; Outdoor & Seasonal; Shoes; Sporting Goods; Sportsman's,5940,Retail-Miscellaneous Shopping Goods Stores,SPWH
0001158449,Automotive,HIGH,SEC SIC plus keyword/category mapping; unclear cases flagged REVIEW.,ADVANCE AUTO PARTS INC,Automotive,treated,Automotive,5531,Retail-Auto & Home Supply Stores,AAP
0001177609,Apparel & Personal Care,LOW,SEC SIC plus keyword/category mapping; unclear cases flagged REVIEW.,"FIVE BELOW, INC",Clothing & Accessories,treated,Garden & Patio; Home & Appliances; Home Appliances; Home Improvement; Kitchen Appliances,5331,Retail-Variety Stores,FIVE
0001254699,Apparel & Personal Care,LOW,SEC SIC plus keyword/category mapping; unclear cases flagged REVIEW.,QVC INC,Clothing & Accessories,treated,"Books, Movies & Music; Home & Furniture; Kids & Family; Toys & Hobbies",5961,Retail-Catalog & Mail-Order Houses,QVCCQ
0001258602,,REVIEW,SEC SIC plus keyword/category mapping; unclear cases flagged REVIEW.,NELNET INC,,treated,Bills,6141,Personal Credit Institutions,NNI
0001269238,Entertainment,MEDIUM,SEC SIC plus keyword/category mapping; unclear cases flagged REVIEW.,Trip.com Group Ltd,Gaming & Entertainment,treated,Hotels; Travel & Entertainment; Travel & Events,7389,"Services-Business Services, NEC",TCOM
0001314727,Electronics & Technology,MEDIUM,SEC SIC plus keyword/category mapping; unclear cases flagged REVIEW.,Sonos Inc,TV & Audio,treated,Computers & Tablets; Electronics; Electronics & Appliances; Gaming & Entertainment; Phones & Smartwatches; Photography; TV & Audio,3651,Household Audio & Video Equipment,SONO
0001315098,Kids & Toys,MEDIUM,SEC SIC plus keyword/category mapping; unclear cases flagged REVIEW.,Roblox Corp,Toys & Hobbies,treated,Toys & Games,7372,Services-Prepackaged Software,RBLX
0001318008,Apparel & Personal Care,HIGH,SEC SIC plus keyword/category mapping; unclear cases flagged REVIEW.,Zumiez Inc,Clothing & Accessories,treated,Clothing & Accessories,5600,Retail-Apparel & Accessory Stores,ZUMZ
0001324424,Sports & Leisure,MEDIUM,SEC SIC plus keyword/category mapping; unclear cases flagged REVIEW.,"Expedia Group, Inc.",Sports & Outdoor,treated,Flights; Hotels; Travel & Entertainment; Travel & Events,4700,Transportation Services,EXPE
0001326380,Electronics & Technology,HIGH,SEC SIC plus keyword/category mapping; unclear cases flagged REVIEW.,GameStop Corp.,Computers & Tablets,treated,Computers & Tablets; Electronics & Appliances; Gaming & Entertainment; Phones & Smartwatches; Photography; TV & Audio,5734,Retail-Computer & Computer Software Stores,GME
0001334036,Apparel & Personal Care,MEDIUM,SEC SIC plus keyword/category mapping; unclear cases flagged REVIEW.,"Crocs, Inc.",Clothing & Accessories,treated,Clothing & Accessories; Fashion; Kids & Baby; Shoes,3021,Rubber & Plastics Footwear,CROX
0001336917,Apparel & Personal Care,MEDIUM,SEC SIC plus keyword/category mapping; unclear cases flagged REVIEW.,"Under Armour, Inc.",Clothing & Accessories,treated,Apparel; Fitness & Gear; Shoes; Sports & Outdoor; Sports & Outdoors,2300,Apparel & Other Finishd Prods of Fabrics & Similar Matl,UAA
0001337634,Entertainment,MEDIUM,SEC SIC plus keyword/category mapping; unclear cases flagged REVIEW.,"StubHub Holdings, Inc.",Gaming & Entertainment,treated,"Books, Movies & Music; Kids & Family; Toys & Hobbies; Travel & Entertainment; Travel & Events",7990,Services-Miscellaneous Amusement & Recreation,STUB
0001368458,Apparel & Personal Care,MEDIUM,SEC SIC plus keyword/category mapping; unclear cases flagged REVIEW.,"Sally Beauty Holdings, Inc.",Health & Beauty,treated,Health & Beauty,5990,"Retail-Retail Stores, NEC",SBH
0001370637,Apparel & Personal Care,MEDIUM,SEC SIC plus keyword/category mapping; unclear cases flagged REVIEW.,ETSY INC,Clothing & Accessories,treated,"Books, Movies & Music; Home & Furniture; Jewelry & Accessories; Kids & Family; Toys & Hobbies",7389,"Services-Business Services, NEC",ETSY
0001378950,Automotive,HIGH,SEC SIC plus keyword/category mapping; unclear cases flagged REVIEW.,"CarParts.com, Inc.",Automotive,treated,Sports & Outdoors,5531,Retail-Auto & Home Supply Stores,PRTS
0001397187,Apparel & Personal Care,MEDIUM,SEC SIC plus keyword/category mapping; unclear cases flagged REVIEW.,lululemon athletica inc.,Clothing & Accessories,treated,Activewear; Apparel; Clothing; Fashion; Fitness; Fitness & Gear; Men's fashion; Shoes; Sports & Outdoor; Sports & Outdoors,2300,Apparel & Other Finishd Prods of Fabrics & Similar Matl,LULU
0001403568,Apparel & Personal Care,MEDIUM,SEC SIC plus keyword/category mapping; unclear cases flagged REVIEW.,"Ulta Beauty, Inc.",Health & Beauty,treated,Beauty; Cosmetics; Hair; Health & Beauty; Self Care,5990,"Retail-Retail Stores, NEC",ULTA
0001428439,Kids & Toys,MEDIUM,SEC SIC plus keyword/category mapping; unclear cases flagged REVIEW.,"ROKU, INC",Toys & Hobbies,treated,Toys & Games,4841,Cable & Other Pay Television Services,ROKU
0001433195,Electronics & Technology,MEDIUM,SEC SIC plus keyword/category mapping; unclear cases flagged REVIEW.,APPFOLIO INC,Computers & Tablets,treated,Bills,7372,Services-Prepackaged Software,APPF
0001484778,Apparel & Personal Care,LOW,SEC SIC plus keyword/category mapping; unclear cases flagged REVIEW.,ThredUp Inc.,Clothing & Accessories,treated,Clothing & Accessories; Fashion; Kids & Baby; Men's fashion,5961,Retail-Catalog & Mail-Order Houses,TDUP
0001490281,Kids & Toys,MEDIUM,SEC SIC plus keyword/category mapping; unclear cases flagged REVIEW.,"Groupon, Inc.",Toys & Hobbies,treated,"Books, Movies & Music; Kids & Family; Toys & Hobbies; Travel & Events",7311,Services-Advertising Agencies,GRPN
0001493761,Electronics & Technology,LOW,SEC SIC plus keyword/category mapping; unclear cases flagged REVIEW.,Turtle Beach Corp,Phones & Smartwatches,treated,Toys & Games,3669,"Communications Equipment, NEC",TBCH
0001495320,Apparel & Personal Care,MEDIUM,SEC SIC plus keyword/category mapping; unclear cases flagged REVIEW.,"Vera Bradley, Inc.",Clothing & Accessories,treated,Clothing & Accessories; Fashion; Jewelry & Accessories,3100,Leather & Leather Products,VRA
0001500435,Electronics & Technology,MEDIUM,SEC SIC plus keyword/category mapping; unclear cases flagged REVIEW.,"GoPro, Inc.",TV & Audio,treated,Computers & Tablets; Gaming & Entertainment; Phones & Smartwatches; Photography; TV & Audio,3861,Photographic Equipment & Supplies,GPRO
0001504776,Apparel & Personal Care,MEDIUM,SEC SIC plus keyword/category mapping; unclear cases flagged REVIEW.,Warby Parker Inc.,Health & Beauty,treated,Health & Beauty,3851,Ophthalmic Goods,WRBY
0001523836,Apparel & Personal Care,LOW,SEC SIC plus keyword/category mapping; unclear cases flagged REVIEW.,"LightInTheBox Holding Co., Ltd.",Clothing & Accessories,treated,"Books, Movies & Music; Fashion; Home & Garden; Kids & Baby; Kids & Family; Men's fashion; Pets; Toys & Games; Toys & Hobbies",5961,Retail-Catalog & Mail-Order Houses,LITB
0001524025,Apparel & Personal Care,HIGH,SEC SIC plus keyword/category mapping; unclear cases flagged REVIEW.,"TILLY'S, INC.",Clothing & Accessories,treated,Activewear; Clothing; Clothing & Accessories; Fashion; Jewelry; Kids & Baby; Men's fashion; Outdoor; Shoes; Sporting Goods; Swimwear,5600,Retail-Apparel & Accessory Stores,TLYS
0001526520,Electronics & Technology,MEDIUM,SEC SIC plus keyword/category mapping; unclear cases flagged REVIEW.,"TripAdvisor, Inc.",Computers & Tablets,treated,Travel & Entertainment,7370,"Services-Computer Programming, Data Processing, Etc.",TRIP
0001531152,Apparel & Personal Care,LOW,SEC SIC plus keyword/category mapping; unclear cases flagged REVIEW.,"BJ's Wholesale Club Holdings, Inc.",Clothing & Accessories,treated,Garden & Patio; Home & Appliances; Home Appliances; Home Improvement; Kitchen Appliances,5331,Retail-Variety Stores,BJ
0001559720,Entertainment,MEDIUM,SEC SIC plus keyword/category mapping; unclear cases flagged REVIEW.,"Airbnb, Inc.",Gaming & Entertainment,treated,Hotels; Travel & Entertainment,7340,Services-To Dwellings & Other Buildings,ABNB
0001560968,Apparel & Personal Care,MEDIUM,SEC SIC plus keyword/category mapping; unclear cases flagged REVIEW.,Samsonite International SA/ADR,Clothing & Accessories,treated,Jewelry; Travel & Entertainment,8880,American Depositary Receipts,SMSGY
0001576942,Apparel & Personal Care,LOW,SEC SIC plus keyword/category mapping; unclear cases flagged REVIEW.,"Stitch Fix, Inc.",Clothing & Accessories,treated,Fashion; Men's fashion,5961,Retail-Catalog & Mail-Order Houses,SFIX
0001577552,Apparel & Personal Care,MEDIUM,SEC SIC plus keyword/category mapping; unclear cases flagged REVIEW.,Alibaba Group Holding Ltd,Health & Beauty,treated,"Activewear; Baby Gear; Bed & Bath; Books, Movies & Music; Clothing; Cosmetics; Fashion; Fitness; Furniture & Decor; Hair; Health & Beauty; Home & Garden; Jewelry; Kids & Family; Outdoor; Outdoor & Seasonal; Pets; Self Care; Shoes; Sporting Goods; Swimwear; Toys & Games; Toys & Hobbies; Vitamins & Supplements",7389,"Services-Business Services, NEC",BABA
0001579157,Apparel & Personal Care,HIGH,SEC SIC plus keyword/category mapping; unclear cases flagged REVIEW.,VINCE HOLDING CORP.,Clothing & Accessories,treated,Clothing & Accessories; Fashion; Men's fashion,5600,Retail-Apparel & Accessory Stores,VNCE
0001579298,Apparel & Personal Care,LOW,SEC SIC plus keyword/category mapping; unclear cases flagged REVIEW.,"Burlington Stores, Inc.",Clothing & Accessories,treated,Activewear; Bed & Bath; Clothing; Cosmetics; Furniture & Decor; Hair; Jewelry; Self Care; Shoes,5311,Retail-Department Stores,BURL
0001616707,Apparel & Personal Care,LOW,SEC SIC plus keyword/category mapping; unclear cases flagged REVIEW.,Wayfair Inc.,Clothing & Accessories,treated,"Books, Movies & Music; Home & Furniture; Home & Garden; Kids & Family; Toys & Hobbies",5961,Retail-Catalog & Mail-Order Houses,W
0001651562,Electronics & Technology,MEDIUM,SEC SIC plus keyword/category mapping; unclear cases flagged REVIEW.,"Coursera, Inc.",Computers & Tablets,treated,Education,7372,Services-Prepackaged Software,COUR
0001670076,Entertainment,LOW,SEC SIC plus keyword/category mapping; unclear cases flagged REVIEW.,"Frontier Group Holdings, Inc.",Gaming & Entertainment,treated,Travel & Entertainment,4512,"Air Transportation, Scheduled",ULCC
0001670592,Kids & Toys,MEDIUM,SEC SIC plus keyword/category mapping; unclear cases flagged REVIEW.,"YETI Holdings, Inc.",Toys & Hobbies,treated,Sports & Outdoor,3949,"Sporting & Athletic Goods, NEC",YETI
0001687229,Home & Appliances,MEDIUM,SEC SIC plus keyword/category mapping; unclear cases flagged REVIEW.,Invitation Homes Inc.,Home & Appliances,treated,Bills,6510,Real Estate Operators (No Developers) & Lessors,INVH
0001687932,Apparel & Personal Care,MEDIUM,SEC SIC plus keyword/category mapping; unclear cases flagged REVIEW.,"J.Jill, Inc.",Clothing & Accessories,treated,Clothing & Accessories,2330,"Women's, Misses': and Juniors Outerwear",JILL
0001690511,Apparel & Personal Care,MEDIUM,SEC SIC plus keyword/category mapping; unclear cases flagged REVIEW.,Canada Goose Holdings Inc.,Clothing & Accessories,treated,Apparel; Clothing; Outdoor,2300,Apparel & Other Finishd Prods of Fabrics & Similar Matl,GOOS
0001691421,,REVIEW,SEC SIC plus keyword/category mapping; unclear cases flagged REVIEW.,"Lemonade, Inc.",,treated,Bills,6331,"Fire, Marine & Casualty Insurance",LMND
0001701758,Home & Appliances,HIGH,SEC SIC plus keyword/category mapping; unclear cases flagged REVIEW.,Lovesac Co,Home & Appliances,treated,Garden & Patio; Home & Appliances; Home Appliances; Home Improvement; Kitchen Appliances,5712,Retail-Furniture Stores,LOVE
0001704711,Kids & Toys,MEDIUM,SEC SIC plus keyword/category mapping; unclear cases flagged REVIEW.,"Funko, Inc.",Toys & Hobbies,treated,Education; Fashion; Kids & Babies; Men's fashion; Toys & Games,3944,"Games, Toys & Children's Vehicles (No Dolls & Bicycles)",FNKO
0001746618,Apparel & Personal Care,LOW,SEC SIC plus keyword/category mapping; unclear cases flagged REVIEW.,"Revolve Group, Inc.",Clothing & Accessories,treated,Clothing; Fashion; Jewelry; Jewelry & Accessories; Shoes,5961,Retail-Catalog & Mail-Order Houses,RVLV
0001762301,,REVIEW,SEC SIC plus keyword/category mapping; unclear cases flagged REVIEW.,Fiverr International Ltd.,,treated,Education,7389,"Services-Business Services, NEC",FVRR
0001766502,Apparel & Personal Care,LOW,SEC SIC plus keyword/category mapping; unclear cases flagged REVIEW.,"Chewy, Inc.",Clothing & Accessories,treated,Garden & Patio; Home & Appliances; Home Appliances; Home Improvement; Kitchen Appliances; Pets,5961,Retail-Catalog & Mail-Order Houses,CHWY
0001787117,Apparel & Personal Care,MEDIUM,SEC SIC plus keyword/category mapping; unclear cases flagged REVIEW.,Reformation Inc.,Clothing & Accessories,treated,Fashion,2330,"Women's, Misses': and Juniors Outerwear",REF
0001792781,Apparel & Personal Care,HIGH,SEC SIC plus keyword/category mapping; unclear cases flagged REVIEW.,Torrid Holdings Inc.,Clothing & Accessories,treated,Clothing & Accessories,5600,Retail-Apparel & Accessory Stores,CURV
0001792789,,REVIEW,SEC SIC plus keyword/category mapping; unclear cases flagged REVIEW.,"DoorDash, Inc.",,treated,Food & Beverage,7389,"Services-Business Services, NEC",DASH
0001817358,Sports & Leisure,MEDIUM,SEC SIC plus keyword/category mapping; unclear cases flagged REVIEW.,"Academy Sports & Outdoors, Inc.",Sports & Outdoor,treated,Sports & Outdoor,5940,Retail-Miscellaneous Shopping Goods Stores,ASO
0001828962,Electronics & Technology,MEDIUM,SEC SIC plus keyword/category mapping; unclear cases flagged REVIEW.,"Cricut, Inc.",TV & Audio,treated,Computers & Tablets; Gaming & Entertainment; Phones & Smartwatches; Photography; TV & Audio,3559,"Special Industry Machinery, NEC",CRCT
0001846576,Apparel & Personal Care,MEDIUM,SEC SIC plus keyword/category mapping; unclear cases flagged REVIEW.,"FIGS, Inc.",Clothing & Accessories,treated,Clothing & Accessories,2300,Apparel & Other Finishd Prods of Fabrics & Similar Matl,FIGS
0001856031,Entertainment,MEDIUM,SEC SIC plus keyword/category mapping; unclear cases flagged REVIEW.,Vivid Seats Inc.,Gaming & Entertainment,treated,Travel & Entertainment; Travel & Events,7990,Services-Miscellaneous Amusement & Recreation,SEAT
0001856437,Apparel & Personal Care,HIGH,SEC SIC plus keyword/category mapping; unclear cases flagged REVIEW.,Victoria's Secret & Co.,Clothing & Accessories,treated,Clothing & Accessories; Fashion; Health & Beauty,5621,Retail-Women's Clothing Stores,VSXY
0001858985,Apparel & Personal Care,MEDIUM,SEC SIC plus keyword/category mapping; unclear cases flagged REVIEW.,On Holding AG,Clothing & Accessories,treated,Shoes; Sports & Outdoor,3021,Rubber & Plastics Footwear,ONON
0001866757,Apparel & Personal Care,MEDIUM,SEC SIC plus keyword/category mapping; unclear cases flagged REVIEW.,"Brilliant Earth Group, Inc.",Clothing & Accessories,treated,Accessories,3910,"Jewelry, Silverware & Plated Ware",BRLT
0001875444,Home & Appliances,HIGH,SEC SIC plus keyword/category mapping; unclear cases flagged REVIEW.,"Arhaus, Inc.",Home & Appliances,treated,Garden & Patio; Home & Appliances; Home Appliances; Home Improvement; Kitchen Appliances,5712,Retail-Furniture Stores,ARHS
0001957132,Home & Appliances,MEDIUM,SEC SIC plus keyword/category mapping; unclear cases flagged REVIEW.,"SharkNinja, Inc.",Home & Appliances,treated,Electronics; Home & Furniture,3630,Household Appliances,SN
0001977102,Apparel & Personal Care,MEDIUM,SEC SIC plus keyword/category mapping; unclear cases flagged REVIEW.,Birkenstock Holding plc,Clothing & Accessories,treated,Clothing & Accessories,3140,"Footwear, (No Rubber)",BIRK
0002085187,Home & Appliances,HIGH,SEC SIC plus keyword/category mapping; unclear cases flagged REVIEW.,"Bob's Discount Furniture, Inc.",Home & Appliances,treated,Bed & Bath; Furniture & Decor; Garden & Patio; Home & Appliances; Home & Furniture; Home Appliances; Home Improvement; Kitchen Appliances; Outdoor & Seasonal,5712,Retail-Furniture Stores,BOBS
0001318605,Automotive,MEDIUM,SEC SIC plus keyword/category mapping; unclear cases flagged REVIEW.,"Tesla, Inc.",Automotive,candidate_control,,3711,Motor Vehicles & Passenger Car Bodies,TSLA
0001571996,Electronics & Technology,MEDIUM,SEC SIC plus keyword/category mapping; unclear cases flagged REVIEW.,Dell Technologies Inc.,Computers & Tablets,candidate_control,,3571,Electronic Computers,DELL
0001094517,Automotive,MEDIUM,SEC SIC plus keyword/category mapping; unclear cases flagged REVIEW.,TOYOTA MOTOR CORP/,Automotive,candidate_control,,3711,Motor Vehicles & Passenger Car Bodies,TM
0000051143,Electronics & Technology,MEDIUM,SEC SIC plus keyword/category mapping; unclear cases flagged REVIEW.,INTERNATIONAL BUSINESS MACHINES CORP,Computers & Tablets,candidate_control,,3570,Computer & office Equipment,IBM
0001137789,Electronics & Technology,MEDIUM,SEC SIC plus keyword/category mapping; unclear cases flagged REVIEW.,Seagate Technology Holdings plc,Computers & Tablets,candidate_control,,3572,Computer Storage Devices,STX
0002023554,Electronics & Technology,MEDIUM,SEC SIC plus keyword/category mapping; unclear cases flagged REVIEW.,Sandisk Corp,Computers & Tablets,candidate_control,,3572,Computer Storage Devices,SNDK
0000109198,Apparel & Personal Care,HIGH,SEC SIC plus keyword/category mapping; unclear cases flagged REVIEW.,TJX COMPANIES INC /DE/,Clothing & Accessories,candidate_control,,5651,Retail-Family Clothing Stores,TJX
0000804328,Electronics & Technology,LOW,SEC SIC plus keyword/category mapping; unclear cases flagged REVIEW.,QUALCOMM INC/DE,Phones & Smartwatches,candidate_control,,3663,Radio & Tv Broadcasting & Communications Equipment,QCOM
0000064803,Apparel & Personal Care,HIGH,SEC SIC plus keyword/category mapping; unclear cases flagged REVIEW.,CVS HEALTH Corp,Health & Beauty,candidate_control,,5912,Retail-Drug Stores and Proprietary Stores,CVS
0000829224,Entertainment,LOW,SEC SIC plus keyword/category mapping; unclear cases flagged REVIEW.,STARBUCKS CORP,Gaming & Entertainment,candidate_control,,5810,Retail-Eating & Drinking Places,SBUX
0001262039,Electronics & Technology,MEDIUM,SEC SIC plus keyword/category mapping; unclear cases flagged REVIEW.,"Fortinet, Inc.",Computers & Tablets,candidate_control,,3577,"Computer Peripheral Equipment, NEC",FTNT
0000865752,Automotive,MEDIUM,SEC SIC plus keyword/category mapping; unclear cases flagged REVIEW.,Monster Beverage Corp,Automotive,candidate_control,,2086,Bottled & Canned Soft Drinks & Carbonated Waters,MNST
0001690820,Automotive,HIGH,SEC SIC plus keyword/category mapping; unclear cases flagged REVIEW.,CARVANA CO.,Automotive,candidate_control,,5500,Retail-Auto Dealers & Gasoline Stations,CVNA
0000089800,Home & Appliances,HIGH,SEC SIC plus keyword/category mapping; unclear cases flagged REVIEW.,SHERWIN WILLIAMS CO,Home Improvement,candidate_control,,5200,"Retail-Building Materials, Hardware, Garden Supply",SHW
0000723254,Apparel & Personal Care,MEDIUM,SEC SIC plus keyword/category mapping; unclear cases flagged REVIEW.,CINTAS CORP,Clothing & Accessories,candidate_control,,2320,"Men's & Boys' Furnishgs, Work Clothg, & Allied Garments",CTAS
0000745732,Apparel & Personal Care,HIGH,SEC SIC plus keyword/category mapping; unclear cases flagged REVIEW.,"ROSS STORES, INC.",Clothing & Accessories,candidate_control,,5651,Retail-Family Clothing Stores,ROST
0001467858,Automotive,MEDIUM,SEC SIC plus keyword/category mapping; unclear cases flagged REVIEW.,General Motors Co,Automotive,candidate_control,,3711,Motor Vehicles & Passenger Car Bodies,GM
0000898173,Automotive,HIGH,SEC SIC plus keyword/category mapping; unclear cases flagged REVIEW.,O REILLY AUTOMOTIVE INC,Automotive,candidate_control,,5531,Retail-Auto & Home Supply Stores,ORLY
0000068505,Electronics & Technology,LOW,SEC SIC plus keyword/category mapping; unclear cases flagged REVIEW.,"Motorola Solutions, Inc.",Phones & Smartwatches,candidate_control,,3663,Radio & Tv Broadcasting & Communications Equipment,MSI
0001585689,Entertainment,LOW,SEC SIC plus keyword/category mapping; unclear cases flagged REVIEW.,Hilton Worldwide Holdings Inc.,Gaming & Entertainment,candidate_control,,7011,Hotels & Motels,HLT
0000075362,Automotive,MEDIUM,SEC SIC plus keyword/category mapping; unclear cases flagged REVIEW.,PACCAR INC,Automotive,candidate_control,,3711,Motor Vehicles & Passenger Car Bodies,PCAR
0001648416,Automotive,MEDIUM,SEC SIC plus keyword/category mapping; unclear cases flagged REVIEW.,Ferrari N.V.,Automotive,candidate_control,,3711,Motor Vehicles & Passenger Car Bodies,RACE
0001645590,Electronics & Technology,MEDIUM,SEC SIC plus keyword/category mapping; unclear cases flagged REVIEW.,Hewlett Packard Enterprise Co,Computers & Tablets,candidate_control,,3570,Computer & office Equipment,HPE
0000037996,Automotive,MEDIUM,SEC SIC plus keyword/category mapping; unclear cases flagged REVIEW.,FORD MOTOR CO,Automotive,candidate_control,,3711,Motor Vehicles & Passenger Car Bodies,F
0001633978,Electronics & Technology,LOW,SEC SIC plus keyword/category mapping; unclear cases flagged REVIEW.,Lumentum Holdings Inc.,Phones & Smartwatches,candidate_control,,3669,"Communications Equipment, NEC",LITE
0000815556,Home & Appliances,HIGH,SEC SIC plus keyword/category mapping; unclear cases flagged REVIEW.,FASTENAL CO,Home Improvement,candidate_control,,5200,"Retail-Building Materials, Hardware, Garden Supply",FAST
0000936395,Electronics & Technology,LOW,SEC SIC plus keyword/category mapping; unclear cases flagged REVIEW.,CIENA CORP,Phones & Smartwatches,candidate_control,,3661,Telephone & Telegraph Apparatus,CIEN
0001650107,Automotive,MEDIUM,SEC SIC plus keyword/category mapping; unclear cases flagged REVIEW.,COCA-COLA EUROPACIFIC PARTNERS plc,Automotive,candidate_control,,2086,Bottled & Canned Soft Drinks & Carbonated Waters,CCEP
0001058090,Entertainment,LOW,SEC SIC plus keyword/category mapping; unclear cases flagged REVIEW.,CHIPOTLE MEXICAN GRILL INC,Gaming & Entertainment,candidate_control,,5812,Retail-Eating Places,CMG
0001745201,Entertainment,LOW,SEC SIC plus keyword/category mapping; unclear cases flagged REVIEW.,Viking Holdings Ltd,Gaming & Entertainment,candidate_control,,4400,Water Transportation,VIK
0001900304,Apparel & Personal Care,HIGH,SEC SIC plus keyword/category mapping; unclear cases flagged REVIEW.,Haleon plc,Health & Beauty,candidate_control,,2844,"Perfumes, Cosmetics & Other Toilet Preparations",HLN
0001061736,Automotive,MEDIUM,SEC SIC plus keyword/category mapping; unclear cases flagged REVIEW.,MEXICAN ECONOMIC DEVELOPMENT INC,Automotive,candidate_control,,2086,Bottled & Canned Soft Drinks & Carbonated Waters,FMX
0001041061,Entertainment,LOW,SEC SIC plus keyword/category mapping; unclear cases flagged REVIEW.,YUM BRANDS INC,Gaming & Entertainment,candidate_control,,5812,Retail-Eating Places,YUM
0000100517,Entertainment,LOW,SEC SIC plus keyword/category mapping; unclear cases flagged REVIEW.,"United Airlines Holdings, Inc.",Gaming & Entertainment,candidate_control,,4512,"Air Transportation, Scheduled",UAL
0000815097,Entertainment,LOW,SEC SIC plus keyword/category mapping; unclear cases flagged REVIEW.,Carnival Corp Ltd.,Gaming & Entertainment,candidate_control,,4400,Water Transportation,CCL
0001944048,Apparel & Personal Care,HIGH,SEC SIC plus keyword/category mapping; unclear cases flagged REVIEW.,Kenvue Inc.,Health & Beauty,candidate_control,,2844,"Perfumes, Cosmetics & Other Toilet Preparations",KVUE
0001002047,Electronics & Technology,MEDIUM,SEC SIC plus keyword/category mapping; unclear cases flagged REVIEW.,"NetApp, Inc.",Computers & Tablets,candidate_control,,3572,Computer Storage Devices,NTAP
0001973266,Entertainment,MEDIUM,SEC SIC plus keyword/category mapping; unclear cases flagged REVIEW.,"TKO Group Holdings, Inc.",Gaming & Entertainment,candidate_control,,7900,Services-Amusement & Recreation Services,TKO
0001511737,Electronics & Technology,LOW,SEC SIC plus keyword/category mapping; unclear cases flagged REVIEW.,Ubiquiti Inc.,Phones & Smartwatches,candidate_control,,3663,Radio & Tv Broadcasting & Communications Equipment,UI
0000726958,Automotive,HIGH,SEC SIC plus keyword/category mapping; unclear cases flagged REVIEW.,CASEYS GENERAL STORES INC,Automotive,candidate_control,,5500,Retail-Auto Dealers & Gasoline Stations,CASY
0000717826,Electronics & Technology,LOW,SEC SIC plus keyword/category mapping; unclear cases flagged REVIEW.,ERICSSON LM TELEPHONE CO,Phones & Smartwatches,candidate_control,,3663,Radio & Tv Broadcasting & Communications Equipment,ERIC
0001038683,Entertainment,LOW,SEC SIC plus keyword/category mapping; unclear cases flagged REVIEW.,RYANAIR HOLDINGS PLC,Gaming & Entertainment,candidate_control,,4512,"Air Transportation, Scheduled",RYAAY
0001834584,Apparel & Personal Care,LOW,SEC SIC plus keyword/category mapping; unclear cases flagged REVIEW.,"Coupang, Inc.",Clothing & Accessories,candidate_control,,5961,Retail-Catalog & Mail-Order Houses,CPNG
0000900075,Automotive,HIGH,SEC SIC plus keyword/category mapping; unclear cases flagged REVIEW.,COPART INC,Automotive,candidate_control,,5500,Retail-Auto Dealers & Gasoline Stations,CPRT
0000935703,Apparel & Personal Care,LOW,SEC SIC plus keyword/category mapping; unclear cases flagged REVIEW.,"DOLLAR TREE, INC.",Clothing & Accessories,candidate_control,,5331,Retail-Variety Stores,DLTR
0000858446,Entertainment,LOW,SEC SIC plus keyword/category mapping; unclear cases flagged REVIEW.,INTERCONTINENTAL HOTELS GROUP PLC /NEW/,Gaming & Entertainment,candidate_control,,7011,Hotels & Motels,IHG
0000940944,Entertainment,LOW,SEC SIC plus keyword/category mapping; unclear cases flagged REVIEW.,DARDEN RESTAURANTS INC,Gaming & Entertainment,candidate_control,,5812,Retail-Eating Places,DRI
0001048695,Electronics & Technology,MEDIUM,SEC SIC plus keyword/category mapping; unclear cases flagged REVIEW.,"F5, INC.",Computers & Tablets,candidate_control,,3576,Computer Communications Equipment,FFIV
0001874178,Automotive,MEDIUM,SEC SIC plus keyword/category mapping; unclear cases flagged REVIEW.,"Rivian Automotive, Inc. / DE",Automotive,candidate_control,,3711,Motor Vehicles & Passenger Car Bodies,RIVN
0000092380,Entertainment,LOW,SEC SIC plus keyword/category mapping; unclear cases flagged REVIEW.,SOUTHWEST AIRLINES CO,Gaming & Entertainment,candidate_control,,4512,"Air Transportation, Scheduled",LUV
0000746515,Sports & Leisure,MEDIUM,SEC SIC plus keyword/category mapping; unclear cases flagged REVIEW.,EXPEDITORS INTERNATIONAL OF WASHINGTON INC,Sports & Outdoor,candidate_control,,4731,Arrangement of Transportation of Freight & Cargo,EXPD
0000749098,Automotive,MEDIUM,SEC SIC plus keyword/category mapping; unclear cases flagged REVIEW.,MAGNA INTERNATIONAL INC,Automotive,candidate_control,,3714,Motor Vehicle Parts & Accessories,MGA
0001375365,Electronics & Technology,MEDIUM,SEC SIC plus keyword/category mapping; unclear cases flagged REVIEW.,"Super Micro Computer, Inc.",Computers & Tablets,candidate_control,,3571,Electronic Computers,SMCI
0001043277,Sports & Leisure,MEDIUM,SEC SIC plus keyword/category mapping; unclear cases flagged REVIEW.,"C. H. ROBINSON WORLDWIDE, INC.",Sports & Outdoor,candidate_control,,4731,Arrangement of Transportation of Freight & Cargo,CHRW
0001605484,Automotive,MEDIUM,SEC SIC plus keyword/category mapping; unclear cases flagged REVIEW.,Stellantis N.V.,Automotive,candidate_control,,3711,Motor Vehicles & Passenger Car Bodies,STLA
0001673358,Entertainment,LOW,SEC SIC plus keyword/category mapping; unclear cases flagged REVIEW.,"Yum China Holdings, Inc.",Gaming & Entertainment,candidate_control,,5812,Retail-Eating Places,YUMC
0001584509,Entertainment,LOW,SEC SIC plus keyword/category mapping; unclear cases flagged REVIEW.,Aramark,Gaming & Entertainment,candidate_control,,5812,Retail-Eating Places,ARMK
0001019849,Automotive,HIGH,SEC SIC plus keyword/category mapping; unclear cases flagged REVIEW.,"PENSKE AUTOMOTIVE GROUP, INC.",Automotive,candidate_control,,5500,Retail-Auto Dealers & Gasoline Stations,PAG
0001206264,Home & Appliances,MEDIUM,SEC SIC plus keyword/category mapping; unclear cases flagged REVIEW.,SOMNIGROUP INTERNATIONAL INC.,Home & Appliances,candidate_control,,2510,Household Furniture,SGI
0001289460,Entertainment,LOW,SEC SIC plus keyword/category mapping; unclear cases flagged REVIEW.,"Texas Roadhouse, Inc.",Gaming & Entertainment,candidate_control,,5812,Retail-Eating Places,TXRH
0001319161,Entertainment,MEDIUM,SEC SIC plus keyword/category mapping; unclear cases flagged REVIEW.,Warner Music Group Corp.,Gaming & Entertainment,candidate_control,,7900,Services-Amusement & Recreation Services,WMG
0001791706,Automotive,MEDIUM,SEC SIC plus keyword/category mapping; unclear cases flagged REVIEW.,Li Auto Inc.,Automotive,candidate_control,,3711,Motor Vehicles & Passenger Car Bodies,LI
0001483994,Entertainment,LOW,SEC SIC plus keyword/category mapping; unclear cases flagged REVIEW.,H World Group Ltd,Gaming & Entertainment,candidate_control,,7011,Hotels & Motels,HTHT
0000317540,Automotive,MEDIUM,SEC SIC plus keyword/category mapping; unclear cases flagged REVIEW.,"Coca-Cola Consolidated, Inc.",Automotive,candidate_control,,2086,Bottled & Canned Soft Drinks & Carbonated Waters,COKE
0001810997,Automotive,MEDIUM,SEC SIC plus keyword/category mapping; unclear cases flagged REVIEW.,XPENG INC.,Automotive,candidate_control,,3711,Motor Vehicles & Passenger Car Bodies,XPEV
0001521332,Automotive,MEDIUM,SEC SIC plus keyword/category mapping; unclear cases flagged REVIEW.,Aptiv PLC,Automotive,candidate_control,,3714,Motor Vehicle Parts & Accessories,APTV
0001883685,Entertainment,MEDIUM,SEC SIC plus keyword/category mapping; unclear cases flagged REVIEW.,DraftKings Inc.,Gaming & Entertainment,candidate_control,,7990,Services-Miscellaneous Amusement & Recreation,DKNG
0001866581,Entertainment,LOW,SEC SIC plus keyword/category mapping; unclear cases flagged REVIEW.,Dutch Bros Inc.,Gaming & Entertainment,candidate_control,,5810,Retail-Eating & Drinking Places,BROS
0001573516,Automotive,HIGH,SEC SIC plus keyword/category mapping; unclear cases flagged REVIEW.,Murphy USA Inc.,Automotive,candidate_control,,5500,Retail-Auto Dealers & Gasoline Stations,MUSA
0000067347,Automotive,MEDIUM,SEC SIC plus keyword/category mapping; unclear cases flagged REVIEW.,MODINE MANUFACTURING CO,Automotive,candidate_control,,3714,Motor Vehicle Parts & Accessories,MOD
0001061894,Apparel & Personal Care,MEDIUM,SEC SIC plus keyword/category mapping; unclear cases flagged REVIEW.,Gildan Activewear Inc.,Clothing & Accessories,candidate_control,,2300,Apparel & Other Finishd Prods of Fabrics & Similar Matl,GIL
0001174922,Entertainment,LOW,SEC SIC plus keyword/category mapping; unclear cases flagged REVIEW.,WYNN RESORTS LTD,Gaming & Entertainment,candidate_control,,7011,Hotels & Motels,WYNN
0001869198,Entertainment,MEDIUM,SEC SIC plus keyword/category mapping; unclear cases flagged REVIEW.,"Life Time Group Holdings, Inc.",Gaming & Entertainment,candidate_control,,7997,Services-Membership Sports & Recreation Clubs,LTH
0001767582,Entertainment,LOW,SEC SIC plus keyword/category mapping; unclear cases flagged REVIEW.,Luckin Coffee Inc.,Gaming & Entertainment,candidate_control,,5810,Retail-Eating & Drinking Places,LKNCY
0000094845,Apparel & Personal Care,MEDIUM,SEC SIC plus keyword/category mapping; unclear cases flagged REVIEW.,LEVI STRAUSS & CO,Clothing & Accessories,candidate_control,,2300,Apparel & Other Finishd Prods of Fabrics & Similar Matl,LEVI
0001636519,Entertainment,MEDIUM,SEC SIC plus keyword/category mapping; unclear cases flagged REVIEW.,Madison Square Garden Sports Corp.,Gaming & Entertainment,candidate_control,,7990,Services-Miscellaneous Amusement & Recreation,MSGS
0001411207,Automotive,MEDIUM,SEC SIC plus keyword/category mapping; unclear cases flagged REVIEW.,Allison Transmission Holdings Inc,Automotive,candidate_control,,3714,Motor Vehicle Parts & Accessories,ALSN
0000703351,Entertainment,LOW,SEC SIC plus keyword/category mapping; unclear cases flagged REVIEW.,"BRINKER INTERNATIONAL, INC",Gaming & Entertainment,candidate_control,,5812,Retail-Eating Places,EAT
0001034670,Automotive,MEDIUM,SEC SIC plus keyword/category mapping; unclear cases flagged REVIEW.,AUTOLIV INC,Automotive,candidate_control,,3714,Motor Vehicle Parts & Accessories,ALV
0000775158,Automotive,MEDIUM,SEC SIC plus keyword/category mapping; unclear cases flagged REVIEW.,OSHKOSH CORP,Automotive,candidate_control,,3711,Motor Vehicles & Passenger Car Bodies,OSK
0002078416,Entertainment,MEDIUM,SEC SIC plus keyword/category mapping; unclear cases flagged REVIEW.,"Liberty Live Holdings, Inc.",Gaming & Entertainment,candidate_control,,7900,Services-Amusement & Recreation Services,LLYVA
0000913290,Entertainment,LOW,SEC SIC plus keyword/category mapping; unclear cases flagged REVIEW.,Frontline plc,Gaming & Entertainment,candidate_control,,4412,Deep Sea Foreign Transportation of Freight,FRO
0001023128,Automotive,HIGH,SEC SIC plus keyword/category mapping; unclear cases flagged REVIEW.,LITHIA MOTORS INC,Automotive,candidate_control,,5500,Retail-Auto Dealers & Gasoline Stations,LAD
0001513761,Entertainment,LOW,SEC SIC plus keyword/category mapping; unclear cases flagged REVIEW.,Norwegian Cruise Line Holdings Ltd.,Gaming & Entertainment,candidate_control,,4400,Water Transportation,NCLH
0001639438,Entertainment,LOW,SEC SIC plus keyword/category mapping; unclear cases flagged REVIEW.,"CAVA GROUP, INC.",Gaming & Entertainment,candidate_control,,5812,Retail-Eating Places,CAVA
0001341766,Automotive,MEDIUM,SEC SIC plus keyword/category mapping; unclear cases flagged REVIEW.,"Celsius Holdings, Inc.",Automotive,candidate_control,,2086,Bottled & Canned Soft Drinks & Carbonated Waters,CELH
0001529192,Apparel & Personal Care,LOW,SEC SIC plus keyword/category mapping; unclear cases flagged REVIEW.,Vipshop Holdings Ltd,Clothing & Accessories,candidate_control,,5961,Retail-Catalog & Mail-Order Houses,VIPS
0001836833,Electronics & Technology,LOW,SEC SIC plus keyword/category mapping; unclear cases flagged REVIEW.,Planet Labs PBC,Phones & Smartwatches,candidate_control,,3663,Radio & Tv Broadcasting & Communications Equipment,PL
0001913510,Automotive,MEDIUM,SEC SIC plus keyword/category mapping; unclear cases flagged REVIEW.,VinFast Auto Ltd.,Automotive,candidate_control,,3711,Motor Vehicles & Passenger Car Bodies,VFS
0001878057,Entertainment,MEDIUM,SEC SIC plus keyword/category mapping; unclear cases flagged REVIEW.,Super Group (SGHC) Ltd,Gaming & Entertainment,candidate_control,,7990,Services-Miscellaneous Amusement & Recreation,SGHC
0001316835,Home & Appliances,HIGH,SEC SIC plus keyword/category mapping; unclear cases flagged REVIEW.,"Builders FirstSource, Inc.",Home Improvement,candidate_control,,5211,Retail-Lumber & Other Building Materials Dealers,BLDR
0000056047,Entertainment,LOW,SEC SIC plus keyword/category mapping; unclear cases flagged REVIEW.,KIRBY CORP,Gaming & Entertainment,candidate_control,,4400,Water Transportation,KEX
0000350698,Automotive,HIGH,SEC SIC plus keyword/category mapping; unclear cases flagged REVIEW.,"AUTONATION, INC.",Automotive,candidate_control,,5500,Retail-Auto Dealers & Gasoline Stations,AN
0001653653,Entertainment,LOW,SEC SIC plus keyword/category mapping; unclear cases flagged REVIEW.,"Red Rock Resorts, Inc.",Gaming & Entertainment,candidate_control,,7011,Hotels & Motels,RRR
0000906553,Entertainment,LOW,SEC SIC plus keyword/category mapping; unclear cases flagged REVIEW.,BOYD GAMING CORP,Gaming & Entertainment,candidate_control,,7011,Hotels & Motels,BYD
0001507079,Home & Appliances,HIGH,SEC SIC plus keyword/category mapping; unclear cases flagged REVIEW.,"Floor & Decor Holdings, Inc.",Home Improvement,candidate_control,,5211,Retail-Lumber & Other Building Materials Dealers,FND
0001793659,Entertainment,MEDIUM,SEC SIC plus keyword/category mapping; unclear cases flagged REVIEW.,"Rush Street Interactive, Inc.",Gaming & Entertainment,candidate_control,,7990,Services-Miscellaneous Amusement & Recreation,RSI
0000040211,Sports & Leisure,MEDIUM,SEC SIC plus keyword/category mapping; unclear cases flagged REVIEW.,GATX CORP,Sports & Outdoor,candidate_control,,4700,Transportation Services,GATX
0001012019,Automotive,HIGH,SEC SIC plus keyword/category mapping; unclear cases flagged REVIEW.,RUSH ENTERPRISES INC \TX\,Automotive,candidate_control,,5500,Retail-Auto Dealers & Gasoline Stations,RUSHA
0000003453,Entertainment,LOW,SEC SIC plus keyword/category mapping; unclear cases flagged REVIEW.,"Matson, Inc.",Gaming & Entertainment,candidate_control,,4400,Water Transportation,MATX
0001590895,Entertainment,LOW,SEC SIC plus keyword/category mapping; unclear cases flagged REVIEW.,"Caesars Entertainment, Inc.",Gaming & Entertainment,candidate_control,,7011,Hotels & Motels,CZR
0001041803,Apparel & Personal Care,LOW,SEC SIC plus keyword/category mapping; unclear cases flagged REVIEW.,PRICESMART INC,Clothing & Accessories,candidate_control,,5331,Retail-Variety Stores,PSMT
0000020212,Entertainment,MEDIUM,SEC SIC plus keyword/category mapping; unclear cases flagged REVIEW.,Churchill Downs Inc,Gaming & Entertainment,candidate_control,,7948,"Services-Racing, Including Track Operation",CHDN
0001345105,Entertainment,LOW,SEC SIC plus keyword/category mapping; unclear cases flagged REVIEW.,"Copa Holdings, S.A.",Gaming & Entertainment,candidate_control,,4512,"Air Transportation, Scheduled",CPA
0001735707,Automotive,MEDIUM,SEC SIC plus keyword/category mapping; unclear cases flagged REVIEW.,Garrett Motion Inc.,Automotive,candidate_control,,3714,Motor Vehicle Parts & Accessories,GTX
0001852244,Sports & Leisure,MEDIUM,SEC SIC plus keyword/category mapping; unclear cases flagged REVIEW.,"GXO Logistics, Inc.",Sports & Outdoor,candidate_control,,4700,Transportation Services,GXO
0001722684,Entertainment,LOW,SEC SIC plus keyword/category mapping; unclear cases flagged REVIEW.,"WYNDHAM HOTELS & RESORTS, INC.",Gaming & Entertainment,candidate_control,,7011,Hotels & Motels,WH
0001495153,Sports & Leisure,MEDIUM,SEC SIC plus keyword/category mapping; unclear cases flagged REVIEW.,MakeMyTrip Ltd,Sports & Outdoor,candidate_control,,4700,Transportation Services,MMYT
0000812011,Entertainment,MEDIUM,SEC SIC plus keyword/category mapping; unclear cases flagged REVIEW.,VAIL RESORTS INC,Gaming & Entertainment,candidate_control,,7990,Services-Miscellaneous Amusement & Recreation,MTN
0000766421,Entertainment,LOW,SEC SIC plus keyword/category mapping; unclear cases flagged REVIEW.,"ALASKA AIR GROUP, INC.",Gaming & Entertainment,candidate_control,,4512,"Air Transportation, Scheduled",ALK
0001795250,Entertainment,MEDIUM,SEC SIC plus keyword/category mapping; unclear cases flagged REVIEW.,Sphere Entertainment Co.,Gaming & Entertainment,candidate_control,,7900,Services-Amusement & Recreation Services,SPHR
0000887596,Entertainment,LOW,SEC SIC plus keyword/category mapping; unclear cases flagged REVIEW.,CHEESECAKE FACTORY INC,Gaming & Entertainment,candidate_control,,5812,Retail-Eating Places,CAKE
0001046311,Entertainment,LOW,SEC SIC plus keyword/category mapping; unclear cases flagged REVIEW.,CHOICE HOTELS INTERNATIONAL INC /DE,Gaming & Entertainment,candidate_control,,7011,Hotels & Motels,CHH
0000355811,Automotive,MEDIUM,SEC SIC plus keyword/category mapping; unclear cases flagged REVIEW.,GENTEX CORP,Automotive,candidate_control,,3714,Motor Vehicle Parts & Accessories,GNTX
0001207179,Entertainment,LOW,SEC SIC plus keyword/category mapping; unclear cases flagged REVIEW.,GOLAR LNG LTD,Gaming & Entertainment,candidate_control,,4400,Water Transportation,GLNG
0001820872,Sports & Leisure,MEDIUM,SEC SIC plus keyword/category mapping; unclear cases flagged REVIEW.,"Global Business Travel Group, Inc.",Sports & Outdoor,candidate_control,,4700,Transportation Services,GBTG
0001600033,Apparel & Personal Care,HIGH,SEC SIC plus keyword/category mapping; unclear cases flagged REVIEW.,"e.l.f. Beauty, Inc.",Health & Beauty,candidate_control,,2844,"Perfumes, Cosmetics & Other Toilet Preparations",ELF
0001679049,Entertainment,LOW,SEC SIC plus keyword/category mapping; unclear cases flagged REVIEW.,"International Seaways, Inc.",Gaming & Entertainment,candidate_control,,4400,Water Transportation,INSW
0001853717,Entertainment,LOW,SEC SIC plus keyword/category mapping; unclear cases flagged REVIEW.,Atour Lifestyle Holdings Ltd,Gaming & Entertainment,candidate_control,,7011,Hotels & Motels,ATAT
0001604481,Entertainment,LOW,SEC SIC plus keyword/category mapping; unclear cases flagged REVIEW.,CMB.TECH NV,Gaming & Entertainment,candidate_control,,4412,Deep Sea Foreign Transportation of Freight,CMBT
0001760965,Apparel & Personal Care,MEDIUM,SEC SIC plus keyword/category mapping; unclear cases flagged REVIEW.,"Kontoor Brands, Inc.",Clothing & Accessories,candidate_control,,2320,"Men's & Boys' Furnishgs, Work Clothg, & Allied Garments",KTB
0001811935,Apparel & Personal Care,LOW,SEC SIC plus keyword/category mapping; unclear cases flagged REVIEW.,Pattern Group Inc.,Clothing & Accessories,candidate_control,,5961,Retail-Catalog & Mail-Order Houses,PTRN
0001361658,Entertainment,LOW,SEC SIC plus keyword/category mapping; unclear cases flagged REVIEW.,Travel & Leisure Co.,Gaming & Entertainment,candidate_control,,7011,Hotels & Motels,TNL
0001610250,Apparel & Personal Care,HIGH,SEC SIC plus keyword/category mapping; unclear cases flagged REVIEW.,"Boot Barn Holdings, Inc.",Clothing & Accessories,candidate_control,,5661,Retail-Shoe Stores,BOOT
0001639300,Apparel & Personal Care,LOW,SEC SIC plus keyword/category mapping; unclear cases flagged REVIEW.,"Ollie's Bargain Outlet Holdings, Inc.",Clothing & Accessories,candidate_control,,5331,Retail-Variety Stores,OLLI
0001637207,Entertainment,MEDIUM,SEC SIC plus keyword/category mapping; unclear cases flagged REVIEW.,"Planet Fitness, Inc.",Gaming & Entertainment,candidate_control,,7997,Services-Membership Sports & Recreation Clubs,PLNT
0000063276,Kids & Toys,MEDIUM,SEC SIC plus keyword/category mapping; unclear cases flagged REVIEW.,MATTEL INC /DE/,Toys & Hobbies,candidate_control,,3942,Dolls & Stuffed Toys,MAT
0001144980,Automotive,HIGH,SEC SIC plus keyword/category mapping; unclear cases flagged REVIEW.,ASBURY AUTOMOTIVE GROUP INC,Automotive,candidate_control,,5500,Retail-Auto Dealers & Gasoline Stations,ABG
0000793733,Entertainment,LOW,SEC SIC plus keyword/category mapping; unclear cases flagged REVIEW.,SKYWEST INC,Gaming & Entertainment,candidate_control,,4512,"Air Transportation, Scheduled",SKYW
0001921963,Automotive,MEDIUM,SEC SIC plus keyword/category mapping; unclear cases flagged REVIEW.,Atmus Filtration Technologies Inc.,Automotive,candidate_control,,3714,Motor Vehicle Parts & Accessories,ATMU
0001646188,Electronics & Technology,LOW,SEC SIC plus keyword/category mapping; unclear cases flagged REVIEW.,Ondas Inc.,Phones & Smartwatches,candidate_control,,3663,Radio & Tv Broadcasting & Communications Equipment,ONDS
0001385280,Entertainment,MEDIUM,SEC SIC plus keyword/category mapping; unclear cases flagged REVIEW.,"Cinemark Holdings, Inc.",Gaming & Entertainment,candidate_control,,7830,Services-Motion Picture Theaters,CNK
0001395942,Automotive,HIGH,SEC SIC plus keyword/category mapping; unclear cases flagged REVIEW.,"OPENLANE, Inc.",Automotive,candidate_control,,5500,Retail-Auto Dealers & Gasoline Stations,OPLN
0000822663,Apparel & Personal Care,HIGH,SEC SIC plus keyword/category mapping; unclear cases flagged REVIEW.,INTERPARFUMS INC,Health & Beauty,candidate_control,,2844,"Perfumes, Cosmetics & Other Toilet Preparations",IPAR
0000868780,Automotive,MEDIUM,SEC SIC plus keyword/category mapping; unclear cases flagged REVIEW.,"Dorman Products, Inc.",Automotive,candidate_control,,3714,Motor Vehicle Parts & Accessories,DORM
0002052959,Entertainment,MEDIUM,SEC SIC plus keyword/category mapping; unclear cases flagged REVIEW.,Lionsgate Studios Corp.,Gaming & Entertainment,candidate_control,,7812,Services-Motion Picture & Video Tape Production,LION
0001877787,Apparel & Personal Care,MEDIUM,SEC SIC plus keyword/category mapping; unclear cases flagged REVIEW.,Ermenegildo Zegna N.V.,Clothing & Accessories,candidate_control,,2300,Apparel & Other Finishd Prods of Fabrics & Similar Matl,ZGN
0000932696,Apparel & Personal Care,LOW,SEC SIC plus keyword/category mapping; unclear cases flagged REVIEW.,INSIGHT ENTERPRISES INC,Clothing & Accessories,candidate_control,,5961,Retail-Catalog & Mail-Order Houses,NSIT
0001815846,Apparel & Personal Care,LOW,SEC SIC plus keyword/category mapping; unclear cases flagged REVIEW.,MINISO Group Holding Ltd,Clothing & Accessories,candidate_control,,5331,Retail-Variety Stores,MNSO
0001483934,Entertainment,LOW,SEC SIC plus keyword/category mapping; unclear cases flagged REVIEW.,Scorpio Tankers Inc.,Gaming & Entertainment,candidate_control,,4412,Deep Sea Foreign Transportation of Freight,STNG
0001815779,Sports & Leisure,MEDIUM,SEC SIC plus keyword/category mapping; unclear cases flagged REVIEW.,Hafnia Ltd,Sports & Outdoor,candidate_control,,4700,Transportation Services,HAFN
0000098222,Entertainment,LOW,SEC SIC plus keyword/category mapping; unclear cases flagged REVIEW.,TIDEWATER INC,Gaming & Entertainment,candidate_control,,4400,Water Transportation,TDW
0001952073,Entertainment,MEDIUM,SEC SIC plus keyword/category mapping; unclear cases flagged REVIEW.,Madison Square Garden Entertainment Corp.,Gaming & Entertainment,candidate_control,,7990,Services-Miscellaneous Amusement & Recreation,MSGE
0000925261,Automotive,MEDIUM,SEC SIC plus keyword/category mapping; unclear cases flagged REVIEW.,ANDINA BOTTLING CO INC,Automotive,candidate_control,,2086,Bottled & Canned Soft Drinks & Carbonated Waters,AKO-A
0001636222,Entertainment,LOW,SEC SIC plus keyword/category mapping; unclear cases flagged REVIEW.,Wingstop Inc.,Gaming & Entertainment,candidate_control,,5812,Retail-Eating Places,WING
0001958140,Entertainment,MEDIUM,SEC SIC plus keyword/category mapping; unclear cases flagged REVIEW.,"Atlanta Braves Holdings, Inc.",Gaming & Entertainment,candidate_control,,7900,Services-Amusement & Recreation Services,BATRA
0001974138,Electronics & Technology,MEDIUM,SEC SIC plus keyword/category mapping; unclear cases flagged REVIEW.,NCR Atleos Corp,Computers & Tablets,candidate_control,,3578,Calculating & Accounting Machines (No Electronic Computers),NATL
0000913241,Apparel & Personal Care,MEDIUM,SEC SIC plus keyword/category mapping; unclear cases flagged REVIEW.,"STEVEN MADDEN, LTD.",Clothing & Accessories,candidate_control,,3140,"Footwear, (No Rubber)",SHOO
0001649313,Sports & Leisure,MEDIUM,SEC SIC plus keyword/category mapping; unclear cases flagged REVIEW.,BW LPG Ltd,Sports & Outdoor,candidate_control,,4700,Transportation Services,BWLP
0001929561,Sports & Leisure,MEDIUM,SEC SIC plus keyword/category mapping; unclear cases flagged REVIEW.,"RXO, Inc.",Sports & Outdoor,candidate_control,,4700,Transportation Services,RXO
0000837465,Kids & Toys,MEDIUM,SEC SIC plus keyword/category mapping; unclear cases flagged REVIEW.,Callaway Golf Co,Toys & Hobbies,candidate_control,,3949,"Sporting & Athletic Goods, NEC",CALY
0001031203,Automotive,HIGH,SEC SIC plus keyword/category mapping; unclear cases flagged REVIEW.,GROUP 1 AUTOMOTIVE INC,Automotive,candidate_control,,5500,Retail-Auto Dealers & Gasoline Stations,GPI
0002097163,Electronics & Technology,MEDIUM,SEC SIC plus keyword/category mapping; unclear cases flagged REVIEW.,Xanadu Quantum Technologies Ltd,Computers & Tablets,candidate_control,,3571,Electronic Computers,XNDU
0001386716,Entertainment,LOW,SEC SIC plus keyword/category mapping; unclear cases flagged REVIEW.,Star Bulk Carriers Corp.,Gaming & Entertainment,candidate_control,,4412,Deep Sea Foreign Transportation of Freight,SBLK
0001430162,Automotive,HIGH,SEC SIC plus keyword/category mapping; unclear cases flagged REVIEW.,Cosan S.A.,Automotive,candidate_control,,5500,Retail-Auto Dealers & Gasoline Stations,CSAN
0001587523,Electronics & Technology,MEDIUM,SEC SIC plus keyword/category mapping; unclear cases flagged REVIEW.,Knowles Corp,TV & Audio,candidate_control,,3651,Household Audio & Video Equipment,KN
0000048287,Home & Appliances,MEDIUM,SEC SIC plus keyword/category mapping; unclear cases flagged REVIEW.,HNI CORP,Home & Appliances,candidate_control,,2522,Office Furniture (No Wood),HNI
0001528849,Home & Appliances,HIGH,SEC SIC plus keyword/category mapping; unclear cases flagged REVIEW.,RH,Home & Appliances,candidate_control,,5712,Retail-Furniture Stores,RH
0001655891,Entertainment,LOW,SEC SIC plus keyword/category mapping; unclear cases flagged REVIEW.,TORM plc,Gaming & Entertainment,candidate_control,,4412,Deep Sea Foreign Transportation of Freight,TRMD
0001617406,Entertainment,LOW,SEC SIC plus keyword/category mapping; unclear cases flagged REVIEW.,Park Hotels & Resorts Inc.,Gaming & Entertainment,candidate_control,,7011,Hotels & Motels,PK
0001654126,Entertainment,LOW,SEC SIC plus keyword/category mapping; unclear cases flagged REVIEW.,ZIM Integrated Shipping Services Ltd.,Gaming & Entertainment,candidate_control,,4412,Deep Sea Foreign Transportation of Freight,ZIM
0000069891,Automotive,MEDIUM,SEC SIC plus keyword/category mapping; unclear cases flagged REVIEW.,NATIONAL BEVERAGE CORP,Automotive,candidate_control,,2086,Bottled & Canned Soft Drinks & Carbonated Waters,FIZZ
0002078008,Automotive,MEDIUM,SEC SIC plus keyword/category mapping; unclear cases flagged REVIEW.,Versigent PLC,Automotive,candidate_control,,3714,Motor Vehicle Parts & Accessories,VGNT
0001811210,Automotive,MEDIUM,SEC SIC plus keyword/category mapping; unclear cases flagged REVIEW.,"Lucid Group, Inc.",Automotive,candidate_control,,3711,Motor Vehicles & Passenger Car Bodies,LCID
0000940942,Sports & Leisure,MEDIUM,SEC SIC plus keyword/category mapping; unclear cases flagged REVIEW.,"Hub Group, Inc.",Sports & Outdoor,candidate_control,,4731,Arrangement of Transportation of Freight & Cargo,HUBG
0001111335,Automotive,MEDIUM,SEC SIC plus keyword/category mapping; unclear cases flagged REVIEW.,VISTEON CORP,Automotive,candidate_control,,3714,Motor Vehicle Parts & Accessories,VC
0000921738,Entertainment,LOW,SEC SIC plus keyword/category mapping; unclear cases flagged REVIEW.,"PENN Entertainment, Inc.",Gaming & Entertainment,candidate_control,,7011,Hotels & Motels,PENN
0001639825,Kids & Toys,MEDIUM,SEC SIC plus keyword/category mapping; unclear cases flagged REVIEW.,"PELOTON INTERACTIVE, INC.",Toys & Hobbies,candidate_control,,3949,"Sporting & Athletic Goods, NEC",PTON
0001419945,Entertainment,LOW,SEC SIC plus keyword/category mapping; unclear cases flagged REVIEW.,TEEKAY TANKERS LTD.,Gaming & Entertainment,candidate_control,,4400,Water Transportation,TNK
0000076605,Automotive,MEDIUM,SEC SIC plus keyword/category mapping; unclear cases flagged REVIEW.,PATRICK INDUSTRIES INC,Automotive,candidate_control,,3714,Motor Vehicle Parts & Accessories,PATK
0001968915,Automotive,MEDIUM,SEC SIC plus keyword/category mapping; unclear cases flagged REVIEW.,PHINIA INC.,Automotive,candidate_control,,3714,Motor Vehicle Parts & Accessories,PHIN
0001620533,Entertainment,LOW,SEC SIC plus keyword/category mapping; unclear cases flagged REVIEW.,Shake Shack Inc.,Gaming & Entertainment,candidate_control,,5810,Retail-Eating & Drinking Places,SHAK
0001362468,Entertainment,LOW,SEC SIC plus keyword/category mapping; unclear cases flagged REVIEW.,Allegiant Travel CO,Gaming & Entertainment,candidate_control,,4512,"Air Transportation, Scheduled",ALGT
0000854775,Electronics & Technology,MEDIUM,SEC SIC plus keyword/category mapping; unclear cases flagged REVIEW.,DIGI INTERNATIONAL INC,Computers & Tablets,candidate_control,,3576,Computer Communications Equipment,DGII
0001758488,Entertainment,MEDIUM,SEC SIC plus keyword/category mapping; unclear cases flagged REVIEW.,ONESPAWORLD HOLDINGS Ltd,Gaming & Entertainment,candidate_control,,7997,Services-Membership Sports & Recreation Clubs,OSW
0000028823,Electronics & Technology,MEDIUM,SEC SIC plus keyword/category mapping; unclear cases flagged REVIEW.,"DIEBOLD NIXDORF, Inc",Computers & Tablets,candidate_control,,3578,Calculating & Accounting Machines (No Electronic Computers),DBD
0000763744,Automotive,MEDIUM,SEC SIC plus keyword/category mapping; unclear cases flagged REVIEW.,LCI INDUSTRIES,Automotive,candidate_control,,3714,Motor Vehicle Parts & Accessories,LCII
0001024305,Apparel & Personal Care,HIGH,SEC SIC plus keyword/category mapping; unclear cases flagged REVIEW.,COTY INC.,Health & Beauty,candidate_control,,2844,"Perfumes, Cosmetics & Other Toilet Preparations",COTY
0001589526,Automotive,MEDIUM,SEC SIC plus keyword/category mapping; unclear cases flagged REVIEW.,Blue Bird Corp,Automotive,candidate_control,,3713,Truck & Bus Bodies,BLBD
0001964954,Entertainment,LOW,SEC SIC plus keyword/category mapping; unclear cases flagged REVIEW.,Okeanis Eco Tankers Corp.,Gaming & Entertainment,candidate_control,,4412,Deep Sea Foreign Transportation of Freight,ECO
0000078814,Electronics & Technology,MEDIUM,SEC SIC plus keyword/category mapping; unclear cases flagged REVIEW.,PITNEY BOWES INC /DE/,Computers & Tablets,candidate_control,,3579,"Office Machines, NEC",PBI
0001415921,Entertainment,LOW,SEC SIC plus keyword/category mapping; unclear cases flagged REVIEW.,Navios Maritime Partners L.P.,Gaming & Entertainment,candidate_control,,4412,Deep Sea Foreign Transportation of Freight,NMM
0001158463,Entertainment,LOW,SEC SIC plus keyword/category mapping; unclear cases flagged REVIEW.,JETBLUE AIRWAYS CORP,Gaming & Entertainment,candidate_control,,4512,"Air Transportation, Scheduled",JBLU
0001561861,Entertainment,LOW,SEC SIC plus keyword/category mapping; unclear cases flagged REVIEW.,"Grupo Aeromexico, S.A.B. de C.V.",Gaming & Entertainment,candidate_control,,4512,"Air Transportation, Scheduled",AERO
0001381640,Entertainment,LOW,SEC SIC plus keyword/category mapping; unclear cases flagged REVIEW.,Melco Resorts & Entertainment LTD,Gaming & Entertainment,candidate_control,,7011,Hotels & Motels,MLCO
0000907242,Entertainment,LOW,SEC SIC plus keyword/category mapping; unclear cases flagged REVIEW.,MONARCH CASINO & RESORT INC,Gaming & Entertainment,candidate_control,,7011,Hotels & Motels,MCRI
0001295810,Entertainment,LOW,SEC SIC plus keyword/category mapping; unclear cases flagged REVIEW.,"Sunstone Hotel Investors, Inc.",Gaming & Entertainment,candidate_control,,7011,Hotels & Motels,SHO
0001978867,Entertainment,LOW,SEC SIC plus keyword/category mapping; unclear cases flagged REVIEW.,Cadeler A/S,Gaming & Entertainment,candidate_control,,4412,Deep Sea Foreign Transportation of Freight,CDLR
0002013649,Entertainment,LOW,SEC SIC plus keyword/category mapping; unclear cases flagged REVIEW.,Chagee Holdings Ltd.,Gaming & Entertainment,candidate_control,,5810,Retail-Eating & Drinking Places,CHA
0001884082,Automotive,MEDIUM,SEC SIC plus keyword/category mapping; unclear cases flagged REVIEW.,Polestar Automotive Holding UK PLC,Automotive,candidate_control,,3711,Motor Vehicles & Passenger Car Bodies,PSNY
0001564902,Entertainment,MEDIUM,SEC SIC plus keyword/category mapping; unclear cases flagged REVIEW.,United Parks & Resorts Inc.,Gaming & Entertainment,candidate_control,,7990,Services-Miscellaneous Amusement & Recreation,PRKS
0001616000,Entertainment,LOW,SEC SIC plus keyword/category mapping; unclear cases flagged REVIEW.,"Xenia Hotels & Resorts, Inc.",Gaming & Entertainment,candidate_control,,7011,Hotels & Motels,XHR
0001596993,Entertainment,LOW,SEC SIC plus keyword/category mapping; unclear cases flagged REVIEW.,DORIAN LPG LTD.,Gaming & Entertainment,candidate_control,,4412,Deep Sea Foreign Transportation of Freight,LPG
0001512499,Sports & Leisure,MEDIUM,SEC SIC plus keyword/category mapping; unclear cases flagged REVIEW.,"LINDBLAD EXPEDITIONS HOLDINGS, INC.",Sports & Outdoor,candidate_control,,4700,Transportation Services,LIND
0001834489,Entertainment,MEDIUM,SEC SIC plus keyword/category mapping; unclear cases flagged REVIEW.,Genius Sports Ltd,Gaming & Entertainment,candidate_control,,7990,Services-Miscellaneous Amusement & Recreation,GENI
0001503584,Entertainment,LOW,SEC SIC plus keyword/category mapping; unclear cases flagged REVIEW.,Costamare Inc.,Gaming & Entertainment,candidate_control,,4412,Deep Sea Foreign Transportation of Freight,CMRE
0001619762,Entertainment,MEDIUM,SEC SIC plus keyword/category mapping; unclear cases flagged REVIEW.,Brightstar Lottery PLC,Gaming & Entertainment,candidate_control,,7990,Services-Miscellaneous Amusement & Recreation,BRSL
0001530721,Apparel & Personal Care,MEDIUM,SEC SIC plus keyword/category mapping; unclear cases flagged REVIEW.,Capri Holdings Ltd,Clothing & Accessories,candidate_control,,3100,Leather & Leather Products,CPRI
0001999001,Entertainment,MEDIUM,SEC SIC plus keyword/category mapping; unclear cases flagged REVIEW.,Six Flags Entertainment Corporation/NEW,Gaming & Entertainment,candidate_control,,7900,Services-Amusement & Recreation Services,FUN
0001508478,Entertainment,LOW,SEC SIC plus keyword/category mapping; unclear cases flagged REVIEW.,Arcos Dorados Holdings Inc.,Gaming & Entertainment,candidate_control,,5812,Retail-Eating Places,ARCO
0001772253,Entertainment,LOW,SEC SIC plus keyword/category mapping; unclear cases flagged REVIEW.,Flex LNG Ltd.,Gaming & Entertainment,candidate_control,,4400,Water Transportation,FLNG
0001670541,Automotive,MEDIUM,SEC SIC plus keyword/category mapping; unclear cases flagged REVIEW.,Adient plc,Automotive,candidate_control,,3714,Motor Vehicle Parts & Accessories,ADNT
0000926326,Electronics & Technology,MEDIUM,SEC SIC plus keyword/category mapping; unclear cases flagged REVIEW.,"OMNICELL, INC.",Computers & Tablets,candidate_control,,3571,Electronic Computers,OMCL
0001432364,Entertainment,LOW,SEC SIC plus keyword/category mapping; unclear cases flagged REVIEW.,AZUL SA,Gaming & Entertainment,candidate_control,,4512,"Air Transportation, Scheduled",AZUL
0000057131,Home & Appliances,MEDIUM,SEC SIC plus keyword/category mapping; unclear cases flagged REVIEW.,LA-Z-BOY INC,Home & Appliances,candidate_control,,2510,Household Furniture,LZB
0000821002,Apparel & Personal Care,MEDIUM,SEC SIC plus keyword/category mapping; unclear cases flagged REVIEW.,G III APPAREL GROUP LTD /DE/,Clothing & Accessories,candidate_control,,2300,Apparel & Other Finishd Prods of Fabrics & Similar Matl,GIII
0000066382,Home & Appliances,MEDIUM,SEC SIC plus keyword/category mapping; unclear cases flagged REVIEW.,"MILLERKNOLL, INC.",Home & Appliances,candidate_control,,2520,Office Furniture,MLKN
0001013488,Entertainment,LOW,SEC SIC plus keyword/category mapping; unclear cases flagged REVIEW.,BJs RESTAURANTS INC,Gaming & Entertainment,candidate_control,,5812,Retail-Eating Places,BJRI
0000884219,Entertainment,MEDIUM,SEC SIC plus keyword/category mapping; unclear cases flagged REVIEW.,"Pursuit Attractions & Hospitality, Inc.",Gaming & Entertainment,candidate_control,,7990,Services-Miscellaneous Amusement & Recreation,PRSU
0001581804,Entertainment,LOW,SEC SIC plus keyword/category mapping; unclear cases flagged REVIEW.,Navigator Holdings Ltd.,Gaming & Entertainment,candidate_control,,4412,Deep Sea Foreign Transportation of Freight,NVGS
0001062231,Automotive,MEDIUM,SEC SIC plus keyword/category mapping; unclear cases flagged REVIEW.,Dauch Corp,Automotive,candidate_control,,3714,Motor Vehicle Parts & Accessories,DCH
0000069633,Electronics & Technology,LOW,SEC SIC plus keyword/category mapping; unclear cases flagged REVIEW.,"NAPCO SECURITY TECHNOLOGIES, INC",Phones & Smartwatches,candidate_control,,3669,"Communications Equipment, NEC",NSSC
0002054507,Entertainment,LOW,SEC SIC plus keyword/category mapping; unclear cases flagged REVIEW.,Hotel101 Global Holdings Corp.,Gaming & Entertainment,candidate_control,,7011,Hotels & Motels,HBNB
0000851310,Electronics & Technology,LOW,SEC SIC plus keyword/category mapping; unclear cases flagged REVIEW.,HARMONIC INC.,Phones & Smartwatches,candidate_control,,3663,Radio & Tv Broadcasting & Communications Equipment,HLIT
0001067294,Entertainment,LOW,SEC SIC plus keyword/category mapping; unclear cases flagged REVIEW.,"CRACKER BARREL OLD COUNTRY STORE, INC",Gaming & Entertainment,candidate_control,,5812,Retail-Eating Places,CBRL
0001096752,Apparel & Personal Care,HIGH,SEC SIC plus keyword/category mapping; unclear cases flagged REVIEW.,EDGEWELL PERSONAL CARE Co,Health & Beauty,candidate_control,,2844,"Perfumes, Cosmetics & Other Toilet Preparations",EPC
0001722608,Entertainment,MEDIUM,SEC SIC plus keyword/category mapping; unclear cases flagged REVIEW.,"iQIYI, Inc.",Gaming & Entertainment,candidate_control,,7841,Services-Video Tape Rental,IQ
0000903129,Automotive,MEDIUM,SEC SIC plus keyword/category mapping; unclear cases flagged REVIEW.,Gentherm Inc,Automotive,candidate_control,,3714,Motor Vehicle Parts & Accessories,THRM
0001726173,Entertainment,LOW,SEC SIC plus keyword/category mapping; unclear cases flagged REVIEW.,Biglari Holdings Inc.,Gaming & Entertainment,candidate_control,,5812,Retail-Eating Places,BH-A
0001789029,Automotive,MEDIUM,SEC SIC plus keyword/category mapping; unclear cases flagged REVIEW.,"Aeva Technologies, Inc.",Automotive,candidate_control,,3714,Motor Vehicle Parts & Accessories,AEVA
0000070866,Electronics & Technology,MEDIUM,SEC SIC plus keyword/category mapping; unclear cases flagged REVIEW.,NCR Voyix Corp,Computers & Tablets,candidate_control,,3578,Calculating & Accounting Machines (No Electronic Computers),VYX
0001743759,Electronics & Technology,MEDIUM,SEC SIC plus keyword/category mapping; unclear cases flagged REVIEW.,"Corsair Gaming, Inc.",Computers & Tablets,candidate_control,,3577,"Computer Peripheral Equipment, NEC",CRSR
0001326200,Entertainment,LOW,SEC SIC plus keyword/category mapping; unclear cases flagged REVIEW.,GENCO SHIPPING & TRADING LTD,Gaming & Entertainment,candidate_control,,4412,Deep Sea Foreign Transportation of Freight,GNK
0001831907,Apparel & Personal Care,LOW,SEC SIC plus keyword/category mapping; unclear cases flagged REVIEW.,LuxExperience B.V.,Clothing & Accessories,candidate_control,,5961,Retail-Catalog & Mail-Order Houses,LUXE
0001941365,Home & Appliances,MEDIUM,SEC SIC plus keyword/category mapping; unclear cases flagged REVIEW.,"MasterBrand, Inc.",Home & Appliances,candidate_control,,2511,"Wood Household Furniture, (No Upholstered)",MBC
0001850235,Apparel & Personal Care,LOW,SEC SIC plus keyword/category mapping; unclear cases flagged REVIEW.,D-MARKET Electronic Services & Trading,Clothing & Accessories,candidate_control,,5961,Retail-Catalog & Mail-Order Houses,HEPS
0001956955,Electronics & Technology,LOW,SEC SIC plus keyword/category mapping; unclear cases flagged REVIEW.,"Unusual Machines, Inc.",Phones & Smartwatches,candidate_control,,3663,Radio & Tv Broadcasting & Communications Equipment,UMAC
0000911971,Entertainment,LOW,SEC SIC plus keyword/category mapping; unclear cases flagged REVIEW.,TEEKAY CORP LTD,Gaming & Entertainment,candidate_control,,4412,Deep Sea Foreign Transportation of Freight,TK
0001805385,Electronics & Technology,MEDIUM,SEC SIC plus keyword/category mapping; unclear cases flagged REVIEW.,"Evolv Technologies Holdings, Inc.",Computers & Tablets,candidate_control,,3577,"Computer Peripheral Equipment, NEC",EVLV
0000901491,Entertainment,LOW,SEC SIC plus keyword/category mapping; unclear cases flagged REVIEW.,PAPA JOHNS INTERNATIONAL INC,Gaming & Entertainment,candidate_control,,5812,Retail-Eating Places,PZZA
0001698991,Entertainment,MEDIUM,SEC SIC plus keyword/category mapping; unclear cases flagged REVIEW.,"Accel Entertainment, Inc.",Gaming & Entertainment,candidate_control,,7900,Services-Amusement & Recreation Services,ACEL
0000810332,Entertainment,LOW,SEC SIC plus keyword/category mapping; unclear cases flagged REVIEW.,REPUBLIC AIRWAYS HOLDINGS INC.,Gaming & Entertainment,candidate_control,,4512,"Air Transportation, Scheduled",RJET
0001753539,Electronics & Technology,LOW,SEC SIC plus keyword/category mapping; unclear cases flagged REVIEW.,BlackSky Technology Inc.,Phones & Smartwatches,candidate_control,,3663,Radio & Tv Broadcasting & Communications Equipment,BKSY
0001840572,Entertainment,MEDIUM,SEC SIC plus keyword/category mapping; unclear cases flagged REVIEW.,Lucky Strike Entertainment Corp,Gaming & Entertainment,candidate_control,,7900,Services-Amusement & Recreation Services,LUCK
0001520504,Entertainment,LOW,SEC SIC plus keyword/category mapping; unclear cases flagged REVIEW.,"Controladora Vuela Compania de Aviacion, S.A.B. de C.V.",Gaming & Entertainment,candidate_control,,4512,"Air Transportation, Scheduled",VLRS
0000062234,Entertainment,MEDIUM,SEC SIC plus keyword/category mapping; unclear cases flagged REVIEW.,MARCUS CORP,Gaming & Entertainment,candidate_control,,7830,Services-Motion Picture Theaters,MCS
0001789940,Entertainment,LOW,SEC SIC plus keyword/category mapping; unclear cases flagged REVIEW.,"First Watch Restaurant Group, Inc.",Gaming & Entertainment,candidate_control,,5812,Retail-Eating Places,FWRG
0001826470,Apparel & Personal Care,MEDIUM,SEC SIC plus keyword/category mapping; unclear cases flagged REVIEW.,"Petco Health & Wellness Company, Inc.",Health & Beauty,candidate_control,,5990,"Retail-Retail Stores, NEC",WOOF
0001434754,Entertainment,LOW,SEC SIC plus keyword/category mapping; unclear cases flagged REVIEW.,"SAFE BULKERS, INC.",Gaming & Entertainment,candidate_control,,4412,Deep Sea Foreign Transportation of Freight,SB
0001682745,Sports & Leisure,MEDIUM,SEC SIC plus keyword/category mapping; unclear cases flagged REVIEW.,VERRA MOBILITY Corp,Sports & Outdoor,candidate_control,,4700,Transportation Services,VRRM
0001995306,Entertainment,LOW,SEC SIC plus keyword/category mapping; unclear cases flagged REVIEW.,SUPER HI INTERNATIONAL HOLDING LTD.,Gaming & Entertainment,candidate_control,,5812,Retail-Eating Places,HDL
0001477815,Entertainment,LOW,SEC SIC plus keyword/category mapping; unclear cases flagged REVIEW.,"Sweetgreen, Inc.",Gaming & Entertainment,candidate_control,,5812,Retail-Eating Places,SG
0001057060,Automotive,HIGH,SEC SIC plus keyword/category mapping; unclear cases flagged REVIEW.,MARINEMAX INC,Automotive,candidate_control,,5531,Retail-Auto & Home Supply Stores,HZO
0001345126,Home & Appliances,MEDIUM,SEC SIC plus keyword/category mapping; unclear cases flagged REVIEW.,Compass Diversified Holdings,Home & Appliances,candidate_control,,2510,Household Furniture,CODI
0001865200,Entertainment,MEDIUM,SEC SIC plus keyword/category mapping; unclear cases flagged REVIEW.,"Angel Studios, Inc.",Gaming & Entertainment,candidate_control,,7812,Services-Motion Picture & Video Tape Production,ANGX
0001756708,Apparel & Personal Care,LOW,SEC SIC plus keyword/category mapping; unclear cases flagged REVIEW.,Jumia Technologies AG,Clothing & Accessories,candidate_control,,5961,Retail-Catalog & Mail-Order Houses,JMIA
0001547459,Apparel & Personal Care,MEDIUM,SEC SIC plus keyword/category mapping; unclear cases flagged REVIEW.,"Natural Grocers by Vitamin Cottage, Inc.",Health & Beauty,candidate_control,,5411,Retail-Grocery Stores,NGVC
0001546417,Entertainment,LOW,SEC SIC plus keyword/category mapping; unclear cases flagged REVIEW.,"Bloomin' Brands, Inc.",Gaming & Entertainment,candidate_control,,5812,Retail-Eating Places,BLMN
0001959455,Entertainment,LOW,SEC SIC plus keyword/category mapping; unclear cases flagged REVIEW.,Himalaya Shipping Ltd.,Gaming & Entertainment,candidate_control,,4412,Deep Sea Foreign Transportation of Freight,HSHP
0001577437,Entertainment,LOW,SEC SIC plus keyword/category mapping; unclear cases flagged REVIEW.,Ardmore Shipping Corp,Gaming & Entertainment,candidate_control,,4412,Deep Sea Foreign Transportation of Freight,ASC
0001898718,Sports & Leisure,MEDIUM,SEC SIC plus keyword/category mapping; unclear cases flagged REVIEW.,GMR Solutions Inc.,Sports & Outdoor,candidate_control,,4700,Transportation Services,GMRS
0000708821,Electronics & Technology,MEDIUM,SEC SIC plus keyword/category mapping; unclear cases flagged REVIEW.,PAR TECHNOLOGY CORP,Computers & Tablets,candidate_control,,3578,Calculating & Accounting Machines (No Electronic Computers),PAR
0000926282,Electronics & Technology,LOW,SEC SIC plus keyword/category mapping; unclear cases flagged REVIEW.,"ADTRAN Holdings, Inc.",Phones & Smartwatches,candidate_control,,3661,Telephone & Telegraph Apparatus,ADTN
0001517396,Electronics & Technology,MEDIUM,SEC SIC plus keyword/category mapping; unclear cases flagged REVIEW.,STRATASYS LTD.,Computers & Tablets,candidate_control,,3577,"Computer Peripheral Equipment, NEC",SSYS
0001824403,Entertainment,MEDIUM,SEC SIC plus keyword/category mapping; unclear cases flagged REVIEW.,"Reservoir Media, Inc.",Gaming & Entertainment,candidate_control,,7900,Services-Amusement & Recreation Services,RSVR
0001747079,Entertainment,LOW,SEC SIC plus keyword/category mapping; unclear cases flagged REVIEW.,Bally's Corp,Gaming & Entertainment,candidate_control,,7011,Hotels & Motels,BALY
0001907085,Apparel & Personal Care,HIGH,SEC SIC plus keyword/category mapping; unclear cases flagged REVIEW.,Oddity Tech Ltd,Health & Beauty,candidate_control,,2844,"Perfumes, Cosmetics & Other Toilet Preparations",ODD
0001122904,Electronics & Technology,MEDIUM,SEC SIC plus keyword/category mapping; unclear cases flagged REVIEW.,"NETGEAR, INC.",Computers & Tablets,candidate_control,,3576,Computer Communications Equipment,NTGR
0001759631,Automotive,MEDIUM,SEC SIC plus keyword/category mapping; unclear cases flagged REVIEW.,Hyliion Holdings Corp.,Automotive,candidate_control,,3713,Truck & Bus Bodies,HYLN
0001704720,Entertainment,LOW,SEC SIC plus keyword/category mapping; unclear cases flagged REVIEW.,"Cannae Holdings, Inc.",Gaming & Entertainment,candidate_control,,5810,Retail-Eating & Drinking Places,CNNE
0001788257,Apparel & Personal Care,LOW,SEC SIC plus keyword/category mapping; unclear cases flagged REVIEW.,"BETTERWARE DE MEXICO, S.A.P.I. DE C.V",Clothing & Accessories,candidate_control,,5961,Retail-Catalog & Mail-Order Houses,BWMX
0000075288,Apparel & Personal Care,MEDIUM,SEC SIC plus keyword/category mapping; unclear cases flagged REVIEW.,OXFORD INDUSTRIES INC,Clothing & Accessories,candidate_control,,2320,"Men's & Boys' Furnishgs, Work Clothg, & Allied Garments",OXM
0000896156,Home & Appliances,MEDIUM,SEC SIC plus keyword/category mapping; unclear cases flagged REVIEW.,ETHAN ALLEN INTERIORS INC,Home & Appliances,candidate_control,,2511,"Wood Household Furniture, (No Upholstered)",ETD
0000701719,Apparel & Personal Care,HIGH,SEC SIC plus keyword/category mapping; unclear cases flagged REVIEW.,Envela Corp,Clothing & Accessories,candidate_control,,5944,Retail-Jewelry Stores,ELA
0001772177,Entertainment,LOW,SEC SIC plus keyword/category mapping; unclear cases flagged REVIEW.,"KURA SUSHI USA, INC.",Gaming & Entertainment,candidate_control,,5812,Retail-Eating Places,KRUS
0001854545,Apparel & Personal Care,LOW,SEC SIC plus keyword/category mapping; unclear cases flagged REVIEW.,Dingdong (Cayman) Ltd,Clothing & Accessories,candidate_control,,5961,Retail-Catalog & Mail-Order Houses,DDL
0001318484,Apparel & Personal Care,HIGH,SEC SIC plus keyword/category mapping; unclear cases flagged REVIEW.,Citi Trends Inc,Clothing & Accessories,candidate_control,,5600,Retail-Apparel & Accessory Stores,CTRN
0001341170,Entertainment,LOW,SEC SIC plus keyword/category mapping; unclear cases flagged REVIEW.,EUROSEAS LTD.,Gaming & Entertainment,candidate_control,,4412,Deep Sea Foreign Transportation of Freight,ESEA
0001473334,Home & Appliances,MEDIUM,SEC SIC plus keyword/category mapping; unclear cases flagged REVIEW.,XMax Inc.,Home & Appliances,candidate_control,,2510,Household Furniture,XMAX
0001962746,Automotive,MEDIUM,SEC SIC plus keyword/category mapping; unclear cases flagged REVIEW.,Lotus Technology Inc.,Automotive,candidate_control,,3711,Motor Vehicles & Passenger Car Bodies,LOT
0001874315,Electronics & Technology,LOW,SEC SIC plus keyword/category mapping; unclear cases flagged REVIEW.,Satellogic Inc.,Phones & Smartwatches,candidate_control,,3663,Radio & Tv Broadcasting & Communications Equipment,SATL
0001774170,Electronics & Technology,LOW,SEC SIC plus keyword/category mapping; unclear cases flagged REVIEW.,"Powerfleet, Inc.",Phones & Smartwatches,candidate_control,,3669,"Communications Equipment, NEC",AIOT
0001320461,Automotive,MEDIUM,SEC SIC plus keyword/category mapping; unclear cases flagged REVIEW.,Cooper-Standard Holdings Inc.,Automotive,candidate_control,,3714,Motor Vehicle Parts & Accessories,CPS
0001606366,Entertainment,LOW,SEC SIC plus keyword/category mapping; unclear cases flagged REVIEW.,"El Pollo Loco Holdings, Inc.",Gaming & Entertainment,candidate_control,,5812,Retail-Eating Places,LOCO
0001606909,Entertainment,LOW,SEC SIC plus keyword/category mapping; unclear cases flagged REVIEW.,Pangaea Logistics Solutions Ltd.,Gaming & Entertainment,candidate_control,,4412,Deep Sea Foreign Transportation of Freight,PANL
0000788329,Kids & Toys,MEDIUM,SEC SIC plus keyword/category mapping; unclear cases flagged REVIEW.,JOHNSON OUTDOORS INC,Toys & Hobbies,candidate_control,,3949,"Sporting & Athletic Goods, NEC",JOUT
0001937987,Entertainment,MEDIUM,SEC SIC plus keyword/category mapping; unclear cases flagged REVIEW.,"Falcon's Beyond Global, Inc.",Gaming & Entertainment,candidate_control,,7990,Services-Miscellaneous Amusement & Recreation,FBYD
0001932737,Automotive,MEDIUM,SEC SIC plus keyword/category mapping; unclear cases flagged REVIEW.,ROBO.AI INC.,Automotive,candidate_control,,3711,Motor Vehicles & Passenger Car Bodies,AIIO
0001862044,Home & Appliances,HIGH,SEC SIC plus keyword/category mapping; unclear cases flagged REVIEW.,ZKH Group Ltd,Home Improvement,candidate_control,,5200,"Retail-Building Materials, Hardware, Garden Supply",ZKH
0002033535,Entertainment,LOW,SEC SIC plus keyword/category mapping; unclear cases flagged REVIEW.,Costamare Bulkers Holdings Ltd,Gaming & Entertainment,candidate_control,,4400,Water Transportation,CMDB
0000049754,Entertainment,LOW,SEC SIC plus keyword/category mapping; unclear cases flagged REVIEW.,"Dine Brands Global, Inc.",Gaming & Entertainment,candidate_control,,5812,Retail-Eating Places,DIN
0000912728,Sports & Leisure,MEDIUM,SEC SIC plus keyword/category mapping; unclear cases flagged REVIEW.,FORWARD AIR CORP,Sports & Outdoor,candidate_control,,4731,Arrangement of Transportation of Freight & Cargo,FWRD
0000929351,Entertainment,MEDIUM,SEC SIC plus keyword/category mapping; unclear cases flagged REVIEW.,STARZ ENTERTAINMENT CORP /CN/,Gaming & Entertainment,candidate_control,,7812,Services-Motion Picture & Video Tape Production,STRZ
0000014707,Apparel & Personal Care,MEDIUM,SEC SIC plus keyword/category mapping; unclear cases flagged REVIEW.,CALERES INC,Clothing & Accessories,candidate_control,,3140,"Footwear, (No Rubber)",CAL
0000018498,Apparel & Personal Care,HIGH,SEC SIC plus keyword/category mapping; unclear cases flagged REVIEW.,GENESCO INC,Clothing & Accessories,candidate_control,,5661,Retail-Shoe Stores,GCO
0000709283,Electronics & Technology,MEDIUM,SEC SIC plus keyword/category mapping; unclear cases flagged REVIEW.,QUANTUM CORP /DE/,Computers & Tablets,candidate_control,,3572,Computer Storage Devices,QMCO
0000796505,Electronics & Technology,LOW,SEC SIC plus keyword/category mapping; unclear cases flagged REVIEW.,"Clearfield, Inc.",Phones & Smartwatches,candidate_control,,3661,Telephone & Telegraph Apparatus,CLFD
0001866782,Entertainment,MEDIUM,SEC SIC plus keyword/category mapping; unclear cases flagged REVIEW.,"Codere Online Luxembourg, S.A.",Gaming & Entertainment,candidate_control,,7990,Services-Miscellaneous Amusement & Recreation,CDRO
0000895447,Apparel & Personal Care,HIGH,SEC SIC plus keyword/category mapping; unclear cases flagged REVIEW.,SHOE STATION GROUP INC,Clothing & Accessories,candidate_control,,5661,Retail-Shoe Stores,SHOE
0001530979,Apparel & Personal Care,LOW,SEC SIC plus keyword/category mapping; unclear cases flagged REVIEW.,"Honest Company, Inc.",Clothing & Accessories,candidate_control,,5961,Retail-Catalog & Mail-Order Houses,HNST
0000069733,Entertainment,LOW,SEC SIC plus keyword/category mapping; unclear cases flagged REVIEW.,"NATHANS FAMOUS, INC.",Gaming & Entertainment,candidate_control,,5812,Retail-Eating Places,NATH
0000216085,Home & Appliances,HIGH,SEC SIC plus keyword/category mapping; unclear cases flagged REVIEW.,HAVERTY FURNITURE COMPANIES INC,Home & Appliances,candidate_control,,5712,Retail-Furniture Stores,HVT
0001171155,Sports & Leisure,MEDIUM,SEC SIC plus keyword/category mapping; unclear cases flagged REVIEW.,"RADIANT LOGISTICS, INC",Sports & Outdoor,candidate_control,,4731,Arrangement of Transportation of Freight & Cargo,RLGT
0001770450,Electronics & Technology,MEDIUM,SEC SIC plus keyword/category mapping; unclear cases flagged REVIEW.,Xerox Holdings Corp,Computers & Tablets,candidate_control,,3577,"Computer Peripheral Equipment, NEC",XRX
0001669779,Automotive,HIGH,SEC SIC plus keyword/category mapping; unclear cases flagged REVIEW.,"Camping World Holdings, Inc.",Automotive,candidate_control,,5500,Retail-Auto Dealers & Gasoline Stations,CWH
0001448397,Entertainment,LOW,SEC SIC plus keyword/category mapping; unclear cases flagged REVIEW.,Seanergy Maritime Holdings Corp.,Gaming & Entertainment,candidate_control,,4412,Deep Sea Foreign Transportation of Freight,SHIP
0001564180,Entertainment,LOW,SEC SIC plus keyword/category mapping; unclear cases flagged REVIEW.,KNOT Offshore Partners LP,Gaming & Entertainment,candidate_control,,4400,Water Transportation,KNOP
0001365767,Electronics & Technology,MEDIUM,SEC SIC plus keyword/category mapping; unclear cases flagged REVIEW.,Allot Ltd.,Computers & Tablets,candidate_control,,3576,Computer Communications Equipment,ALLT
0001703157,Automotive,MEDIUM,SEC SIC plus keyword/category mapping; unclear cases flagged REVIEW.,"Securetech Innovations, Inc.",Automotive,candidate_control,,3714,Motor Vehicle Parts & Accessories,SCTH
0001525769,Entertainment,LOW,SEC SIC plus keyword/category mapping; unclear cases flagged REVIEW.,"Dave & Buster's Entertainment, Inc.",Gaming & Entertainment,candidate_control,,5812,Retail-Eating Places,PLAY
0002047273,Entertainment,MEDIUM,SEC SIC plus keyword/category mapping; unclear cases flagged REVIEW.,BUUU Group Ltd,Gaming & Entertainment,candidate_control,,7900,Services-Amusement & Recreation Services,BUUU
0000933034,Automotive,MEDIUM,SEC SIC plus keyword/category mapping; unclear cases flagged REVIEW.,STRATTEC SECURITY CORP,Automotive,candidate_control,,3714,Motor Vehicle Parts & Accessories,STRT
0001956439,Entertainment,MEDIUM,SEC SIC plus keyword/category mapping; unclear cases flagged REVIEW.,Enhanced Group Inc.,Gaming & Entertainment,candidate_control,,7990,Services-Miscellaneous Amusement & Recreation,ENHA
0000895456,Apparel & Personal Care,MEDIUM,SEC SIC plus keyword/category mapping; unclear cases flagged REVIEW.,"ROCKY BRANDS, INC.",Clothing & Accessories,candidate_control,,3140,"Footwear, (No Rubber)",RCKY
0001713334,Entertainment,LOW,SEC SIC plus keyword/category mapping; unclear cases flagged REVIEW.,STUDIO CITY INTERNATIONAL HOLDINGS Ltd,Gaming & Entertainment,candidate_control,,7011,Hotels & Motels,MSC
0001957413,Automotive,MEDIUM,SEC SIC plus keyword/category mapping; unclear cases flagged REVIEW.,Digital Currency X Technology Inc.,Automotive,candidate_control,,3711,Motor Vehicles & Passenger Car Bodies,DCX
0002009684,Entertainment,MEDIUM,SEC SIC plus keyword/category mapping; unclear cases flagged REVIEW.,Seaport Entertainment Group Inc.,Gaming & Entertainment,candidate_control,,7990,Services-Miscellaneous Amusement & Recreation,SEG
0001871509,Entertainment,LOW,SEC SIC plus keyword/category mapping; unclear cases flagged REVIEW.,Portillo's Inc.,Gaming & Entertainment,candidate_control,,5812,Retail-Eating Places,PTLO
0001819580,Apparel & Personal Care,HIGH,SEC SIC plus keyword/category mapping; unclear cases flagged REVIEW.,Yatsen Holding Ltd,Health & Beauty,candidate_control,,2844,"Perfumes, Cosmetics & Other Toilet Preparations",YSG
0001706946,Sports & Leisure,MEDIUM,SEC SIC plus keyword/category mapping; unclear cases flagged REVIEW.,"Virgin Galactic Holdings, Inc",Sports & Outdoor,candidate_control,,4700,Transportation Services,SPCE
0001822928,Automotive,MEDIUM,SEC SIC plus keyword/category mapping; unclear cases flagged REVIEW.,Holley Inc.,Automotive,candidate_control,,3714,Motor Vehicle Parts & Accessories,HLLY
0001802156,Entertainment,MEDIUM,SEC SIC plus keyword/category mapping; unclear cases flagged REVIEW.,"Xponential Fitness, Inc.",Gaming & Entertainment,candidate_control,,7990,Services-Miscellaneous Amusement & Recreation,XPOF
0000807882,Entertainment,LOW,SEC SIC plus keyword/category mapping; unclear cases flagged REVIEW.,JACK IN THE BOX INC,Gaming & Entertainment,candidate_control,,5812,Retail-Eating Places,JACK
0001319947,Apparel & Personal Care,HIGH,SEC SIC plus keyword/category mapping; unclear cases flagged REVIEW.,Designer Brands Inc.,Clothing & Accessories,candidate_control,,5661,Retail-Shoe Stores,DBI
0000015847,Entertainment,MEDIUM,SEC SIC plus keyword/category mapping; unclear cases flagged REVIEW.,BUTLER NATIONAL CORP,Gaming & Entertainment,candidate_control,,7990,Services-Miscellaneous Amusement & Recreation,BUKS
0000002186,Electronics & Technology,LOW,SEC SIC plus keyword/category mapping; unclear cases flagged REVIEW.,BK Technologies Corp,Phones & Smartwatches,candidate_control,,3663,Radio & Tv Broadcasting & Communications Equipment,BKTI
0000037472,Home & Appliances,MEDIUM,SEC SIC plus keyword/category mapping; unclear cases flagged REVIEW.,FLEXSTEEL INDUSTRIES INC,Home & Appliances,candidate_control,,2510,Household Furniture,FLXS
0001009829,Kids & Toys,MEDIUM,SEC SIC plus keyword/category mapping; unclear cases flagged REVIEW.,JAKKS PACIFIC INC,Toys & Hobbies,candidate_control,,3944,"Games, Toys & Children's Vehicles (No Dolls & Bicycles)",JAKK
0001318885,Entertainment,LOW,SEC SIC plus keyword/category mapping; unclear cases flagged REVIEW.,DIANA SHIPPING INC.,Gaming & Entertainment,candidate_control,,4412,Deep Sea Foreign Transportation of Freight,DSX
0001901203,Apparel & Personal Care,MEDIUM,SEC SIC plus keyword/category mapping; unclear cases flagged REVIEW.,CN Healthy Food Tech Group Corp.,Health & Beauty,candidate_control,,2000,Food and Kindred Products,UCFI
0000033488,Kids & Toys,MEDIUM,SEC SIC plus keyword/category mapping; unclear cases flagged REVIEW.,ESCALADE INC,Toys & Hobbies,candidate_control,,3949,"Sporting & Athletic Goods, NEC",ESCA
