CIK,average_gross_margin_pre,average_net_margin_pre,average_operating_margin_pre,average_revenue_growth_pre,baseline_assets,baseline_market_cap_if_available,baseline_revenue,bnpl_control_status,bnpl_verification_summary,broad_bnpl_category,candidate_id,candidate_screening_status,candidate_source,candidate_source_url,cash_to_assets_pre,category_confidence,company_name,companyfacts_status,detailed_bnpl_category,equity_to_assets_pre,exchange,expanded_control_sample,gross_margin_pretrend,inventory_to_assets_pre,leverage_pre,limited_history_pre,log_assets_2019,log_revenue_2019,manual_review_required,match_distance,match_quality,match_rank,matched_treated_CIK,matched_treated_company,operating_margin_pretrend,pre_observation_count,preferred_control_sample,revenue_cagr_pre,revenue_pretrend,sec_universe_rank,sga_to_revenue_pre,sic_code,sic_description,size_bucket,size_bucket_basis,strict_control_sample,ticker
0001318605,0.17742860005048422,-0.09670158681096057,-0.06720816969297147,0.6110142830294599,34309000000.0,,24578000000.0,NO_BNPL_EVIDENCE,"Search completed; no clear BNPL exposure signal detected in result text. Top links: https://r.bing.com/rs/4f/gg/cc,nc/-G_YKFrphkyl83D0HTgpMefXo7c.css?or=w; https://r.bing.com/rs/4f/h6/cc,nc/U6HOq0RcF4_oC2_ItiNCBhNzO24.css?or=w; https://r.bing.com/rs/4f/f3/cir3,cc,nc/XKkf7PevzOVtzidRm3f9xWob0cM.css?or=w",Automotive,CTRL_CAND_0001,preferred_control,SEC company_tickers_exchange.json + SEC submissions SIC,https://www.sec.gov/files/company_tickers_exchange.json; https://data.sec.gov/submissions/CIK##########.json,0.1826925879506835,MEDIUM,"Tesla, Inc.",cache,Automotive,0.19289399282986971,Nasdaq,True,-0.004697968156438895,0.10352968608819843,0.7636188755137137,False,24.25867354737045,23.925117570808816,True,3.4,REVIEW,1,0000041091,GEORGIA POWER CO,0.010392555431334018,20,True,0.5699271296516801,0.11956592668507049,4,0.13766892252829635,3711,Motor Vehicles & Passenger Car Bodies,Large-scale revenue proxy,FY2019 revenue proxy; historical market cap not constructed,False,TSLA
0001571996,0.24593106100313103,-0.03238875258840724,-0.030865197229964985,0.2294103242385167,111820000000.0,,90621000000.0,NO_BNPL_EVIDENCE,"Search completed; no clear BNPL exposure signal detected in result text. Top links: https://r.bing.com/rs/4f/gg/cc,nc/-G_YKFrphkyl83D0HTgpMefXo7c.css?or=w; https://r.bing.com/rs/4f/gM/cc,nc/rWljTRKHPYQiu_szhv9ApXQ-KpI.css?or=w; https://r.bing.com/rs/4f/ez/cir3,cc,nc/ITQ79_h8jq-eoIeRkdWbxDW7IbQ.css?or=w",Electronics & Technology,CTRL_CAND_0002,preferred_control,SEC company_tickers_exchange.json + SEC submissions SIC,https://www.sec.gov/files/company_tickers_exchange.json; https://data.sec.gov/submissions/CIK##########.json,0.0865319263101413,MEDIUM,Dell Technologies Inc.,cache,Computers & Tablets,-0.05155607225898766,NYSE,True,0.008696061955291262,0.03263280271865498,0.9977284922196387,False,25.44015627254491,25.229951811216107,False,0.5916675012610482,HIGH,1,0000320193,Apple Inc.,0.00477745715719032,12,True,0.2124841346757762,0.05384186059932901,27,0.2304577716381651,3571,Electronic Computers,Large-scale revenue proxy,FY2019 revenue proxy; historical market cap not constructed,False,DELL
0001094517,,,,,51936949000000.0,,,NO_BNPL_EVIDENCE,"Search completed; no clear BNPL exposure signal detected in result text. Top links: https://r.bing.com/rs/4f/gg/cc,nc/-G_YKFrphkyl83D0HTgpMefXo7c.css?or=w; https://r.bing.com/rs/4f/gM/cc,nc/rWljTRKHPYQiu_szhv9ApXQ-KpI.css?or=w; https://r.bing.com/rs/4f/fG/cir3,cc,nc/5gFAL7Id0yWkqqPO1crOKHL1NzM.css?or=w",Automotive,CTRL_CAND_0003,excluded_insufficient_pre_financials,SEC company_tickers_exchange.json + SEC submissions SIC,https://www.sec.gov/files/company_tickers_exchange.json; https://data.sec.gov/submissions/CIK##########.json,0.06882776267816579,MEDIUM,TOYOTA MOTOR CORP/,cache,Automotive,0.3725315478196457,NYSE,False,,0.05114655464263024,0.6040350772241165,True,31.581051579583008,,True,,,,,,,0,False,,,35,,3711,Motor Vehicles & Passenger Car Bodies,Unclassified,FY2019 revenue proxy; historical market cap not constructed,False,TM
0000051143,0.46355878069163087,0.10278927547551253,,-0.0115265792436203,152186000000.0,,77147000000.0,NO_BNPL_EVIDENCE,"Search completed; no clear BNPL exposure signal detected in result text. Top links: https://r.bing.com/rs/4f/gg/cc,nc/-G_YKFrphkyl83D0HTgpMefXo7c.css?or=w; https://r.bing.com/rs/4f/h6/cc,nc/U6HOq0RcF4_oC2_ItiNCBhNzO24.css?or=w; https://r.bing.com/rs/4f/ez/cir3,cc,nc/ITQ79_h8jq-eoIeRkdWbxDW7IbQ.css?or=w",Electronics & Technology,CTRL_CAND_0004,preferred_control,SEC company_tickers_exchange.json + SEC submissions SIC,https://www.sec.gov/files/company_tickers_exchange.json; https://data.sec.gov/submissions/CIK##########.json,0.053697449174037036,MEDIUM,INTERNATIONAL BUSINESS MACHINES CORP,cache,Computers & Tablets,0.13694426556976333,NYSE,True,-0.0010583653831341792,0.010638297872340425,0.8621160947787576,False,25.748369293911914,25.068978529711128,True,1.6524578611393912,LOW,1,0000313838,Sony Group Corp,,20,True,-0.014356700260431454,-0.0013438461940305862,40,0.2546963035819516,3570,Computer & office Equipment,Large-scale revenue proxy,FY2019 revenue proxy; historical market cap not constructed,False,IBM
0001137789,0.28906473053677,0.12111916914831435,0.12313447947255605,-0.02481159575208114,8885000000.0,,10390000000.0,NO_BNPL_EVIDENCE,"Search completed; no clear BNPL exposure signal detected in result text. Top links: https://r.bing.com/rs/4f/gg/cc,nc/-G_YKFrphkyl83D0HTgpMefXo7c.css?or=w; https://r.bing.com/rs/4f/gM/cc,nc/rWljTRKHPYQiu_szhv9ApXQ-KpI.css?or=w; https://r.bing.com/rs/4f/eJ/cir3,cc,nc/-ooVmxB9OlPzBcewmec-cfwYTQs.css?or=w",Electronics & Technology,CTRL_CAND_0005,preferred_control,SEC company_tickers_exchange.json + SEC submissions SIC,https://www.sec.gov/files/company_tickers_exchange.json; https://data.sec.gov/submissions/CIK##########.json,0.24985931344963422,MEDIUM,Seagate Technology Holdings plc,cache,Computers & Tablets,0.2433314575126618,Nasdaq,True,0.0018266410573776534,0.10917276308384918,0.7566685424873382,False,22.907630298553027,23.06410964205755,False,0.7560587716033296,HIGH,1,0000047217,HP INC,0.002156803543942088,18,True,0.010774967480839726,-0.014530271855250946,44,0.05493053202304304,3572,Computer Storage Devices,Large-scale revenue proxy,FY2019 revenue proxy; historical market cap not constructed,False,STX
0002023554,,,,,,,,NO_BNPL_EVIDENCE,"Search completed; no clear BNPL exposure signal detected in result text. Top links: https://r.bing.com/rs/4f/gg/cc,nc/-G_YKFrphkyl83D0HTgpMefXo7c.css?or=w; https://r.bing.com/rs/4f/gS/cc,nc/_huiPba-9XiYDf9Vd8j9EoLtXL4.css?or=w; https://r.bing.com/rs/4f/fd/cir3,cc,nc/WTKNvHzqziTEsCD58MJtjs7bzWc.css?or=w",Electronics & Technology,CTRL_CAND_0006,excluded_insufficient_pre_financials,SEC company_tickers_exchange.json + SEC submissions SIC,https://www.sec.gov/files/company_tickers_exchange.json; https://data.sec.gov/submissions/CIK##########.json,,MEDIUM,Sandisk Corp,cache,Computers & Tablets,,Nasdaq,False,,,,,,,True,,,,,,,,False,,,49,,3572,Computer Storage Devices,,,False,SNDK
0000109198,,0.07414973300804492,0.12278545315360782,0.0846123635563627,24145003000.0,,,NO_BNPL_EVIDENCE,"Search completed; no clear BNPL exposure signal detected in result text. Top links: https://r.bing.com/rs/4f/gg/cc,nc/-G_YKFrphkyl83D0HTgpMefXo7c.css?or=w; https://r.bing.com/rs/4f/h6/cc,nc/U6HOq0RcF4_oC2_ItiNCBhNzO24.css?or=w; https://r.bing.com/rs/4f/fG/cir3,cc,nc/5gFAL7Id0yWkqqPO1crOKHL1NzM.css?or=w",Apparel & Personal Care,CTRL_CAND_0007,excluded_insufficient_pre_financials,SEC company_tickers_exchange.json + SEC submissions SIC,https://www.sec.gov/files/company_tickers_exchange.json; https://data.sec.gov/submissions/CIK##########.json,0.13322640713691358,HIGH,TJX COMPANIES INC /DE/,cache,Clothing & Accessories,0.24635374864107493,NYSE,False,,0.20180540047975973,,False,23.907343280521236,,True,,,,,,-0.0007706509744817843,12,False,0.27729513072844836,0.02669472175944638,54,0.2554689897404875,5651,Retail-Family Clothing Stores,Unclassified,FY2019 revenue proxy; historical market cap not constructed,False,TJX
0000804328,0.574239861093762,0.029615854396303598,0.13744781922831276,0.013902476772965152,32957000000.0,,24273000000.0,NO_BNPL_EVIDENCE,"Search completed; no clear BNPL exposure signal detected in result text. Top links: https://r.bing.com/rs/4f/gg/cc,nc/-G_YKFrphkyl83D0HTgpMefXo7c.css?or=w; https://r.bing.com/rs/4f/h6/cc,nc/U6HOq0RcF4_oC2_ItiNCBhNzO24.css?or=w; https://r.bing.com/rs/4f/fG/cir3,cc,nc/5gFAL7Id0yWkqqPO1crOKHL1NzM.css?or=w",Electronics & Technology,CTRL_CAND_0008,preferred_control,SEC company_tickers_exchange.json + SEC submissions SIC,https://www.sec.gov/files/company_tickers_exchange.json; https://data.sec.gov/submissions/CIK##########.json,0.35922565767515247,LOW,QUALCOMM INC/DE,cache,Phones & Smartwatches,0.1489516642898322,Nasdaq,True,0.0001404812817161493,0.04247959462329702,0.8510483357101678,False,24.21846951842769,23.912630458440223,True,3.4,REVIEW,1,0001484778,ThredUp Inc.,-0.0033692086722131773,19,True,0.07490590976448042,-0.0022652331716659247,66,0.11312341260678827,3663,Radio & Tv Broadcasting & Communications Equipment,Large-scale revenue proxy,FY2019 revenue proxy; historical market cap not constructed,False,QCOM
0000064803,0.22933848335611354,0.018419801322861636,0.03903956398928406,0.1288271581590361,222449000000.0,,189082000000.0,NO_BNPL_EVIDENCE,"Search completed; no clear BNPL exposure signal detected in result text. Top links: https://r.bing.com/rs/4f/gg/cc,nc/-G_YKFrphkyl83D0HTgpMefXo7c.css?or=w; https://r.bing.com/rs/4f/gM/cc,nc/rWljTRKHPYQiu_szhv9ApXQ-KpI.css?or=w; https://r.bing.com/rs/4f/fd/cir3,cc,nc/WTKNvHzqziTEsCD58MJtjs7bzWc.css?or=w",Apparel & Personal Care,CTRL_CAND_0009,preferred_control,SEC company_tickers_exchange.json + SEC submissions SIC,https://www.sec.gov/files/company_tickers_exchange.json; https://data.sec.gov/submissions/CIK##########.json,0.02554742884885974,HIGH,CVS HEALTH Corp,cache,Health & Beauty,0.287095019532567,NYSE,True,0.009997959441760613,0.07874164415214274,0.7115293842633592,False,26.127963698796133,25.965446620348825,False,0.3409372064385198,HIGH,1,0000104169,Walmart Inc.,-0.0016783805564557224,19,True,0.05386283892744603,0.02672592683196427,81,0.0,5912,Retail-Drug Stores and Proprietary Stores,Large-scale revenue proxy,FY2019 revenue proxy; historical market cap not constructed,True,CVS
0000829224,0.6234322176558945,0.1518179686461156,0.16622907517239385,0.0737873009847351,19219600000.0,,26508600000.0,NO_BNPL_EVIDENCE,"Search completed; no clear BNPL exposure signal detected in result text. Top links: https://r.bing.com/rs/4f/gg/cc,nc/-G_YKFrphkyl83D0HTgpMefXo7c.css?or=w; https://r.bing.com/rs/4f/gM/cc,nc/rWljTRKHPYQiu_szhv9ApXQ-KpI.css?or=w; https://r.bing.com/rs/4f/ez/cir3,cc,nc/ITQ79_h8jq-eoIeRkdWbxDW7IbQ.css?or=w",Entertainment,CTRL_CAND_0010,preferred_control,SEC company_tickers_exchange.json + SEC submissions SIC,https://www.sec.gov/files/company_tickers_exchange.json; https://data.sec.gov/submissions/CIK##########.json,0.13978438677183708,LOW,STARBUCKS CORP,cache,Gaming & Entertainment,-0.32426273179462634,Nasdaq,True,0.005504138634639839,0.07957501716997233,1.3242002955316448,False,23.679196428617466,24.000735045592556,True,1.554296048233799,LOW,1,0001018724,AMAZON COM INC,-0.0026961641799113883,18,True,0.16563309213883048,0.021339591956316545,95,0.0,5810,Retail-Eating & Drinking Places,Large-scale revenue proxy,FY2019 revenue proxy; historical market cap not constructed,False,SBUX
0001262039,0.7523392449350949,0.11657671797213709,0.11787336673277148,0.19119417812882364,3885500000.0,,2156200000.0,NO_BNPL_EVIDENCE,"Search completed; no clear BNPL exposure signal detected in result text. Top links: https://r.bing.com/rs/4f/gg/cc,nc/-G_YKFrphkyl83D0HTgpMefXo7c.css?or=w; https://r.bing.com/rs/4f/h6/cc,nc/U6HOq0RcF4_oC2_ItiNCBhNzO24.css?or=w; https://r.bing.com/rs/4f/fn/cir3,cc,nc/qYkYtW4ptUTHO5TVR_F3o3iRdIs.css?or=w",Electronics & Technology,CTRL_CAND_0011,preferred_control,SEC company_tickers_exchange.json + SEC submissions SIC,https://www.sec.gov/files/company_tickers_exchange.json; https://data.sec.gov/submissions/CIK##########.json,0.3146313215802342,MEDIUM,"Fortinet, Inc.",cache,Computers & Tablets,0.3402136147214001,Nasdaq,True,0.0029697220233923854,0.03034358512417964,0.6597863852785999,False,22.08051751261357,21.491613250069292,True,3.4,REVIEW,1,0001504776,Warby Parker Inc.,0.0103063687954197,20,True,0.20898422596990973,0.048008957898713116,96,0.0,3577,"Computer Peripheral Equipment, NEC",Mid-scale revenue proxy,FY2019 revenue proxy; historical market cap not constructed,False,FTNT
0000865752,0.6125040803353876,,0.3417009423762525,0.1129650814529225,5150352000.0,,4200819000.0,NO_BNPL_EVIDENCE,"Search completed; no clear BNPL exposure signal detected in result text. Top links: https://r.bing.com/rs/4f/gg/cc,nc/-G_YKFrphkyl83D0HTgpMefXo7c.css?or=w; https://r.bing.com/rs/4f/h6/cc,nc/U6HOq0RcF4_oC2_ItiNCBhNzO24.css?or=w; https://r.bing.com/rs/4f/fG/cir3,cc,nc/5gFAL7Id0yWkqqPO1crOKHL1NzM.css?or=w",Automotive,CTRL_CAND_0012,preferred_control,SEC company_tickers_exchange.json + SEC submissions SIC,https://www.sec.gov/files/company_tickers_exchange.json; https://data.sec.gov/submissions/CIK##########.json,0.15493251723377355,MEDIUM,Monster Beverage Corp,cache,Automotive,0.8099021193114567,Nasdaq,True,-0.0006949671792023717,0.07004006716434139,,False,22.3623308988009,22.158545343225704,True,0.9441407052747458,LOW,1,0001018840,ABERCROMBIE & FITCH CO /DE/,0.000631917766660622,20,True,0.11452282729743213,0.027111449132871827,122,0.0,2086,Bottled & Canned Soft Drinks & Carbonated Waters,Mid-scale revenue proxy,FY2019 revenue proxy; historical market cap not constructed,False,MNST
0001690820,0.10566968158788964,-0.034320960249981776,,1.172147893836732,2057748000.0,,2836309000.0,NO_BNPL_EVIDENCE,"Search completed; no clear BNPL exposure signal detected in result text. Top links: https://r.bing.com/rs/4f/gg/cc,nc/-G_YKFrphkyl83D0HTgpMefXo7c.css?or=w; https://r.bing.com/rs/4f/h6/cc,nc/U6HOq0RcF4_oC2_ItiNCBhNzO24.css?or=w; https://r.bing.com/rs/4f/fG/cir3,cc,nc/5gFAL7Id0yWkqqPO1crOKHL1NzM.css?or=w",Automotive,CTRL_CAND_0013,preferred_control,SEC company_tickers_exchange.json + SEC submissions SIC,https://www.sec.gov/files/company_tickers_exchange.json; https://data.sec.gov/submissions/CIK##########.json,0.03694135530686945,HIGH,CARVANA CO.,cache,Automotive,0.04767930767032698,NYSE,True,0.006346174087062356,0.3706459683109885,0.9067237582055723,False,21.444878017881187,21.765769395957435,True,3.4,REVIEW,1,0001560968,Samsonite International SA/ADR,,9,True,0.4504509664443328,0.21220670076820325,130,0.25306743301470197,5500,Retail-Auto Dealers & Gasoline Stations,Mid-scale revenue proxy,FY2019 revenue proxy; historical market cap not constructed,True,CVNA
0000089800,0.44366288720652713,0.09658968482020495,0.15733724629303103,0.18708665093095392,20496200000.0,,13786371000.0,NO_BNPL_EVIDENCE,"Search completed; no clear BNPL exposure signal detected in result text. Top links: https://r.bing.com/rs/4f/gg/cc,nc/-G_YKFrphkyl83D0HTgpMefXo7c.css?or=w; https://r.bing.com/rs/4f/h6/cc,nc/U6HOq0RcF4_oC2_ItiNCBhNzO24.css?or=w; https://r.bing.com/rs/4f/fn/cir3,cc,nc/qYkYtW4ptUTHO5TVR_F3o3iRdIs.css?or=w",Home & Appliances,CTRL_CAND_0014,preferred_control,SEC company_tickers_exchange.json + SEC submissions SIC,https://www.sec.gov/files/company_tickers_exchange.json; https://data.sec.gov/submissions/CIK##########.json,0.007894146231984466,HIGH,SHERWIN WILLIAMS CO,cache,Home Improvement,0.20117387613313686,NYSE,True,-0.004291759852515068,0.09219269913447371,,False,23.743505340054742,23.346946332407118,False,0.4345496280939193,HIGH,1,0000060667,LOWES COMPANIES INC,-0.0006215992773191395,18,True,0.05006429295072423,0.039052664420654644,144,0.3573376180749671,5200,"Retail-Building Materials, Hardware, Garden Supply",Large-scale revenue proxy,FY2019 revenue proxy; historical market cap not constructed,True,SHW
0000723254,,0.11669653872081791,0.15233962824958205,0.12243889983864531,7436662000.0,,6892303000.0,NO_BNPL_EVIDENCE,"Search completed; no clear BNPL exposure signal detected in result text. Top links: https://r.bing.com/rs/4f/gg/cc,nc/-G_YKFrphkyl83D0HTgpMefXo7c.css?or=w; https://r.bing.com/rs/4f/h6/cc,nc/U6HOq0RcF4_oC2_ItiNCBhNzO24.css?or=w; https://r.bing.com/rs/4f/fG/cir3,cc,nc/5gFAL7Id0yWkqqPO1crOKHL1NzM.css?or=w",Apparel & Personal Care,CTRL_CAND_0015,preferred_control,SEC company_tickers_exchange.json + SEC submissions SIC,https://www.sec.gov/files/company_tickers_exchange.json; https://data.sec.gov/submissions/CIK##########.json,0.012995749974921544,MEDIUM,CINTAS CORP,cache,Clothing & Accessories,0.40377268726210763,Nasdaq,True,,0.04499182563359744,,False,22.729687929201255,22.653671118661958,False,0.5227473937049796,HIGH,1,0000029534,DOLLAR GENERAL CORP,0.00010674870124217979,18,True,0.12002641850878648,0.02948860503845018,146,0.29021636484210944,2320,"Men's & Boys' Furnishgs, Work Clothg, & Allied Garments",Mid-scale revenue proxy,FY2019 revenue proxy; historical market cap not constructed,False,CTAS
0000745732,0.2863900974808295,0.10117348873905586,,0.08345200723717819,9348367000.0,,16039073000.0,NO_BNPL_EVIDENCE,"Search completed; no clear BNPL exposure signal detected in result text. Top links: https://r.bing.com/rs/4f/gg/cc,nc/-G_YKFrphkyl83D0HTgpMefXo7c.css?or=w; https://r.bing.com/rs/4f/gM/cc,nc/rWljTRKHPYQiu_szhv9ApXQ-KpI.css?or=w; https://r.bing.com/rs/4f/fn/cir3,cc,nc/qYkYtW4ptUTHO5TVR_F3o3iRdIs.css?or=w",Apparel & Personal Care,CTRL_CAND_0016,preferred_control,SEC company_tickers_exchange.json + SEC submissions SIC,https://www.sec.gov/files/company_tickers_exchange.json; https://data.sec.gov/submissions/CIK##########.json,0.14453914785330957,HIGH,"ROSS STORES, INC.",cache,Clothing & Accessories,0.359340727637244,Nasdaq,True,-0.0002735279515516468,0.19600631853670272,,False,22.95846751258708,23.49829364469724,False,0.30002124584549555,HIGH,1,0000039911,GAP INC,,19,True,0.07657364379799225,0.01977315780703417,149,0.16119266187799752,5651,Retail-Family Clothing Stores,Large-scale revenue proxy,FY2019 revenue proxy; historical market cap not constructed,True,ROST
0001467858,0.12173699135939313,0.0332071039941411,0.05072321757770983,-0.04158218466213061,228037000000.0,,137237000000.0,NO_BNPL_EVIDENCE,"Search completed; no clear BNPL exposure signal detected in result text. Top links: https://r.bing.com/rs/4f/gg/cc,nc/-G_YKFrphkyl83D0HTgpMefXo7c.css?or=w; https://r.bing.com/rs/4f/h6/cc,nc/U6HOq0RcF4_oC2_ItiNCBhNzO24.css?or=w; https://r.bing.com/rs/4f/fG/cir3,cc,nc/5gFAL7Id0yWkqqPO1crOKHL1NzM.css?or=w",Automotive,CTRL_CAND_0017,preferred_control,SEC company_tickers_exchange.json + SEC submissions SIC,https://www.sec.gov/files/company_tickers_exchange.json; https://data.sec.gov/submissions/CIK##########.json,0.08362239461140078,MEDIUM,General Motors Co,cache,Automotive,0.18326850467248737,NYSE,True,-0.0007932202467090903,0.045597863504606706,0.7984669154567022,False,26.15277373343652,25.644975195181562,True,1.9660604642597503,LOW,1,0000016988,CANON INC,-0.0002936032058775729,19,True,-0.015223649119248117,-0.0070839393078091645,153,0.0380272954519215,3711,Motor Vehicles & Passenger Car Bodies,Large-scale revenue proxy,FY2019 revenue proxy; historical market cap not constructed,False,GM
0000898173,0.5286162388091972,0.1339602466886826,0.1903660700959446,0.05698837206731381,10717160000.0,,10149985000.0,NO_BNPL_EVIDENCE,"Search completed; no clear BNPL exposure signal detected in result text. Top links: https://r.bing.com/rs/4f/gg/cc,nc/-G_YKFrphkyl83D0HTgpMefXo7c.css?or=w; https://r.bing.com/rs/4f/gM/cc,nc/rWljTRKHPYQiu_szhv9ApXQ-KpI.css?or=w; https://r.bing.com/rs/4f/fG/cir3,cc,nc/5gFAL7Id0yWkqqPO1crOKHL1NzM.css?or=w",Automotive,CTRL_CAND_0018,preferred_control,SEC company_tickers_exchange.json + SEC submissions SIC,https://www.sec.gov/files/company_tickers_exchange.json; https://data.sec.gov/submissions/CIK##########.json,0.003770215243590653,HIGH,O REILLY AUTOMOTIVE INC,cache,Automotive,0.03707512064763426,Nasdaq,True,0.0006091163017929264,0.32229545887156674,,False,23.095112032117008,23.040738064600603,False,0.06458972882941842,HIGH,1,0000866787,AUTOZONE INC,-0.00023883078756847237,20,True,0.06242208166183638,0.014416632461316112,172,0.3381936572384051,5531,Retail-Auto & Home Supply Stores,Large-scale revenue proxy,FY2019 revenue proxy; historical market cap not constructed,True,ORLY
0000068505,0.4796727589094145,0.0668995740146069,0.18058378637949235,0.09437111401076878,10642000000.0,,7887000000.0,NO_BNPL_EVIDENCE,"Search completed; no clear BNPL exposure signal detected in result text. Top links: https://r.bing.com/rs/4f/gg/cc,nc/-G_YKFrphkyl83D0HTgpMefXo7c.css?or=w; https://r.bing.com/rs/4f/gM/cc,nc/rWljTRKHPYQiu_szhv9ApXQ-KpI.css?or=w; https://r.bing.com/rs/4f/f3/cir3,cc,nc/XKkf7PevzOVtzidRm3f9xWob0cM.css?or=w",Electronics & Technology,CTRL_CAND_0019,preferred_control,SEC company_tickers_exchange.json + SEC submissions SIC,https://www.sec.gov/files/company_tickers_exchange.json; https://data.sec.gov/submissions/CIK##########.json,0.09406126667919563,LOW,"Motorola Solutions, Inc.",cache,Phones & Smartwatches,-0.06577710956587107,NYSE,True,0.0017380946408925536,0.04200338282277767,,False,23.08807427312059,22.788481671362266,True,0.9872138422786838,MEDIUM,1,0000789019,MICROSOFT CORP,0.002375989958028997,19,True,0.08481211855852777,0.02462581286114734,173,0.18783902464224828,3663,Radio & Tv Broadcasting & Communications Equipment,Mid-scale revenue proxy,FY2019 revenue proxy; historical market cap not constructed,False,MSI
0001585689,,0.10585046203087733,0.1617230238843048,-0.07612966021170677,14957000000.0,,9452000000.0,NO_BNPL_EVIDENCE,"Search completed; no clear BNPL exposure signal detected in result text. Top links: https://r.bing.com/rs/4f/gg/cc,nc/-G_YKFrphkyl83D0HTgpMefXo7c.css?or=w; https://r.bing.com/rs/4f/gM/cc,nc/rWljTRKHPYQiu_szhv9ApXQ-KpI.css?or=w; https://r.bing.com/rs/4f/ez/cir3,cc,nc/ITQ79_h8jq-eoIeRkdWbxDW7IbQ.css?or=w",Entertainment,CTRL_CAND_0020,preferred_control,SEC company_tickers_exchange.json + SEC submissions SIC,https://www.sec.gov/files/company_tickers_exchange.json; https://data.sec.gov/submissions/CIK##########.json,0.035969780036103495,LOW,Hilton Worldwide Holdings Inc.,cache,Gaming & Entertainment,-0.03222571371264291,NYSE,True,,,1.0315571304405964,False,23.4284452546236,22.969492196271073,True,0.5406675413795133,HIGH,1,0001048286,MARRIOTT INTERNATIONAL INC /MD/,-0.0003360072804892125,19,True,-0.043068869260168285,-0.015181226806834834,174,0.0,7011,Hotels & Motels,Mid-scale revenue proxy,FY2019 revenue proxy; historical market cap not constructed,False,HLT
0000075362,,0.09055444967767233,,0.150721700579449,28361100000.0,,25599700000.0,NO_BNPL_EVIDENCE,"Search completed; no clear BNPL exposure signal detected in result text. Top links: https://r.bing.com/rs/4f/gg/cc,nc/-G_YKFrphkyl83D0HTgpMefXo7c.css?or=w; https://r.bing.com/rs/4f/h6/cc,nc/U6HOq0RcF4_oC2_ItiNCBhNzO24.css?or=w; https://r.bing.com/rs/4f/eJ/cir3,cc,nc/-ooVmxB9OlPzBcewmec-cfwYTQs.css?or=w",Automotive,CTRL_CAND_0021,preferred_control,SEC company_tickers_exchange.json + SEC submissions SIC,https://www.sec.gov/files/company_tickers_exchange.json; https://data.sec.gov/submissions/CIK##########.json,,MEDIUM,PACCAR INC,cache,Automotive,0.3422328471039558,Nasdaq,True,,,,False,24.068284324882118,23.96584646961326,True,0.9288911142664392,LOW,1,0000823768,WASTE MANAGEMENT INC,,20,True,0.07575797754745994,0.022109561390101964,178,0.0,3711,Motor Vehicles & Passenger Car Bodies,Large-scale revenue proxy,FY2019 revenue proxy; historical market cap not constructed,False,PCAR
0001648416,,,,,5446372000.0,,,NO_BNPL_EVIDENCE,"Search completed; no clear BNPL exposure signal detected in result text. Top links: https://r.bing.com/rs/4f/gg/cc,nc/-G_YKFrphkyl83D0HTgpMefXo7c.css?or=w; https://r.bing.com/rs/4f/gM/cc,nc/rWljTRKHPYQiu_szhv9ApXQ-KpI.css?or=w; https://r.bing.com/rs/4f/fG/cir3,cc,nc/5gFAL7Id0yWkqqPO1crOKHL1NzM.css?or=w",Automotive,CTRL_CAND_0022,excluded_insufficient_pre_financials,SEC company_tickers_exchange.json + SEC submissions SIC,https://www.sec.gov/files/company_tickers_exchange.json; https://data.sec.gov/submissions/CIK##########.json,0.16487048626131304,MEDIUM,Ferrari N.V.,cache,Automotive,0.273078665944963,NYSE,False,,0.07712491912047138,,True,22.418215535879483,,True,,,,,,,0,False,,,180,,3711,Motor Vehicles & Passenger Car Bodies,Unclassified,FY2019 revenue proxy; historical market cap not constructed,False,RACE
0001645590,0.3980502200756908,0.05414607883696789,0.03372398296082989,0.09087192245057589,51803000000.0,,29135000000.0,NO_BNPL_EVIDENCE,"Search completed; no clear BNPL exposure signal detected in result text. Top links: https://r.bing.com/rs/4f/gg/cc,nc/-G_YKFrphkyl83D0HTgpMefXo7c.css?or=w; https://r.bing.com/rs/4f/gM/cc,nc/rWljTRKHPYQiu_szhv9ApXQ-KpI.css?or=w; https://r.bing.com/rs/4f/eJ/cir3,cc,nc/-ooVmxB9OlPzBcewmec-cfwYTQs.css?or=w",Electronics & Technology,CTRL_CAND_0023,preferred_control,SEC company_tickers_exchange.json + SEC submissions SIC,https://www.sec.gov/files/company_tickers_exchange.json; https://data.sec.gov/submissions/CIK##########.json,0.0724475416481671,MEDIUM,Hewlett Packard Enterprise Co,cache,Computers & Tablets,0.33005810474296854,NYSE,True,-0.04014291255497945,0.04607841244715557,0.2755824952222844,False,24.67071389959275,24.09520603754145,True,1.709264155170077,LOW,1,0001577552,Alibaba Group Holding Ltd,-0.0014335346449540706,16,True,-0.1654366246470811,-0.04034337339682196,186,0.16615273807648157,3570,Computer & office Equipment,Large-scale revenue proxy,FY2019 revenue proxy; historical market cap not constructed,False,HPE
0000037996,0.14920646785905872,,-0.007055961070559611,0.02568552037106777,258537000000.0,,155900000000.0,NO_BNPL_EVIDENCE,"Search completed; no clear BNPL exposure signal detected in result text. Top links: https://r.bing.com/rs/4f/gg/cc,nc/-G_YKFrphkyl83D0HTgpMefXo7c.css?or=w; https://r.bing.com/rs/4f/h6/cc,nc/U6HOq0RcF4_oC2_ItiNCBhNzO24.css?or=w; https://r.bing.com/rs/4f/fG/cir3,cc,nc/5gFAL7Id0yWkqqPO1crOKHL1NzM.css?or=w",Automotive,CTRL_CAND_0024,preferred_control,SEC company_tickers_exchange.json + SEC submissions SIC,https://www.sec.gov/files/company_tickers_exchange.json; https://data.sec.gov/submissions/CIK##########.json,0.0677040423614415,MEDIUM,FORD MOTOR CO,cache,Automotive,0.12835686961634118,NYSE,True,0.0016083258974044106,0.04171936705384529,0.8714690740590322,False,26.27830465411456,25.772480613010142,True,1.120127260599543,LOW,1,0000899051,ALLSTATE CORP,,18,True,0.026222322298017797,0.009170476214815747,196,0.07897138674227683,3711,Motor Vehicles & Passenger Car Bodies,Large-scale revenue proxy,FY2019 revenue proxy; historical market cap not constructed,False,F
0001633978,0.32816854977060156,0.015760466399444135,0.07240301894511547,0.15667698583912,2716600000.0,,,NO_BNPL_EVIDENCE,"Search completed; no clear BNPL exposure signal detected in result text. Top links: https://r.bing.com/rs/4f/gg/cc,nc/-G_YKFrphkyl83D0HTgpMefXo7c.css?or=w; https://r.bing.com/rs/4f/gM/cc,nc/rWljTRKHPYQiu_szhv9ApXQ-KpI.css?or=w; https://r.bing.com/rs/4f/fG/cir3,cc,nc/5gFAL7Id0yWkqqPO1crOKHL1NzM.css?or=w",Electronics & Technology,CTRL_CAND_0025,excluded_insufficient_pre_financials,SEC company_tickers_exchange.json + SEC submissions SIC,https://www.sec.gov/files/company_tickers_exchange.json; https://data.sec.gov/submissions/CIK##########.json,0.15924317161157328,LOW,Lumentum Holdings Inc.,cache,Phones & Smartwatches,0.5510932783626592,Nasdaq,False,0.004288641243030804,0.0842229257159685,0.4489067216373408,False,21.722646935352664,,True,,,,,,0.011566851062859693,11,False,0.023857167502523424,0.037813014552762446,198,0.2251822194846525,3669,"Communications Equipment, NEC",Unclassified,FY2019 revenue proxy; historical market cap not constructed,False,LITE
0000815556,0.4825269398898222,0.143728079356509,0.1999646972408949,0.10460961806637671,3799900000.0,,5333700000.0,NO_BNPL_EVIDENCE,"Search completed; no clear BNPL exposure signal detected in result text. Top links: https://r.bing.com/rs/4f/gg/cc,nc/-G_YKFrphkyl83D0HTgpMefXo7c.css?or=w; https://r.bing.com/rs/4f/h6/cc,nc/U6HOq0RcF4_oC2_ItiNCBhNzO24.css?or=w; https://r.bing.com/rs/4f/eJ/cir3,cc,nc/-ooVmxB9OlPzBcewmec-cfwYTQs.css?or=w",Home & Appliances,CTRL_CAND_0026,preferred_control,SEC company_tickers_exchange.json + SEC submissions SIC,https://www.sec.gov/files/company_tickers_exchange.json; https://data.sec.gov/submissions/CIK##########.json,0.04602752704018527,HIGH,FASTENAL CO,cache,Home Improvement,0.7014921445301192,Nasdaq,True,-0.0019325659378061823,0.3595884102213216,,False,22.05824058754301,22.39731101815491,False,0.9115212633100348,MEDIUM,1,0000354950,"HOME DEPOT, INC.",-0.0009232200553088667,20,True,0.08355813289968195,0.020844996301833826,205,0.28200118453568246,5200,"Retail-Building Materials, Hardware, Garden Supply",Mid-scale revenue proxy,FY2019 revenue proxy; historical market cap not constructed,True,FAST
0000936395,0.4321697939837639,0.12059323623174784,0.07773895070790987,0.10729034583161343,3893346000.0,,3572131000.0,NO_BNPL_EVIDENCE,"Search completed; no clear BNPL exposure signal detected in result text. Top links: https://r.bing.com/rs/4f/gg/cc,nc/-G_YKFrphkyl83D0HTgpMefXo7c.css?or=w; https://r.bing.com/rs/4f/h6/cc,nc/U6HOq0RcF4_oC2_ItiNCBhNzO24.css?or=w; https://r.bing.com/rs/4f/fG/cir3,cc,nc/5gFAL7Id0yWkqqPO1crOKHL1NzM.css?or=w",Electronics & Technology,CTRL_CAND_0027,preferred_control,SEC company_tickers_exchange.json + SEC submissions SIC,https://www.sec.gov/files/company_tickers_exchange.json; https://data.sec.gov/submissions/CIK##########.json,0.2322025835874849,LOW,CIENA CORP,cache,Phones & Smartwatches,0.5580703590176675,NYSE,True,-0.0009708216787880816,0.08862531097929648,0.4419296409823324,False,22.08253477909775,21.996428173420323,True,0.2957199085188307,HIGH,1,0001032975,LOGITECH INTERNATIONAL S.A.,0.003552376728030639,19,True,0.09934099831468823,0.02558244864550798,206,0.0,3661,Telephone & Telegraph Apparatus,Mid-scale revenue proxy,FY2019 revenue proxy; historical market cap not constructed,False,CIEN
0001650107,0.39483153418384037,,0.13673536146548904,,18685000000.0,,,NO_BNPL_EVIDENCE,"Search completed; no clear BNPL exposure signal detected in result text. Top links: https://r.bing.com/rs/4f/gg/cc,nc/-G_YKFrphkyl83D0HTgpMefXo7c.css?or=w; https://r.bing.com/rs/4f/h6/cc,nc/U6HOq0RcF4_oC2_ItiNCBhNzO24.css?or=w; https://r.bing.com/rs/4f/fG/cir3,cc,nc/5gFAL7Id0yWkqqPO1crOKHL1NzM.css?or=w",Automotive,CTRL_CAND_0028,excluded_insufficient_pre_financials,SEC company_tickers_exchange.json + SEC submissions SIC,https://www.sec.gov/files/company_tickers_exchange.json; https://data.sec.gov/submissions/CIK##########.json,0.01691196146641691,MEDIUM,COCA-COLA EUROPACIFIC PARTNERS plc,cache,Automotive,,Nasdaq,False,,0.038694139684238696,0.6705378645972705,True,23.650986899883858,,True,,,,,,,1,False,,,229,0.0,2086,Bottled & Canned Soft Drinks & Carbonated Waters,Unclassified,FY2019 revenue proxy; historical market cap not constructed,False,CCEP
0001058090,,0.056506854158047556,0.07315019548482345,0.14586855422050649,5104604000.0,,5586369000.0,NO_BNPL_EVIDENCE,"Search completed; no clear BNPL exposure signal detected in result text. Top links: https://r.bing.com/rs/4f/gg/cc,nc/-G_YKFrphkyl83D0HTgpMefXo7c.css?or=w; https://r.bing.com/rs/4f/h6/cc,nc/U6HOq0RcF4_oC2_ItiNCBhNzO24.css?or=w; https://r.bing.com/rs/4f/eJ/cir3,cc,nc/-ooVmxB9OlPzBcewmec-cfwYTQs.css?or=w",Entertainment,CTRL_CAND_0029,preferred_control,SEC company_tickers_exchange.json + SEC submissions SIC,https://www.sec.gov/files/company_tickers_exchange.json; https://data.sec.gov/submissions/CIK##########.json,0.09415539383662279,LOW,CHIPOTLE MEXICAN GRILL INC,cache,Gaming & Entertainment,0.32970745624929965,NYSE,True,,0.0051122476885572315,0.6702925437507004,True,22.353408714545438,22.443595360289812,True,0.9780815562271152,LOW,1,0001037038,RALPH LAUREN CORP,,5,True,,,234,0.0,5812,Retail-Eating Places,Mid-scale revenue proxy,FY2019 revenue proxy; historical market cap not constructed,False,CMG
0001745201,,,,,,,,NO_BNPL_EVIDENCE,"Search completed; no clear BNPL exposure signal detected in result text. Top links: https://r.bing.com/rs/4f/gg/cc,nc/-G_YKFrphkyl83D0HTgpMefXo7c.css?or=w; https://r.bing.com/rs/4f/h6/cc,nc/U6HOq0RcF4_oC2_ItiNCBhNzO24.css?or=w; https://r.bing.com/rs/4f/eT/cir3,cc,nc/ZNlEaxLrmuWEflDP-KwkyUROBrA.css?or=w",Entertainment,CTRL_CAND_0030,excluded_insufficient_pre_financials,SEC company_tickers_exchange.json + SEC submissions SIC,https://www.sec.gov/files/company_tickers_exchange.json; https://data.sec.gov/submissions/CIK##########.json,,LOW,Viking Holdings Ltd,cache,Gaming & Entertainment,,NYSE,False,,,,,,,True,,,,,,,,False,,,237,,4400,Water Transportation,,,False,VIK
0001900304,,,,,,,,NO_BNPL_EVIDENCE,"Search completed; no clear BNPL exposure signal detected in result text. Top links: https://r.bing.com/rs/4f/gg/cc,nc/-G_YKFrphkyl83D0HTgpMefXo7c.css?or=w; https://r.bing.com/rs/4f/h6/cc,nc/U6HOq0RcF4_oC2_ItiNCBhNzO24.css?or=w; https://r.bing.com/rs/4f/fn/cir3,cc,nc/qYkYtW4ptUTHO5TVR_F3o3iRdIs.css?or=w",Apparel & Personal Care,CTRL_CAND_0031,excluded_insufficient_pre_financials,SEC company_tickers_exchange.json + SEC submissions SIC,https://www.sec.gov/files/company_tickers_exchange.json; https://data.sec.gov/submissions/CIK##########.json,,HIGH,Haleon plc,cache,Health & Beauty,,NYSE,False,,,,,,,True,,,,,,,,False,,,245,,2844,"Perfumes, Cosmetics & Other Toilet Preparations",,,False,HLN
0001061736,,,,,33804000000.0,,,NO_BNPL_EVIDENCE,"Search completed; no clear BNPL exposure signal detected in result text. Top links: https://r.bing.com/rs/4f/gg/cc,nc/-G_YKFrphkyl83D0HTgpMefXo7c.css?or=w; https://r.bing.com/rs/4f/gS/cc,nc/_huiPba-9XiYDf9Vd8j9EoLtXL4.css?or=w; https://r.bing.com/rs/4f/fd/cir3,cc,nc/WTKNvHzqziTEsCD58MJtjs7bzWc.css?or=w",Automotive,CTRL_CAND_0032,excluded_insufficient_pre_financials,SEC company_tickers_exchange.json + SEC submissions SIC,https://www.sec.gov/files/company_tickers_exchange.json; https://data.sec.gov/submissions/CIK##########.json,0.10282806768429771,MEDIUM,MEXICAN ECONOMIC DEVELOPMENT INC,cache,Automotive,0.5109454502425749,NYSE,False,,0.06434149804756834,0.4890545497574252,True,24.243844975628647,,True,,,,,,,0,False,,,246,,2086,Bottled & Canned Soft Drinks & Carbonated Waters,Unclassified,FY2019 revenue proxy; historical market cap not constructed,False,FMX
0001041061,0.7541391728067968,0.2312208872941465,0.37813434494346954,-0.2473075153959275,5231000000.0,,5597000000.0,NO_BNPL_EVIDENCE,"Search completed; no clear BNPL exposure signal detected in result text. Top links: https://r.bing.com/rs/4f/gg/cc,nc/-G_YKFrphkyl83D0HTgpMefXo7c.css?or=w; https://r.bing.com/rs/4f/h6/cc,nc/U6HOq0RcF4_oC2_ItiNCBhNzO24.css?or=w; https://r.bing.com/rs/4f/fG/cir3,cc,nc/5gFAL7Id0yWkqqPO1crOKHL1NzM.css?or=w",Entertainment,CTRL_CAND_0033,preferred_control,SEC company_tickers_exchange.json + SEC submissions SIC,https://www.sec.gov/files/company_tickers_exchange.json; https://data.sec.gov/submissions/CIK##########.json,0.11565666220607915,LOW,YUM BRANDS INC,cache,Gaming & Entertainment,-1.5324029822213725,NYSE,True,0.054584876185847064,,2.5324029822213725,False,22.377868301334885,22.445496576855632,True,2.65,REVIEW,1,0001337634,"StubHub Holdings, Inc.",0.017390974915405453,17,True,-0.19159392142665588,-0.0655122438076672,248,0.0,5812,Retail-Eating Places,Mid-scale revenue proxy,FY2019 revenue proxy; historical market cap not constructed,False,YUM
0000100517,,0.05876688677563499,0.0906877110194481,0.05490506464005536,52611000000.0,,43259000000.0,NO_BNPL_EVIDENCE,"Search completed; no clear BNPL exposure signal detected in result text. Top links: https://r.bing.com/rs/4f/gg/cc,nc/-G_YKFrphkyl83D0HTgpMefXo7c.css?or=w; https://r.bing.com/rs/4f/h6/cc,nc/U6HOq0RcF4_oC2_ItiNCBhNzO24.css?or=w; https://r.bing.com/rs/4f/fG/cir3,cc,nc/5gFAL7Id0yWkqqPO1crOKHL1NzM.css?or=w",Entertainment,CTRL_CAND_0034,preferred_control,SEC company_tickers_exchange.json + SEC submissions SIC,https://www.sec.gov/files/company_tickers_exchange.json; https://data.sec.gov/submissions/CIK##########.json,0.052498526924027296,LOW,"United Airlines Holdings, Inc.",cache,Gaming & Entertainment,0.2191746973066469,Nasdaq,True,,,,False,24.686191060301677,24.49047114116161,True,0.035648015844496235,HIGH,1,0000006201,American Airlines Group Inc.,-0.0021881517856857167,19,True,0.033861817012497575,0.010995744093923485,269,0.0,4512,"Air Transportation, Scheduled",Large-scale revenue proxy,FY2019 revenue proxy; historical market cap not constructed,False,UAL
0000815097,0.39105200243465127,0.1423702834012278,0.1536394682320101,0.09046696080252363,45058000000.0,,20825000000.0,NO_BNPL_EVIDENCE,"Search completed; no clear BNPL exposure signal detected in result text. Top links: https://r.bing.com/rs/4f/gg/cc,nc/-G_YKFrphkyl83D0HTgpMefXo7c.css?or=w; https://r.bing.com/rs/4f/h6/cc,nc/U6HOq0RcF4_oC2_ItiNCBhNzO24.css?or=w; https://r.bing.com/rs/4f/fG/cir3,cc,nc/5gFAL7Id0yWkqqPO1crOKHL1NzM.css?or=w",Entertainment,CTRL_CAND_0035,preferred_control,SEC company_tickers_exchange.json + SEC submissions SIC,https://www.sec.gov/files/company_tickers_exchange.json; https://data.sec.gov/submissions/CIK##########.json,0.011496293665941675,LOW,Carnival Corp Ltd.,cache,Gaming & Entertainment,0.5629410981401749,NYSE,True,-0.003972024756934892,0.009476674508411382,,False,24.531216385701363,23.75942002499932,True,0.26634395570022684,HIGH,1,0000086312,"TRAVELERS COMPANIES, INC.",-0.003630687630948264,13,True,0.09055966748707256,0.016858085222029407,278,0.12575153803131991,4400,Water Transportation,Large-scale revenue proxy,FY2019 revenue proxy; historical market cap not constructed,False,CCL
0001944048,,,,,,,,NO_BNPL_EVIDENCE,"Search completed; no clear BNPL exposure signal detected in result text. Top links: https://r.bing.com/rs/4f/gg/cc,nc/-G_YKFrphkyl83D0HTgpMefXo7c.css?or=w; https://r.bing.com/rs/4f/gM/cc,nc/rWljTRKHPYQiu_szhv9ApXQ-KpI.css?or=w; https://r.bing.com/rs/4f/fG/cir3,cc,nc/5gFAL7Id0yWkqqPO1crOKHL1NzM.css?or=w",Apparel & Personal Care,CTRL_CAND_0036,excluded_insufficient_pre_financials,SEC company_tickers_exchange.json + SEC submissions SIC,https://www.sec.gov/files/company_tickers_exchange.json; https://data.sec.gov/submissions/CIK##########.json,,HIGH,Kenvue Inc.,cache,Health & Beauty,,NYSE,False,,,,,,,True,,,,,,,,False,,,282,,2844,"Perfumes, Cosmetics & Other Toilet Preparations",,,False,KVUE
0001002047,0.6274759700431178,0.09838399471352545,0.16808816285862768,0.03636728356585026,8741000000.0,,6146000000.0,NO_BNPL_EVIDENCE,"Search completed; no clear BNPL exposure signal detected in result text. Top links: https://r.bing.com/rs/4f/gg/cc,nc/-G_YKFrphkyl83D0HTgpMefXo7c.css?or=w; https://r.bing.com/rs/4f/h6/cc,nc/U6HOq0RcF4_oC2_ItiNCBhNzO24.css?or=w; https://r.bing.com/rs/4f/fG/cir3,cc,nc/5gFAL7Id0yWkqqPO1crOKHL1NzM.css?or=w",Electronics & Technology,CTRL_CAND_0037,preferred_control,SEC company_tickers_exchange.json + SEC submissions SIC,https://www.sec.gov/files/company_tickers_exchange.json; https://data.sec.gov/submissions/CIK##########.json,0.26598787324104795,MEDIUM,"NetApp, Inc.",cache,Computers & Tablets,0.12469969111085688,Nasdaq,True,0.0018368118811744802,0.014986843610570873,0.8753003088891431,False,22.89129043654476,22.539067300654704,False,0.5345269446134164,HIGH,1,0001121788,GARMIN LTD,0.009747258146810609,18,True,0.03483449477938527,0.0054148303738558445,291,0.0,3572,Computer Storage Devices,Mid-scale revenue proxy,FY2019 revenue proxy; historical market cap not constructed,False,NTAP
0001973266,,,,,,,,NO_BNPL_EVIDENCE,"Search completed; no clear BNPL exposure signal detected in result text. Top links: https://r.bing.com/rs/4f/gg/cc,nc/-G_YKFrphkyl83D0HTgpMefXo7c.css?or=w; https://r.bing.com/rs/4f/h6/cc,nc/U6HOq0RcF4_oC2_ItiNCBhNzO24.css?or=w; https://r.bing.com/rs/4f/ez/cir3,cc,nc/ITQ79_h8jq-eoIeRkdWbxDW7IbQ.css?or=w",Entertainment,CTRL_CAND_0038,excluded_insufficient_pre_financials,SEC company_tickers_exchange.json + SEC submissions SIC,https://www.sec.gov/files/company_tickers_exchange.json; https://data.sec.gov/submissions/CIK##########.json,,MEDIUM,"TKO Group Holdings, Inc.",cache,Gaming & Entertainment,,NYSE,False,,,,,,,True,,,,,,,,False,,,292,,7900,Services-Amusement & Recreation Services,,,False,TKO
0001511737,0.4516158164335981,0.2570818792865186,0.330768247568871,0.22425511753538138,875865000.0,,875092000.0,NO_BNPL_EVIDENCE,"Search completed; no clear BNPL exposure signal detected in result text. Top links: https://r.bing.com/rs/4f/gg/cc,nc/-G_YKFrphkyl83D0HTgpMefXo7c.css?or=w; https://r.bing.com/rs/4f/h6/cc,nc/U6HOq0RcF4_oC2_ItiNCBhNzO24.css?or=w; https://r.bing.com/rs/4f/fG/cir3,cc,nc/5gFAL7Id0yWkqqPO1crOKHL1NzM.css?or=w",Electronics & Technology,CTRL_CAND_0039,preferred_control,SEC company_tickers_exchange.json + SEC submissions SIC,https://www.sec.gov/files/company_tickers_exchange.json; https://data.sec.gov/submissions/CIK##########.json,0.2718992082113111,LOW,Ubiquiti Inc.,cache,Phones & Smartwatches,0.11334737659342478,NYSE,True,-0.0022784570448535057,0.301737139856028,0.8866526234065752,False,20.59072252743552,20.58983958165191,True,0.7177142433530376,HIGH,1,0001314727,Sonos Inc,-0.002106471743292526,15,True,0.0950669233565209,0.05212377451902785,298,0.04953319533352121,3663,Radio & Tv Broadcasting & Communications Equipment,Small-scale revenue proxy,FY2019 revenue proxy; historical market cap not constructed,False,UI
0000726958,0.2176559694902284,0.029299616593714238,,0.10128718034502442,3731376000.0,,9352910000.0,NO_BNPL_EVIDENCE,"Search completed; no clear BNPL exposure signal detected in result text. Top links: https://r.bing.com/rs/4f/gg/cc,nc/-G_YKFrphkyl83D0HTgpMefXo7c.css?or=w; https://r.bing.com/rs/4f/h6/cc,nc/U6HOq0RcF4_oC2_ItiNCBhNzO24.css?or=w; https://r.bing.com/rs/4f/ez/cir3,cc,nc/ITQ79_h8jq-eoIeRkdWbxDW7IbQ.css?or=w",Automotive,CTRL_CAND_0040,preferred_control,SEC company_tickers_exchange.json + SEC submissions SIC,https://www.sec.gov/files/company_tickers_exchange.json; https://data.sec.gov/submissions/CIK##########.json,0.016963179266844187,HIGH,CASEYS GENERAL STORES INC,cache,Automotive,0.3775467816698183,Nasdaq,True,-0.00046190604141567204,0.0731740784096805,0.6224532183301816,False,22.040042903379252,22.95895336177154,True,0.9489249913721756,LOW,1,0001089063,"DICK'S SPORTING GOODS, INC.",,17,True,0.09508168091303215,0.020767391090583148,308,0.0,5500,Retail-Auto Dealers & Gasoline Stations,Mid-scale revenue proxy,FY2019 revenue proxy; historical market cap not constructed,True,CASY
0000717826,,,,,276383000000.0,,,NO_BNPL_EVIDENCE,"Search completed; no clear BNPL exposure signal detected in result text. Top links: https://r.bing.com/rs/4f/gg/cc,nc/-G_YKFrphkyl83D0HTgpMefXo7c.css?or=w; https://r.bing.com/rs/4f/h6/cc,nc/U6HOq0RcF4_oC2_ItiNCBhNzO24.css?or=w; https://r.bing.com/rs/4f/fd/cir3,cc,nc/WTKNvHzqziTEsCD58MJtjs7bzWc.css?or=w",Electronics & Technology,CTRL_CAND_0041,excluded_insufficient_pre_financials,SEC company_tickers_exchange.json + SEC submissions SIC,https://www.sec.gov/files/company_tickers_exchange.json; https://data.sec.gov/submissions/CIK##########.json,0.16310337466486724,LOW,ERICSSON LM TELEPHONE CO,cache,Phones & Smartwatches,0.296248322074802,Nasdaq,False,,0.11166750487548076,,True,26.34505342188329,,True,,,,,,,0,False,,,310,,3663,Radio & Tv Broadcasting & Communications Equipment,Unclassified,FY2019 revenue proxy; historical market cap not constructed,False,ERIC
0001038683,,,,,13250700000.0,,,NO_BNPL_EVIDENCE,"Search completed; no clear BNPL exposure signal detected in result text. Top links: https://r.bing.com/rs/4f/gg/cc,nc/-G_YKFrphkyl83D0HTgpMefXo7c.css?or=w; https://r.bing.com/rs/4f/h6/cc,nc/U6HOq0RcF4_oC2_ItiNCBhNzO24.css?or=w; https://r.bing.com/rs/4f/fG/cir3,cc,nc/5gFAL7Id0yWkqqPO1crOKHL1NzM.css?or=w",Entertainment,CTRL_CAND_0042,excluded_insufficient_pre_financials,SEC company_tickers_exchange.json + SEC submissions SIC,https://www.sec.gov/files/company_tickers_exchange.json; https://data.sec.gov/submissions/CIK##########.json,0.12645369678583018,LOW,RYANAIR HOLDINGS PLC,cache,Gaming & Entertainment,0.3935565668228848,Nasdaq,False,,0.00021885636230538764,0.6064434331771151,True,23.307316218171856,,True,,,,,,,0,False,,,321,,4512,"Air Transportation, Scheduled",Unclassified,FY2019 revenue proxy; historical market cap not constructed,False,RYAAY
0001834584,,,,,,,,NO_BNPL_EVIDENCE,"Search completed; no clear BNPL exposure signal detected in result text. Top links: https://r.bing.com/rs/4f/gg/cc,nc/-G_YKFrphkyl83D0HTgpMefXo7c.css?or=w; https://r.bing.com/rs/4f/h6/cc,nc/U6HOq0RcF4_oC2_ItiNCBhNzO24.css?or=w; https://r.bing.com/rs/4f/ez/cir3,cc,nc/ITQ79_h8jq-eoIeRkdWbxDW7IbQ.css?or=w",Apparel & Personal Care,CTRL_CAND_0043,excluded_insufficient_pre_financials,SEC company_tickers_exchange.json + SEC submissions SIC,https://www.sec.gov/files/company_tickers_exchange.json; https://data.sec.gov/submissions/CIK##########.json,,LOW,"Coupang, Inc.",cache,Clothing & Accessories,,NYSE,False,,,,,,,True,,,,,,,,False,,,326,,5961,Retail-Catalog & Mail-Order Houses,,,False,CPNG
0000900075,0.8998007364013653,0.2538005165580906,0.3232367924960098,0.19756066427022748,2547617000.0,,,NO_BNPL_EVIDENCE,"Search completed; no clear BNPL exposure signal detected in result text. Top links: https://r.bing.com/rs/4f/gg/cc,nc/-G_YKFrphkyl83D0HTgpMefXo7c.css?or=w; https://r.bing.com/rs/4f/h6/cc,nc/U6HOq0RcF4_oC2_ItiNCBhNzO24.css?or=w; https://r.bing.com/rs/4f/eJ/cir3,cc,nc/-ooVmxB9OlPzBcewmec-cfwYTQs.css?or=w",Automotive,CTRL_CAND_0044,excluded_insufficient_pre_financials,SEC company_tickers_exchange.json + SEC submissions SIC,https://www.sec.gov/files/company_tickers_exchange.json; https://data.sec.gov/submissions/CIK##########.json,0.07313461952875962,HIGH,COPART INC,cache,Automotive,0.6980566545128252,Nasdaq,False,0.0011170016016361854,0.008219838382300008,0.3019433454871749,False,21.658424249386307,,True,,,,,,0.0023741638934723086,14,False,0.16599749690817522,0.04073694967107718,350,0.0,5500,Retail-Auto Dealers & Gasoline Stations,Unclassified,FY2019 revenue proxy; historical market cap not constructed,False,CPRT
0000935703,0.30547592709464844,0.05106413339864908,0.07149233229483978,0.0549015004093016,19574600000.0,,23610800000.0,NO_BNPL_EVIDENCE,"Search completed; no clear BNPL exposure signal detected in result text. Top links: https://r.bing.com/rs/4f/gg/cc,nc/-G_YKFrphkyl83D0HTgpMefXo7c.css?or=w; https://r.bing.com/rs/4f/h6/cc,nc/U6HOq0RcF4_oC2_ItiNCBhNzO24.css?or=w; https://r.bing.com/rs/4f/eT/cir3,cc,nc/ZNlEaxLrmuWEflDP-KwkyUROBrA.css?or=w",Apparel & Personal Care,CTRL_CAND_0045,preferred_control,SEC company_tickers_exchange.json + SEC submissions SIC,https://www.sec.gov/files/company_tickers_exchange.json; https://data.sec.gov/submissions/CIK##########.json,0.027545901321099794,LOW,"DOLLAR TREE, INC.",cache,Clothing & Accessories,0.319536542253737,Nasdaq,True,-0.0004063111297725692,,0.680463457746263,False,23.697498644387167,23.884970071417264,True,0.32602475045564455,HIGH,1,0000027419,TARGET CORP,-0.0009693822271593567,19,True,0.11097927977943511,0.030995967448716626,368,0.2941252737121125,5331,Retail-Variety Stores,Large-scale revenue proxy,FY2019 revenue proxy; historical market cap not constructed,False,DLTR
0000858446,,,,,3976000000.0,,,NO_BNPL_EVIDENCE,"Search completed; no clear BNPL exposure signal detected in result text. Top links: https://r.bing.com/rs/4f/gg/cc,nc/-G_YKFrphkyl83D0HTgpMefXo7c.css?or=w; https://r.bing.com/rs/4f/gS/cc,nc/_huiPba-9XiYDf9Vd8j9EoLtXL4.css?or=w; https://r.bing.com/rs/4f/eT/cir3,cc,nc/ZNlEaxLrmuWEflDP-KwkyUROBrA.css?or=w",Entertainment,CTRL_CAND_0046,excluded_insufficient_pre_financials,SEC company_tickers_exchange.json + SEC submissions SIC,https://www.sec.gov/files/company_tickers_exchange.json; https://data.sec.gov/submissions/CIK##########.json,0.04904426559356137,LOW,INTERCONTINENTAL HOTELS GROUP PLC /NEW/,cache,Gaming & Entertainment,-0.36846076458752514,NYSE,False,,0.0015090543259557343,1.368460764587525,True,22.103542125740738,,True,,,,,,,0,False,,,377,,7011,Hotels & Motels,Unclassified,FY2019 revenue proxy; historical market cap not constructed,False,IHG
0000940944,0.1841029541589447,0.07324351342599662,0.09377317969501836,0.071152496114862,5892800000.0,,8510400000.0,NO_BNPL_EVIDENCE,"Search completed; no clear BNPL exposure signal detected in result text. Top links: https://r.bing.com/rs/4f/gg/cc,nc/-G_YKFrphkyl83D0HTgpMefXo7c.css?or=w; https://r.bing.com/rs/4f/h6/cc,nc/U6HOq0RcF4_oC2_ItiNCBhNzO24.css?or=w; https://r.bing.com/rs/4f/f3/cir3,cc,nc/XKkf7PevzOVtzidRm3f9xWob0cM.css?or=w",Entertainment,CTRL_CAND_0047,preferred_control,SEC company_tickers_exchange.json + SEC submissions SIC,https://www.sec.gov/files/company_tickers_exchange.json; https://data.sec.gov/submissions/CIK##########.json,0.07760317675807765,LOW,DARDEN RESTAURANTS INC,cache,Gaming & Entertainment,0.40602090686939996,NYSE,True,-0.0005982953694553091,0.035178522943252785,0.5939790931306,False,22.496997103655076,22.86455478195233,True,0.6713715668803615,HIGH,1,0001269238,Trip.com Group Ltd,0.0011035475060377955,17,True,0.07069510628684927,0.01612572828133979,386,0.0,5812,Retail-Eating Places,Mid-scale revenue proxy,FY2019 revenue proxy; historical market cap not constructed,False,DRI
0001048695,0.8325929483736845,0.19920342387456305,0.2616467457052093,0.04085564635430345,3390275000.0,,,NO_BNPL_EVIDENCE,"Search completed; no clear BNPL exposure signal detected in result text. Top links: https://r.bing.com/rs/4f/gg/cc,nc/-G_YKFrphkyl83D0HTgpMefXo7c.css?or=w; https://r.bing.com/rs/4f/gM/cc,nc/rWljTRKHPYQiu_szhv9ApXQ-KpI.css?or=w; https://r.bing.com/rs/4f/eT/cir3,cc,nc/ZNlEaxLrmuWEflDP-KwkyUROBrA.css?or=w",Electronics & Technology,CTRL_CAND_0048,excluded_insufficient_pre_financials,SEC company_tickers_exchange.json + SEC submissions SIC,https://www.sec.gov/files/company_tickers_exchange.json; https://data.sec.gov/submissions/CIK##########.json,0.17674642912448105,MEDIUM,"F5, INC.",cache,Computers & Tablets,0.5195734859266579,Nasdaq,False,0.0006099537677990342,0.010146964479282655,0.48042651407334214,False,21.944176875992596,,True,,,,,,-0.0025718877697978684,16,False,0.14048441062776562,0.010539484209511165,391,0.0,3576,Computer Communications Equipment,Unclassified,FY2019 revenue proxy; historical market cap not constructed,False,FFIV
0001874178,,,,,,,,NO_BNPL_EVIDENCE,"Search completed; no clear BNPL exposure signal detected in result text. Top links: https://r.bing.com/rs/4f/gg/cc,nc/-G_YKFrphkyl83D0HTgpMefXo7c.css?or=w; https://r.bing.com/rs/4f/h6/cc,nc/U6HOq0RcF4_oC2_ItiNCBhNzO24.css?or=w; https://r.bing.com/rs/4f/fn/cir3,cc,nc/qYkYtW4ptUTHO5TVR_F3o3iRdIs.css?or=w",Automotive,CTRL_CAND_0049,excluded_insufficient_pre_financials,SEC company_tickers_exchange.json + SEC submissions SIC,https://www.sec.gov/files/company_tickers_exchange.json; https://data.sec.gov/submissions/CIK##########.json,,MEDIUM,"Rivian Automotive, Inc. / DE",cache,Automotive,,Nasdaq,False,,,,,,,True,,,,,,,,False,,,397,,3711,Motor Vehicles & Passenger Car Bodies,,,False,RIVN
0000092380,,0.12670850984499385,0.14703404689624852,0.029501818728768215,25895000000.0,,22428000000.0,NO_BNPL_EVIDENCE,"Search completed; no clear BNPL exposure signal detected in result text. Top links: https://r.bing.com/rs/4f/gg/cc,nc/-G_YKFrphkyl83D0HTgpMefXo7c.css?or=w; https://r.bing.com/rs/4f/gM/cc,nc/rWljTRKHPYQiu_szhv9ApXQ-KpI.css?or=w; https://r.bing.com/rs/4f/fd/cir3,cc,nc/WTKNvHzqziTEsCD58MJtjs7bzWc.css?or=w",Entertainment,CTRL_CAND_0050,preferred_control,SEC company_tickers_exchange.json + SEC submissions SIC,https://www.sec.gov/files/company_tickers_exchange.json; https://data.sec.gov/submissions/CIK##########.json,0.09839737401042672,LOW,SOUTHWEST AIRLINES CO,cache,Gaming & Entertainment,0.37968719830083025,NYSE,True,,,,False,23.977315736822266,23.833576015207836,True,1.547522406594551,LOW,1,0000732717,AT&T INC.,-0.004873758099227288,19,True,0.031387169159726946,0.008935815636167908,404,0.0,4512,"Air Transportation, Scheduled",Large-scale revenue proxy,FY2019 revenue proxy; historical market cap not constructed,False,LUV
0000746515,,0.07264494786949591,0.09754718060466087,0.10644220068130215,3691884000.0,,8175426000.0,NO_BNPL_EVIDENCE,"Search completed; no clear BNPL exposure signal detected in result text. Top links: https://r.bing.com/rs/4f/gg/cc,nc/-G_YKFrphkyl83D0HTgpMefXo7c.css?or=w; https://r.bing.com/rs/4f/h6/cc,nc/U6HOq0RcF4_oC2_ItiNCBhNzO24.css?or=w; https://r.bing.com/rs/4f/fn/cir3,cc,nc/qYkYtW4ptUTHO5TVR_F3o3iRdIs.css?or=w",Sports & Leisure,CTRL_CAND_0051,preferred_control,SEC company_tickers_exchange.json + SEC submissions SIC,https://www.sec.gov/files/company_tickers_exchange.json; https://data.sec.gov/submissions/CIK##########.json,0.33329622490847494,MEDIUM,EXPEDITORS INTERNATIONAL OF WASHINGTON INC,cache,Sports & Outdoor,0.5945549751834023,NYSE,True,,,,False,22.02940273380848,22.82439866246379,False,0.5744121370083801,HIGH,1,0001075531,Booking Holdings Inc.,-0.0010080089454642396,20,True,0.05431006543898609,0.018392158252502944,405,0.0,4731,Arrangement of Transportation of Freight & Cargo,Mid-scale revenue proxy,FY2019 revenue proxy; historical market cap not constructed,False,EXPD
0000749098,,,,,25790000000.0,,,NO_BNPL_EVIDENCE,"Search completed; no clear BNPL exposure signal detected in result text. Top links: https://r.bing.com/rs/4f/gg/cc,nc/-G_YKFrphkyl83D0HTgpMefXo7c.css?or=w; https://r.bing.com/rs/4f/h6/cc,nc/U6HOq0RcF4_oC2_ItiNCBhNzO24.css?or=w; https://r.bing.com/rs/4f/fG/cir3,cc,nc/5gFAL7Id0yWkqqPO1crOKHL1NzM.css?or=w",Automotive,CTRL_CAND_0052,excluded_insufficient_pre_financials,SEC company_tickers_exchange.json + SEC submissions SIC,https://www.sec.gov/files/company_tickers_exchange.json; https://data.sec.gov/submissions/CIK##########.json,0.04947654129507561,MEDIUM,MAGNA INTERNATIONAL INC,cache,Automotive,0.4199689802248934,NYSE,False,,0.12811167119038386,0.5683986041101202,True,23.973252656839666,,True,,,,,,,0,False,,,445,,3714,Motor Vehicle Parts & Accessories,Unclassified,FY2019 revenue proxy; historical market cap not constructed,False,MGA
0001375365,0.14408714211818624,0.024289122063153486,0.03392349957214711,0.07434715858087089,1682594000.0,,3500360000.0,NO_BNPL_EVIDENCE,"Search completed; no clear BNPL exposure signal detected in result text. Top links: https://r.bing.com/rs/4f/gg/cc,nc/-G_YKFrphkyl83D0HTgpMefXo7c.css?or=w; https://r.bing.com/rs/4f/gM/cc,nc/rWljTRKHPYQiu_szhv9ApXQ-KpI.css?or=w; https://r.bing.com/rs/4f/fd/cir3,cc,nc/WTKNvHzqziTEsCD58MJtjs7bzWc.css?or=w",Electronics & Technology,CTRL_CAND_0053,preferred_control,SEC company_tickers_exchange.json + SEC submissions SIC,https://www.sec.gov/files/company_tickers_exchange.json; https://data.sec.gov/submissions/CIK##########.json,0.14748893672508046,MEDIUM,"Super Micro Computer, Inc.",cache,Computers & Tablets,0.5592644452553617,Nasdaq,True,-0.0012260325346820664,0.39830642448505105,0.4406398691544128,False,21.24360248716473,21.976131657295202,False,0.5953286282411852,HIGH,1,0001326380,GameStop Corp.,-0.0035695195132430186,13,True,0.16468607422426218,0.04952784807135778,449,0.0,3571,Electronic Computers,Mid-scale revenue proxy,FY2019 revenue proxy; historical market cap not constructed,False,SMCI
0001043277,0.5652600528093925,0.09672925863254912,0.14450324454358202,1.9411953432094555,4641060000.0,,15309508000.0,NO_BNPL_EVIDENCE,"Search completed; no clear BNPL exposure signal detected in result text. Top links: https://r.bing.com/rs/4f/gg/cc,nc/-G_YKFrphkyl83D0HTgpMefXo7c.css?or=w; https://r.bing.com/rs/4f/h6/cc,nc/U6HOq0RcF4_oC2_ItiNCBhNzO24.css?or=w; https://r.bing.com/rs/4f/fG/cir3,cc,nc/5gFAL7Id0yWkqqPO1crOKHL1NzM.css?or=w",Sports & Leisure,CTRL_CAND_0054,preferred_control,SEC company_tickers_exchange.json + SEC submissions SIC,https://www.sec.gov/files/company_tickers_exchange.json; https://data.sec.gov/submissions/CIK##########.json,0.09649907564220243,MEDIUM,"C. H. ROBINSON WORLDWIDE, INC.",cache,Sports & Outdoor,0.35998888185026695,Nasdaq,True,-0.033474868421891846,,0.640011118149733,False,22.258208625370102,23.451739910240722,True,3.4,REVIEW,1,0001691421,"Lemonade, Inc.",-0.0018120541801695089,19,True,0.032403293107408526,0.019332554617363582,461,0.011952438927351726,4731,Arrangement of Transportation of Freight & Cargo,Large-scale revenue proxy,FY2019 revenue proxy; historical market cap not constructed,False,CHRW
0001605484,,,,,98044000000.0,,,NO_BNPL_EVIDENCE,"Search completed; no clear BNPL exposure signal detected in result text. Top links: https://r.bing.com/rs/4f/gg/cc,nc/-G_YKFrphkyl83D0HTgpMefXo7c.css?or=w; https://r.bing.com/rs/4f/h6/cc,nc/U6HOq0RcF4_oC2_ItiNCBhNzO24.css?or=w; https://r.bing.com/rs/4f/fG/cir3,cc,nc/5gFAL7Id0yWkqqPO1crOKHL1NzM.css?or=w",Automotive,CTRL_CAND_0055,excluded_insufficient_pre_financials,SEC company_tickers_exchange.json + SEC submissions SIC,https://www.sec.gov/files/company_tickers_exchange.json; https://data.sec.gov/submissions/CIK##########.json,0.1531353269960426,MEDIUM,Stellantis N.V.,cache,Automotive,0.2924707274285015,NYSE,False,,0.09915956101342255,,True,25.30868219444764,,True,,,,,,,0,False,,,472,,3711,Motor Vehicles & Passenger Car Bodies,Unclassified,FY2019 revenue proxy; historical market cap not constructed,False,STLA
0001673358,0.20317165467701948,0.07637413594248899,0.10957197860572397,0.13630906292964518,6950000000.0,,8776000000.0,NO_BNPL_EVIDENCE,"Search completed; no clear BNPL exposure signal detected in result text. Top links: https://r.bing.com/rs/4f/gg/cc,nc/-G_YKFrphkyl83D0HTgpMefXo7c.css?or=w; https://r.bing.com/rs/4f/h6/cc,nc/U6HOq0RcF4_oC2_ItiNCBhNzO24.css?or=w; https://r.bing.com/rs/4f/fG/cir3,cc,nc/5gFAL7Id0yWkqqPO1crOKHL1NzM.css?or=w",Entertainment,CTRL_CAND_0056,preferred_control,SEC company_tickers_exchange.json + SEC submissions SIC,https://www.sec.gov/files/company_tickers_exchange.json; https://data.sec.gov/submissions/CIK##########.json,0.15050359712230216,LOW,"Yum China Holdings, Inc.",cache,Gaming & Entertainment,0.4427338129496403,NYSE,True,-0.0018568906702086131,0.05467625899280575,0.5431654676258992,False,22.662007496523113,22.89528655991934,True,2.65,REVIEW,1,0001559720,"Airbnb, Inc.",-0.0057943644544191375,13,True,0.10835168112298743,0.025341830378381613,480,0.0,5812,Retail-Eating Places,Mid-scale revenue proxy,FY2019 revenue proxy; historical market cap not constructed,False,YUMC
0001584509,0.10838033290503317,0.0304616601381883,0.0517932879173317,0.03366354464274842,13736321000.0,,,NO_BNPL_EVIDENCE,"Search completed; no clear BNPL exposure signal detected in result text. Top links: https://r.bing.com/rs/4f/gg/cc,nc/-G_YKFrphkyl83D0HTgpMefXo7c.css?or=w; https://r.bing.com/rs/4f/gM/cc,nc/rWljTRKHPYQiu_szhv9ApXQ-KpI.css?or=w; https://r.bing.com/rs/4f/eT/cir3,cc,nc/ZNlEaxLrmuWEflDP-KwkyUROBrA.css?or=w",Entertainment,CTRL_CAND_0057,excluded_insufficient_pre_financials,SEC company_tickers_exchange.json + SEC submissions SIC,https://www.sec.gov/files/company_tickers_exchange.json; https://data.sec.gov/submissions/CIK##########.json,0.01795553554696341,LOW,Aramark,cache,Gaming & Entertainment,0.24169841400765169,NYSE,False,0.00041484665139346187,0.029943898369876477,,False,23.34330932951722,,True,,,,,,0.00030968126915149375,14,False,0.00955980463204753,0.005275905881739986,509,0.04636200504503986,5812,Retail-Eating Places,Unclassified,FY2019 revenue proxy; historical market cap not constructed,False,ARMK
0001019849,0.15003023464184864,0.023081113077272397,0.02894866439578189,0.0505005672987215,13942700000.0,,23179400000.0,NO_BNPL_EVIDENCE,"Search completed; no clear BNPL exposure signal detected in result text. Top links: https://r.bing.com/rs/4f/gg/cc,nc/-G_YKFrphkyl83D0HTgpMefXo7c.css?or=w; https://r.bing.com/rs/4f/gM/cc,nc/rWljTRKHPYQiu_szhv9ApXQ-KpI.css?or=w; https://r.bing.com/rs/4f/ez/cir3,cc,nc/ITQ79_h8jq-eoIeRkdWbxDW7IbQ.css?or=w",Automotive,CTRL_CAND_0058,preferred_control,SEC company_tickers_exchange.json + SEC submissions SIC,https://www.sec.gov/files/company_tickers_exchange.json; https://data.sec.gov/submissions/CIK##########.json,0.002015391566913152,HIGH,"PENSKE AUTOMOTIVE GROUP, INC.",cache,Automotive,0.20034856950232022,NYSE,True,2.8503260025906834e-05,0.30558643591269985,0.7983460879169745,False,23.35822191075483,23.86652979013992,True,1.112080291799752,LOW,1,0001258602,NELNET INC,-8.068939804282811e-05,19,True,0.04705910988870632,0.013500633444064072,530,0.12688149812395316,5500,Retail-Auto Dealers & Gasoline Stations,Large-scale revenue proxy,FY2019 revenue proxy; historical market cap not constructed,True,PAG
0001206264,0.4197972843231334,0.05354118778968791,0.10403788048701766,-0.027519403881875005,3061800000.0,,3106000000.0,NO_BNPL_EVIDENCE,"Search completed; no clear BNPL exposure signal detected in result text. Top links: https://r.bing.com/rs/4f/gg/cc,nc/-G_YKFrphkyl83D0HTgpMefXo7c.css?or=w; https://r.bing.com/rs/4f/h6/cc,nc/U6HOq0RcF4_oC2_ItiNCBhNzO24.css?or=w; https://r.bing.com/rs/4f/f3/cir3,cc,nc/XKkf7PevzOVtzidRm3f9xWob0cM.css?or=w",Home & Appliances,CTRL_CAND_0059,preferred_control,SEC company_tickers_exchange.json + SEC submissions SIC,https://www.sec.gov/files/company_tickers_exchange.json; https://data.sec.gov/submissions/CIK##########.json,0.02119668169050885,MEDIUM,SOMNIGROUP INTERNATIONAL INC.,cache,Home & Appliances,0.11741459272323469,NYSE,True,0.0020480617012225946,0.08508067150042459,0.8822914625383761,False,21.842268815262255,21.856601561672907,False,0.3176759267243415,HIGH,1,0000916365,TRACTOR SUPPLY CO /DE/,0.00038588711534097105,19,True,-0.0036053869153278573,-0.0030251626593996717,543,0.0,2510,Household Furniture,Mid-scale revenue proxy,FY2019 revenue proxy; historical market cap not constructed,False,SGI
0001289460,,0.0632956376004911,0.07886944760368485,0.1147380127937213,1983565000.0,,2756163000.0,NO_BNPL_EVIDENCE,"Search completed; no clear BNPL exposure signal detected in result text. Top links: https://r.bing.com/rs/4f/gg/cc,nc/-G_YKFrphkyl83D0HTgpMefXo7c.css?or=w; https://r.bing.com/rs/4f/h6/cc,nc/U6HOq0RcF4_oC2_ItiNCBhNzO24.css?or=w; https://r.bing.com/rs/4f/fG/cir3,cc,nc/5gFAL7Id0yWkqqPO1crOKHL1NzM.css?or=w",Entertainment,CTRL_CAND_0060,preferred_control,SEC company_tickers_exchange.json + SEC submissions SIC,https://www.sec.gov/files/company_tickers_exchange.json; https://data.sec.gov/submissions/CIK##########.json,0.05438642040971685,LOW,"Texas Roadhouse, Inc.",cache,Gaming & Entertainment,0.46179177390204,Nasdaq,True,,0.010217461993935162,0.5305578592080421,False,21.408161567737157,21.737105332035405,True,1.0595670152534848,LOW,1,0001403568,"Ulta Beauty, Inc.",-0.0007689765703606354,20,True,0.11125717324377504,0.024929035015269736,553,0.0,5812,Retail-Eating Places,Mid-scale revenue proxy,FY2019 revenue proxy; historical market cap not constructed,False,TXRH
0001319161,0.4628310763951436,0.06530090161236214,0.06980567812122794,0.11475774192825157,6017000000.0,,4475000000.0,NO_BNPL_EVIDENCE,"Search completed; no clear BNPL exposure signal detected in result text. Top links: https://r.bing.com/rs/4f/gg/cc,nc/-G_YKFrphkyl83D0HTgpMefXo7c.css?or=w; https://r.bing.com/rs/4f/gM/cc,nc/rWljTRKHPYQiu_szhv9ApXQ-KpI.css?or=w; https://r.bing.com/rs/4f/fG/cir3,cc,nc/5gFAL7Id0yWkqqPO1crOKHL1NzM.css?or=w",Entertainment,CTRL_CAND_0061,preferred_control,SEC company_tickers_exchange.json + SEC submissions SIC,https://www.sec.gov/files/company_tickers_exchange.json; https://data.sec.gov/submissions/CIK##########.json,0.10287518697025096,MEDIUM,Warner Music Group Corp.,cache,Gaming & Entertainment,-0.04803058002326741,Nasdaq,True,-0.0024908422783460906,0.012298487618414492,1.044706664450723,False,22.517854633184626,22.22177218867323,True,1.17341960940395,LOW,1,0001336917,"Under Armour, Inc.",0.0006484635803188311,18,True,0.2029487615376684,0.028847073768216634,554,0.3760551874375964,7900,Services-Amusement & Recreation Services,Mid-scale revenue proxy,FY2019 revenue proxy; historical market cap not constructed,False,WMG
0001791706,,,,,,,,NO_BNPL_EVIDENCE,"Search completed; no clear BNPL exposure signal detected in result text. Top links: https://r.bing.com/rs/4f/gg/cc,nc/-G_YKFrphkyl83D0HTgpMefXo7c.css?or=w; https://r.bing.com/rs/4f/gM/cc,nc/rWljTRKHPYQiu_szhv9ApXQ-KpI.css?or=w; https://r.bing.com/rs/4f/f3/cir3,cc,nc/XKkf7PevzOVtzidRm3f9xWob0cM.css?or=w",Automotive,CTRL_CAND_0062,excluded_insufficient_pre_financials,SEC company_tickers_exchange.json + SEC submissions SIC,https://www.sec.gov/files/company_tickers_exchange.json; https://data.sec.gov/submissions/CIK##########.json,,MEDIUM,Li Auto Inc.,cache,Automotive,,Nasdaq,False,,,,,,,True,,,,,,,,False,,,563,,3711,Motor Vehicles & Passenger Car Bodies,,,False,LI
0001483994,,,,,7611000000.0,,,NO_BNPL_EVIDENCE,"Search completed; no clear BNPL exposure signal detected in result text. Top links: https://r.bing.com/rs/4f/gg/cc,nc/-G_YKFrphkyl83D0HTgpMefXo7c.css?or=w; https://r.bing.com/rs/4f/h6/cc,nc/U6HOq0RcF4_oC2_ItiNCBhNzO24.css?or=w; https://r.bing.com/rs/4f/fG/cir3,cc,nc/5gFAL7Id0yWkqqPO1crOKHL1NzM.css?or=w",Entertainment,CTRL_CAND_0063,excluded_insufficient_pre_financials,SEC company_tickers_exchange.json + SEC submissions SIC,https://www.sec.gov/files/company_tickers_exchange.json; https://data.sec.gov/submissions/CIK##########.json,0.061095782420181315,LOW,H World Group Ltd,cache,Gaming & Entertainment,0.13940349494153198,Nasdaq,False,,0.001051110235185915,0.858362895808698,True,22.752860406231665,,True,,,,,,,0,False,,,569,,7011,Hotels & Motels,Unclassified,FY2019 revenue proxy; historical market cap not constructed,False,HTHT
0000317540,0.3491552090662966,0.008681380760361103,0.024399706177422213,0.19286981587862045,3126926000.0,,4826549000.0,NO_BNPL_EVIDENCE,"Search completed; no clear BNPL exposure signal detected in result text. Top links: https://r.bing.com/rs/4f/gg/cc,nc/-G_YKFrphkyl83D0HTgpMefXo7c.css?or=w; https://r.bing.com/rs/4f/gM/cc,nc/rWljTRKHPYQiu_szhv9ApXQ-KpI.css?or=w; https://r.bing.com/rs/4f/f3/cir3,cc,nc/XKkf7PevzOVtzidRm3f9xWob0cM.css?or=w",Automotive,CTRL_CAND_0064,preferred_control,SEC company_tickers_exchange.json + SEC submissions SIC,https://www.sec.gov/files/company_tickers_exchange.json; https://data.sec.gov/submissions/CIK##########.json,0.003074585071728592,MEDIUM,"Coca-Cola Consolidated, Inc.",cache,Automotive,0.11095625544064681,Nasdaq,True,-0.0035835479561856605,0.07225178977692469,0.8557317953798714,False,21.863316250287607,22.297397556485674,True,3.4,REVIEW,1,0001787117,Reformation Inc.,-0.0009073940811197286,19,True,0.2027428733388179,0.05144754120627394,595,0.3500711701105439,2086,Bottled & Canned Soft Drinks & Carbonated Waters,Mid-scale revenue proxy,FY2019 revenue proxy; historical market cap not constructed,False,COKE
0001810997,,,,,,,,NO_BNPL_EVIDENCE,"Search completed; no clear BNPL exposure signal detected in result text. Top links: https://r.bing.com/rs/4f/gg/cc,nc/-G_YKFrphkyl83D0HTgpMefXo7c.css?or=w; https://r.bing.com/rs/4f/h6/cc,nc/U6HOq0RcF4_oC2_ItiNCBhNzO24.css?or=w; https://r.bing.com/rs/4f/fd/cir3,cc,nc/WTKNvHzqziTEsCD58MJtjs7bzWc.css?or=w",Automotive,CTRL_CAND_0065,excluded_insufficient_pre_financials,SEC company_tickers_exchange.json + SEC submissions SIC,https://www.sec.gov/files/company_tickers_exchange.json; https://data.sec.gov/submissions/CIK##########.json,,MEDIUM,XPENG INC.,cache,Automotive,,NYSE,False,,,,,,,True,,,,,,,,False,,,597,,3711,Motor Vehicles & Passenger Car Bodies,,,False,XPEV
0001521332,0.19752487698065543,-0.3255719158389849,0.1324995309413478,-0.13745702357462178,13459000000.0,,14357000000.0,NO_BNPL_EVIDENCE,"Search completed; no clear BNPL exposure signal detected in result text. Top links: https://r.bing.com/rs/4f/gg/cc,nc/-G_YKFrphkyl83D0HTgpMefXo7c.css?or=w; https://r.bing.com/rs/4f/h6/cc,nc/U6HOq0RcF4_oC2_ItiNCBhNzO24.css?or=w; https://r.bing.com/rs/4f/fG/cir3,cc,nc/5gFAL7Id0yWkqqPO1crOKHL1NzM.css?or=w",Automotive,CTRL_CAND_0066,preferred_control,SEC company_tickers_exchange.json + SEC submissions SIC,https://www.sec.gov/files/company_tickers_exchange.json; https://data.sec.gov/submissions/CIK##########.json,0.030611486737499072,MEDIUM,Aptiv PLC,cache,Automotive,0.28375065012259454,NYSE,True,-0.0008862773031279446,0.09554944646704808,0.7019838026599302,False,23.32291386419799,23.387503465091967,False,0.1302007241916893,HIGH,1,0000042582,GOODYEAR TIRE & RUBBER CO /OH/,-0.00033120412356003854,19,True,-0.013594871808226272,-0.00609559972589677,611,0.07941640378548896,3714,Motor Vehicle Parts & Accessories,Large-scale revenue proxy,FY2019 revenue proxy; historical market cap not constructed,False,APTV
0001883685,,,,,,,,NO_BNPL_EVIDENCE,"Search completed; no clear BNPL exposure signal detected in result text. Top links: https://r.bing.com/rs/4f/gg/cc,nc/-G_YKFrphkyl83D0HTgpMefXo7c.css?or=w; https://r.bing.com/rs/4f/h6/cc,nc/U6HOq0RcF4_oC2_ItiNCBhNzO24.css?or=w; https://r.bing.com/rs/4f/eJ/cir3,cc,nc/-ooVmxB9OlPzBcewmec-cfwYTQs.css?or=w",Entertainment,CTRL_CAND_0067,excluded_insufficient_pre_financials,SEC company_tickers_exchange.json + SEC submissions SIC,https://www.sec.gov/files/company_tickers_exchange.json; https://data.sec.gov/submissions/CIK##########.json,,MEDIUM,DraftKings Inc.,cache,Gaming & Entertainment,,Nasdaq,False,,,,,,,True,,,,,,,,False,,,622,,7990,Services-Miscellaneous Amusement & Recreation,,,False,DKNG
0001866581,,,,,,,,NO_BNPL_EVIDENCE,"Search completed; no clear BNPL exposure signal detected in result text. Top links: https://r.bing.com/rs/4f/gg/cc,nc/-G_YKFrphkyl83D0HTgpMefXo7c.css?or=w; https://r.bing.com/rs/4f/h6/cc,nc/U6HOq0RcF4_oC2_ItiNCBhNzO24.css?or=w; https://r.bing.com/rs/4f/fG/cir3,cc,nc/5gFAL7Id0yWkqqPO1crOKHL1NzM.css?or=w",Entertainment,CTRL_CAND_0068,excluded_insufficient_pre_financials,SEC company_tickers_exchange.json + SEC submissions SIC,https://www.sec.gov/files/company_tickers_exchange.json; https://data.sec.gov/submissions/CIK##########.json,,LOW,Dutch Bros Inc.,cache,Gaming & Entertainment,,NYSE,False,,,,,,,True,,,,,,,,False,,,623,,5810,Retail-Eating & Drinking Places,,,False,BROS
0001573516,0.8495605634641995,0.016642269176883433,0.02115945399616327,0.11939857329156707,2687200000.0,,,NO_BNPL_EVIDENCE,"Search completed; no clear BNPL exposure signal detected in result text. Top links: https://r.bing.com/rs/4f/gg/cc,nc/-G_YKFrphkyl83D0HTgpMefXo7c.css?or=w; https://r.bing.com/rs/4f/h6/cc,nc/U6HOq0RcF4_oC2_ItiNCBhNzO24.css?or=w; https://r.bing.com/rs/4f/ez/cir3,cc,nc/ITQ79_h8jq-eoIeRkdWbxDW7IbQ.css?or=w",Automotive,CTRL_CAND_0069,excluded_insufficient_pre_financials,SEC company_tickers_exchange.json + SEC submissions SIC,https://www.sec.gov/files/company_tickers_exchange.json; https://data.sec.gov/submissions/CIK##########.json,0.104309318249479,HIGH,Murphy USA Inc.,cache,Automotive,0.2988240547782078,NYSE,False,0.0010728684121062248,0.08469782673414707,0.7011759452217922,False,21.711765596262357,,True,,,,,,0.00020373242291339325,14,False,0.004993355909371333,0.010174215613471337,631,0.02120483606002547,5500,Retail-Auto Dealers & Gasoline Stations,Unclassified,FY2019 revenue proxy; historical market cap not constructed,False,MUSA
0000067347,0.16830840668348737,0.021364560443737673,0.042875246199897715,0.23359541576611087,1538000000.0,,2212700000.0,NO_BNPL_EVIDENCE,"Search completed; no clear BNPL exposure signal detected in result text. Top links: https://r.bing.com/rs/4f/gg/cc,nc/-G_YKFrphkyl83D0HTgpMefXo7c.css?or=w; https://r.bing.com/rs/4f/gM/cc,nc/rWljTRKHPYQiu_szhv9ApXQ-KpI.css?or=w; https://r.bing.com/rs/4f/fG/cir3,cc,nc/5gFAL7Id0yWkqqPO1crOKHL1NzM.css?or=w",Automotive,CTRL_CAND_0070,preferred_control,SEC company_tickers_exchange.json + SEC submissions SIC,https://www.sec.gov/files/company_tickers_exchange.json; https://data.sec.gov/submissions/CIK##########.json,0.027113133940182055,MEDIUM,MODINE MANUFACTURING CO,cache,Automotive,0.34713914174252275,NYSE,True,2.514470803856449e-06,0.13049414824447333,0.6481794538361508,False,21.153748708029863,21.51747932624116,True,3.4,REVIEW,1,0001792781,Torrid Holdings Inc.,0.002635260563350166,13,True,0.18220372621305603,0.04647500787484714,648,0.11740362556790068,3714,Motor Vehicle Parts & Accessories,Mid-scale revenue proxy,FY2019 revenue proxy; historical market cap not constructed,False,MOD
0001061894,,,,,3211070000.0,,,NO_BNPL_EVIDENCE,"Search completed; no clear BNPL exposure signal detected in result text. Top links: https://r.bing.com/rs/4f/gg/cc,nc/-G_YKFrphkyl83D0HTgpMefXo7c.css?or=w; https://r.bing.com/rs/4f/gM/cc,nc/rWljTRKHPYQiu_szhv9ApXQ-KpI.css?or=w; https://r.bing.com/rs/4f/eT/cir3,cc,nc/ZNlEaxLrmuWEflDP-KwkyUROBrA.css?or=w",Apparel & Personal Care,CTRL_CAND_0071,excluded_insufficient_pre_financials,SEC company_tickers_exchange.json + SEC submissions SIC,https://www.sec.gov/files/company_tickers_exchange.json; https://data.sec.gov/submissions/CIK##########.json,0.019970290277072752,MEDIUM,Gildan Activewear Inc.,cache,Clothing & Accessories,,NYSE,False,,0.3276328451263909,0.42869697639727566,True,21.889870051878457,,True,,,,,,,0,False,,,662,,2300,Apparel & Other Finishd Prods of Fabrics & Similar Matl,Unclassified,FY2019 revenue proxy; historical market cap not constructed,False,GIL
0001174922,,0.10032598720813568,0.1389763622135902,0.24339717079123696,13871281000.0,,,NO_BNPL_EVIDENCE,"Search completed; no clear BNPL exposure signal detected in result text. Top links: https://r.bing.com/rs/4f/gg/cc,nc/-G_YKFrphkyl83D0HTgpMefXo7c.css?or=w; https://r.bing.com/rs/4f/h6/cc,nc/U6HOq0RcF4_oC2_ItiNCBhNzO24.css?or=w; https://r.bing.com/rs/4f/fd/cir3,cc,nc/WTKNvHzqziTEsCD58MJtjs7bzWc.css?or=w",Entertainment,CTRL_CAND_0072,excluded_insufficient_pre_financials,SEC company_tickers_exchange.json + SEC submissions SIC,https://www.sec.gov/files/company_tickers_exchange.json; https://data.sec.gov/submissions/CIK##########.json,0.16955204065147264,LOW,WYNN RESORTS LTD,cache,Gaming & Entertainment,0.1256585458833975,Nasdaq,False,,0.006381458208510086,0.8888731329139681,False,23.353086424614794,,True,,,,,,-0.0019335169631423787,16,False,0.18122356777755422,0.04478441307663415,666,0.17994202715166152,7011,Hotels & Motels,Unclassified,FY2019 revenue proxy; historical market cap not constructed,False,WYNN
0001869198,,,,,,,,NO_BNPL_EVIDENCE,"Search completed; no clear BNPL exposure signal detected in result text. Top links: https://r.bing.com/rs/4f/gg/cc,nc/-G_YKFrphkyl83D0HTgpMefXo7c.css?or=w; https://r.bing.com/rs/4f/gM/cc,nc/rWljTRKHPYQiu_szhv9ApXQ-KpI.css?or=w; https://r.bing.com/rs/4f/fG/cir3,cc,nc/5gFAL7Id0yWkqqPO1crOKHL1NzM.css?or=w",Entertainment,CTRL_CAND_0073,excluded_insufficient_pre_financials,SEC company_tickers_exchange.json + SEC submissions SIC,https://www.sec.gov/files/company_tickers_exchange.json; https://data.sec.gov/submissions/CIK##########.json,,MEDIUM,"Life Time Group Holdings, Inc.",cache,Gaming & Entertainment,,NYSE,False,,,,,,,True,,,,,,,,False,,,674,,7997,Services-Membership Sports & Recreation Clubs,,,False,LTH
0001767582,,,,,1402262000.0,,,NO_BNPL_EVIDENCE,"Search completed; no clear BNPL exposure signal detected in result text. Top links: https://r.bing.com/rs/4f/gg/cc,nc/-G_YKFrphkyl83D0HTgpMefXo7c.css?or=w; https://r.bing.com/rs/4f/gS/cc,nc/_huiPba-9XiYDf9Vd8j9EoLtXL4.css?or=w; https://r.bing.com/rs/4f/fG/cir3,cc,nc/5gFAL7Id0yWkqqPO1crOKHL1NzM.css?or=w",Entertainment,CTRL_CAND_0074,excluded_insufficient_pre_financials,SEC company_tickers_exchange.json + SEC submissions SIC,https://www.sec.gov/files/company_tickers_exchange.json; https://data.sec.gov/submissions/CIK##########.json,0.4984318194460094,LOW,Luckin Coffee Inc.,cache,Gaming & Entertainment,0.5183346621387444,OTC,False,,0.03949333291496168,0.47322468982258664,True,21.061352483991268,,True,,,,,,,0,False,,,682,,5810,Retail-Eating & Drinking Places,Unclassified,FY2019 revenue proxy; historical market cap not constructed,False,LKNCY
0000094845,0.5325935706871848,0.05751104368292038,0.0958213844242002,0.08440041119897719,4232418000.0,,5763087000.0,NO_BNPL_EVIDENCE,"Search completed; no clear BNPL exposure signal detected in result text. Top links: https://r.bing.com/rs/4f/gg/cc,nc/-G_YKFrphkyl83D0HTgpMefXo7c.css?or=w; https://r.bing.com/rs/4f/gM/cc,nc/rWljTRKHPYQiu_szhv9ApXQ-KpI.css?or=w; https://r.bing.com/rs/4f/eT/cir3,cc,nc/ZNlEaxLrmuWEflDP-KwkyUROBrA.css?or=w",Apparel & Personal Care,CTRL_CAND_0075,preferred_control,SEC company_tickers_exchange.json + SEC submissions SIC,https://www.sec.gov/files/company_tickers_exchange.json; https://data.sec.gov/submissions/CIK##########.json,0.22073363264214452,MEDIUM,LEVI STRAUSS & CO,cache,Clothing & Accessories,0.3694179072104882,NYSE,True,0.002185961422905649,0.20890942246252614,0.6286857772554602,False,22.16603929789139,22.474739105591002,False,0.6896387618104868,HIGH,1,0000320187,"NIKE, Inc.",0.00014365279353201858,20,True,0.0641273778392557,0.019603150416878157,693,0.43657984392482047,2300,Apparel & Other Finishd Prods of Fabrics & Similar Matl,Mid-scale revenue proxy,FY2019 revenue proxy; historical market cap not constructed,False,LEVI
0001636519,,-0.03283545016377021,-0.06065129501791212,0.13754963310766796,3763551000.0,,1631068000.0,NO_BNPL_EVIDENCE,"Search completed; no clear BNPL exposure signal detected in result text. Top links: https://r.bing.com/rs/4f/gg/cc,nc/-G_YKFrphkyl83D0HTgpMefXo7c.css?or=w; https://r.bing.com/rs/4f/h6/cc,nc/U6HOq0RcF4_oC2_ItiNCBhNzO24.css?or=w; https://r.bing.com/rs/4f/eJ/cir3,cc,nc/-ooVmxB9OlPzBcewmec-cfwYTQs.css?or=w",Entertainment,CTRL_CAND_0076,preferred_control,SEC company_tickers_exchange.json + SEC submissions SIC,https://www.sec.gov/files/company_tickers_exchange.json; https://data.sec.gov/submissions/CIK##########.json,0.2886561122726914,MEDIUM,Madison Square Garden Sports Corp.,cache,Gaming & Entertainment,0.6962839084683587,NYSE,True,,,0.28089535653960845,False,22.048628763562668,21.21250085192956,True,1.0554969952160358,LOW,1,0001397187,lululemon athletica inc.,-0.0019849801935377777,16,True,0.13507709650820465,0.03413658732573539,695,0.3129599666416405,7990,Services-Miscellaneous Amusement & Recreation,Small-scale revenue proxy,FY2019 revenue proxy; historical market cap not constructed,False,MSGS
0001411207,0.5124402292479222,0.2259338542097802,0.318956776710773,0.16641573992911973,4450000000.0,,2698000000.0,NO_BNPL_EVIDENCE,"Search completed; no clear BNPL exposure signal detected in result text. Top links: https://r.bing.com/rs/4f/gg/cc,nc/-G_YKFrphkyl83D0HTgpMefXo7c.css?or=w; https://r.bing.com/rs/4f/gM/cc,nc/rWljTRKHPYQiu_szhv9ApXQ-KpI.css?or=w; https://r.bing.com/rs/4f/fd/cir3,cc,nc/WTKNvHzqziTEsCD58MJtjs7bzWc.css?or=w",Automotive,CTRL_CAND_0077,preferred_control,SEC company_tickers_exchange.json + SEC submissions SIC,https://www.sec.gov/files/company_tickers_exchange.json; https://data.sec.gov/submissions/CIK##########.json,0.043146067415730335,MEDIUM,Allison Transmission Holdings Inc,cache,Automotive,0.1755056179775281,NYSE,True,0.0034997228398282653,0.044719101123595506,0.8244943820224719,False,22.21616993312456,21.715776594731974,True,1.068102582800795,LOW,1,0001579298,"Burlington Stores, Inc.",0.007289618703394769,19,True,0.07963414114124068,0.025257532435377303,696,0.15086820381440363,3714,Motor Vehicle Parts & Accessories,Mid-scale revenue proxy,FY2019 revenue proxy; historical market cap not constructed,False,ALSN
0000703351,0.7441448717871666,0.04432321666446896,0.07497808525358342,-0.01532844957891578,1258300000.0,,2301400000.0,NO_BNPL_EVIDENCE,"Search completed; no clear BNPL exposure signal detected in result text. Top links: https://r.bing.com/rs/4f/gg/cc,nc/-G_YKFrphkyl83D0HTgpMefXo7c.css?or=w; https://r.bing.com/rs/4f/gS/cc,nc/_huiPba-9XiYDf9Vd8j9EoLtXL4.css?or=w; https://r.bing.com/rs/4f/fG/cir3,cc,nc/5gFAL7Id0yWkqqPO1crOKHL1NzM.css?or=w",Entertainment,CTRL_CAND_0078,preferred_control,SEC company_tickers_exchange.json + SEC submissions SIC,https://www.sec.gov/files/company_tickers_exchange.json; https://data.sec.gov/submissions/CIK##########.json,0.010649288722880077,LOW,"BRINKER INTERNATIONAL, INC",cache,Gaming & Entertainment,-0.6184534689660653,NYSE,True,-0.00029892343944526364,0.01843757450528491,,False,20.953027440562195,21.556783470353633,True,2.65,REVIEW,1,0001670076,"Frontier Group Holdings, Inc.",-0.002490417783229242,17,True,-0.10935824813794748,-0.0008052170137833428,710,0.0,5812,Retail-Eating Places,Mid-scale revenue proxy,FY2019 revenue proxy; historical market cap not constructed,False,EAT
0001034670,0.1967178536456406,0.04546314592168257,0.0776179407006929,-0.03705388790480031,6771200000.0,,8547600000.0,NO_BNPL_EVIDENCE,"Search completed; no clear BNPL exposure signal detected in result text. Top links: https://r.bing.com/rs/4f/gg/cc,nc/-G_YKFrphkyl83D0HTgpMefXo7c.css?or=w; https://r.bing.com/rs/4f/h6/cc,nc/U6HOq0RcF4_oC2_ItiNCBhNzO24.css?or=w; https://r.bing.com/rs/4f/fG/cir3,cc,nc/5gFAL7Id0yWkqqPO1crOKHL1NzM.css?or=w",Automotive,CTRL_CAND_0079,preferred_control,SEC company_tickers_exchange.json + SEC submissions SIC,https://www.sec.gov/files/company_tickers_exchange.json; https://data.sec.gov/submissions/CIK##########.json,0.06567521266540642,MEDIUM,AUTOLIV INC,cache,Automotive,0.31149574669187147,NYSE,True,-0.0008875558329377991,0.10941930529300567,,False,22.635944160748146,22.868916378736582,True,3.4,REVIEW,1,0001792789,"DoorDash, Inc.",0.0005105046404820084,19,True,-0.017407488865912257,-0.005162613759372991,716,0.049212121212121214,3714,Motor Vehicle Parts & Accessories,Mid-scale revenue proxy,FY2019 revenue proxy; historical market cap not constructed,False,ALV
0000775158,,,,,,,,BNPL_EVIDENCE_FOUND,Candidate matched current BNPL merchant/public-parent data.,Automotive,CTRL_CAND_0080,excluded_bnpl_or_review,SEC company_tickers_exchange.json + SEC submissions SIC,https://www.sec.gov/files/company_tickers_exchange.json; https://data.sec.gov/submissions/CIK##########.json,,MEDIUM,OSHKOSH CORP,,Automotive,,NYSE,False,,,,,,,True,,,,,,,,False,,,723,,3711,Motor Vehicles & Passenger Car Bodies,,,False,OSK
0002078416,,,,,,,,NO_BNPL_EVIDENCE,"Search completed; no clear BNPL exposure signal detected in result text. Top links: https://r.bing.com/rs/4f/gg/cc,nc/-G_YKFrphkyl83D0HTgpMefXo7c.css?or=w; https://r.bing.com/rs/4f/h6/cc,nc/U6HOq0RcF4_oC2_ItiNCBhNzO24.css?or=w; https://r.bing.com/rs/4f/eJ/cir3,cc,nc/-ooVmxB9OlPzBcewmec-cfwYTQs.css?or=w",Entertainment,CTRL_CAND_0081,excluded_insufficient_pre_financials,SEC company_tickers_exchange.json + SEC submissions SIC,https://www.sec.gov/files/company_tickers_exchange.json; https://data.sec.gov/submissions/CIK##########.json,,MEDIUM,"Liberty Live Holdings, Inc.",cache,Gaming & Entertainment,,Nasdaq,False,,,,,,,True,,,,,,,,False,,,725,,7900,Services-Amusement & Recreation Services,,,False,LLYVA
0000913290,,,,,3697818000.0,,,NO_BNPL_EVIDENCE,"Search completed; no clear BNPL exposure signal detected in result text. Top links: https://r.bing.com/rs/4f/gg/cc,nc/-G_YKFrphkyl83D0HTgpMefXo7c.css?or=w; https://r.bing.com/rs/4f/gM/cc,nc/rWljTRKHPYQiu_szhv9ApXQ-KpI.css?or=w; https://r.bing.com/rs/4f/fn/cir3,cc,nc/qYkYtW4ptUTHO5TVR_F3o3iRdIs.css?or=w",Entertainment,CTRL_CAND_0082,excluded_insufficient_pre_financials,SEC company_tickers_exchange.json + SEC submissions SIC,https://www.sec.gov/files/company_tickers_exchange.json; https://data.sec.gov/submissions/CIK##########.json,0.04711508246214389,LOW,Frontline plc,cache,Gaming & Entertainment,0.40834243329444553,NYSE,False,,0.018027928902936814,0.5915948270033842,True,22.031008752907887,,True,,,,,,,0,False,,,726,,4412,Deep Sea Foreign Transportation of Freight,Unclassified,FY2019 revenue proxy; historical market cap not constructed,False,FRO
0001023128,0.15165066540995398,0.022788083265404765,0.039204288681814206,0.13927351559389262,6083900000.0,,9403800000.0,NO_BNPL_EVIDENCE,"Search completed; no clear BNPL exposure signal detected in result text. Top links: https://r.bing.com/rs/4f/gg/cc,nc/-G_YKFrphkyl83D0HTgpMefXo7c.css?or=w; https://r.bing.com/rs/4f/gM/cc,nc/rWljTRKHPYQiu_szhv9ApXQ-KpI.css?or=w; https://r.bing.com/rs/4f/fG/cir3,cc,nc/5gFAL7Id0yWkqqPO1crOKHL1NzM.css?or=w",Automotive,CTRL_CAND_0083,preferred_control,SEC company_tickers_exchange.json + SEC submissions SIC,https://www.sec.gov/files/company_tickers_exchange.json; https://data.sec.gov/submissions/CIK##########.json,0.01380693305281152,HIGH,LITHIA MOTORS INC,cache,Automotive,0.24124328144775556,NYSE,True,0.00016243575122057362,0.400023011555088,0.7587567185522445,False,22.528911774653476,22.96437969985235,True,3.4,REVIEW,1,0001846576,"FIGS, Inc.",2.723175936525292e-05,19,True,0.045710552558055007,0.03282230417471259,742,0.1174154333953655,5500,Retail-Auto Dealers & Gasoline Stations,Mid-scale revenue proxy,FY2019 revenue proxy; historical market cap not constructed,True,LAD
0001513761,,,0.17366749749696433,0.10947651115002288,16684599000.0,,,NO_BNPL_EVIDENCE,"Search completed; no clear BNPL exposure signal detected in result text. Top links: https://r.bing.com/rs/4f/gg/cc,nc/-G_YKFrphkyl83D0HTgpMefXo7c.css?or=w; https://r.bing.com/rs/4f/gM/cc,nc/rWljTRKHPYQiu_szhv9ApXQ-KpI.css?or=w; https://r.bing.com/rs/4f/fG/cir3,cc,nc/5gFAL7Id0yWkqqPO1crOKHL1NzM.css?or=w",Entertainment,CTRL_CAND_0084,excluded_insufficient_pre_financials,SEC company_tickers_exchange.json + SEC submissions SIC,https://www.sec.gov/files/company_tickers_exchange.json; https://data.sec.gov/submissions/CIK##########.json,0.0151562527813824,LOW,Norwegian Cruise Line Holdings Ltd.,cache,Gaming & Entertainment,0.3905145697538191,NYSE,False,,0.005719466197539419,0.609485430246181,False,23.537751915297857,,True,,,,,,0.0026289428590665883,13,False,0.11441185529898834,0.024684888826790704,743,0.39562047112687826,4400,Water Transportation,Unclassified,FY2019 revenue proxy; historical market cap not constructed,False,NCLH
0001639438,,,,,,,,NO_BNPL_EVIDENCE,"Search completed; no clear BNPL exposure signal detected in result text. Top links: https://r.bing.com/rs/4f/gg/cc,nc/-G_YKFrphkyl83D0HTgpMefXo7c.css?or=w; https://r.bing.com/rs/4f/gM/cc,nc/rWljTRKHPYQiu_szhv9ApXQ-KpI.css?or=w; https://r.bing.com/rs/4f/fG/cir3,cc,nc/5gFAL7Id0yWkqqPO1crOKHL1NzM.css?or=w",Entertainment,CTRL_CAND_0085,excluded_insufficient_pre_financials,SEC company_tickers_exchange.json + SEC submissions SIC,https://www.sec.gov/files/company_tickers_exchange.json; https://data.sec.gov/submissions/CIK##########.json,,LOW,"CAVA GROUP, INC.",cache,Gaming & Entertainment,,NYSE,False,,,,,,,True,,,,,,,,False,,,790,,5812,Retail-Eating Places,,,False,CAVA
0001341766,0.41361568482575417,-0.09849175199016051,-0.15997979410919574,0.49896180430748477,90382236.0,,75146546.0,NO_BNPL_EVIDENCE,"Search completed; no clear BNPL exposure signal detected in result text. Top links: https://r.bing.com/rs/4f/gg/cc,nc/-G_YKFrphkyl83D0HTgpMefXo7c.css?or=w; https://r.bing.com/rs/4f/h6/cc,nc/U6HOq0RcF4_oC2_ItiNCBhNzO24.css?or=w; https://r.bing.com/rs/4f/eJ/cir3,cc,nc/-ooVmxB9OlPzBcewmec-cfwYTQs.css?or=w",Automotive,CTRL_CAND_0086,preferred_control,SEC company_tickers_exchange.json + SEC submissions SIC,https://www.sec.gov/files/company_tickers_exchange.json; https://data.sec.gov/submissions/CIK##########.json,,MEDIUM,"Celsius Holdings, Inc.",cache,Automotive,0.7021179360953186,Nasdaq,True,-0.001269422931262061,0.1691964004962214,0.29788206390468147,False,18.319558301628103,18.134950711696487,True,1.2550182675811756,LOW,1,0001701758,Lovesac Co,0.013343895955067986,13,True,0.4415041507693904,0.09787460090748853,802,0.0,2086,Bottled & Canned Soft Drinks & Carbonated Waters,Micro-scale revenue proxy,FY2019 revenue proxy; historical market cap not constructed,False,CELH
0001529192,,,,,6978465000.0,,,NO_BNPL_EVIDENCE,"Search completed; no clear BNPL exposure signal detected in result text. Top links: https://r.bing.com/rs/4f/gg/cc,nc/-G_YKFrphkyl83D0HTgpMefXo7c.css?or=w; https://r.bing.com/rs/4f/h6/cc,nc/U6HOq0RcF4_oC2_ItiNCBhNzO24.css?or=w; https://r.bing.com/rs/4f/eT/cir3,cc,nc/ZNlEaxLrmuWEflDP-KwkyUROBrA.css?or=w",Apparel & Personal Care,CTRL_CAND_0087,excluded_insufficient_pre_financials,SEC company_tickers_exchange.json + SEC submissions SIC,https://www.sec.gov/files/company_tickers_exchange.json; https://data.sec.gov/submissions/CIK##########.json,0.13531170536787102,LOW,Vipshop Holdings Ltd,cache,Clothing & Accessories,0.44927860209945886,NYSE,False,,0.1586634023384799,0.542024069763193,True,22.66609481549594,,True,,,,,,,0,False,,,806,,5961,Retail-Catalog & Mail-Order Houses,Unclassified,FY2019 revenue proxy; historical market cap not constructed,False,VIPS
0001836833,,,,,,,,NO_BNPL_EVIDENCE,"Search completed; no clear BNPL exposure signal detected in result text. Top links: https://r.bing.com/rs/4f/gg/cc,nc/-G_YKFrphkyl83D0HTgpMefXo7c.css?or=w; https://r.bing.com/rs/4f/h6/cc,nc/U6HOq0RcF4_oC2_ItiNCBhNzO24.css?or=w; https://r.bing.com/rs/4f/fG/cir3,cc,nc/5gFAL7Id0yWkqqPO1crOKHL1NzM.css?or=w",Electronics & Technology,CTRL_CAND_0088,excluded_insufficient_pre_financials,SEC company_tickers_exchange.json + SEC submissions SIC,https://www.sec.gov/files/company_tickers_exchange.json; https://data.sec.gov/submissions/CIK##########.json,,LOW,Planet Labs PBC,cache,Phones & Smartwatches,,NYSE,False,,,,,,,True,,,,,,,,False,,,809,,3663,Radio & Tv Broadcasting & Communications Equipment,,,False,PL
0001913510,,,,,,,,NO_BNPL_EVIDENCE,"Search completed; no clear BNPL exposure signal detected in result text. Top links: https://r.bing.com/rs/4f/gg/cc,nc/-G_YKFrphkyl83D0HTgpMefXo7c.css?or=w; https://r.bing.com/rs/4f/h6/cc,nc/U6HOq0RcF4_oC2_ItiNCBhNzO24.css?or=w; https://r.bing.com/rs/4f/ez/cir3,cc,nc/ITQ79_h8jq-eoIeRkdWbxDW7IbQ.css?or=w",Automotive,CTRL_CAND_0089,excluded_insufficient_pre_financials,SEC company_tickers_exchange.json + SEC submissions SIC,https://www.sec.gov/files/company_tickers_exchange.json; https://data.sec.gov/submissions/CIK##########.json,,MEDIUM,VinFast Auto Ltd.,cache,Automotive,,Nasdaq,False,,,,,,,True,,,,,,,,False,,,812,,3711,Motor Vehicles & Passenger Car Bodies,,,False,VFS
0001878057,,,,,,,,NO_BNPL_EVIDENCE,"Search completed; no clear BNPL exposure signal detected in result text. Top links: https://r.bing.com/rs/4f/gg/cc,nc/-G_YKFrphkyl83D0HTgpMefXo7c.css?or=w; https://r.bing.com/rs/4f/h6/cc,nc/U6HOq0RcF4_oC2_ItiNCBhNzO24.css?or=w; https://r.bing.com/rs/4f/fG/cir3,cc,nc/5gFAL7Id0yWkqqPO1crOKHL1NzM.css?or=w",Entertainment,CTRL_CAND_0090,excluded_insufficient_pre_financials,SEC company_tickers_exchange.json + SEC submissions SIC,https://www.sec.gov/files/company_tickers_exchange.json; https://data.sec.gov/submissions/CIK##########.json,,MEDIUM,Super Group (SGHC) Ltd,cache,Gaming & Entertainment,,NYSE,False,,,,,,,True,,,,,,,,False,,,820,,7990,Services-Miscellaneous Amusement & Recreation,,,False,SGHC
0001316835,0.2539999727928178,0.018823686175824018,0.04640632384005301,0.059863922444702254,3249490000.0,,7280431000.0,NO_BNPL_EVIDENCE,"Search completed; no clear BNPL exposure signal detected in result text. Top links: https://r.bing.com/rs/4f/gg/cc,nc/-G_YKFrphkyl83D0HTgpMefXo7c.css?or=w; https://r.bing.com/rs/4f/gM/cc,nc/rWljTRKHPYQiu_szhv9ApXQ-KpI.css?or=w; https://r.bing.com/rs/4f/eT/cir3,cc,nc/ZNlEaxLrmuWEflDP-KwkyUROBrA.css?or=w",Home & Appliances,CTRL_CAND_0091,preferred_control,SEC company_tickers_exchange.json + SEC submissions SIC,https://www.sec.gov/files/company_tickers_exchange.json; https://data.sec.gov/submissions/CIK##########.json,0.004337911487648831,HIGH,"Builders FirstSource, Inc.",cache,Home Improvement,0.2538715306094187,NYSE,True,0.0012702422386576702,0.17272095005677815,0.7461284693905813,False,21.90176389789742,22.708455900699263,False,0.8059277412124352,HIGH,1,0000106640,WHIRLPOOL CORP /DE/,0.002004979183941987,19,True,0.19547886421095595,0.057080421814965386,823,0.22650869676861457,5211,Retail-Lumber & Other Building Materials Dealers,Mid-scale revenue proxy,FY2019 revenue proxy; historical market cap not constructed,True,BLDR
0000056047,,0.065980133374341,0.06352597467326222,0.1966110564772843,6079097000.0,,2838399000.0,NO_BNPL_EVIDENCE,"Search completed; no clear BNPL exposure signal detected in result text. Top links: https://r.bing.com/rs/4f/gg/cc,nc/-G_YKFrphkyl83D0HTgpMefXo7c.css?or=w; https://r.bing.com/rs/4f/gS/cc,nc/_huiPba-9XiYDf9Vd8j9EoLtXL4.css?or=w; https://r.bing.com/rs/4f/f3/cir3,cc,nc/XKkf7PevzOVtzidRm3f9xWob0cM.css?or=w",Entertainment,CTRL_CAND_0092,preferred_control,SEC company_tickers_exchange.json + SEC submissions SIC,https://www.sec.gov/files/company_tickers_exchange.json; https://data.sec.gov/submissions/CIK##########.json,0.004069189881326125,LOW,KIRBY CORP,cache,Gaming & Entertainment,0.5541321350851944,NYSE,True,,0.05780480225928292,,False,22.528122002157495,21.766505997768313,True,2.65,REVIEW,1,0001856031,Vivid Seats Inc.,-0.007325205140138616,20,True,0.07221888036547397,0.025634003461460678,824,0.1044023852890392,4400,Water Transportation,Mid-scale revenue proxy,FY2019 revenue proxy; historical market cap not constructed,False,KEX
0000350698,0.1600018525406812,0.0198517115788051,0.038018053874354404,-0.003917756226811592,10543300000.0,,21335700000.0,NO_BNPL_EVIDENCE,"Search completed; no clear BNPL exposure signal detected in result text. Top links: https://r.bing.com/rs/4f/gg/cc,nc/-G_YKFrphkyl83D0HTgpMefXo7c.css?or=w; https://r.bing.com/rs/4f/h6/cc,nc/U6HOq0RcF4_oC2_ItiNCBhNzO24.css?or=w; https://r.bing.com/rs/4f/fG/cir3,cc,nc/5gFAL7Id0yWkqqPO1crOKHL1NzM.css?or=w",Automotive,CTRL_CAND_0093,preferred_control,SEC company_tickers_exchange.json + SEC submissions SIC,https://www.sec.gov/files/company_tickers_exchange.json; https://data.sec.gov/submissions/CIK##########.json,0.0039835725057619535,HIGH,"AUTONATION, INC.",cache,Automotive,0.29991558620166364,NYSE,True,0.0004460885147316801,0.3135450949892349,,False,23.078756424035376,23.783647562984864,True,3.4,REVIEW,1,0001856437,Victoria's Secret & Co.,-0.00026984344396053595,20,True,0.005628883913929794,0.0017847343964244142,825,0.11674296976965952,5500,Retail-Auto Dealers & Gasoline Stations,Large-scale revenue proxy,FY2019 revenue proxy; historical market cap not constructed,True,AN
0001653653,,0.038196218989745116,0.1762068871108421,0.08852868412071005,4114187000.0,,1856534000.0,NO_BNPL_EVIDENCE,"Search completed; no clear BNPL exposure signal detected in result text. Top links: https://r.bing.com/rs/4f/gg/cc,nc/-G_YKFrphkyl83D0HTgpMefXo7c.css?or=w; https://r.bing.com/rs/4f/gS/cc,nc/_huiPba-9XiYDf9Vd8j9EoLtXL4.css?or=w; https://r.bing.com/rs/4f/fG/cir3,cc,nc/5gFAL7Id0yWkqqPO1crOKHL1NzM.css?or=w",Entertainment,CTRL_CAND_0094,preferred_control,SEC company_tickers_exchange.json + SEC submissions SIC,https://www.sec.gov/files/company_tickers_exchange.json; https://data.sec.gov/submissions/CIK##########.json,0.031314813838068126,LOW,"Red Rock Resorts, Inc.",cache,Gaming & Entertainment,0.12170496868518617,Nasdaq,True,,0.00431798554611154,0.8097808874511537,False,22.137707081689605,21.34197714544549,True,3.4,REVIEW,1,0001858985,On Holding AG,-0.007604852172657501,14,True,0.07196938149212051,0.020385980579403974,849,0.2301671977303335,7011,Hotels & Motels,Small-scale revenue proxy,FY2019 revenue proxy; historical market cap not constructed,False,RRR
0000906553,,0.06543298748788802,0.14302617433239162,0.10033622311395987,6650145000.0,,,NO_BNPL_EVIDENCE,"Search completed; no clear BNPL exposure signal detected in result text. Top links: https://r.bing.com/rs/4f/gg/cc,nc/-G_YKFrphkyl83D0HTgpMefXo7c.css?or=w; https://r.bing.com/rs/4f/h6/cc,nc/U6HOq0RcF4_oC2_ItiNCBhNzO24.css?or=w; https://r.bing.com/rs/4f/ez/cir3,cc,nc/ITQ79_h8jq-eoIeRkdWbxDW7IbQ.css?or=w",Entertainment,CTRL_CAND_0095,excluded_insufficient_pre_financials,SEC company_tickers_exchange.json + SEC submissions SIC,https://www.sec.gov/files/company_tickers_exchange.json; https://data.sec.gov/submissions/CIK##########.json,0.037589706690605997,LOW,BOYD GAMING CORP,cache,Gaming & Entertainment,0.19025780640873244,NYSE,False,,0.003323386181805058,,False,22.617904495887736,,True,,,,,,-0.0015815003692847488,16,False,-0.05857957288356719,0.016023840964244907,864,0.23601048888825474,7011,Hotels & Motels,Unclassified,FY2019 revenue proxy; historical market cap not constructed,False,BYD
0001507079,0.41527106796597907,0.07108713008379584,0.0799386613362113,0.2182957265512062,2324309000.0,,2045456000.0,NO_BNPL_EVIDENCE,"Search completed; no clear BNPL exposure signal detected in result text. Top links: https://r.bing.com/rs/4f/gg/cc,nc/-G_YKFrphkyl83D0HTgpMefXo7c.css?or=w; https://r.bing.com/rs/4f/gM/cc,nc/rWljTRKHPYQiu_szhv9ApXQ-KpI.css?or=w; https://r.bing.com/rs/4f/fG/cir3,cc,nc/5gFAL7Id0yWkqqPO1crOKHL1NzM.css?or=w",Home & Appliances,CTRL_CAND_0096,preferred_control,SEC company_tickers_exchange.json + SEC submissions SIC,https://www.sec.gov/files/company_tickers_exchange.json; https://data.sec.gov/submissions/CIK##########.json,,HIGH,"Floor & Decor Holdings, Inc.",cache,Home Improvement,0.3288444006369205,NYSE,True,0.0012248478241354875,0.2503389179321682,0.6711555993630796,False,21.566688627510704,21.438886584469273,True,1.0871964088762889,LOW,1,0001050797,COLUMBIA SPORTSWEAR CO,-0.0012752154380400375,12,True,0.21536497975301794,0.04834538446112862,871,0.0,5211,Retail-Lumber & Other Building Materials Dealers,Mid-scale revenue proxy,FY2019 revenue proxy; historical market cap not constructed,True,FND
0001793659,,,,,,,,NO_BNPL_EVIDENCE,"Search completed; no clear BNPL exposure signal detected in result text. Top links: https://r.bing.com/rs/4f/gg/cc,nc/-G_YKFrphkyl83D0HTgpMefXo7c.css?or=w; https://r.bing.com/rs/4f/h6/cc,nc/U6HOq0RcF4_oC2_ItiNCBhNzO24.css?or=w; https://r.bing.com/rs/4f/f3/cir3,cc,nc/XKkf7PevzOVtzidRm3f9xWob0cM.css?or=w",Entertainment,CTRL_CAND_0097,excluded_insufficient_pre_financials,SEC company_tickers_exchange.json + SEC submissions SIC,https://www.sec.gov/files/company_tickers_exchange.json; https://data.sec.gov/submissions/CIK##########.json,,MEDIUM,"Rush Street Interactive, Inc.",cache,Gaming & Entertainment,,NYSE,False,,,,,,,True,,,,,,,,False,,,875,,7990,Services-Miscellaneous Amusement & Recreation,,,False,RSI
0000040211,,0.22334300384402503,,-0.005910976381338344,8285100000.0,,1393800000.0,NO_BNPL_EVIDENCE,"Search completed; no clear BNPL exposure signal detected in result text. Top links: https://r.bing.com/rs/4f/gg/cc,nc/-G_YKFrphkyl83D0HTgpMefXo7c.css?or=w; https://r.bing.com/rs/4f/gM/cc,nc/rWljTRKHPYQiu_szhv9ApXQ-KpI.css?or=w; https://r.bing.com/rs/4f/fd/cir3,cc,nc/WTKNvHzqziTEsCD58MJtjs7bzWc.css?or=w",Sports & Leisure,CTRL_CAND_0098,preferred_control,SEC company_tickers_exchange.json + SEC submissions SIC,https://www.sec.gov/files/company_tickers_exchange.json; https://data.sec.gov/submissions/CIK##########.json,0.018225489131090754,MEDIUM,GATX CORP,cache,Sports & Outdoor,0.22149400731433538,NYSE,True,,,0.7785059926856647,False,22.83772455775813,21.055299666968693,False,0.553326961683958,HIGH,1,0000793952,"HARLEY-DAVIDSON, INC.",,20,True,-0.009816688268215246,-0.0014080922606406752,880,0.13583115500048407,4700,Transportation Services,Small-scale revenue proxy,FY2019 revenue proxy; historical market cap not constructed,False,GATX
0001012019,0.2165103760681454,0.03597019285814106,0.041945307263658534,0.3221042079824854,3407329000.0,,5562298000.0,NO_BNPL_EVIDENCE,"Search completed; no clear BNPL exposure signal detected in result text. Top links: https://r.bing.com/rs/4f/gg/cc,nc/-G_YKFrphkyl83D0HTgpMefXo7c.css?or=w; https://r.bing.com/rs/4f/h6/cc,nc/U6HOq0RcF4_oC2_ItiNCBhNzO24.css?or=w; https://r.bing.com/rs/4f/fG/cir3,cc,nc/5gFAL7Id0yWkqqPO1crOKHL1NzM.css?or=w",Automotive,CTRL_CAND_0099,preferred_control,SEC company_tickers_exchange.json + SEC submissions SIC,https://www.sec.gov/files/company_tickers_exchange.json; https://data.sec.gov/submissions/CIK##########.json,0.05330274828171861,HIGH,RUSH ENTERPRISES INC \TX\,cache,Automotive,0.3402938195871312,Nasdaq,True,-0.00407857269382199,0.38918460765015644,,False,21.949194536856805,22.439277169172637,True,1.191087168165296,LOW,1,0001616707,Wayfair Inc.,0.0005138405393381975,19,True,0.16850711499481852,0.03914286821132784,886,0.1511964069270176,5500,Retail-Auto Dealers & Gasoline Stations,Mid-scale revenue proxy,FY2019 revenue proxy; historical market cap not constructed,True,RUSHA
0000003453,,0.06846527941002,0.06879896821914407,0.048285061234616365,2845400000.0,,2203100000.0,NO_BNPL_EVIDENCE,"Search completed; no clear BNPL exposure signal detected in result text. Top links: https://r.bing.com/rs/4f/gg/cc,nc/-G_YKFrphkyl83D0HTgpMefXo7c.css?or=w; https://r.bing.com/rs/4f/gM/cc,nc/rWljTRKHPYQiu_szhv9ApXQ-KpI.css?or=w; https://r.bing.com/rs/4f/ez/cir3,cc,nc/ITQ79_h8jq-eoIeRkdWbxDW7IbQ.css?or=w",Entertainment,CTRL_CAND_0100,preferred_control,SEC company_tickers_exchange.json + SEC submissions SIC,https://www.sec.gov/files/company_tickers_exchange.json; https://data.sec.gov/submissions/CIK##########.json,0.0074506220566528435,LOW,"Matson, Inc.",cache,Gaming & Entertainment,0.2831587825964715,NYSE,True,,,,False,21.76896949218134,21.513131296382795,True,0.9483196109055633,LOW,1,0001368458,"Sally Beauty Holdings, Inc.",-0.0021926669319843753,19,True,0.039768063675945875,0.013194382940170812,892,0.1093620406574248,4400,Water Transportation,Mid-scale revenue proxy,FY2019 revenue proxy; historical market cap not constructed,False,MATX
0001590895,,0.04178185341220299,0.1230265981607233,0.45448351852809793,5640553000.0,,2528249000.0,AMBIGUOUS,"Provider/payment terms appeared in search result text: affirm, afterpay, buy now pay later, klarna, pay in 4. Top links: https://www.bing.com/ck/a?!&&p=d61bb52bab1cecec0954e5b69ca3aa576b3205d5c87895c5f9c7bd6de0a82317JmltdHM9MTc4NjIzMzYwMA&ptn=3&ver=2&hsh=4&fclid=15e75c80-1f3a-6824-185b-4b311efd6933&u=a1aHR0cHM6Ly93d3cuZm9vbC5jb20vaW52ZXN0aW5nL3N0b2NrLW1hcmtldC9tYXJrZXQtc2VjdG9ycy9maW5hbmNpYWxzL2ZpbnRlY2gtc3RvY2tzL2JucGwtc3RvY2tzLz9tc29ja2lkPTE1ZTc1YzgwMWYzYTY4MjQxODViNGIzMTFlZmQ2OTMz&ntb=1; https://www.bing.com/ck/a?!&&p=d61bb52bab1cecec0954e5b69ca3aa576b3205d5c87895c5f9c7bd6de0a82317JmltdHM9MTc4NjIzMzYwMA&ptn=3&ver=2&hsh=4&fclid=15e75c80-1f3a-6824-185b-4b311efd6933&u=a1aHR0cHM6Ly93d3cuZm9vbC5jb20vaW52ZXN0aW5nL3N0b2NrLW1hcmtldC9tYXJrZXQtc2VjdG9ycy9maW5hbmNpYWxzL2ZpbnRlY2gtc3RvY2tzL2JucGwtc3RvY2tzLz9tc29ja2lkPTE1ZTc1YzgwMWYzYTY4MjQxODViNGIzMTFlZmQ2OTMz&ntb=1; https://www.bing.com/ck/a?!&&p=31d6bbc27365c5b12ae015a4719b6e0dfc255fb98a5424fd67e37b1e5507de5dJmltdHM9MTc4NjIzMzYwMA&ptn=3&ver=2&hsh=4&fclid=15e75c80-1f3a-6824-185b-4b311efd6933&u=a1L3NlYXJjaD9xPU1hdHRoZXcrRGlsYWxsbyZGT1JNPUZBQ1RSRQ&ntb=1",Entertainment,CTRL_CAND_0101,removed_final_bnpl_screen,SEC company_tickers_exchange.json + SEC submissions SIC,https://www.sec.gov/files/company_tickers_exchange.json; https://data.sec.gov/submissions/CIK##########.json,0.03657744196358052,LOW,"Caesars Entertainment, Inc.",cache,Gaming & Entertainment,0.19807579150484003,Nasdaq,True,,0.003258368461390222,0.80192420849516,False,22.453247947295218,21.65079280521597,True,3.4,REVIEW,1,0001866757,"Brilliant Earth Group, Inc.",0.00500805284296622,17,False,0.4753536061413688,0.09509458788788697,899,0.0,7011,Hotels & Motels,Mid-scale revenue proxy,FY2019 revenue proxy; historical market cap not constructed,False,CZR
0001041803,,0.02577896395950832,0.04071585332285972,0.02070722979769328,1296411000.0,,3091648000.0,NO_BNPL_EVIDENCE,"Search completed; no clear BNPL exposure signal detected in result text. Top links: https://r.bing.com/rs/4f/gg/cc,nc/-G_YKFrphkyl83D0HTgpMefXo7c.css?or=w; https://r.bing.com/rs/4f/h6/cc,nc/U6HOq0RcF4_oC2_ItiNCBhNzO24.css?or=w; https://r.bing.com/rs/4f/fG/cir3,cc,nc/5gFAL7Id0yWkqqPO1crOKHL1NzM.css?or=w",Apparel & Personal Care,CTRL_CAND_0102,preferred_control,SEC company_tickers_exchange.json + SEC submissions SIC,https://www.sec.gov/files/company_tickers_exchange.json; https://data.sec.gov/submissions/CIK##########.json,0.07918245062715451,LOW,PRICESMART INC,cache,Clothing & Accessories,0.615044920168064,Nasdaq,True,,0.25553084631339906,0.3842392574577044,False,20.98286551423115,21.851970119017725,True,0.2759220459509132,HIGH,1,0000883569,"Fossil Group, Inc.",-0.0010467834140937872,18,True,0.09549560491245046,0.005673078354172353,904,0.0,5331,Retail-Variety Stores,Mid-scale revenue proxy,FY2019 revenue proxy; historical market cap not constructed,False,PSMT
0000020212,,0.09991664922985444,0.10736860486364075,-0.12983950998522753,2551000000.0,,1329700000.0,AMBIGUOUS,"Provider/payment terms appeared in search result text: affirm, afterpay, buy now pay later, klarna, pay in 4. Top links: https://www.bing.com/ck/a?!&&p=5984fb8f72060001f2fc2539325d818ceb46d08aa3c4077c2886b544fd268edfJmltdHM9MTc4NjIzMzYwMA&ptn=3&ver=2&hsh=4&fclid=2e222a12-a58c-683f-194e-3da3a4596999&u=a1aHR0cHM6Ly93d3cua2xhcm5hLmNvbS91cy9wYXltZW50cy8&ntb=1; https://www.bing.com/ck/a?!&&p=5984fb8f72060001f2fc2539325d818ceb46d08aa3c4077c2886b544fd268edfJmltdHM9MTc4NjIzMzYwMA&ptn=3&ver=2&hsh=4&fclid=2e222a12-a58c-683f-194e-3da3a4596999&u=a1aHR0cHM6Ly93d3cua2xhcm5hLmNvbS91cy9wYXltZW50cy8&ntb=1; https://www.bing.com/ck/a?!&&p=dbdadb7990a828374b6e3ebca1f1768b1a4654ecdaa2c1152096300bd87152b6JmltdHM9MTc4NjIzMzYwMA&ptn=3&ver=2&hsh=4&fclid=2e222a12-a58c-683f-194e-3da3a4596999&u=a1aHR0cHM6Ly9pci5jaHVyY2hpbGxkb3duc2luY29ycG9yYXRlZC5jb20v&ntb=1",Entertainment,CTRL_CAND_0103,removed_final_bnpl_screen,SEC company_tickers_exchange.json + SEC submissions SIC,https://www.sec.gov/files/company_tickers_exchange.json; https://data.sec.gov/submissions/CIK##########.json,0.03771070168561348,MEDIUM,Churchill Downs Inc,cache,Gaming & Entertainment,0.19925519404155234,Nasdaq,True,,,0.79968639749118,False,21.659751276106086,21.008219189826935,True,3.4,REVIEW,1,0001977102,Birkenstock Holding plc,0.0013680096188209265,18,False,,-0.030271019529949213,914,0.12639500577243767,7948,"Services-Racing, Including Track Operation",Small-scale revenue proxy,FY2019 revenue proxy; historical market cap not constructed,False,CHDN
0001345105,,,,,4357378000.0,,,NO_BNPL_EVIDENCE,"Search completed; no clear BNPL exposure signal detected in result text. Top links: https://r.bing.com/rs/4f/gg/cc,nc/-G_YKFrphkyl83D0HTgpMefXo7c.css?or=w; https://r.bing.com/rs/4f/h6/cc,nc/U6HOq0RcF4_oC2_ItiNCBhNzO24.css?or=w; https://r.bing.com/rs/4f/fG/cir3,cc,nc/5gFAL7Id0yWkqqPO1crOKHL1NzM.css?or=w",Entertainment,CTRL_CAND_0104,excluded_insufficient_pre_financials,SEC company_tickers_exchange.json + SEC submissions SIC,https://www.sec.gov/files/company_tickers_exchange.json; https://data.sec.gov/submissions/CIK##########.json,0.03642832914656475,LOW,"Copa Holdings, S.A.",cache,Gaming & Entertainment,0.44405282259193485,NYSE,False,,0.01585816057271139,0.5559471774080651,True,22.195136337261403,,True,,,,,,,0,False,,,924,,4512,"Air Transportation, Scheduled",Unclassified,FY2019 revenue proxy; historical market cap not constructed,False,CPA
0001735707,0.22723362433236596,0.3508309908534795,,-0.003826530612244916,2275000000.0,,2418000000.0,NO_BNPL_EVIDENCE,"Search completed; no clear BNPL exposure signal detected in result text. Top links: https://r.bing.com/rs/4f/gg/cc,nc/-G_YKFrphkyl83D0HTgpMefXo7c.css?or=w; https://r.bing.com/rs/4f/gM/cc,nc/rWljTRKHPYQiu_szhv9ApXQ-KpI.css?or=w; https://r.bing.com/rs/4f/eT/cir3,cc,nc/ZNlEaxLrmuWEflDP-KwkyUROBrA.css?or=w",Automotive,CTRL_CAND_0105,preferred_control,SEC company_tickers_exchange.json + SEC submissions SIC,https://www.sec.gov/files/company_tickers_exchange.json; https://data.sec.gov/submissions/CIK##########.json,0.08219780219780219,MEDIUM,Garrett Motion Inc.,cache,Automotive,-0.9375824175824176,Nasdaq,True,,0.0967032967032967,1.9375824175824177,True,21.545245889349324,21.606206589139013,True,3.4,REVIEW,1,0001866757,"Brilliant Earth Group, Inc.",,4,True,,,925,0.09650218613366646,3714,Motor Vehicle Parts & Accessories,Mid-scale revenue proxy,FY2019 revenue proxy; historical market cap not constructed,False,GTX
0001852244,,,,,,,,NO_BNPL_EVIDENCE,"Search completed; no clear BNPL exposure signal detected in result text. Top links: https://r.bing.com/rs/4f/gg/cc,nc/-G_YKFrphkyl83D0HTgpMefXo7c.css?or=w; https://r.bing.com/rs/4f/gM/cc,nc/rWljTRKHPYQiu_szhv9ApXQ-KpI.css?or=w; https://r.bing.com/rs/4f/eJ/cir3,cc,nc/-ooVmxB9OlPzBcewmec-cfwYTQs.css?or=w",Sports & Leisure,CTRL_CAND_0106,excluded_insufficient_pre_financials,SEC company_tickers_exchange.json + SEC submissions SIC,https://www.sec.gov/files/company_tickers_exchange.json; https://data.sec.gov/submissions/CIK##########.json,,MEDIUM,"GXO Logistics, Inc.",cache,Sports & Outdoor,,NYSE,False,,,,,,,True,,,,,,,,False,,,926,,4700,Transportation Services,,,False,GXO
0001722684,,0.08288201659443364,0.15043304676336056,0.1589237215339325,4533000000.0,,2053000000.0,NO_BNPL_EVIDENCE,"Search completed; no clear BNPL exposure signal detected in result text. Top links: https://r.bing.com/rs/5Z/u7/cc,nc/ywj4fC5dgfNh4f_rEfTknZT2gZI.css?or=w; https://r.bing.com/rs/5Z/JA/cc,nc/zg1iw8_P6125lZTQs-LtqTYUxs0.css?or=w; https://r.bing.com/rs/5Z/JD/cc,nc/qcYlxqUVoG6wDSdBGrbKI_U4rrc.css?or=w",Entertainment,CTRL_CAND_0107,preferred_control,SEC company_tickers_exchange.json + SEC submissions SIC,https://www.sec.gov/files/company_tickers_exchange.json; https://data.sec.gov/submissions/CIK##########.json,0.020736818883741452,LOW,"WYNDHAM HOTELS & RESORTS, INC.",cache,Gaming & Entertainment,0.2673726009265387,NYSE,False,,,0.7326273990734613,False,22.23464980890512,21.44256797498321,True,3.4,REVIEW,1,0001977102,Birkenstock Holding plc,0.003841344840169437,8,True,0.09903640256959312,0.049826489084452745,940,0.0,7011,Hotels & Motels,Mid-scale revenue proxy,FY2019 revenue proxy; historical market cap not constructed,False,WH
0001495153,,,,,1570286000.0,,,NO_BNPL_EVIDENCE,"Search completed; no clear BNPL exposure signal detected in result text. Top links: https://r.bing.com/rs/4f/gg/cc,nc/-G_YKFrphkyl83D0HTgpMefXo7c.css?or=w; https://r.bing.com/rs/4f/h6/cc,nc/U6HOq0RcF4_oC2_ItiNCBhNzO24.css?or=w; https://r.bing.com/rs/4f/fG/cir3,cc,nc/5gFAL7Id0yWkqqPO1crOKHL1NzM.css?or=w",Sports & Leisure,CTRL_CAND_0108,excluded_insufficient_pre_financials,SEC company_tickers_exchange.json + SEC submissions SIC,https://www.sec.gov/files/company_tickers_exchange.json; https://data.sec.gov/submissions/CIK##########.json,0.11334877850276956,MEDIUM,MakeMyTrip Ltd,cache,Sports & Outdoor,0.8644081396637301,Nasdaq,False,,0.00038591696034989806,0.13559186033626996,True,21.174523605321586,,True,,,,,,,0,False,,,957,,4700,Transportation Services,Unclassified,FY2019 revenue proxy; historical market cap not constructed,False,MMYT
0000812011,,-0.00036367071543804997,-0.01896500420233962,0.12226479337502427,4426077000.0,,2271575000.0,NO_BNPL_EVIDENCE,"Search completed; no clear BNPL exposure signal detected in result text. Top links: https://r.bing.com/rs/4f/gg/cc,nc/-G_YKFrphkyl83D0HTgpMefXo7c.css?or=w; https://r.bing.com/rs/4f/gM/cc,nc/rWljTRKHPYQiu_szhv9ApXQ-KpI.css?or=w; https://r.bing.com/rs/4f/eT/cir3,cc,nc/ZNlEaxLrmuWEflDP-KwkyUROBrA.css?or=w",Entertainment,CTRL_CAND_0109,eligible_not_selected,SEC company_tickers_exchange.json + SEC submissions SIC,https://www.sec.gov/files/company_tickers_exchange.json; https://data.sec.gov/submissions/CIK##########.json,0.024592884398531703,MEDIUM,VAIL RESORTS INC,cache,Gaming & Entertainment,0.33904222633270953,NYSE,True,,0.02181141448736658,0.609848631191911,False,22.210779475622314,21.543739260448284,False,,,,,,-0.0011613226401323215,18,False,0.1560825517989266,0.024764117929538473,958,0.0,7990,Services-Miscellaneous Amusement & Recreation,Mid-scale revenue proxy,FY2019 revenue proxy; historical market cap not constructed,False,MTN
0000766421,,0.09413400555811352,0.12336847786371644,0.1628373068295709,12993000000.0,,8781000000.0,NO_BNPL_EVIDENCE,"Search completed; no clear BNPL exposure signal detected in result text. Top links: https://r.bing.com/rs/4f/gg/cc,nc/-G_YKFrphkyl83D0HTgpMefXo7c.css?or=w; https://r.bing.com/rs/4f/h6/cc,nc/U6HOq0RcF4_oC2_ItiNCBhNzO24.css?or=w; https://r.bing.com/rs/4f/fd/cir3,cc,nc/WTKNvHzqziTEsCD58MJtjs7bzWc.css?or=w",Entertainment,CTRL_CAND_0110,preferred_control,SEC company_tickers_exchange.json + SEC submissions SIC,https://www.sec.gov/files/company_tickers_exchange.json; https://data.sec.gov/submissions/CIK##########.json,0.017009158777803433,LOW,"ALASKA AIR GROUP, INC.",cache,Gaming & Entertainment,0.3333333333333333,NYSE,True,,0.005541445393673516,,False,23.28767658784701,22.89585613332427,True,0.3678359352997119,HIGH,1,0000884887,ROYAL CARIBBEAN CRUISES LTD,-0.008816244049026426,19,True,0.11912286957856466,0.03331440599973127,960,0.0,4512,"Air Transportation, Scheduled",Mid-scale revenue proxy,FY2019 revenue proxy; historical market cap not constructed,False,ALK
0001795250,,,,,,,,NO_BNPL_EVIDENCE,"Search completed; no clear BNPL exposure signal detected in result text. Top links: https://r.bing.com/rs/4f/gg/cc,nc/-G_YKFrphkyl83D0HTgpMefXo7c.css?or=w; https://r.bing.com/rs/4f/h6/cc,nc/U6HOq0RcF4_oC2_ItiNCBhNzO24.css?or=w; https://r.bing.com/rs/4f/fn/cir3,cc,nc/qYkYtW4ptUTHO5TVR_F3o3iRdIs.css?or=w",Entertainment,CTRL_CAND_0111,excluded_insufficient_pre_financials,SEC company_tickers_exchange.json + SEC submissions SIC,https://www.sec.gov/files/company_tickers_exchange.json; https://data.sec.gov/submissions/CIK##########.json,,MEDIUM,Sphere Entertainment Co.,cache,Gaming & Entertainment,,NYSE,False,,,,,,,True,,,,,,,,False,,,971,,7900,Services-Amusement & Recreation Services,,,False,SPHR
0000887596,0.7702406601843581,,0.06762670787788444,-0.0057331745033296355,2840593000.0,,,NO_BNPL_EVIDENCE,"Search completed; no clear BNPL exposure signal detected in result text. Top links: https://r.bing.com/rs/4f/gg/cc,nc/-G_YKFrphkyl83D0HTgpMefXo7c.css?or=w; https://r.bing.com/rs/4f/gS/cc,nc/_huiPba-9XiYDf9Vd8j9EoLtXL4.css?or=w; https://r.bing.com/rs/4f/fn/cir3,cc,nc/qYkYtW4ptUTHO5TVR_F3o3iRdIs.css?or=w",Entertainment,CTRL_CAND_0112,excluded_insufficient_pre_financials,SEC company_tickers_exchange.json + SEC submissions SIC,https://www.sec.gov/files/company_tickers_exchange.json; https://data.sec.gov/submissions/CIK##########.json,0.020564720113018655,LOW,CHEESECAKE FACTORY INC,cache,Gaming & Entertainment,0.20127557872599136,Nasdaq,False,0.001180754032433944,0.016625049769537558,,False,21.767278670140154,,True,,,,,,-0.001967131221739547,12,False,0.037360809819368734,0.009336202971656186,985,0.0,5812,Retail-Eating Places,Unclassified,FY2019 revenue proxy; historical market cap not constructed,False,CAKE
0001046311,,0.17100389710830294,0.28484703685889795,0.0638263413004545,1386672000.0,,1114820000.0,NO_BNPL_EVIDENCE,"Search completed; no clear BNPL exposure signal detected in result text. Top links: https://r.bing.com/rs/4f/gg/cc,nc/-G_YKFrphkyl83D0HTgpMefXo7c.css?or=w; https://r.bing.com/rs/4f/h6/cc,nc/U6HOq0RcF4_oC2_ItiNCBhNzO24.css?or=w; https://r.bing.com/rs/4f/eJ/cir3,cc,nc/-ooVmxB9OlPzBcewmec-cfwYTQs.css?or=w",Entertainment,CTRL_CAND_0113,preferred_control,SEC company_tickers_exchange.json + SEC submissions SIC,https://www.sec.gov/files/company_tickers_exchange.json; https://data.sec.gov/submissions/CIK##########.json,,LOW,CHOICE HOTELS INTERNATIONAL INC /DE,cache,Gaming & Entertainment,-0.016954982865450517,NYSE,True,,,1.0169549828654505,False,21.050172468697923,20.831958793848887,True,0.9990603431653018,LOW,1,0001334036,"Crocs, Inc.",0.002959378920009997,19,True,0.06706771073715556,0.01882216543952956,989,0.17208731468654628,7011,Hotels & Motels,Small-scale revenue proxy,FY2019 revenue proxy; historical market cap not constructed,False,CHH
0000355811,0.38305670321464363,0.2305251283836152,0.2868032089624878,0.05536426981034744,2168803193.0,,,NO_BNPL_EVIDENCE,"Search completed; no clear BNPL exposure signal detected in result text. Top links: https://r.bing.com/rs/4f/gg/cc,nc/-G_YKFrphkyl83D0HTgpMefXo7c.css?or=w; https://r.bing.com/rs/4f/h6/cc,nc/U6HOq0RcF4_oC2_ItiNCBhNzO24.css?or=w; https://r.bing.com/rs/4f/fG/cir3,cc,nc/5gFAL7Id0yWkqqPO1crOKHL1NzM.css?or=w",Automotive,CTRL_CAND_0114,excluded_insufficient_pre_financials,SEC company_tickers_exchange.json + SEC submissions SIC,https://www.sec.gov/files/company_tickers_exchange.json; https://data.sec.gov/submissions/CIK##########.json,0.13662909707824283,MEDIUM,GENTEX CORP,cache,Automotive,0.8936208809795865,Nasdaq,False,-0.0008702351195588128,0.11478305445301878,0.10637911902041358,False,21.497441328390362,,True,,,,,,-0.00123150628449553,14,False,0.07831820035787063,0.016769223059126148,1001,0.08534416950284471,3714,Motor Vehicle Parts & Accessories,Unclassified,FY2019 revenue proxy; historical market cap not constructed,False,GNTX
0001207179,,-0.5496889452029786,0.07721224858941685,1.0179022890010725,4632144000.0,,,NO_BNPL_EVIDENCE,"Search completed; no clear BNPL exposure signal detected in result text. Top links: https://r.bing.com/rs/4f/gg/cc,nc/-G_YKFrphkyl83D0HTgpMefXo7c.css?or=w; https://r.bing.com/rs/4f/h6/cc,nc/U6HOq0RcF4_oC2_ItiNCBhNzO24.css?or=w; https://r.bing.com/rs/4f/fG/cir3,cc,nc/5gFAL7Id0yWkqqPO1crOKHL1NzM.css?or=w",Entertainment,CTRL_CAND_0115,excluded_insufficient_pre_financials,SEC company_tickers_exchange.json + SEC submissions SIC,https://www.sec.gov/files/company_tickers_exchange.json; https://data.sec.gov/submissions/CIK##########.json,0.04795252479197538,LOW,GOLAR LNG LTD,cache,Gaming & Entertainment,0.3234487097119606,Nasdaq,False,,0.00026510402094580824,0.6220268627227479,True,22.256285664816783,,True,,,,,,,5,False,,,1004,0.0,4400,Water Transportation,Unclassified,FY2019 revenue proxy; historical market cap not constructed,False,GLNG
0001820872,,,,,,,,NO_BNPL_EVIDENCE,"Search completed; no clear BNPL exposure signal detected in result text. Top links: https://r.bing.com/rs/4f/gg/cc,nc/-G_YKFrphkyl83D0HTgpMefXo7c.css?or=w; https://r.bing.com/rs/4f/gM/cc,nc/rWljTRKHPYQiu_szhv9ApXQ-KpI.css?or=w; https://r.bing.com/rs/4f/fn/cir3,cc,nc/qYkYtW4ptUTHO5TVR_F3o3iRdIs.css?or=w",Sports & Leisure,CTRL_CAND_0116,excluded_insufficient_pre_financials,SEC company_tickers_exchange.json + SEC submissions SIC,https://www.sec.gov/files/company_tickers_exchange.json; https://data.sec.gov/submissions/CIK##########.json,,MEDIUM,"Global Business Travel Group, Inc.",cache,Sports & Outdoor,,NYSE,False,,,,,,,True,,,,,,,,False,,,1010,,4700,Transportation Services,,,False,GBTG
0001600033,0.6116754912342851,0.044081687094657235,0.06111515792334063,0.04617508190482069,431688000.0,,,NO_BNPL_EVIDENCE,"Search completed; no clear BNPL exposure signal detected in result text. Top links: https://r.bing.com/rs/4f/gg/cc,nc/-G_YKFrphkyl83D0HTgpMefXo7c.css?or=w; https://r.bing.com/rs/4f/gM/cc,nc/rWljTRKHPYQiu_szhv9ApXQ-KpI.css?or=w; https://r.bing.com/rs/4f/eT/cir3,cc,nc/ZNlEaxLrmuWEflDP-KwkyUROBrA.css?or=w",Apparel & Personal Care,CTRL_CAND_0117,excluded_insufficient_pre_financials,SEC company_tickers_exchange.json + SEC submissions SIC,https://www.sec.gov/files/company_tickers_exchange.json; https://data.sec.gov/submissions/CIK##########.json,0.12479846555845889,HIGH,"e.l.f. Beauty, Inc.",cache,Health & Beauty,0.4985429291525361,NYSE,False,8.473297763250817e-05,0.10141352087618836,0.5014570708474639,False,19.883213663058054,,True,,,,,,-0.014818343490547933,10,False,-0.009088955418544042,0.019021079913171996,1016,0.505993729534819,2844,"Perfumes, Cosmetics & Other Toilet Preparations",Unclassified,FY2019 revenue proxy; historical market cap not constructed,False,ELF
0001679049,,-0.2831514335841109,-0.19469321678702378,0.1287991596545923,1753501000.0,,366184000.0,NO_BNPL_EVIDENCE,"Search completed; no clear BNPL exposure signal detected in result text. Top links: https://r.bing.com/rs/4f/gg/cc,nc/-G_YKFrphkyl83D0HTgpMefXo7c.css?or=w; https://r.bing.com/rs/4f/gM/cc,nc/rWljTRKHPYQiu_szhv9ApXQ-KpI.css?or=w; https://r.bing.com/rs/4f/ez/cir3,cc,nc/ITQ79_h8jq-eoIeRkdWbxDW7IbQ.css?or=w",Entertainment,CTRL_CAND_0118,eligible_not_selected,SEC company_tickers_exchange.json + SEC submissions SIC,https://www.sec.gov/files/company_tickers_exchange.json; https://data.sec.gov/submissions/CIK##########.json,0.05113826567535462,LOW,"International Seaways, Inc.",cache,Gaming & Entertainment,0.5830010932414638,NYSE,False,,0.0022218407631361486,0.4169989067585362,False,21.28488019783234,19.718646497278563,True,,,,,,0.05221675481739742,13,False,0.12350515452824085,0.02087341874510155,1027,0.0,4400,Water Transportation,Small-scale revenue proxy,FY2019 revenue proxy; historical market cap not constructed,False,INSW
0001853717,,,,,,,,NO_BNPL_EVIDENCE,"Search completed; no clear BNPL exposure signal detected in result text. Top links: https://r.bing.com/rs/4f/gg/cc,nc/-G_YKFrphkyl83D0HTgpMefXo7c.css?or=w; https://r.bing.com/rs/4f/h6/cc,nc/U6HOq0RcF4_oC2_ItiNCBhNzO24.css?or=w; https://r.bing.com/rs/4f/fd/cir3,cc,nc/WTKNvHzqziTEsCD58MJtjs7bzWc.css?or=w",Entertainment,CTRL_CAND_0119,excluded_insufficient_pre_financials,SEC company_tickers_exchange.json + SEC submissions SIC,https://www.sec.gov/files/company_tickers_exchange.json; https://data.sec.gov/submissions/CIK##########.json,,LOW,Atour Lifestyle Holdings Ltd,cache,Gaming & Entertainment,,Nasdaq,False,,,,,,,True,,,,,,,,False,,,1028,,7011,Hotels & Motels,,,False,ATAT
0001604481,,,,,4164843000.0,,,NO_BNPL_EVIDENCE,"Search completed; no clear BNPL exposure signal detected in result text. Top links: https://r.bing.com/rs/4f/gg/cc,nc/-G_YKFrphkyl83D0HTgpMefXo7c.css?or=w; https://r.bing.com/rs/4f/h6/cc,nc/U6HOq0RcF4_oC2_ItiNCBhNzO24.css?or=w; https://r.bing.com/rs/4f/ez/cir3,cc,nc/ITQ79_h8jq-eoIeRkdWbxDW7IbQ.css?or=w",Entertainment,CTRL_CAND_0120,excluded_insufficient_pre_financials,SEC company_tickers_exchange.json + SEC submissions SIC,https://www.sec.gov/files/company_tickers_exchange.json; https://data.sec.gov/submissions/CIK##########.json,0.07130016665694242,LOW,CMB.TECH NV,cache,Gaming & Entertainment,0.5550881509819218,NYSE,False,,0.044030951466838004,,True,22.14994441677671,,True,,,,,,,0,False,,,1034,,4412,Deep Sea Foreign Transportation of Freight,Unclassified,FY2019 revenue proxy; historical market cap not constructed,False,CMBT
0001760965,0.3939434299280692,0.03821371067099846,0.06624236253381535,,1517156000.0,,2548839000.0,NO_BNPL_EVIDENCE,"Search completed; no clear BNPL exposure signal detected in result text. Top links: https://r.bing.com/rs/4f/gg/cc,nc/-G_YKFrphkyl83D0HTgpMefXo7c.css?or=w; https://r.bing.com/rs/4f/h6/cc,nc/U6HOq0RcF4_oC2_ItiNCBhNzO24.css?or=w; https://r.bing.com/rs/4f/fG/cir3,cc,nc/5gFAL7Id0yWkqqPO1crOKHL1NzM.css?or=w",Apparel & Personal Care,CTRL_CAND_0121,preferred_control,SEC company_tickers_exchange.json + SEC submissions SIC,https://www.sec.gov/files/company_tickers_exchange.json; https://data.sec.gov/submissions/CIK##########.json,0.07040014342625281,MEDIUM,"Kontoor Brands, Inc.",cache,Clothing & Accessories,0.04564922789746077,NYSE,True,,0.3019471959376623,0.9543507721025393,True,21.140103366567555,21.658903798321262,True,0.1208648940945472,HIGH,1,0000110471,WOLVERINE WORLD WIDE INC /DE/,,4,True,,,1040,0.31522116540118855,2320,"Men's & Boys' Furnishgs, Work Clothg, & Allied Garments",Mid-scale revenue proxy,FY2019 revenue proxy; historical market cap not constructed,False,KTB
0001811935,,,,,,,,NO_BNPL_EVIDENCE,"Search completed; no clear BNPL exposure signal detected in result text. Top links: https://r.bing.com/rs/4f/gg/cc,nc/-G_YKFrphkyl83D0HTgpMefXo7c.css?or=w; https://r.bing.com/rs/4f/gM/cc,nc/rWljTRKHPYQiu_szhv9ApXQ-KpI.css?or=w; https://r.bing.com/rs/4f/eJ/cir3,cc,nc/-ooVmxB9OlPzBcewmec-cfwYTQs.css?or=w",Apparel & Personal Care,CTRL_CAND_0122,excluded_insufficient_pre_financials,SEC company_tickers_exchange.json + SEC submissions SIC,https://www.sec.gov/files/company_tickers_exchange.json; https://data.sec.gov/submissions/CIK##########.json,,LOW,Pattern Group Inc.,cache,Clothing & Accessories,,Nasdaq,False,,,,,,,True,,,,,,,,False,,,1042,,5961,Retail-Catalog & Mail-Order Houses,,,False,PTRN
0001361658,0.9545018739747315,0.18216457262199404,0.1534990245542267,-0.06936078796654005,7453000000.0,,4043000000.0,NO_BNPL_EVIDENCE,"Search completed; no clear BNPL exposure signal detected in result text. Top links: https://r.bing.com/rs/4f/gg/cc,nc/-G_YKFrphkyl83D0HTgpMefXo7c.css?or=w; https://r.bing.com/rs/4f/h6/cc,nc/U6HOq0RcF4_oC2_ItiNCBhNzO24.css?or=w; https://r.bing.com/rs/4f/fG/cir3,cc,nc/5gFAL7Id0yWkqqPO1crOKHL1NzM.css?or=w",Entertainment,CTRL_CAND_0123,eligible_not_selected,SEC company_tickers_exchange.json + SEC submissions SIC,https://www.sec.gov/files/company_tickers_exchange.json; https://data.sec.gov/submissions/CIK##########.json,0.04763182611029116,LOW,Travel & Leisure Co.,cache,Gaming & Entertainment,-0.07111230377029384,NYSE,False,,0.16087481551053268,1.0703072588219509,False,22.731882472845967,22.120252827605047,True,,,,,,-7.317998194329034e-05,20,False,-0.07556386110715618,-0.02633289075360412,1044,0.0,7011,Hotels & Motels,Mid-scale revenue proxy,FY2019 revenue proxy; historical market cap not constructed,False,TNL
0001610250,0.3094677863094664,0.04147474618050714,0.0700595149929621,0.10658428447760934,636075000.0,,776854000.0,NO_BNPL_EVIDENCE,"Search completed; no clear BNPL exposure signal detected in result text. Top links: https://r.bing.com/rs/4f/gg/cc,nc/-G_YKFrphkyl83D0HTgpMefXo7c.css?or=w; https://r.bing.com/rs/4f/gS/cc,nc/_huiPba-9XiYDf9Vd8j9EoLtXL4.css?or=w; https://r.bing.com/rs/4f/eJ/cir3,cc,nc/-ooVmxB9OlPzBcewmec-cfwYTQs.css?or=w",Apparel & Personal Care,CTRL_CAND_0124,preferred_control,SEC company_tickers_exchange.json + SEC submissions SIC,https://www.sec.gov/files/company_tickers_exchange.json; https://data.sec.gov/submissions/CIK##########.json,0.02611956137247966,HIGH,"Boot Barn Holdings, Inc.",cache,Clothing & Accessories,0.41530322682073656,NYSE,True,0.0024363963181367695,0.37846794796211136,0.5846967731792635,False,20.270827038880146,20.470762988488193,False,0.7862541506475225,HIGH,1,0000912615,URBAN OUTFITTERS INC,0.0038260172547278284,14,True,0.10935520396605325,0.03312469574325037,1054,0.2367041102156746,5661,Retail-Shoe Stores,Small-scale revenue proxy,FY2019 revenue proxy; historical market cap not constructed,True,BOOT
0001639300,0.3993307097366239,0.10505088619835845,0.1235949335801843,0.16823327487554854,1596247000.0,,1408199000.0,NO_BNPL_EVIDENCE,"Search completed; no clear BNPL exposure signal detected in result text. Top links: https://r.bing.com/rs/4f/gg/cc,nc/-G_YKFrphkyl83D0HTgpMefXo7c.css?or=w; https://r.bing.com/rs/4f/h6/cc,nc/U6HOq0RcF4_oC2_ItiNCBhNzO24.css?or=w; https://r.bing.com/rs/4f/fG/cir3,cc,nc/5gFAL7Id0yWkqqPO1crOKHL1NzM.css?or=w",Apparel & Personal Care,CTRL_CAND_0125,preferred_control,SEC company_tickers_exchange.json + SEC submissions SIC,https://www.sec.gov/files/company_tickers_exchange.json; https://data.sec.gov/submissions/CIK##########.json,0.05635092814583207,LOW,"Ollie's Bargain Outlet Holdings, Inc.",cache,Clothing & Accessories,0.6633591167281755,Nasdaq,True,-0.0003123957587316409,0.2099806608876947,0.33664088327182445,False,21.190921085904403,21.06557741992265,True,0.8324392072483514,HIGH,1,0000885639,KOHLS Corp,0.001952792521047265,18,True,0.16512748446460646,0.04477484624334724,1071,0.2541249307681409,5331,Retail-Variety Stores,Small-scale revenue proxy,FY2019 revenue proxy; historical market cap not constructed,False,OLLI
0001637207,0.72390131820893,0.13686714174458448,0.3387353778713617,0.23210063004747986,1717190000.0,,688803000.0,NO_BNPL_EVIDENCE,"Search completed; no clear BNPL exposure signal detected in result text. Top links: https://r.bing.com/rs/4f/gg/cc,nc/-G_YKFrphkyl83D0HTgpMefXo7c.css?or=w; https://r.bing.com/rs/4f/gM/cc,nc/rWljTRKHPYQiu_szhv9ApXQ-KpI.css?or=w; https://r.bing.com/rs/4f/fG/cir3,cc,nc/5gFAL7Id0yWkqqPO1crOKHL1NzM.css?or=w",Entertainment,CTRL_CAND_0126,preferred_control,SEC company_tickers_exchange.json + SEC submissions SIC,https://www.sec.gov/files/company_tickers_exchange.json; https://data.sec.gov/submissions/CIK##########.json,0.25405225979652807,MEDIUM,"Planet Fitness, Inc.",cache,Gaming & Entertainment,-0.4114017668400119,NYSE,True,0.0014242555866978853,0.0005107180917661994,,False,21.263955070864228,20.35046586646901,True,0.9306403198212179,LOW,1,0001370637,ETSY INC,0.005399140185012309,16,True,0.22116816953998897,0.05989324534315512,1077,0.1394814682023932,7997,Services-Membership Sports & Recreation Clubs,Small-scale revenue proxy,FY2019 revenue proxy; historical market cap not constructed,False,PLNT
0000063276,0.38544260222214777,-0.16667563629227203,-0.08684642726610257,-0.06151618478158609,5325226000.0,,4504571000.0,NO_BNPL_EVIDENCE,"Search completed; no clear BNPL exposure signal detected in result text. Top links: https://r.bing.com/rs/4f/gg/cc,nc/-G_YKFrphkyl83D0HTgpMefXo7c.css?or=w; https://r.bing.com/rs/4f/gM/cc,nc/rWljTRKHPYQiu_szhv9ApXQ-KpI.css?or=w; https://r.bing.com/rs/4f/fG/cir3,cc,nc/5gFAL7Id0yWkqqPO1crOKHL1NzM.css?or=w",Kids & Toys,CTRL_CAND_0127,preferred_control,SEC company_tickers_exchange.json + SEC submissions SIC,https://www.sec.gov/files/company_tickers_exchange.json; https://data.sec.gov/submissions/CIK##########.json,0.11831009613488705,MEDIUM,MATTEL INC /DE/,cache,Toys & Hobbies,0.09233673838443664,Nasdaq,True,-0.005731770859343053,0.09304844526786281,,False,22.395720988955848,22.22835849594731,False,0.4544531004595855,HIGH,1,0000814453,NEWELL BRANDS INC.,-0.007124306860803952,19,True,-0.05725359669627561,-0.007682001640004784,1079,0.0,3942,Dolls & Stuffed Toys,Mid-scale revenue proxy,FY2019 revenue proxy; historical market cap not constructed,False,MAT
0001144980,0.1621400744435514,0.023855185044213453,0.044990028523901444,0.03418089413440051,2911300000.0,,7210300000.0,NO_BNPL_EVIDENCE,"Search completed; no clear BNPL exposure signal detected in result text. Top links: https://r.bing.com/rs/4f/gg/cc,nc/-G_YKFrphkyl83D0HTgpMefXo7c.css?or=w; https://r.bing.com/rs/4f/h6/cc,nc/U6HOq0RcF4_oC2_ItiNCBhNzO24.css?or=w; https://r.bing.com/rs/4f/fd/cir3,cc,nc/WTKNvHzqziTEsCD58MJtjs7bzWc.css?or=w",Automotive,CTRL_CAND_0128,eligible_not_selected,SEC company_tickers_exchange.json + SEC submissions SIC,https://www.sec.gov/files/company_tickers_exchange.json; https://data.sec.gov/submissions/CIK##########.json,0.0012022120702091848,HIGH,ASBURY AUTOMOTIVE GROUP INC,cache,Automotive,0.22199704599319892,NYSE,False,-8.762015790441665e-05,0.3383368254731563,,False,21.791865553768453,22.698776396254203,False,,,,,,-7.424794602008812e-05,20,False,0.022810062598557,0.006606493916038489,1089,0.11125445446225148,5500,Retail-Auto Dealers & Gasoline Stations,Mid-scale revenue proxy,FY2019 revenue proxy; historical market cap not constructed,False,ABG
0000793733,,,0.120743582997611,0.018367568039852882,6657129000.0,,,NO_BNPL_EVIDENCE,"Search completed; no clear BNPL exposure signal detected in result text. Top links: https://r.bing.com/rs/4f/gg/cc,nc/-G_YKFrphkyl83D0HTgpMefXo7c.css?or=w; https://r.bing.com/rs/4f/gM/cc,nc/rWljTRKHPYQiu_szhv9ApXQ-KpI.css?or=w; https://r.bing.com/rs/4f/fd/cir3,cc,nc/WTKNvHzqziTEsCD58MJtjs7bzWc.css?or=w",Entertainment,CTRL_CAND_0129,excluded_insufficient_pre_financials,SEC company_tickers_exchange.json + SEC submissions SIC,https://www.sec.gov/files/company_tickers_exchange.json; https://data.sec.gov/submissions/CIK##########.json,0.01309964100139865,LOW,SKYWEST INC,cache,Gaming & Entertainment,0.3267195212831237,Nasdaq,False,,,,False,22.618954147475467,,True,,,,,,0.006639068675474665,11,False,0.01740669880955137,0.00537804817871839,1091,0.0,4512,"Air Transportation, Scheduled",Unclassified,FY2019 revenue proxy; historical market cap not constructed,False,SKYW
0001921963,,,,,,,,NO_BNPL_EVIDENCE,"Search completed; no clear BNPL exposure signal detected in result text. Top links: https://r.bing.com/rs/4f/gg/cc,nc/-G_YKFrphkyl83D0HTgpMefXo7c.css?or=w; https://r.bing.com/rs/4f/h6/cc,nc/U6HOq0RcF4_oC2_ItiNCBhNzO24.css?or=w; https://r.bing.com/rs/4f/fG/cir3,cc,nc/5gFAL7Id0yWkqqPO1crOKHL1NzM.css?or=w",Automotive,CTRL_CAND_0130,excluded_insufficient_pre_financials,SEC company_tickers_exchange.json + SEC submissions SIC,https://www.sec.gov/files/company_tickers_exchange.json; https://data.sec.gov/submissions/CIK##########.json,,MEDIUM,Atmus Filtration Technologies Inc.,cache,Automotive,,NYSE,False,,,,,,,True,,,,,,,,False,,,1094,,3714,Motor Vehicle Parts & Accessories,,,False,ATMU
0001646188,0.06472380023767718,-90.81039559250677,-79.82189272787114,26.6738544171855,4263516.0,,320383.0,NO_BNPL_EVIDENCE,"Search completed; no clear BNPL exposure signal detected in result text. Top links: https://r.bing.com/rs/4f/gg/cc,nc/-G_YKFrphkyl83D0HTgpMefXo7c.css?or=w; https://r.bing.com/rs/4f/h6/cc,nc/U6HOq0RcF4_oC2_ItiNCBhNzO24.css?or=w; https://r.bing.com/rs/4f/fn/cir3,cc,nc/qYkYtW4ptUTHO5TVR_F3o3iRdIs.css?or=w",Electronics & Technology,CTRL_CAND_0131,preferred_control,SEC company_tickers_exchange.json + SEC submissions SIC,https://www.sec.gov/files/company_tickers_exchange.json; https://data.sec.gov/submissions/CIK##########.json,0.5049888401966828,LOW,Ondas Inc.,cache,Phones & Smartwatches,-2.915490876544148,Nasdaq,True,0.1416570733539285,0.10027310792313199,3.915490876544148,False,15.26560472994247,12.677272434092025,True,2.65,REVIEW,1,0001651562,"Coursera, Inc.",-24.76484412610162,10,True,10.001648397972483,0.5433947733676798,1096,0.0,3663,Radio & Tv Broadcasting & Communications Equipment,Micro-scale revenue proxy,FY2019 revenue proxy; historical market cap not constructed,False,ONDS
0001385280,,0.06970843128964847,0.1166349187453836,0.04090477876713306,5828017000.0,,3283099000.0,NO_BNPL_EVIDENCE,"Search completed; no clear BNPL exposure signal detected in result text. Top links: https://r.bing.com/rs/4f/gg/cc,nc/-G_YKFrphkyl83D0HTgpMefXo7c.css?or=w; https://r.bing.com/rs/4f/h6/cc,nc/U6HOq0RcF4_oC2_ItiNCBhNzO24.css?or=w; https://r.bing.com/rs/4f/fd/cir3,cc,nc/WTKNvHzqziTEsCD58MJtjs7bzWc.css?or=w",Entertainment,CTRL_CAND_0132,preferred_control,SEC company_tickers_exchange.json + SEC submissions SIC,https://www.sec.gov/files/company_tickers_exchange.json; https://data.sec.gov/submissions/CIK##########.json,0.08378716122482141,MEDIUM,"Cinemark Holdings, Inc.",cache,Gaming & Entertainment,0.24636407203342062,NYSE,True,,0.0037209912050702666,,False,22.48594264222776,21.912053630356922,True,0.904048963639289,LOW,1,0001060822,CARTERS INC,-0.003303029327581756,20,True,0.03576309491216234,0.009008762178640344,1099,0.0,7830,Services-Motion Picture Theaters,Mid-scale revenue proxy,FY2019 revenue proxy; historical market cap not constructed,False,CNK
0001395942,,0.06959816321423465,0.09755337750211245,-0.24809855382967327,6581200000.0,,2781900000.0,NO_BNPL_EVIDENCE,"Search completed; no clear BNPL exposure signal detected in result text. Top links: https://r.bing.com/rs/4f/gg/cc,nc/-G_YKFrphkyl83D0HTgpMefXo7c.css?or=w; https://r.bing.com/rs/4f/h6/cc,nc/U6HOq0RcF4_oC2_ItiNCBhNzO24.css?or=w; https://r.bing.com/rs/4f/f3/cir3,cc,nc/XKkf7PevzOVtzidRm3f9xWob0cM.css?or=w",Automotive,CTRL_CAND_0133,preferred_control,SEC company_tickers_exchange.json + SEC submissions SIC,https://www.sec.gov/files/company_tickers_exchange.json; https://data.sec.gov/submissions/CIK##########.json,0.0771287911019267,HIGH,"OPENLANE, Inc.",cache,Automotive,0.2507445450677688,NYSE,True,,,,True,22.60748293647677,21.746399984438565,True,1.1123328280953653,LOW,1,0001116132,"TAPESTRY, INC.",,5,True,,,1101,0.5477202992948269,5500,Retail-Auto Dealers & Gasoline Stations,Mid-scale revenue proxy,FY2019 revenue proxy; historical market cap not constructed,True,OPLN
0000822663,0.6331399060259705,0.07369607865668025,0.13996288400203394,0.15414854487226726,828832000.0,,,NO_BNPL_EVIDENCE,"Search completed; no clear BNPL exposure signal detected in result text. Top links: https://r.bing.com/rs/4f/gg/cc,nc/-G_YKFrphkyl83D0HTgpMefXo7c.css?or=w; https://r.bing.com/rs/4f/gM/cc,nc/rWljTRKHPYQiu_szhv9ApXQ-KpI.css?or=w; https://r.bing.com/rs/4f/ez/cir3,cc,nc/ITQ79_h8jq-eoIeRkdWbxDW7IbQ.css?or=w",Apparel & Personal Care,CTRL_CAND_0134,excluded_insufficient_pre_financials,SEC company_tickers_exchange.json + SEC submissions SIC,https://www.sec.gov/files/company_tickers_exchange.json; https://data.sec.gov/submissions/CIK##########.json,0.2321544052353191,HIGH,INTERPARFUMS INC,cache,Health & Beauty,0.5646548395814833,Nasdaq,False,0.0016884228884424494,0.20246443187521718,,False,20.535528038762756,,True,,,,,,-0.000710440260655474,13,False,0.12334357977613908,0.034740434913382925,1119,1.270717073515959,2844,"Perfumes, Cosmetics & Other Toilet Preparations",Unclassified,FY2019 revenue proxy; historical market cap not constructed,False,IPAR
0000868780,0.37450364561545335,0.11328132760604444,0.1592368895602603,0.05028530664812634,1041072000.0,,991329000.0,NO_BNPL_EVIDENCE,"Search completed; no clear BNPL exposure signal detected in result text. Top links: https://r.bing.com/rs/4f/gg/cc,nc/-G_YKFrphkyl83D0HTgpMefXo7c.css?or=w; https://r.bing.com/rs/4f/gS/cc,nc/_huiPba-9XiYDf9Vd8j9EoLtXL4.css?or=w; https://r.bing.com/rs/4f/fn/cir3,cc,nc/qYkYtW4ptUTHO5TVR_F3o3iRdIs.css?or=w",Automotive,CTRL_CAND_0135,preferred_control,SEC company_tickers_exchange.json + SEC submissions SIC,https://www.sec.gov/files/company_tickers_exchange.json; https://data.sec.gov/submissions/CIK##########.json,0.06565636190388369,MEDIUM,"Dorman Products, Inc.",cache,Automotive,0.743064840856348,Nasdaq,True,-0.0023054647008373887,0.2697344660119569,,False,20.763516788452634,20.714557025089494,True,0.8972720195636761,LOW,1,0001318008,Zumiez Inc,-0.0041911718894211,20,True,0.054098949770856386,0.013955619284281904,1121,0.215651676716331,3714,Motor Vehicle Parts & Accessories,Small-scale revenue proxy,FY2019 revenue proxy; historical market cap not constructed,False,DORM
0002052959,,,,,,,,NO_BNPL_EVIDENCE,"Search completed; no clear BNPL exposure signal detected in result text. Top links: https://r.bing.com/rs/4f/gg/cc,nc/-G_YKFrphkyl83D0HTgpMefXo7c.css?or=w; https://r.bing.com/rs/4f/h6/cc,nc/U6HOq0RcF4_oC2_ItiNCBhNzO24.css?or=w; https://r.bing.com/rs/4f/fG/cir3,cc,nc/5gFAL7Id0yWkqqPO1crOKHL1NzM.css?or=w",Entertainment,CTRL_CAND_0136,excluded_insufficient_pre_financials,SEC company_tickers_exchange.json + SEC submissions SIC,https://www.sec.gov/files/company_tickers_exchange.json; https://data.sec.gov/submissions/CIK##########.json,,MEDIUM,Lionsgate Studios Corp.,cache,Gaming & Entertainment,,NYSE,False,,,,,,,True,,,,,,,,False,,,1126,,7812,Services-Motion Picture & Video Tape Production,,,False,LION
0001877787,,,,,,,,NO_BNPL_EVIDENCE,"Search completed; no clear BNPL exposure signal detected in result text. Top links: https://r.bing.com/rs/4f/gg/cc,nc/-G_YKFrphkyl83D0HTgpMefXo7c.css?or=w; https://r.bing.com/rs/4f/gM/cc,nc/rWljTRKHPYQiu_szhv9ApXQ-KpI.css?or=w; https://r.bing.com/rs/4f/fd/cir3,cc,nc/WTKNvHzqziTEsCD58MJtjs7bzWc.css?or=w",Apparel & Personal Care,CTRL_CAND_0137,excluded_insufficient_pre_financials,SEC company_tickers_exchange.json + SEC submissions SIC,https://www.sec.gov/files/company_tickers_exchange.json; https://data.sec.gov/submissions/CIK##########.json,,MEDIUM,Ermenegildo Zegna N.V.,cache,Clothing & Accessories,,NYSE,False,,,,,,,True,,,,,,,,False,,,1127,,2300,Apparel & Other Finishd Prods of Fabrics & Similar Matl,,,False,ZGN
0000932696,0.14163733181968777,0.019142570200172234,0.03024130736416913,0.12693981305817076,4178179000.0,,7731190000.0,NO_BNPL_EVIDENCE,"Search completed; no clear BNPL exposure signal detected in result text. Top links: https://r.bing.com/rs/4f/gg/cc,nc/-G_YKFrphkyl83D0HTgpMefXo7c.css?or=w; https://r.bing.com/rs/4f/h6/cc,nc/U6HOq0RcF4_oC2_ItiNCBhNzO24.css?or=w; https://r.bing.com/rs/4f/fG/cir3,cc,nc/5gFAL7Id0yWkqqPO1crOKHL1NzM.css?or=w",Apparel & Personal Care,CTRL_CAND_0138,preferred_control,SEC company_tickers_exchange.json + SEC submissions SIC,https://www.sec.gov/files/company_tickers_exchange.json; https://data.sec.gov/submissions/CIK##########.json,0.027444491966476303,LOW,INSIGHT ENTERPRISES INC,cache,Clothing & Accessories,0.27770902108310824,Nasdaq,True,0.0007276265163037051,0.04567372532387914,0.7222909789168918,False,22.153141342628803,22.76852863336356,True,0.4811133014025049,HIGH,1,0000701985,"Bath & Body Works, Inc.",0.0005698411376056016,20,True,0.09523057140785363,0.025344043593433074,1135,0.10971878204312732,5961,Retail-Catalog & Mail-Order Houses,Mid-scale revenue proxy,FY2019 revenue proxy; historical market cap not constructed,False,NSIT
0001815846,,,,,,,,NO_BNPL_EVIDENCE,"Search completed; no clear BNPL exposure signal detected in result text. Top links: https://r.bing.com/rs/4f/gg/cc,nc/-G_YKFrphkyl83D0HTgpMefXo7c.css?or=w; https://r.bing.com/rs/4f/gM/cc,nc/rWljTRKHPYQiu_szhv9ApXQ-KpI.css?or=w; https://r.bing.com/rs/4f/fn/cir3,cc,nc/qYkYtW4ptUTHO5TVR_F3o3iRdIs.css?or=w",Apparel & Personal Care,CTRL_CAND_0139,excluded_insufficient_pre_financials,SEC company_tickers_exchange.json + SEC submissions SIC,https://www.sec.gov/files/company_tickers_exchange.json; https://data.sec.gov/submissions/CIK##########.json,,LOW,MINISO Group Holding Ltd,cache,Clothing & Accessories,,NYSE,False,,,,,,,True,,,,,,,,False,,,1137,,5331,Retail-Variety Stores,,,False,MNSO
0001483934,,,,,5164010000.0,,,NO_BNPL_EVIDENCE,"Search completed; no clear BNPL exposure signal detected in result text. Top links: https://r.bing.com/rs/4f/gg/cc,nc/-G_YKFrphkyl83D0HTgpMefXo7c.css?or=w; https://r.bing.com/rs/4f/h6/cc,nc/U6HOq0RcF4_oC2_ItiNCBhNzO24.css?or=w; https://r.bing.com/rs/4f/fG/cir3,cc,nc/5gFAL7Id0yWkqqPO1crOKHL1NzM.css?or=w",Entertainment,CTRL_CAND_0140,excluded_insufficient_pre_financials,SEC company_tickers_exchange.json + SEC submissions SIC,https://www.sec.gov/files/company_tickers_exchange.json; https://data.sec.gov/submissions/CIK##########.json,0.03917556317667859,LOW,Scorpio Tankers Inc.,cache,Gaming & Entertainment,0.38283988605754055,NYSE,False,,0.0016742802589460517,0.6171601139424594,True,22.36497924641228,,True,,,,,,,0,False,,,1143,,4412,Deep Sea Foreign Transportation of Freight,Unclassified,FY2019 revenue proxy; historical market cap not constructed,False,STNG
0001815779,,,,,,,,NO_BNPL_EVIDENCE,"Search completed; no clear BNPL exposure signal detected in result text. Top links: https://r.bing.com/rs/4f/gg/cc,nc/-G_YKFrphkyl83D0HTgpMefXo7c.css?or=w; https://r.bing.com/rs/4f/h6/cc,nc/U6HOq0RcF4_oC2_ItiNCBhNzO24.css?or=w; https://r.bing.com/rs/4f/fn/cir3,cc,nc/qYkYtW4ptUTHO5TVR_F3o3iRdIs.css?or=w",Sports & Leisure,CTRL_CAND_0141,excluded_insufficient_pre_financials,SEC company_tickers_exchange.json + SEC submissions SIC,https://www.sec.gov/files/company_tickers_exchange.json; https://data.sec.gov/submissions/CIK##########.json,,MEDIUM,Hafnia Ltd,cache,Sports & Outdoor,,NYSE,False,,,,,,,True,,,,,,,,False,,,1147,,4700,Transportation Services,,,False,HAFN
0000098222,-0.01449725112608919,-0.7542445560218295,-0.3303104455590487,0.017807897320957382,1579528000.0,,486549000.0,NO_BNPL_EVIDENCE,"Search completed; no clear BNPL exposure signal detected in result text. Top links: https://r.bing.com/rs/4f/gg/cc,nc/-G_YKFrphkyl83D0HTgpMefXo7c.css?or=w; https://r.bing.com/rs/4f/gM/cc,nc/rWljTRKHPYQiu_szhv9ApXQ-KpI.css?or=w; https://r.bing.com/rs/4f/fG/cir3,cc,nc/5gFAL7Id0yWkqqPO1crOKHL1NzM.css?or=w",Entertainment,CTRL_CAND_0142,eligible_not_selected,SEC company_tickers_exchange.json + SEC submissions SIC,https://www.sec.gov/files/company_tickers_exchange.json; https://data.sec.gov/submissions/CIK##########.json,0.13819951276583892,LOW,TIDEWATER INC,cache,Gaming & Entertainment,0.6424697757811194,NYSE,False,-4.203686494138924e-05,,,False,21.18039190517813,20.002848173942933,True,,,,,,0.012056523111291656,17,False,-0.16038711001183692,-0.05668052145242723,1167,0.0,4400,Water Transportation,Small-scale revenue proxy,FY2019 revenue proxy; historical market cap not constructed,False,TDW
0001952073,,,,,,,,NO_BNPL_EVIDENCE,"Search completed; no clear BNPL exposure signal detected in result text. Top links: https://r.bing.com/rs/4f/gg/cc,nc/-G_YKFrphkyl83D0HTgpMefXo7c.css?or=w; https://r.bing.com/rs/4f/gM/cc,nc/rWljTRKHPYQiu_szhv9ApXQ-KpI.css?or=w; https://r.bing.com/rs/4f/fG/cir3,cc,nc/5gFAL7Id0yWkqqPO1crOKHL1NzM.css?or=w",Entertainment,CTRL_CAND_0143,excluded_insufficient_pre_financials,SEC company_tickers_exchange.json + SEC submissions SIC,https://www.sec.gov/files/company_tickers_exchange.json; https://data.sec.gov/submissions/CIK##########.json,,MEDIUM,Madison Square Garden Entertainment Corp.,cache,Gaming & Entertainment,,NYSE,False,,,,,,,True,,,,,,,,False,,,1182,,7990,Services-Miscellaneous Amusement & Recreation,,,False,MSGE
0000925261,,,,,2390948423000.0,,,NO_BNPL_EVIDENCE,"Search completed; no clear BNPL exposure signal detected in result text. Top links: https://r.bing.com/rs/4f/gg/cc,nc/-G_YKFrphkyl83D0HTgpMefXo7c.css?or=w; https://r.bing.com/rs/4f/h6/cc,nc/U6HOq0RcF4_oC2_ItiNCBhNzO24.css?or=w; https://r.bing.com/rs/4f/eT/cir3,cc,nc/ZNlEaxLrmuWEflDP-KwkyUROBrA.css?or=w",Automotive,CTRL_CAND_0144,excluded_insufficient_pre_financials,SEC company_tickers_exchange.json + SEC submissions SIC,https://www.sec.gov/files/company_tickers_exchange.json; https://data.sec.gov/submissions/CIK##########.json,0.06590187579299363,MEDIUM,ANDINA BOTTLING CO INC,cache,Automotive,0.4052383308144661,NYSE,False,,,0.5947616691855339,True,28.502711232862996,,True,,,,,,,0,False,,,1185,,2086,Bottled & Canned Soft Drinks & Carbonated Waters,Unclassified,FY2019 revenue proxy; historical market cap not constructed,False,AKO-A
0001636222,0.769791418796968,0.1774054477837144,0.2758878239400681,0.2903845364747988,166113000.0,,199676000.0,NO_BNPL_EVIDENCE,"Search completed; no clear BNPL exposure signal detected in result text. Top links: https://r.bing.com/rs/4f/gg/cc,nc/-G_YKFrphkyl83D0HTgpMefXo7c.css?or=w; https://r.bing.com/rs/4f/gM/cc,nc/rWljTRKHPYQiu_szhv9ApXQ-KpI.css?or=w; https://r.bing.com/rs/4f/fG/cir3,cc,nc/5gFAL7Id0yWkqqPO1crOKHL1NzM.css?or=w",Entertainment,CTRL_CAND_0145,eligible_not_selected,SEC company_tickers_exchange.json + SEC submissions SIC,https://www.sec.gov/files/company_tickers_exchange.json; https://data.sec.gov/submissions/CIK##########.json,0.07735095988875043,LOW,Wingstop Inc.,cache,Gaming & Entertainment,-1.2607562322033796,Nasdaq,False,0.006177665858305029,0.0018962995069621283,2.26075623220338,False,18.928178837625648,19.11220661089341,True,,,,,,-0.0041927609616332654,17,False,0.29775141265139915,0.06763492339028486,1186,0.3326752811677435,5812,Retail-Eating Places,Micro-scale revenue proxy,FY2019 revenue proxy; historical market cap not constructed,False,WING
0001958140,,,,,,,,NO_BNPL_EVIDENCE,"Search completed; no clear BNPL exposure signal detected in result text. Top links: https://r.bing.com/rs/4f/gg/cc,nc/-G_YKFrphkyl83D0HTgpMefXo7c.css?or=w; https://r.bing.com/rs/4f/h6/cc,nc/U6HOq0RcF4_oC2_ItiNCBhNzO24.css?or=w; https://r.bing.com/rs/4f/fG/cir3,cc,nc/5gFAL7Id0yWkqqPO1crOKHL1NzM.css?or=w",Entertainment,CTRL_CAND_0146,excluded_insufficient_pre_financials,SEC company_tickers_exchange.json + SEC submissions SIC,https://www.sec.gov/files/company_tickers_exchange.json; https://data.sec.gov/submissions/CIK##########.json,,MEDIUM,"Atlanta Braves Holdings, Inc.",cache,Gaming & Entertainment,,Nasdaq,False,,,,,,,True,,,,,,,,False,,,1198,,7900,Services-Amusement & Recreation Services,,,False,BATRA
0001974138,,,,,,,,NO_BNPL_EVIDENCE,"Search completed; no clear BNPL exposure signal detected in result text. Top links: https://r.bing.com/rs/4f/gg/cc,nc/-G_YKFrphkyl83D0HTgpMefXo7c.css?or=w; https://r.bing.com/rs/4f/h6/cc,nc/U6HOq0RcF4_oC2_ItiNCBhNzO24.css?or=w; https://r.bing.com/rs/4f/fG/cir3,cc,nc/5gFAL7Id0yWkqqPO1crOKHL1NzM.css?or=w",Electronics & Technology,CTRL_CAND_0147,excluded_insufficient_pre_financials,SEC company_tickers_exchange.json + SEC submissions SIC,https://www.sec.gov/files/company_tickers_exchange.json; https://data.sec.gov/submissions/CIK##########.json,,MEDIUM,NCR Atleos Corp,cache,Computers & Tablets,,NYSE,False,,,,,,,True,,,,,,,,False,,,1199,,3578,Calculating & Accounting Machines (No Electronic Computers),,,False,NATL
0000913241,0.3745976348206859,0.07991910315530262,0.10820063672067355,0.08872888776812606,1278647000.0,,1353222000.0,NO_BNPL_EVIDENCE,"Search completed; no clear BNPL exposure signal detected in result text. Top links: https://r.bing.com/rs/4f/gg/cc,nc/-G_YKFrphkyl83D0HTgpMefXo7c.css?or=w; https://r.bing.com/rs/4f/h6/cc,nc/U6HOq0RcF4_oC2_ItiNCBhNzO24.css?or=w; https://r.bing.com/rs/4f/fG/cir3,cc,nc/5gFAL7Id0yWkqqPO1crOKHL1NzM.css?or=w",Apparel & Personal Care,CTRL_CAND_0148,preferred_control,SEC company_tickers_exchange.json + SEC submissions SIC,https://www.sec.gov/files/company_tickers_exchange.json; https://data.sec.gov/submissions/CIK##########.json,0.20654723313001946,MEDIUM,"STEVEN MADDEN, LTD.",cache,Clothing & Accessories,0.6479513110342416,Nasdaq,True,0.001407019569723311,0.1070631691154791,0.3420983273726056,False,20.969068324576416,21.025754252498057,False,0.3282733264536192,HIGH,1,0000885245,BUCKLE INC,-0.0005024668049110656,18,True,0.06270944902982589,0.01872556659873959,1205,0.0,3140,"Footwear, (No Rubber)",Small-scale revenue proxy,FY2019 revenue proxy; historical market cap not constructed,False,SHOO
0001649313,,,,,,,,NO_BNPL_EVIDENCE,"Search completed; no clear BNPL exposure signal detected in result text. Top links: https://r.bing.com/rs/4f/gg/cc,nc/-G_YKFrphkyl83D0HTgpMefXo7c.css?or=w; https://r.bing.com/rs/4f/gM/cc,nc/rWljTRKHPYQiu_szhv9ApXQ-KpI.css?or=w; https://r.bing.com/rs/4f/eJ/cir3,cc,nc/-ooVmxB9OlPzBcewmec-cfwYTQs.css?or=w",Sports & Leisure,CTRL_CAND_0149,excluded_insufficient_pre_financials,SEC company_tickers_exchange.json + SEC submissions SIC,https://www.sec.gov/files/company_tickers_exchange.json; https://data.sec.gov/submissions/CIK##########.json,,MEDIUM,BW LPG Ltd,cache,Sports & Outdoor,,NYSE,False,,,,,,,True,,,,,,,,False,,,1206,,4700,Transportation Services,,,False,BWLP
0001929561,,,,,,,,NO_BNPL_EVIDENCE,"Search completed; no clear BNPL exposure signal detected in result text. Top links: https://r.bing.com/rs/4f/gg/cc,nc/-G_YKFrphkyl83D0HTgpMefXo7c.css?or=w; https://r.bing.com/rs/4f/h6/cc,nc/U6HOq0RcF4_oC2_ItiNCBhNzO24.css?or=w; https://r.bing.com/rs/4f/eJ/cir3,cc,nc/-ooVmxB9OlPzBcewmec-cfwYTQs.css?or=w",Sports & Leisure,CTRL_CAND_0150,excluded_insufficient_pre_financials,SEC company_tickers_exchange.json + SEC submissions SIC,https://www.sec.gov/files/company_tickers_exchange.json; https://data.sec.gov/submissions/CIK##########.json,,MEDIUM,"RXO, Inc.",cache,Sports & Outdoor,,NYSE,False,,,,,,,True,,,,,,,,False,,,1213,,4700,Transportation Services,,,False,RXO
0000837465,0.4567514490715141,0.05288277190685127,0.0838349950201111,0.2549736905501007,1960548000.0,,1701063000.0,NO_BNPL_EVIDENCE,"Search completed; no clear BNPL exposure signal detected in result text. Top links: https://r.bing.com/rs/4f/gg/cc,nc/-G_YKFrphkyl83D0HTgpMefXo7c.css?or=w; https://r.bing.com/rs/4f/h6/cc,nc/U6HOq0RcF4_oC2_ItiNCBhNzO24.css?or=w; https://r.bing.com/rs/4f/f3/cir3,cc,nc/XKkf7PevzOVtzidRm3f9xWob0cM.css?or=w",Kids & Toys,CTRL_CAND_0151,preferred_control,SEC company_tickers_exchange.json + SEC submissions SIC,https://www.sec.gov/files/company_tickers_exchange.json; https://data.sec.gov/submissions/CIK##########.json,0.054406217037277334,MEDIUM,Callaway Golf Co,cache,Toys & Hobbies,0.3913972011906875,NYSE,True,0.0015382733201497372,0.2329139607905545,,False,21.396489862947057,21.25451918671132,False,0.49344421041691217,HIGH,1,0000866729,SCHOLASTIC CORP,0.002299662979234048,19,True,0.19157392579651478,0.04147223348789544,1217,0.0,3949,"Sporting & Athletic Goods, NEC",Small-scale revenue proxy,FY2019 revenue proxy; historical market cap not constructed,False,CALY
0001031203,0.1493108176216089,0.016127932825371626,0.030572013946649376,0.03638308777338889,5570200000.0,,12043800000.0,NO_BNPL_EVIDENCE,"Search completed; no clear BNPL exposure signal detected in result text. Top links: https://r.bing.com/rs/4f/gg/cc,nc/-G_YKFrphkyl83D0HTgpMefXo7c.css?or=w; https://r.bing.com/rs/4f/gS/cc,nc/_huiPba-9XiYDf9Vd8j9EoLtXL4.css?or=w; https://r.bing.com/rs/4f/ez/cir3,cc,nc/ITQ79_h8jq-eoIeRkdWbxDW7IbQ.css?or=w",Automotive,CTRL_CAND_0152,preferred_control,SEC company_tickers_exchange.json + SEC submissions SIC,https://www.sec.gov/files/company_tickers_exchange.json; https://data.sec.gov/submissions/CIK##########.json,0.004272737065096406,HIGH,GROUP 1 AUTOMOTIVE INC,cache,Automotive,0.22543176187569566,NYSE,True,0.0003273599185739379,0.34140605364259813,,False,22.440696796883703,23.21181584164921,True,0.8154218779666274,LOW,1,0001531152,"BJ's Wholesale Club Holdings, Inc.",8.633792460700977e-05,19,True,0.03164905534549489,0.009142018226777685,1221,0.121081101304652,5500,Retail-Auto Dealers & Gasoline Stations,Large-scale revenue proxy,FY2019 revenue proxy; historical market cap not constructed,True,GPI
0002097163,,,,,,,,NO_BNPL_EVIDENCE,"Search completed; no clear BNPL exposure signal detected in result text. Top links: https://r.bing.com/rs/4f/gg/cc,nc/-G_YKFrphkyl83D0HTgpMefXo7c.css?or=w; https://r.bing.com/rs/4f/h6/cc,nc/U6HOq0RcF4_oC2_ItiNCBhNzO24.css?or=w; https://r.bing.com/rs/4f/f3/cir3,cc,nc/XKkf7PevzOVtzidRm3f9xWob0cM.css?or=w",Electronics & Technology,CTRL_CAND_0153,excluded_insufficient_pre_financials,SEC company_tickers_exchange.json + SEC submissions SIC,https://www.sec.gov/files/company_tickers_exchange.json; https://data.sec.gov/submissions/CIK##########.json,,MEDIUM,Xanadu Quantum Technologies Ltd,cache,Computers & Tablets,,Nasdaq,False,,,,,,,True,,,,,,,,False,,,1232,,3571,Electronic Computers,,,False,XNDU
0001386716,,,,,3238671000.0,,,NO_BNPL_EVIDENCE,"Search completed; no clear BNPL exposure signal detected in result text. Top links: https://r.bing.com/rs/4f/gg/cc,nc/-G_YKFrphkyl83D0HTgpMefXo7c.css?or=w; https://r.bing.com/rs/4f/h6/cc,nc/U6HOq0RcF4_oC2_ItiNCBhNzO24.css?or=w; https://r.bing.com/rs/4f/fG/cir3,cc,nc/5gFAL7Id0yWkqqPO1crOKHL1NzM.css?or=w",Entertainment,CTRL_CAND_0154,excluded_insufficient_pre_financials,SEC company_tickers_exchange.json + SEC submissions SIC,https://www.sec.gov/files/company_tickers_exchange.json; https://data.sec.gov/submissions/CIK##########.json,0.036378810938190384,LOW,Star Bulk Carriers Corp.,cache,Gaming & Entertainment,0.47675111179863594,Nasdaq,False,,0.015794441608919213,0.5232488882013641,True,21.898428897416508,,True,,,,,,,0,False,,,1236,,4412,Deep Sea Foreign Transportation of Freight,Unclassified,FY2019 revenue proxy; historical market cap not constructed,False,SBLK
0001430162,,,,,,,,NO_BNPL_EVIDENCE,"Search completed; no clear BNPL exposure signal detected in result text. Top links: https://r.bing.com/rs/4f/gg/cc,nc/-G_YKFrphkyl83D0HTgpMefXo7c.css?or=w; https://r.bing.com/rs/4f/h6/cc,nc/U6HOq0RcF4_oC2_ItiNCBhNzO24.css?or=w; https://r.bing.com/rs/4f/eT/cir3,cc,nc/ZNlEaxLrmuWEflDP-KwkyUROBrA.css?or=w",Automotive,CTRL_CAND_0155,excluded_insufficient_pre_financials,SEC company_tickers_exchange.json + SEC submissions SIC,https://www.sec.gov/files/company_tickers_exchange.json; https://data.sec.gov/submissions/CIK##########.json,,HIGH,Cosan S.A.,cache,Automotive,,NYSE,False,,,,,,,True,,,,,,,,False,,,1237,,5500,Retail-Auto Dealers & Gasoline Stations,,,False,CSAN
0001587523,0.3846116026734274,0.0616572754188893,0.07500107155013977,-0.03945104687173173,1654600000.0,,854800000.0,NO_BNPL_EVIDENCE,"Search completed; no clear BNPL exposure signal detected in result text. Top links: https://r.bing.com/rs/4f/gg/cc,nc/-G_YKFrphkyl83D0HTgpMefXo7c.css?or=w; https://r.bing.com/rs/4f/h6/cc,nc/U6HOq0RcF4_oC2_ItiNCBhNzO24.css?or=w; https://r.bing.com/rs/4f/eT/cir3,cc,nc/ZNlEaxLrmuWEflDP-KwkyUROBrA.css?or=w",Electronics & Technology,CTRL_CAND_0156,preferred_control,SEC company_tickers_exchange.json + SEC submissions SIC,https://www.sec.gov/files/company_tickers_exchange.json; https://data.sec.gov/submissions/CIK##########.json,0.047383053305934966,MEDIUM,Knowles Corp,cache,TV & Audio,0.7787380635803215,NYSE,True,0.00855172185802144,0.08570047141303035,,False,21.226825124720357,20.566378081409265,True,2.65,REVIEW,1,0001828962,"Cricut, Inc.",0.01579232731168084,19,True,-0.057787789031764625,-0.012066071658609368,1241,0.1882294173743245,3651,Household Audio & Video Equipment,Small-scale revenue proxy,FY2019 revenue proxy; historical market cap not constructed,False,KN
0000048287,0.36531359853596745,0.04105257289917241,0.04842095408426703,-0.0009730507949489986,1452512000.0,,2246947000.0,NO_BNPL_EVIDENCE,"Search completed; no clear BNPL exposure signal detected in result text. Top links: https://r.bing.com/rs/4f/gg/cc,nc/-G_YKFrphkyl83D0HTgpMefXo7c.css?or=w; https://r.bing.com/rs/4f/h6/cc,nc/U6HOq0RcF4_oC2_ItiNCBhNzO24.css?or=w; https://r.bing.com/rs/4f/fd/cir3,cc,nc/WTKNvHzqziTEsCD58MJtjs7bzWc.css?or=w",Home & Appliances,CTRL_CAND_0157,preferred_control,SEC company_tickers_exchange.json + SEC submissions SIC,https://www.sec.gov/files/company_tickers_exchange.json; https://data.sec.gov/submissions/CIK##########.json,0.03585030622810689,MEDIUM,HNI CORP,cache,Home & Appliances,0.4020923751404463,NYSE,True,-1.3505518972668119e-05,0.11253951774580864,,False,21.096560308274114,21.53283824286653,True,2.65,REVIEW,1,0001875444,"Arhaus, Inc.",-0.00025928858749916676,18,True,-0.006294152813270726,0.00131661402860555,1242,0.36884155278065534,2522,Office Furniture (No Wood),Mid-scale revenue proxy,FY2019 revenue proxy; historical market cap not constructed,False,HNI
0001528849,0.37258420808812837,0.03039362227194859,0.08313441171707234,0.08698718365258663,2445694000.0,,,NO_BNPL_EVIDENCE,"Search completed; no clear BNPL exposure signal detected in result text. Top links: https://r.bing.com/rs/4f/gg/cc,nc/-G_YKFrphkyl83D0HTgpMefXo7c.css?or=w; https://r.bing.com/rs/4f/gM/cc,nc/rWljTRKHPYQiu_szhv9ApXQ-KpI.css?or=w; https://r.bing.com/rs/4f/fG/cir3,cc,nc/5gFAL7Id0yWkqqPO1crOKHL1NzM.css?or=w",Home & Appliances,CTRL_CAND_0158,excluded_insufficient_pre_financials,SEC company_tickers_exchange.json + SEC submissions SIC,https://www.sec.gov/files/company_tickers_exchange.json; https://data.sec.gov/submissions/CIK##########.json,0.019486493404326136,HIGH,RH,cache,Home & Appliances,0.0076260562441581,NYSE,False,0.0043095849352200585,,0.9923739437558419,False,21.61759476417777,,True,,,,,,0.003951108339921552,16,False,0.05912618133332348,0.02062772196832746,1244,0.4370478385111327,5712,Retail-Furniture Stores,Unclassified,FY2019 revenue proxy; historical market cap not constructed,False,RH
0001655891,,,,,2003881000.0,,,NO_BNPL_EVIDENCE,"Search completed; no clear BNPL exposure signal detected in result text. Top links: https://r.bing.com/rs/4f/gg/cc,nc/-G_YKFrphkyl83D0HTgpMefXo7c.css?or=w; https://r.bing.com/rs/4f/h6/cc,nc/U6HOq0RcF4_oC2_ItiNCBhNzO24.css?or=w; https://r.bing.com/rs/4f/fG/cir3,cc,nc/5gFAL7Id0yWkqqPO1crOKHL1NzM.css?or=w",Entertainment,CTRL_CAND_0159,excluded_insufficient_pre_financials,SEC company_tickers_exchange.json + SEC submissions SIC,https://www.sec.gov/files/company_tickers_exchange.json; https://data.sec.gov/submissions/CIK##########.json,0.02836845102079415,LOW,TORM plc,cache,Gaming & Entertainment,0.5028676852567593,Nasdaq,False,,,0.49713231474324077,True,21.418351637168367,,True,,,,,,,0,False,,,1251,,4412,Deep Sea Foreign Transportation of Freight,Unclassified,FY2019 revenue proxy; historical market cap not constructed,False,TRMD
0001617406,,0.44064034431555826,0.15594512816533912,-0.016591301343030423,11290000000.0,,2844000000.0,NO_BNPL_EVIDENCE,"Search completed; no clear BNPL exposure signal detected in result text. Top links: https://r.bing.com/rs/4f/gg/cc,nc/-G_YKFrphkyl83D0HTgpMefXo7c.css?or=w; https://r.bing.com/rs/4f/gM/cc,nc/rWljTRKHPYQiu_szhv9ApXQ-KpI.css?or=w; https://r.bing.com/rs/4f/eJ/cir3,cc,nc/-ooVmxB9OlPzBcewmec-cfwYTQs.css?or=w",Entertainment,CTRL_CAND_0160,preferred_control,SEC company_tickers_exchange.json + SEC submissions SIC,https://www.sec.gov/files/company_tickers_exchange.json; https://data.sec.gov/submissions/CIK##########.json,0.030646589902568643,LOW,Park Hotels & Resorts Inc.,cache,Gaming & Entertainment,0.5753764393268379,NYSE,True,,,0.42860938883968114,False,23.147183215107983,21.768477348887405,True,0.9939625884840733,LOW,1,0001254699,QVC INC,-0.0005692903272691067,11,True,0.009450152042672855,0.004163496075826255,1258,0.0,7011,Hotels & Motels,Mid-scale revenue proxy,FY2019 revenue proxy; historical market cap not constructed,False,PK
0001654126,,,,,,,,NO_BNPL_EVIDENCE,"Search completed; no clear BNPL exposure signal detected in result text. Top links: https://r.bing.com/rs/4f/gg/cc,nc/-G_YKFrphkyl83D0HTgpMefXo7c.css?or=w; https://r.bing.com/rs/4f/gM/cc,nc/rWljTRKHPYQiu_szhv9ApXQ-KpI.css?or=w; https://r.bing.com/rs/4f/f3/cir3,cc,nc/XKkf7PevzOVtzidRm3f9xWob0cM.css?or=w",Entertainment,CTRL_CAND_0161,excluded_insufficient_pre_financials,SEC company_tickers_exchange.json + SEC submissions SIC,https://www.sec.gov/files/company_tickers_exchange.json; https://data.sec.gov/submissions/CIK##########.json,,LOW,ZIM Integrated Shipping Services Ltd.,cache,Gaming & Entertainment,,NYSE,False,,,,,,,True,,,,,,,,False,,,1260,,4412,Deep Sea Foreign Transportation of Freight,,,False,ZIM
0000069891,0.3893698126438814,0.13906862642806703,,0.14286022260694803,452193000.0,,1014105000.0,NO_BNPL_EVIDENCE,"Search completed; no clear BNPL exposure signal detected in result text. Top links: https://r.bing.com/rs/4f/gg/cc,nc/-G_YKFrphkyl83D0HTgpMefXo7c.css?or=w; https://r.bing.com/rs/4f/gM/cc,nc/rWljTRKHPYQiu_szhv9ApXQ-KpI.css?or=w; https://r.bing.com/rs/4f/fG/cir3,cc,nc/5gFAL7Id0yWkqqPO1crOKHL1NzM.css?or=w",Automotive,CTRL_CAND_0162,preferred_control,SEC company_tickers_exchange.json + SEC submissions SIC,https://www.sec.gov/files/company_tickers_exchange.json; https://data.sec.gov/submissions/CIK##########.json,0.34542772665653826,MEDIUM,NATIONAL BEVERAGE CORP,cache,Automotive,0.7333351024894238,Nasdaq,True,0.0036437068191578757,0.15635359238201388,,False,19.929619637812166,20.7372722870503,True,1.413633956837043,LOW,1,0001523836,"LightInTheBox Holding Co., Ltd.",,17,True,0.12895186115173995,0.032861127632077866,1274,0.215732777806069,2086,Bottled & Canned Soft Drinks & Carbonated Waters,Small-scale revenue proxy,FY2019 revenue proxy; historical market cap not constructed,False,FIZZ
0002078008,,,,,,,,NO_BNPL_EVIDENCE,"Search completed; no clear BNPL exposure signal detected in result text. Top links: https://r.bing.com/rs/4f/gg/cc,nc/-G_YKFrphkyl83D0HTgpMefXo7c.css?or=w; https://r.bing.com/rs/4f/h6/cc,nc/U6HOq0RcF4_oC2_ItiNCBhNzO24.css?or=w; https://r.bing.com/rs/4f/fn/cir3,cc,nc/qYkYtW4ptUTHO5TVR_F3o3iRdIs.css?or=w",Automotive,CTRL_CAND_0163,excluded_insufficient_pre_financials,SEC company_tickers_exchange.json + SEC submissions SIC,https://www.sec.gov/files/company_tickers_exchange.json; https://data.sec.gov/submissions/CIK##########.json,,MEDIUM,Versigent PLC,cache,Automotive,,NYSE,False,,,,,,,True,,,,,,,,False,,,1278,,3714,Motor Vehicle Parts & Accessories,,,False,VGNT
0001811210,,,,,,,,NO_BNPL_EVIDENCE,"Search completed; no clear BNPL exposure signal detected in result text. Top links: https://r.bing.com/rs/4f/gg/cc,nc/-G_YKFrphkyl83D0HTgpMefXo7c.css?or=w; https://r.bing.com/rs/4f/gS/cc,nc/_huiPba-9XiYDf9Vd8j9EoLtXL4.css?or=w; https://r.bing.com/rs/4f/eT/cir3,cc,nc/ZNlEaxLrmuWEflDP-KwkyUROBrA.css?or=w",Automotive,CTRL_CAND_0164,excluded_insufficient_pre_financials,SEC company_tickers_exchange.json + SEC submissions SIC,https://www.sec.gov/files/company_tickers_exchange.json; https://data.sec.gov/submissions/CIK##########.json,,MEDIUM,"Lucid Group, Inc.",cache,Automotive,,Nasdaq,False,,,,,,,True,,,,,,,,False,,,1286,,3711,Motor Vehicles & Passenger Car Bodies,,,False,LCID
0000940942,0.13450050854758913,0.04307691260037275,0.03843372053305485,-0.1200646607704422,1991574000.0,,3668117000.0,NO_BNPL_EVIDENCE,"Search completed; no clear BNPL exposure signal detected in result text. Top links: https://r.bing.com/rs/4f/gg/cc,nc/-G_YKFrphkyl83D0HTgpMefXo7c.css?or=w; https://r.bing.com/rs/4f/gM/cc,nc/rWljTRKHPYQiu_szhv9ApXQ-KpI.css?or=w; https://r.bing.com/rs/4f/fG/cir3,cc,nc/5gFAL7Id0yWkqqPO1crOKHL1NzM.css?or=w",Sports & Leisure,CTRL_CAND_0165,preferred_control,SEC company_tickers_exchange.json + SEC submissions SIC,https://www.sec.gov/files/company_tickers_exchange.json; https://data.sec.gov/submissions/CIK##########.json,0.08472143139044795,MEDIUM,"Hub Group, Inc.",cache,Sports & Outdoor,0.5399141583491248,Nasdaq,True,0.005809826071597377,,,True,21.4121911178168,22.022944288323735,True,2.65,REVIEW,1,0001817358,"Academy Sports & Outdoors, Inc.",0.002771472925168592,6,True,,-0.04069539651664054,1294,0.0,4731,Arrangement of Transportation of Freight & Cargo,Mid-scale revenue proxy,FY2019 revenue proxy; historical market cap not constructed,False,HUBG
0001111335,0.13541464988175622,0.04319076369788938,,-0.019820126728046415,2271000000.0,,2945000000.0,NO_BNPL_EVIDENCE,"Search completed; no clear BNPL exposure signal detected in result text. Top links: https://r.bing.com/rs/4f/gg/cc,nc/-G_YKFrphkyl83D0HTgpMefXo7c.css?or=w; https://r.bing.com/rs/4f/gM/cc,nc/rWljTRKHPYQiu_szhv9ApXQ-KpI.css?or=w; https://r.bing.com/rs/4f/fG/cir3,cc,nc/5gFAL7Id0yWkqqPO1crOKHL1NzM.css?or=w",Automotive,CTRL_CAND_0166,preferred_control,SEC company_tickers_exchange.json + SEC submissions SIC,https://www.sec.gov/files/company_tickers_exchange.json; https://data.sec.gov/submissions/CIK##########.json,0.2051959489211801,MEDIUM,VISTEON CORP,cache,Automotive,0.21136063408190225,Nasdaq,True,0.001209717908458589,0.07441655658300309,,False,21.54348610006983,21.80337465404996,True,1.147655574236912,LOW,1,0001766502,"Chewy, Inc.",,19,True,-0.02395992529470914,-0.02285936344409754,1301,0.07622243528283797,3714,Motor Vehicle Parts & Accessories,Mid-scale revenue proxy,FY2019 revenue proxy; historical market cap not constructed,False,VC
0000921738,,0.061010541490691426,0.1443567494503624,0.23072648675500626,14194500000.0,,5301400000.0,NO_BNPL_EVIDENCE,"Search completed; no clear BNPL exposure signal detected in result text. Top links: https://r.bing.com/rs/4f/gg/cc,nc/-G_YKFrphkyl83D0HTgpMefXo7c.css?or=w; https://r.bing.com/rs/4f/gM/cc,nc/rWljTRKHPYQiu_szhv9ApXQ-KpI.css?or=w; https://r.bing.com/rs/4f/fG/cir3,cc,nc/5gFAL7Id0yWkqqPO1crOKHL1NzM.css?or=w",Entertainment,CTRL_CAND_0167,preferred_control,SEC company_tickers_exchange.json + SEC submissions SIC,https://www.sec.gov/files/company_tickers_exchange.json; https://data.sec.gov/submissions/CIK##########.json,0.030814752192750712,LOW,"PENN Entertainment, Inc.",cache,Gaming & Entertainment,0.1305223854309768,Nasdaq,True,,,0.8695339744267145,False,23.37612040258067,22.391236773566167,True,0.9568968301500395,LOW,1,0000908937,SIRIUS XM HOLDINGS INC.,-0.0036598971625941947,20,True,0.1690439817359315,0.03490542370474958,1308,0.0,7011,Hotels & Motels,Mid-scale revenue proxy,FY2019 revenue proxy; historical market cap not constructed,False,PENN
0001639825,,,,,,,,NO_BNPL_EVIDENCE,"Search completed; no clear BNPL exposure signal detected in result text. Top links: https://r.bing.com/rs/4f/gg/cc,nc/-G_YKFrphkyl83D0HTgpMefXo7c.css?or=w; https://r.bing.com/rs/4f/gM/cc,nc/rWljTRKHPYQiu_szhv9ApXQ-KpI.css?or=w; https://r.bing.com/rs/4f/eJ/cir3,cc,nc/-ooVmxB9OlPzBcewmec-cfwYTQs.css?or=w",Kids & Toys,CTRL_CAND_0168,excluded_insufficient_pre_financials,SEC company_tickers_exchange.json + SEC submissions SIC,https://www.sec.gov/files/company_tickers_exchange.json; https://data.sec.gov/submissions/CIK##########.json,,MEDIUM,"PELOTON INTERACTIVE, INC.",cache,Toys & Hobbies,,Nasdaq,False,,,,,,,True,,,,,,,,False,,,1310,,3949,"Sporting & Athletic Goods, NEC",,,False,PTON
0001419945,0.5295256317197178,,-0.03000272923756715,0.1539156502394556,2229476000.0,,,NO_BNPL_EVIDENCE,"Search completed; no clear BNPL exposure signal detected in result text. Top links: https://r.bing.com/rs/4f/gg/cc,nc/-G_YKFrphkyl83D0HTgpMefXo7c.css?or=w; https://r.bing.com/rs/4f/gM/cc,nc/rWljTRKHPYQiu_szhv9ApXQ-KpI.css?or=w; https://r.bing.com/rs/4f/fG/cir3,cc,nc/5gFAL7Id0yWkqqPO1crOKHL1NzM.css?or=w",Entertainment,CTRL_CAND_0169,excluded_insufficient_pre_financials,SEC company_tickers_exchange.json + SEC submissions SIC,https://www.sec.gov/files/company_tickers_exchange.json; https://data.sec.gov/submissions/CIK##########.json,0.03984075181791596,LOW,TEEKAY TANKERS LTD.,cache,Gaming & Entertainment,0.4440146473879961,NYSE,False,,0.022332601920810092,0.5559853526120039,False,21.525032417228406,,True,,,,,,-0.048783251947488025,8,False,,0.08247307725531637,1311,0.0,4400,Water Transportation,Unclassified,FY2019 revenue proxy; historical market cap not constructed,False,TNK
0000076605,0.1791154709748678,0.046480529495858944,0.07314656877405362,0.2500683521203776,1470993000.0,,2337082000.0,NO_BNPL_EVIDENCE,"Search completed; no clear BNPL exposure signal detected in result text. Top links: https://r.bing.com/rs/4f/gg/cc,nc/-G_YKFrphkyl83D0HTgpMefXo7c.css?or=w; https://r.bing.com/rs/4f/gM/cc,nc/rWljTRKHPYQiu_szhv9ApXQ-KpI.css?or=w; https://r.bing.com/rs/4f/fn/cir3,cc,nc/qYkYtW4ptUTHO5TVR_F3o3iRdIs.css?or=w",Automotive,CTRL_CAND_0170,eligible_not_selected,SEC company_tickers_exchange.json + SEC submissions SIC,https://www.sec.gov/files/company_tickers_exchange.json; https://data.sec.gov/submissions/CIK##########.json,0.094759118500224,MEDIUM,PATRICK INDUSTRIES INC,cache,Automotive,0.3381939954846828,Nasdaq,False,0.0014504218279442372,0.17258409795287946,0.6618060045153172,False,21.109203519886815,21.57216897960687,False,,,,,,-0.000581391017609654,17,False,0.36577403901652517,0.07113265932796166,1313,0.0613593980513959,3714,Motor Vehicle Parts & Accessories,Mid-scale revenue proxy,FY2019 revenue proxy; historical market cap not constructed,False,PATK
0001968915,,,,,,,,NO_BNPL_EVIDENCE,"Search completed; no clear BNPL exposure signal detected in result text. Top links: https://r.bing.com/rs/4f/gg/cc,nc/-G_YKFrphkyl83D0HTgpMefXo7c.css?or=w; https://r.bing.com/rs/4f/h6/cc,nc/U6HOq0RcF4_oC2_ItiNCBhNzO24.css?or=w; https://r.bing.com/rs/4f/fG/cir3,cc,nc/5gFAL7Id0yWkqqPO1crOKHL1NzM.css?or=w",Automotive,CTRL_CAND_0171,excluded_insufficient_pre_financials,SEC company_tickers_exchange.json + SEC submissions SIC,https://www.sec.gov/files/company_tickers_exchange.json; https://data.sec.gov/submissions/CIK##########.json,,MEDIUM,PHINIA INC.,cache,Automotive,,NYSE,False,,,,,,,True,,,,,,,,False,,,1318,,3714,Motor Vehicle Parts & Accessories,,,False,PHIN
0001620533,,0.02260804092504763,0.0687457446980404,0.30683650931383216,968268000.0,,594519000.0,NO_BNPL_EVIDENCE,"Search completed; no clear BNPL exposure signal detected in result text. Top links: https://r.bing.com/rs/4f/gg/cc,nc/-G_YKFrphkyl83D0HTgpMefXo7c.css?or=w; https://r.bing.com/rs/4f/h6/cc,nc/U6HOq0RcF4_oC2_ItiNCBhNzO24.css?or=w; https://r.bing.com/rs/4f/fG/cir3,cc,nc/5gFAL7Id0yWkqqPO1crOKHL1NzM.css?or=w",Entertainment,CTRL_CAND_0172,preferred_control,SEC company_tickers_exchange.json + SEC submissions SIC,https://www.sec.gov/files/company_tickers_exchange.json; https://data.sec.gov/submissions/CIK##########.json,0.038314805405115115,LOW,Shake Shack Inc.,cache,Gaming & Entertainment,0.3086098063759207,NYSE,True,,0.0022937864310294256,0.6674629338158444,False,20.691019466426464,20.203263233214354,True,0.8827595421858819,LOW,1,0001704711,"Funko, Inc.",0.0010831940410422974,20,True,0.3289702768168419,0.07097332280781124,1329,0.0,5810,Retail-Eating & Drinking Places,Small-scale revenue proxy,FY2019 revenue proxy; historical market cap not constructed,False,SHAK
0001362468,,0.1190290056696252,0.16469829157954122,0.08600205874128118,3010803000.0,,1297623000.0,NO_BNPL_EVIDENCE,"Search completed; no clear BNPL exposure signal detected in result text. Top links: https://r.bing.com/rs/4f/gg/cc,nc/-G_YKFrphkyl83D0HTgpMefXo7c.css?or=w; https://r.bing.com/rs/4f/gM/cc,nc/rWljTRKHPYQiu_szhv9ApXQ-KpI.css?or=w; https://r.bing.com/rs/4f/eT/cir3,cc,nc/ZNlEaxLrmuWEflDP-KwkyUROBrA.css?or=w",Entertainment,CTRL_CAND_0173,eligible_not_selected,SEC company_tickers_exchange.json + SEC submissions SIC,https://www.sec.gov/files/company_tickers_exchange.json; https://data.sec.gov/submissions/CIK##########.json,0.040483552062356785,LOW,Allegiant Travel CO,cache,Gaming & Entertainment,0.2934602496410426,Nasdaq,False,,,0.7065397503589574,False,21.82547265753707,20.98379996619916,True,,,,,,-0.010253314388618914,18,False,0.0069458629686829365,0.02096726165004351,1344,0.0,4512,"Air Transportation, Scheduled",Small-scale revenue proxy,FY2019 revenue proxy; historical market cap not constructed,False,ALGT
0000854775,0.4756678002323801,0.027153622873210024,0.03175922398816244,0.07066563032734036,398698000.0,,254203000.0,NO_BNPL_EVIDENCE,"Search completed; no clear BNPL exposure signal detected in result text. Top links: https://r.bing.com/rs/4f/gg/cc,nc/-G_YKFrphkyl83D0HTgpMefXo7c.css?or=w; https://r.bing.com/rs/4f/gM/cc,nc/rWljTRKHPYQiu_szhv9ApXQ-KpI.css?or=w; https://r.bing.com/rs/4f/fn/cir3,cc,nc/qYkYtW4ptUTHO5TVR_F3o3iRdIs.css?or=w",Electronics & Technology,CTRL_CAND_0174,preferred_control,SEC company_tickers_exchange.json + SEC submissions SIC,https://www.sec.gov/files/company_tickers_exchange.json; https://data.sec.gov/submissions/CIK##########.json,0.2327375607602747,MEDIUM,DIGI INTERNATIONAL INC,cache,Computers & Tablets,0.8752940822376837,Nasdaq,True,-0.00026990505662583263,0.09973463624096433,0.12470591776231633,False,19.80371479603602,19.35364371838091,True,1.11748872478407,LOW,1,0001495320,"Vera Bradley, Inc.",-0.002393126744294842,18,True,0.11556496886792877,0.01165001172484908,1347,0.0,3576,Computer Communications Equipment,Micro-scale revenue proxy,FY2019 revenue proxy; historical market cap not constructed,False,DGII
0001758488,,0.021000210751705495,0.05760423850676061,,923669000.0,,,NO_BNPL_EVIDENCE,"Search completed; no clear BNPL exposure signal detected in result text. Top links: https://r.bing.com/rs/4f/gg/cc,nc/-G_YKFrphkyl83D0HTgpMefXo7c.css?or=w; https://r.bing.com/rs/4f/gS/cc,nc/_huiPba-9XiYDf9Vd8j9EoLtXL4.css?or=w; https://r.bing.com/rs/4f/f3/cir3,cc,nc/XKkf7PevzOVtzidRm3f9xWob0cM.css?or=w",Entertainment,CTRL_CAND_0175,excluded_insufficient_pre_financials,SEC company_tickers_exchange.json + SEC submissions SIC,https://www.sec.gov/files/company_tickers_exchange.json; https://data.sec.gov/submissions/CIK##########.json,0.015008623218923663,MEDIUM,ONESPAWORLD HOLDINGS Ltd,cache,Gaming & Entertainment,0.6909877889157263,Nasdaq,False,,0.03904645495301889,0.3002168525738116,True,20.64386434031979,,True,,,,,,,2,False,,,1354,0.0,7997,Services-Membership Sports & Recreation Clubs,Unclassified,FY2019 revenue proxy; historical market cap not constructed,False,OSW
0000028823,0.2247641839833092,-0.081156917447499,-0.0325313280544994,0.21732827641770572,3790600000.0,,4408700000.0,NO_BNPL_EVIDENCE,"Search completed; no clear BNPL exposure signal detected in result text. Top links: https://r.bing.com/rs/4f/gg/cc,nc/-G_YKFrphkyl83D0HTgpMefXo7c.css?or=w; https://r.bing.com/rs/4f/h6/cc,nc/U6HOq0RcF4_oC2_ItiNCBhNzO24.css?or=w; https://r.bing.com/rs/4f/fG/cir3,cc,nc/5gFAL7Id0yWkqqPO1crOKHL1NzM.css?or=w",Electronics & Technology,CTRL_CAND_0176,preferred_control,SEC company_tickers_exchange.json + SEC submissions SIC,https://www.sec.gov/files/company_tickers_exchange.json; https://data.sec.gov/submissions/CIK##########.json,,MEDIUM,"DIEBOLD NIXDORF, Inc",cache,Computers & Tablets,-0.13989869677623595,NYSE,True,-0.0025446685831812888,0.12306758824460508,,False,22.055790154856474,22.20684569836715,False,0.6604698224701714,HIGH,1,0000764478,BEST BUY CO INC,-0.0027456683103553622,19,True,0.16186375929683505,0.04400244588727392,1366,0.2216741963792375,3578,Calculating & Accounting Machines (No Electronic Computers),Mid-scale revenue proxy,FY2019 revenue proxy; historical market cap not constructed,False,DBD
0000763744,0.2248401930966402,0.06301825216396864,0.09065433721368721,0.1568226280784351,1862595000.0,,2371482000.0,NO_BNPL_EVIDENCE,"Search completed; no clear BNPL exposure signal detected in result text. Top links: https://r.bing.com/rs/4f/gg/cc,nc/-G_YKFrphkyl83D0HTgpMefXo7c.css?or=w; https://r.bing.com/rs/4f/gS/cc,nc/_huiPba-9XiYDf9Vd8j9EoLtXL4.css?or=w; https://r.bing.com/rs/4f/ez/cir3,cc,nc/ITQ79_h8jq-eoIeRkdWbxDW7IbQ.css?or=w",Automotive,CTRL_CAND_0177,eligible_not_selected,SEC company_tickers_exchange.json + SEC submissions SIC,https://www.sec.gov/files/company_tickers_exchange.json; https://data.sec.gov/submissions/CIK##########.json,0.018983729688955463,MEDIUM,LCI INDUSTRIES,cache,Automotive,0.4298690805032763,NYSE,False,-0.0006423289725033934,0.21132183861762754,0.5701309194967237,False,21.3452365136286,21.58678091312028,False,,,,,,-0.0010481843203448797,19,False,0.14021154220207377,0.03705588488157357,1372,0.14545007209942087,3714,Motor Vehicle Parts & Accessories,Mid-scale revenue proxy,FY2019 revenue proxy; historical market cap not constructed,False,LCII
0001024305,0.6119415882622331,-0.1662677115564625,-0.14164575569859414,0.34209315761144055,17665400000.0,,8648500000.0,NO_BNPL_EVIDENCE,"Search completed; no clear BNPL exposure signal detected in result text. Top links: https://r.bing.com/rs/4f/gg/cc,nc/-G_YKFrphkyl83D0HTgpMefXo7c.css?or=w; https://r.bing.com/rs/4f/h6/cc,nc/U6HOq0RcF4_oC2_ItiNCBhNzO24.css?or=w; https://r.bing.com/rs/4f/fG/cir3,cc,nc/5gFAL7Id0yWkqqPO1crOKHL1NzM.css?or=w",Apparel & Personal Care,CTRL_CAND_0178,preferred_control,SEC company_tickers_exchange.json + SEC submissions SIC,https://www.sec.gov/files/company_tickers_exchange.json; https://data.sec.gov/submissions/CIK##########.json,0.019269306101192162,HIGH,COTY INC.,cache,Health & Beauty,0.25965446579188695,NYSE,True,0.001201618007044994,0.06528581294507908,0.7144021646835056,False,23.594873761146783,22.880651732448253,False,0.7953627440800766,HIGH,1,0000794367,"Macy's, Inc.",-0.030863154846081403,18,True,0.25751680843735425,0.05957981110950268,1388,0.5305524423274494,2844,"Perfumes, Cosmetics & Other Toilet Preparations",Mid-scale revenue proxy,FY2019 revenue proxy; historical market cap not constructed,True,COTY
0001589526,0.12529180729144834,0.016872846201383736,0.0345830203166381,0.036225302370580366,365413000.0,,1018874000.0,NO_BNPL_EVIDENCE,"Search completed; no clear BNPL exposure signal detected in result text. Top links: https://r.bing.com/rs/4f/gg/cc,nc/-G_YKFrphkyl83D0HTgpMefXo7c.css?or=w; https://r.bing.com/rs/4f/h6/cc,nc/U6HOq0RcF4_oC2_ItiNCBhNzO24.css?or=w; https://r.bing.com/rs/4f/fG/cir3,cc,nc/5gFAL7Id0yWkqqPO1crOKHL1NzM.css?or=w",Automotive,CTRL_CAND_0179,preferred_control,SEC company_tickers_exchange.json + SEC submissions SIC,https://www.sec.gov/files/company_tickers_exchange.json; https://data.sec.gov/submissions/CIK##########.json,0.19418849356755233,MEDIUM,Blue Bird Corp,cache,Automotive,-0.18557358386264308,Nasdaq,True,-0.0006816770843713892,0.21572850445933778,,False,19.71653877872469,20.741963932903747,True,1.1251290406107348,LOW,1,0001762301,Fiverr International Ltd.,0.0019696988545972807,18,True,0.03014881964749838,0.020016263473630145,1391,0.08279188466319454,3713,Truck & Bus Bodies,Small-scale revenue proxy,FY2019 revenue proxy; historical market cap not constructed,False,BLBD
0001964954,,,,,,,,NO_BNPL_EVIDENCE,"Search completed; no clear BNPL exposure signal detected in result text. Top links: https://r.bing.com/rs/4f/gg/cc,nc/-G_YKFrphkyl83D0HTgpMefXo7c.css?or=w; https://r.bing.com/rs/4f/h6/cc,nc/U6HOq0RcF4_oC2_ItiNCBhNzO24.css?or=w; https://r.bing.com/rs/4f/fG/cir3,cc,nc/5gFAL7Id0yWkqqPO1crOKHL1NzM.css?or=w",Entertainment,CTRL_CAND_0180,excluded_insufficient_pre_financials,SEC company_tickers_exchange.json + SEC submissions SIC,https://www.sec.gov/files/company_tickers_exchange.json; https://data.sec.gov/submissions/CIK##########.json,,LOW,Okeanis Eco Tankers Corp.,cache,Gaming & Entertainment,,NYSE,False,,,,,,,True,,,,,,,,False,,,1394,,4412,Deep Sea Foreign Transportation of Freight,,,False,ECO
0000078814,,0.07778175556187239,,0.030148410151336697,5466900000.0,,3205125000.0,NO_BNPL_EVIDENCE,"Search completed; no clear BNPL exposure signal detected in result text. Top links: https://r.bing.com/rs/4f/gg/cc,nc/-G_YKFrphkyl83D0HTgpMefXo7c.css?or=w; https://r.bing.com/rs/4f/gM/cc,nc/rWljTRKHPYQiu_szhv9ApXQ-KpI.css?or=w; https://r.bing.com/rs/4f/eJ/cir3,cc,nc/-ooVmxB9OlPzBcewmec-cfwYTQs.css?or=w",Electronics & Technology,CTRL_CAND_0181,preferred_control,SEC company_tickers_exchange.json + SEC submissions SIC,https://www.sec.gov/files/company_tickers_exchange.json; https://data.sec.gov/submissions/CIK##########.json,0.16909802630375534,MEDIUM,PITNEY BOWES INC /DE/,cache,Computers & Tablets,0.05233240044632241,NYSE,True,,0.012484406153395891,0.9476675995536776,False,22.421977565124394,21.888016928118567,False,0.16979760477904568,HIGH,1,0000769397,"Autodesk, Inc.",,20,True,-0.0271422606214482,-0.014134563722360096,1395,0.3585490037203448,3579,"Office Machines, NEC",Mid-scale revenue proxy,FY2019 revenue proxy; historical market cap not constructed,False,PBI
0001415921,0.9668606788326888,-0.18744193790263664,,0.0328253062865097,1253517000.0,,,NO_BNPL_EVIDENCE,"Search completed; no clear BNPL exposure signal detected in result text. Top links: https://r.bing.com/rs/4f/gg/cc,nc/-G_YKFrphkyl83D0HTgpMefXo7c.css?or=w; https://r.bing.com/rs/4f/h6/cc,nc/U6HOq0RcF4_oC2_ItiNCBhNzO24.css?or=w; https://r.bing.com/rs/4f/f3/cir3,cc,nc/XKkf7PevzOVtzidRm3f9xWob0cM.css?or=w",Entertainment,CTRL_CAND_0182,excluded_insufficient_pre_financials,SEC company_tickers_exchange.json + SEC submissions SIC,https://www.sec.gov/files/company_tickers_exchange.json; https://data.sec.gov/submissions/CIK##########.json,0.018630780436164805,LOW,Navios Maritime Partners L.P.,cache,Gaming & Entertainment,,NYSE,False,,0.005010701889164647,0.4192188857430733,True,20.949219037496984,,True,,,,,,,5,False,,,1403,0.0,4412,Deep Sea Foreign Transportation of Freight,Unclassified,FY2019 revenue proxy; historical market cap not constructed,False,NMM
0001158463,,0.039836798388082566,0.05935862253598232,0.06532480038352806,11918000000.0,,8094000000.0,NO_BNPL_EVIDENCE,"Search completed; no clear BNPL exposure signal detected in result text. Top links: https://r.bing.com/rs/4f/gg/cc,nc/-G_YKFrphkyl83D0HTgpMefXo7c.css?or=w; https://r.bing.com/rs/4f/h6/cc,nc/U6HOq0RcF4_oC2_ItiNCBhNzO24.css?or=w; https://r.bing.com/rs/4f/fG/cir3,cc,nc/5gFAL7Id0yWkqqPO1crOKHL1NzM.css?or=w",Entertainment,CTRL_CAND_0183,preferred_control,SEC company_tickers_exchange.json + SEC submissions SIC,https://www.sec.gov/files/company_tickers_exchange.json; https://data.sec.gov/submissions/CIK##########.json,0.08046652122839403,LOW,JETBLUE AIRWAYS CORP,cache,Gaming & Entertainment,0.40266823292498743,Nasdaq,True,,0.006796442356100016,,True,23.2013156992712,22.814388883400085,True,1.059870323136872,LOW,1,0001001250,ESTEE LAUDER COMPANIES INC,0.035467804553172874,6,True,,0.014138758620833062,1409,0.0,4512,"Air Transportation, Scheduled",Mid-scale revenue proxy,FY2019 revenue proxy; historical market cap not constructed,False,JBLU
0001561861,,,,,,,,NO_BNPL_EVIDENCE,"Search completed; no clear BNPL exposure signal detected in result text. Top links: https://r.bing.com/rs/4f/gg/cc,nc/-G_YKFrphkyl83D0HTgpMefXo7c.css?or=w; https://r.bing.com/rs/4f/gS/cc,nc/_huiPba-9XiYDf9Vd8j9EoLtXL4.css?or=w; https://r.bing.com/rs/4f/ez/cir3,cc,nc/ITQ79_h8jq-eoIeRkdWbxDW7IbQ.css?or=w",Entertainment,CTRL_CAND_0184,excluded_insufficient_pre_financials,SEC company_tickers_exchange.json + SEC submissions SIC,https://www.sec.gov/files/company_tickers_exchange.json; https://data.sec.gov/submissions/CIK##########.json,,LOW,"Grupo Aeromexico, S.A.B. de C.V.",cache,Gaming & Entertainment,,NYSE,False,,,,,,,True,,,,,,,,False,,,1412,,4512,"Air Transportation, Scheduled",,,False,AERO
0001381640,,,,,9488422000.0,,,NO_BNPL_EVIDENCE,"Search completed; no clear BNPL exposure signal detected in result text. Top links: https://r.bing.com/rs/4f/gg/cc,nc/-G_YKFrphkyl83D0HTgpMefXo7c.css?or=w; https://r.bing.com/rs/4f/gM/cc,nc/rWljTRKHPYQiu_szhv9ApXQ-KpI.css?or=w; https://r.bing.com/rs/4f/fG/cir3,cc,nc/5gFAL7Id0yWkqqPO1crOKHL1NzM.css?or=w",Entertainment,CTRL_CAND_0185,excluded_insufficient_pre_financials,SEC company_tickers_exchange.json + SEC submissions SIC,https://www.sec.gov/files/company_tickers_exchange.json; https://data.sec.gov/submissions/CIK##########.json,0.14701938847154986,LOW,Melco Resorts & Entertainment LTD,cache,Gaming & Entertainment,0.2570467460237329,Nasdaq,False,,0.00463290945533409,0.66873016398301,True,22.9733381554471,,True,,,,,,,0,False,,,1415,,7011,Hotels & Motels,Unclassified,FY2019 revenue proxy; historical market cap not constructed,False,MLCO
0000907242,0.1677422096555074,0.13418124396814926,,0.037269829035931956,610878000.0,,249166000.0,NO_BNPL_EVIDENCE,"Search completed; no clear BNPL exposure signal detected in result text. Top links: https://r.bing.com/rs/4f/gg/cc,nc/-G_YKFrphkyl83D0HTgpMefXo7c.css?or=w; https://r.bing.com/rs/4f/gM/cc,nc/rWljTRKHPYQiu_szhv9ApXQ-KpI.css?or=w; https://r.bing.com/rs/4f/fG/cir3,cc,nc/5gFAL7Id0yWkqqPO1crOKHL1NzM.css?or=w",Entertainment,CTRL_CAND_0186,preferred_control,SEC company_tickers_exchange.json + SEC submissions SIC,https://www.sec.gov/files/company_tickers_exchange.json; https://data.sec.gov/submissions/CIK##########.json,,LOW,MONARCH CASINO & RESORT INC,cache,Gaming & Entertainment,0.558541967463225,Nasdaq,True,-0.004262308378067052,0.011025114671014507,0.44145803253677496,False,20.23040782453087,19.33362989897214,True,0.9643607520575815,LOW,1,0001690511,Canada Goose Holdings Inc.,,8,True,0.03683082620726963,0.01247290791835067,1426,0.4041689054324887,7011,Hotels & Motels,Micro-scale revenue proxy,FY2019 revenue proxy; historical market cap not constructed,False,MCRI
0001295810,,,0.1805343712921505,-0.0361728271194639,3918974000.0,,1115167000.0,NO_BNPL_EVIDENCE,"Search completed; no clear BNPL exposure signal detected in result text. Top links: https://r.bing.com/rs/4f/gg/cc,nc/-G_YKFrphkyl83D0HTgpMefXo7c.css?or=w; https://r.bing.com/rs/4f/gM/cc,nc/rWljTRKHPYQiu_szhv9ApXQ-KpI.css?or=w; https://r.bing.com/rs/4f/eJ/cir3,cc,nc/-ooVmxB9OlPzBcewmec-cfwYTQs.css?or=w",Entertainment,CTRL_CAND_0187,eligible_not_selected,SEC company_tickers_exchange.json + SEC submissions SIC,https://www.sec.gov/files/company_tickers_exchange.json; https://data.sec.gov/submissions/CIK##########.json,0.20843644280365217,LOW,"Sunstone Hotel Investors, Inc.",cache,Gaming & Entertainment,0.6570183930794131,NYSE,True,,,0.33118438652565696,True,22.0890957217964,20.832270006427972,True,,,,,,,6,False,,-0.01925716737014252,1427,0.0,7011,Hotels & Motels,Small-scale revenue proxy,FY2019 revenue proxy; historical market cap not constructed,False,SHO
0001978867,,,,,,,,NO_BNPL_EVIDENCE,"Search completed; no clear BNPL exposure signal detected in result text. Top links: https://r.bing.com/rs/4f/gg/cc,nc/-G_YKFrphkyl83D0HTgpMefXo7c.css?or=w; https://r.bing.com/rs/4f/gM/cc,nc/rWljTRKHPYQiu_szhv9ApXQ-KpI.css?or=w; https://r.bing.com/rs/4f/eJ/cir3,cc,nc/-ooVmxB9OlPzBcewmec-cfwYTQs.css?or=w",Entertainment,CTRL_CAND_0188,excluded_insufficient_pre_financials,SEC company_tickers_exchange.json + SEC submissions SIC,https://www.sec.gov/files/company_tickers_exchange.json; https://data.sec.gov/submissions/CIK##########.json,,LOW,Cadeler A/S,cache,Gaming & Entertainment,,NYSE,False,,,,,,,True,,,,,,,,False,,,1429,,4412,Deep Sea Foreign Transportation of Freight,,,False,CDLR
0002013649,,,,,,,,NO_BNPL_EVIDENCE,"Search completed; no clear BNPL exposure signal detected in result text. Top links: https://r.bing.com/rs/4f/gg/cc,nc/-G_YKFrphkyl83D0HTgpMefXo7c.css?or=w; https://r.bing.com/rs/4f/gS/cc,nc/_huiPba-9XiYDf9Vd8j9EoLtXL4.css?or=w; https://r.bing.com/rs/4f/fG/cir3,cc,nc/5gFAL7Id0yWkqqPO1crOKHL1NzM.css?or=w",Entertainment,CTRL_CAND_0189,excluded_insufficient_pre_financials,SEC company_tickers_exchange.json + SEC submissions SIC,https://www.sec.gov/files/company_tickers_exchange.json; https://data.sec.gov/submissions/CIK##########.json,,LOW,Chagee Holdings Ltd.,cache,Gaming & Entertainment,,Nasdaq,False,,,,,,,True,,,,,,,,False,,,1436,,5810,Retail-Eating & Drinking Places,,,False,CHA
0001884082,,,,,,,,NO_BNPL_EVIDENCE,"Search completed; no clear BNPL exposure signal detected in result text. Top links: https://r.bing.com/rs/4f/gg/cc,nc/-G_YKFrphkyl83D0HTgpMefXo7c.css?or=w; https://r.bing.com/rs/4f/h6/cc,nc/U6HOq0RcF4_oC2_ItiNCBhNzO24.css?or=w; https://r.bing.com/rs/4f/fG/cir3,cc,nc/5gFAL7Id0yWkqqPO1crOKHL1NzM.css?or=w",Automotive,CTRL_CAND_0190,excluded_insufficient_pre_financials,SEC company_tickers_exchange.json + SEC submissions SIC,https://www.sec.gov/files/company_tickers_exchange.json; https://data.sec.gov/submissions/CIK##########.json,,MEDIUM,Polestar Automotive Holding UK PLC,cache,Automotive,,Nasdaq,False,,,,,,,True,,,,,,,,False,,,1442,,3711,Motor Vehicles & Passenger Car Bodies,,,False,PSNY
0001564902,,-0.06317556167770705,-0.022523681884151884,0.009700918679693128,2300518000.0,,1398244000.0,NO_BNPL_EVIDENCE,"Search completed; no clear BNPL exposure signal detected in result text. Top links: https://r.bing.com/rs/4f/gg/cc,nc/-G_YKFrphkyl83D0HTgpMefXo7c.css?or=w; https://r.bing.com/rs/4f/gM/cc,nc/rWljTRKHPYQiu_szhv9ApXQ-KpI.css?or=w; https://r.bing.com/rs/4f/ez/cir3,cc,nc/ITQ79_h8jq-eoIeRkdWbxDW7IbQ.css?or=w",Entertainment,CTRL_CAND_0191,eligible_not_selected,SEC company_tickers_exchange.json + SEC submissions SIC,https://www.sec.gov/files/company_tickers_exchange.json; https://data.sec.gov/submissions/CIK##########.json,0.017363915431220272,MEDIUM,United Parks & Resorts Inc.,cache,Gaming & Entertainment,0.09167152789067505,NYSE,True,,0.014415449042346115,0.908328472109325,False,21.55640015191519,21.058483000578633,False,,,,,,0.0094860525576079,19,False,0.004930576855633362,0.007840499660738678,1448,0.19187363306276523,7990,Services-Miscellaneous Amusement & Recreation,Small-scale revenue proxy,FY2019 revenue proxy; historical market cap not constructed,False,PRKS
0001616000,0.3349275507798146,,0.10652142211166238,0.10711150348557674,3263006000.0,,1149087000.0,NO_BNPL_EVIDENCE,"Search completed; no clear BNPL exposure signal detected in result text. Top links: https://r.bing.com/rs/4f/gg/cc,nc/-G_YKFrphkyl83D0HTgpMefXo7c.css?or=w; https://r.bing.com/rs/4f/gM/cc,nc/rWljTRKHPYQiu_szhv9ApXQ-KpI.css?or=w; https://r.bing.com/rs/4f/fG/cir3,cc,nc/5gFAL7Id0yWkqqPO1crOKHL1NzM.css?or=w",Entertainment,CTRL_CAND_0192,eligible_not_selected,SEC company_tickers_exchange.json + SEC submissions SIC,https://www.sec.gov/files/company_tickers_exchange.json; https://data.sec.gov/submissions/CIK##########.json,0.03396898442724285,LOW,"Xenia Hotels & Resorts, Inc.",cache,Gaming & Entertainment,0.5329505983133344,NYSE,False,-0.010099258976183995,,0.45597464423908507,True,21.905914693354557,20.86223355096223,True,,,,,,-0.013840063148526049,6,False,,0.013035463987055199,1471,0.0,7011,Hotels & Motels,Small-scale revenue proxy,FY2019 revenue proxy; historical market cap not constructed,False,XHR
0001596993,,,-0.011800983508308568,-0.027479604666320923,1625370017.0,,158032485.0,NO_BNPL_EVIDENCE,"Search completed; no clear BNPL exposure signal detected in result text. Top links: https://r.bing.com/rs/4f/gg/cc,nc/-G_YKFrphkyl83D0HTgpMefXo7c.css?or=w; https://r.bing.com/rs/4f/h6/cc,nc/U6HOq0RcF4_oC2_ItiNCBhNzO24.css?or=w; https://r.bing.com/rs/4f/fG/cir3,cc,nc/5gFAL7Id0yWkqqPO1crOKHL1NzM.css?or=w",Entertainment,CTRL_CAND_0193,eligible_not_selected,SEC company_tickers_exchange.json + SEC submissions SIC,https://www.sec.gov/files/company_tickers_exchange.json; https://data.sec.gov/submissions/CIK##########.json,0.0189733314122036,LOW,DORIAN LPG LTD.,cache,Gaming & Entertainment,0.5615229445936063,NYSE,False,,0.0012991730977648518,0.43847705540639365,False,21.209001329577003,18.87831117112402,True,,,,,,-0.04796674390521867,16,False,-0.18245416949022597,-0.025637472237611796,1478,0.0,4412,Deep Sea Foreign Transportation of Freight,Micro-scale revenue proxy,FY2019 revenue proxy; historical market cap not constructed,False,LPG
0001512499,0.5013514970531096,0.0016356619856186766,0.06643384713396129,0.137906946521385,548658000.0,,,NO_BNPL_EVIDENCE,"Search completed; no clear BNPL exposure signal detected in result text. Top links: https://r.bing.com/rs/4f/gg/cc,nc/-G_YKFrphkyl83D0HTgpMefXo7c.css?or=w; https://r.bing.com/rs/4f/h6/cc,nc/U6HOq0RcF4_oC2_ItiNCBhNzO24.css?or=w; https://r.bing.com/rs/4f/fG/cir3,cc,nc/5gFAL7Id0yWkqqPO1crOKHL1NzM.css?or=w",Sports & Leisure,CTRL_CAND_0194,excluded_insufficient_pre_financials,SEC company_tickers_exchange.json + SEC submissions SIC,https://www.sec.gov/files/company_tickers_exchange.json; https://data.sec.gov/submissions/CIK##########.json,0.18514083454538163,MEDIUM,"LINDBLAD EXPEDITIONS HOLDINGS, INC.",cache,Sports & Outdoor,0.22463902832000993,Nasdaq,False,-0.0034965674328640605,0.0036944690499363902,0.7459947726999333,False,20.12298585453965,,True,,,,,,0.0016425325643512482,12,False,-0.006667686341927603,0.03141754842551691,1491,0.0,4700,Transportation Services,Unclassified,FY2019 revenue proxy; historical market cap not constructed,False,LIND
0001834489,,,,,,,,NO_BNPL_EVIDENCE,"Search completed; no clear BNPL exposure signal detected in result text. Top links: https://r.bing.com/rs/4f/gg/cc,nc/-G_YKFrphkyl83D0HTgpMefXo7c.css?or=w; https://r.bing.com/rs/4f/gM/cc,nc/rWljTRKHPYQiu_szhv9ApXQ-KpI.css?or=w; https://r.bing.com/rs/4f/fG/cir3,cc,nc/5gFAL7Id0yWkqqPO1crOKHL1NzM.css?or=w",Entertainment,CTRL_CAND_0195,excluded_insufficient_pre_financials,SEC company_tickers_exchange.json + SEC submissions SIC,https://www.sec.gov/files/company_tickers_exchange.json; https://data.sec.gov/submissions/CIK##########.json,,MEDIUM,Genius Sports Ltd,cache,Gaming & Entertainment,,NYSE,False,,,,,,,True,,,,,,,,False,,,1512,,7990,Services-Miscellaneous Amusement & Recreation,,,False,GENI
0001503584,,,,,3011958000.0,,,NO_BNPL_EVIDENCE,"Search completed; no clear BNPL exposure signal detected in result text. Top links: https://r.bing.com/rs/4f/gg/cc,nc/-G_YKFrphkyl83D0HTgpMefXo7c.css?or=w; https://r.bing.com/rs/4f/h6/cc,nc/U6HOq0RcF4_oC2_ItiNCBhNzO24.css?or=w; https://r.bing.com/rs/4f/eJ/cir3,cc,nc/-ooVmxB9OlPzBcewmec-cfwYTQs.css?or=w",Entertainment,CTRL_CAND_0196,excluded_insufficient_pre_financials,SEC company_tickers_exchange.json + SEC submissions SIC,https://www.sec.gov/files/company_tickers_exchange.json; https://data.sec.gov/submissions/CIK##########.json,0.04944557659834566,LOW,Costamare Inc.,cache,Gaming & Entertainment,0.4683757210425909,NYSE,False,,0.0035013768452282533,,True,21.825856202563727,,True,,,,,,,0,False,,,1514,,4412,Deep Sea Foreign Transportation of Freight,Unclassified,FY2019 revenue proxy; historical market cap not constructed,False,CMRE
0001619762,,,,,13644590000.0,,,NO_BNPL_EVIDENCE,"Search completed; no clear BNPL exposure signal detected in result text. Top links: https://r.bing.com/rs/4f/gg/cc,nc/-G_YKFrphkyl83D0HTgpMefXo7c.css?or=w; https://r.bing.com/rs/4f/h6/cc,nc/U6HOq0RcF4_oC2_ItiNCBhNzO24.css?or=w; https://r.bing.com/rs/4f/fG/cir3,cc,nc/5gFAL7Id0yWkqqPO1crOKHL1NzM.css?or=w",Entertainment,CTRL_CAND_0197,excluded_insufficient_pre_financials,SEC company_tickers_exchange.json + SEC submissions SIC,https://www.sec.gov/files/company_tickers_exchange.json; https://data.sec.gov/submissions/CIK##########.json,0.04858584977635825,MEDIUM,Brightstar Lottery PLC,cache,Gaming & Entertainment,0.12153256345555272,NYSE,False,,0.011857446797595237,0.8178781480425575,True,23.336608943018778,,True,,,,,,,0,False,,,1523,,7990,Services-Miscellaneous Amusement & Recreation,Unclassified,FY2019 revenue proxy; historical market cap not constructed,False,BRSL
0001530721,0.601699739686059,0.11571720977345407,0.1477426531005773,0.04209659179714855,6650000000.0,,5238000000.0,NO_BNPL_EVIDENCE,"Search completed; no clear BNPL exposure signal detected in result text. Top links: https://r.bing.com/rs/4f/gg/cc,nc/-G_YKFrphkyl83D0HTgpMefXo7c.css?or=w; https://r.bing.com/rs/4f/h6/cc,nc/U6HOq0RcF4_oC2_ItiNCBhNzO24.css?or=w; https://r.bing.com/rs/4f/fG/cir3,cc,nc/5gFAL7Id0yWkqqPO1crOKHL1NzM.css?or=w",Apparel & Personal Care,CTRL_CAND_0198,preferred_control,SEC company_tickers_exchange.json + SEC submissions SIC,https://www.sec.gov/files/company_tickers_exchange.json; https://data.sec.gov/submissions/CIK##########.json,0.025864661654135337,MEDIUM,Capri Holdings Ltd,cache,Clothing & Accessories,0.36526315789473685,NYSE,True,0.0009128666921960149,0.14330827067669172,0.6336842105263157,False,22.617882691614174,22.379205583031933,False,0.4199624537149167,HIGH,1,0000103379,V F CORP,-0.009307186961166133,16,True,0.035898009452661084,0.012715300517963251,1528,0.3733002083001737,3100,Leather & Leather Products,Mid-scale revenue proxy,FY2019 revenue proxy; historical market cap not constructed,False,CPRI
0001999001,,,,,,,,NO_BNPL_EVIDENCE,"Search completed; no clear BNPL exposure signal detected in result text. Top links: https://r.bing.com/rs/4f/gg/cc,nc/-G_YKFrphkyl83D0HTgpMefXo7c.css?or=w; https://r.bing.com/rs/4f/h6/cc,nc/U6HOq0RcF4_oC2_ItiNCBhNzO24.css?or=w; https://r.bing.com/rs/4f/fG/cir3,cc,nc/5gFAL7Id0yWkqqPO1crOKHL1NzM.css?or=w",Entertainment,CTRL_CAND_0199,excluded_insufficient_pre_financials,SEC company_tickers_exchange.json + SEC submissions SIC,https://www.sec.gov/files/company_tickers_exchange.json; https://data.sec.gov/submissions/CIK##########.json,,MEDIUM,Six Flags Entertainment Corporation/NEW,cache,Gaming & Entertainment,,NYSE,False,,,,,,,True,,,,,,,,False,,,1542,,7900,Services-Amusement & Recreation Services,,,False,FUN
0001508478,,,,,2557685000.0,,,NO_BNPL_EVIDENCE,"Search completed; no clear BNPL exposure signal detected in result text. Top links: https://r.bing.com/rs/4f/gg/cc,nc/-G_YKFrphkyl83D0HTgpMefXo7c.css?or=w; https://r.bing.com/rs/4f/h6/cc,nc/U6HOq0RcF4_oC2_ItiNCBhNzO24.css?or=w; https://r.bing.com/rs/4f/f3/cir3,cc,nc/XKkf7PevzOVtzidRm3f9xWob0cM.css?or=w",Entertainment,CTRL_CAND_0200,excluded_insufficient_pre_financials,SEC company_tickers_exchange.json + SEC submissions SIC,https://www.sec.gov/files/company_tickers_exchange.json; https://data.sec.gov/submissions/CIK##########.json,0.04765246697697332,LOW,Arcos Dorados Holdings Inc.,cache,Gaming & Entertainment,0.16465592909212823,NYSE,False,,0.014784854272515966,0.8351767320838962,True,21.6623683894398,,True,,,,,,,0,False,,,1550,,5812,Retail-Eating Places,Unclassified,FY2019 revenue proxy; historical market cap not constructed,False,ARCO
0001772253,,,,,1641282000.0,,,NO_BNPL_EVIDENCE,"Search completed; no clear BNPL exposure signal detected in result text. Top links: https://r.bing.com/rs/4f/gg/cc,nc/-G_YKFrphkyl83D0HTgpMefXo7c.css?or=w; https://r.bing.com/rs/4f/gM/cc,nc/rWljTRKHPYQiu_szhv9ApXQ-KpI.css?or=w; https://r.bing.com/rs/4f/fG/cir3,cc,nc/5gFAL7Id0yWkqqPO1crOKHL1NzM.css?or=w",Entertainment,CTRL_CAND_0201,excluded_insufficient_pre_financials,SEC company_tickers_exchange.json + SEC submissions SIC,https://www.sec.gov/files/company_tickers_exchange.json; https://data.sec.gov/submissions/CIK##########.json,0.07860014305890152,LOW,Flex LNG Ltd.,cache,Gaming & Entertainment,0.5113472273503273,NYSE,False,,0.0016365255940173596,0.4886527726496726,True,21.218743480725557,,True,,,,,,,0,False,,,1566,,4400,Water Transportation,Unclassified,FY2019 revenue proxy; historical market cap not constructed,False,FLNG
0001670541,0.06416997124770939,0.0022774617191288443,,0.016469766075870862,10342000000.0,,16526000000.0,NO_BNPL_EVIDENCE,"Search completed; no clear BNPL exposure signal detected in result text. Top links: https://r.bing.com/rs/4f/gg/cc,nc/-G_YKFrphkyl83D0HTgpMefXo7c.css?or=w; https://r.bing.com/rs/4f/gM/cc,nc/rWljTRKHPYQiu_szhv9ApXQ-KpI.css?or=w; https://r.bing.com/rs/4f/eT/cir3,cc,nc/ZNlEaxLrmuWEflDP-KwkyUROBrA.css?or=w",Automotive,CTRL_CAND_0202,preferred_control,SEC company_tickers_exchange.json + SEC submissions SIC,https://www.sec.gov/files/company_tickers_exchange.json; https://data.sec.gov/submissions/CIK##########.json,0.08934442080835428,MEDIUM,Adient plc,cache,Automotive,0.17868884161670856,NYSE,True,-0.004743384796589348,0.07667762521755947,,False,23.059479110920442,23.528200735225404,True,1.4498227161919996,LOW,1,0000909832,COSTCO WHOLESALE CORP /NEW,,11,True,0.009606604371206862,0.0016779963171955716,1580,0.044663610887841335,3714,Motor Vehicle Parts & Accessories,Large-scale revenue proxy,FY2019 revenue proxy; historical market cap not constructed,False,ADNT
0000926326,0.4614722882192252,0.03515037067151871,0.03299287699651618,0.07605534746163965,1240810000.0,,648735000.0,NO_BNPL_EVIDENCE,"Search completed; no clear BNPL exposure signal detected in result text. Top links: https://r.bing.com/rs/4f/gg/cc,nc/-G_YKFrphkyl83D0HTgpMefXo7c.css?or=w; https://r.bing.com/rs/4f/h6/cc,nc/U6HOq0RcF4_oC2_ItiNCBhNzO24.css?or=w; https://r.bing.com/rs/4f/fd/cir3,cc,nc/WTKNvHzqziTEsCD58MJtjs7bzWc.css?or=w",Electronics & Technology,CTRL_CAND_0203,preferred_control,SEC company_tickers_exchange.json + SEC submissions SIC,https://www.sec.gov/files/company_tickers_exchange.json; https://data.sec.gov/submissions/CIK##########.json,0.10252173983123927,MEDIUM,"OMNICELL, INC.",cache,Computers & Tablets,0.681211466703202,Nasdaq,True,-0.002578983550144475,0.08704878265004312,0.31878853329679807,False,20.939030229110696,20.290534870789784,False,0.9068164636619775,MEDIUM,1,0001045810,NVIDIA CORP,-0.0012476187114305315,16,True,0.07567274857741668,0.04171027923463582,1586,0.5191038042182358,3571,Electronic Computers,Small-scale revenue proxy,FY2019 revenue proxy; historical market cap not constructed,False,OMCL
0001432364,,0.09514773651396043,0.12464985994397759,,19197490000.0,,,NO_BNPL_EVIDENCE,"Search completed; no clear BNPL exposure signal detected in result text. Top links: https://r.bing.com/rs/4f/gg/cc,nc/-G_YKFrphkyl83D0HTgpMefXo7c.css?or=w; https://r.bing.com/rs/4f/gS/cc,nc/_huiPba-9XiYDf9Vd8j9EoLtXL4.css?or=w; https://r.bing.com/rs/4f/fG/cir3,cc,nc/5gFAL7Id0yWkqqPO1crOKHL1NzM.css?or=w",Entertainment,CTRL_CAND_0204,excluded_insufficient_pre_financials,SEC company_tickers_exchange.json + SEC submissions SIC,https://www.sec.gov/files/company_tickers_exchange.json; https://data.sec.gov/submissions/CIK##########.json,0.08583830490340144,LOW,AZUL SA,cache,Gaming & Entertainment,-0.18331427702267328,NYSE,False,,0.013588495162648867,,True,23.67804537826768,,True,,,,,,,1,False,,,1589,0.0,4512,"Air Transportation, Scheduled",Unclassified,FY2019 revenue proxy; historical market cap not constructed,False,AZUL
0000057131,0.39783575303466057,0.04857520874045163,0.07965377096019556,0.04687792566912574,1059790000.0,,1745401000.0,NO_BNPL_EVIDENCE,"Search completed; no clear BNPL exposure signal detected in result text. Top links: https://r.bing.com/rs/4f/gg/cc,nc/-G_YKFrphkyl83D0HTgpMefXo7c.css?or=w; https://r.bing.com/rs/4f/h6/cc,nc/U6HOq0RcF4_oC2_ItiNCBhNzO24.css?or=w; https://r.bing.com/rs/4f/fG/cir3,cc,nc/5gFAL7Id0yWkqqPO1crOKHL1NzM.css?or=w",Home & Appliances,CTRL_CAND_0205,preferred_control,SEC company_tickers_exchange.json + SEC submissions SIC,https://www.sec.gov/files/company_tickers_exchange.json; https://data.sec.gov/submissions/CIK##########.json,0.12249502259881674,MEDIUM,LA-Z-BOY INC,cache,Home & Appliances,0.6440030572094472,NYSE,True,0.0023578832383653334,0.18579058115286992,,False,20.781336612235826,21.28025016562789,False,0.5806882333075534,HIGH,1,0001084869,1 800 FLOWERS COM INC,0.00019097969737667575,18,True,0.04593336220807376,0.012424901960136323,1596,0.3180254167106583,2510,Household Furniture,Small-scale revenue proxy,FY2019 revenue proxy; historical market cap not constructed,False,LZB
0000821002,0.3658224886866846,0.012127785505784822,0.0314567400387393,0.10879457887253902,2208058000.0,,,NO_BNPL_EVIDENCE,"Search completed; no clear BNPL exposure signal detected in result text. Top links: https://r.bing.com/rs/4f/gg/cc,nc/-G_YKFrphkyl83D0HTgpMefXo7c.css?or=w; https://r.bing.com/rs/4f/h6/cc,nc/U6HOq0RcF4_oC2_ItiNCBhNzO24.css?or=w; https://r.bing.com/rs/4f/fn/cir3,cc,nc/qYkYtW4ptUTHO5TVR_F3o3iRdIs.css?or=w",Apparel & Personal Care,CTRL_CAND_0206,excluded_insufficient_pre_financials,SEC company_tickers_exchange.json + SEC submissions SIC,https://www.sec.gov/files/company_tickers_exchange.json; https://data.sec.gov/submissions/CIK##########.json,0.031764564155470555,MEDIUM,G III APPAREL GROUP LTD /DE/,cache,Clothing & Accessories,0.5384863078777822,Nasdaq,False,0.0017797665463443692,0.26103616843398136,0.4615136921222178,False,21.5153792331322,,True,,,,,,-0.001857211417512177,14,False,0.09426989651029705,0.027635891500811825,1611,0.4124716887655647,2300,Apparel & Other Finishd Prods of Fabrics & Similar Matl,Unclassified,FY2019 revenue proxy; historical market cap not constructed,False,GIII
0000066382,0.3692542695620068,0.05726830167839922,0.08028910209324779,0.036703656465923884,1569300000.0,,2567200000.0,NO_BNPL_EVIDENCE,"Search completed; no clear BNPL exposure signal detected in result text. Top links: https://r.bing.com/rs/4f/gg/cc,nc/-G_YKFrphkyl83D0HTgpMefXo7c.css?or=w; https://r.bing.com/rs/4f/h6/cc,nc/U6HOq0RcF4_oC2_ItiNCBhNzO24.css?or=w; https://r.bing.com/rs/4f/eT/cir3,cc,nc/ZNlEaxLrmuWEflDP-KwkyUROBrA.css?or=w",Home & Appliances,CTRL_CAND_0207,preferred_control,SEC company_tickers_exchange.json + SEC submissions SIC,https://www.sec.gov/files/company_tickers_exchange.json; https://data.sec.gov/submissions/CIK##########.json,0.10144650481106225,MEDIUM,"MILLERKNOLL, INC.",cache,Home & Appliances,0.45829350665901997,Nasdaq,True,-0.0015258241741847862,0.11737717453641751,0.5285796214872873,False,21.17389549700895,21.66608164775992,False,0.36505670892937536,HIGH,1,0000719955,WILLIAMS SONOMA INC,-0.00041572378483904765,17,True,0.04264602239033066,0.01100597886302652,1615,0.27899586908166507,2520,Office Furniture,Mid-scale revenue proxy,FY2019 revenue proxy; historical market cap not constructed,False,MLKN
0001013488,0.7442359457624025,0.042664960176699435,0.042480639434360555,0.05390433561515129,1072084000.0,,1161450000.0,NO_BNPL_EVIDENCE,"Search completed; no clear BNPL exposure signal detected in result text. Top links: https://r.bing.com/rs/4f/gg/cc,nc/-G_YKFrphkyl83D0HTgpMefXo7c.css?or=w; https://r.bing.com/rs/4f/h6/cc,nc/U6HOq0RcF4_oC2_ItiNCBhNzO24.css?or=w; https://r.bing.com/rs/4f/eT/cir3,cc,nc/ZNlEaxLrmuWEflDP-KwkyUROBrA.css?or=w",Entertainment,CTRL_CAND_0208,eligible_not_selected,SEC company_tickers_exchange.json + SEC submissions SIC,https://www.sec.gov/files/company_tickers_exchange.json; https://data.sec.gov/submissions/CIK##########.json,0.02088828860425116,LOW,BJs RESTAURANTS INC,cache,Gaming & Entertainment,0.2707688949746475,Nasdaq,False,-0.000423463522226932,,0.7292311050253525,False,20.792870254734133,20.872935061465117,True,,,,,,-0.0018517950567356347,19,False,0.060109540868044986,0.014975365624187142,1640,0.0,5812,Retail-Eating Places,Small-scale revenue proxy,FY2019 revenue proxy; historical market cap not constructed,False,BJRI
0000884219,0.8760303928733574,0.026598470469993262,0.053115763102774306,0.054576413255947136,1318691000.0,,1371695000.0,NO_BNPL_EVIDENCE,"Search completed; no clear BNPL exposure signal detected in result text. Top links: https://r.bing.com/rs/4f/gg/cc,nc/-G_YKFrphkyl83D0HTgpMefXo7c.css?or=w; https://r.bing.com/rs/4f/h6/cc,nc/U6HOq0RcF4_oC2_ItiNCBhNzO24.css?or=w; https://r.bing.com/rs/4f/f3/cir3,cc,nc/XKkf7PevzOVtzidRm3f9xWob0cM.css?or=w",Entertainment,CTRL_CAND_0209,eligible_not_selected,SEC company_tickers_exchange.json + SEC submissions SIC,https://www.sec.gov/files/company_tickers_exchange.json; https://data.sec.gov/submissions/CIK##########.json,0.04701556316074046,MEDIUM,"Pursuit Attractions & Hospitality, Inc.",cache,Gaming & Entertainment,0.3545167139231253,NYSE,False,0.0022977313995609493,0.013095562190080921,0.5803406559990172,False,20.999905414851323,21.039313038330086,False,,,,,,0.0008663501767704465,20,False,0.05938210708535152,0.012955498791561533,1658,0.0,7990,Services-Miscellaneous Amusement & Recreation,Small-scale revenue proxy,FY2019 revenue proxy; historical market cap not constructed,False,PRSU
0001581804,,-0.03932068301888798,0.11176465447527588,0.004923809125001677,1874253000.0,,,NO_BNPL_EVIDENCE,"Search completed; no clear BNPL exposure signal detected in result text. Top links: https://r.bing.com/rs/4f/gg/cc,nc/-G_YKFrphkyl83D0HTgpMefXo7c.css?or=w; https://r.bing.com/rs/4f/gM/cc,nc/rWljTRKHPYQiu_szhv9ApXQ-KpI.css?or=w; https://r.bing.com/rs/4f/eT/cir3,cc,nc/ZNlEaxLrmuWEflDP-KwkyUROBrA.css?or=w",Entertainment,CTRL_CAND_0210,excluded_insufficient_pre_financials,SEC company_tickers_exchange.json + SEC submissions SIC,https://www.sec.gov/files/company_tickers_exchange.json; https://data.sec.gov/submissions/CIK##########.json,0.03415974257477512,LOW,Navigator Holdings Ltd.,cache,Gaming & Entertainment,0.5014280355960481,NYSE,False,,,0.498519143360048,True,21.35147601698642,,True,,,,,,,5,False,,,1660,0.0,4412,Deep Sea Foreign Transportation of Freight,Unclassified,FY2019 revenue proxy; historical market cap not constructed,False,NVGS
0001062231,0.16379621818490359,0.03672957319336635,0.06864372603734148,0.29920365819788736,6644600000.0,,5100900000.0,NO_BNPL_EVIDENCE,"Search completed; no clear BNPL exposure signal detected in result text. Top links: https://r.bing.com/rs/4f/gg/cc,nc/-G_YKFrphkyl83D0HTgpMefXo7c.css?or=w; https://r.bing.com/rs/4f/gM/cc,nc/rWljTRKHPYQiu_szhv9ApXQ-KpI.css?or=w; https://r.bing.com/rs/4f/fG/cir3,cc,nc/5gFAL7Id0yWkqqPO1crOKHL1NzM.css?or=w",Automotive,CTRL_CAND_0211,eligible_not_selected,SEC company_tickers_exchange.json + SEC submissions SIC,https://www.sec.gov/files/company_tickers_exchange.json; https://data.sec.gov/submissions/CIK##########.json,0.08006501520031303,MEDIUM,Dauch Corp,cache,Automotive,0.14712699033801885,NYSE,True,-0.0014139571154075028,0.056226108418866445,0.8524516148451374,False,22.617070331663975,22.352682831695823,False,,,,,,-0.003896833236606964,18,False,0.06920081912291032,0.04847959355216361,1673,0.06731314037489966,3714,Motor Vehicle Parts & Accessories,Mid-scale revenue proxy,FY2019 revenue proxy; historical market cap not constructed,False,DCH
0000069633,0.3722587959152074,0.08067587215925717,0.08924460439087613,0.07884764820411058,85908000.0,,102932000.0,NO_BNPL_EVIDENCE,"Search completed; no clear BNPL exposure signal detected in result text. Top links: https://r.bing.com/rs/4f/gg/cc,nc/-G_YKFrphkyl83D0HTgpMefXo7c.css?or=w; https://r.bing.com/rs/4f/gS/cc,nc/_huiPba-9XiYDf9Vd8j9EoLtXL4.css?or=w; https://r.bing.com/rs/4f/fd/cir3,cc,nc/WTKNvHzqziTEsCD58MJtjs7bzWc.css?or=w",Electronics & Technology,CTRL_CAND_0212,preferred_control,SEC company_tickers_exchange.json + SEC submissions SIC,https://www.sec.gov/files/company_tickers_exchange.json; https://data.sec.gov/submissions/CIK##########.json,0.09344880569912,LOW,"NAPCO SECURITY TECHNOLOGIES, INC",cache,Phones & Smartwatches,0.8284676630814359,Nasdaq,True,0.006630305364226706,0.34427527122037527,0.17153233691856404,False,18.268787514166323,18.449579133995016,True,0.696915249115344,HIGH,1,0001433195,APPFOLIO INC,0.0043109022127866305,17,True,0.07648837597249858,0.018557713327226943,1686,0.27223382209802505,3669,"Communications Equipment, NEC",Micro-scale revenue proxy,FY2019 revenue proxy; historical market cap not constructed,False,NSSC
0002054507,,,,,,,,NO_BNPL_EVIDENCE,"Search completed; no clear BNPL exposure signal detected in result text. Top links: https://r.bing.com/rs/4f/gg/cc,nc/-G_YKFrphkyl83D0HTgpMefXo7c.css?or=w; https://r.bing.com/rs/4f/gM/cc,nc/rWljTRKHPYQiu_szhv9ApXQ-KpI.css?or=w; https://r.bing.com/rs/4f/fn/cir3,cc,nc/qYkYtW4ptUTHO5TVR_F3o3iRdIs.css?or=w",Entertainment,CTRL_CAND_0213,excluded_insufficient_pre_financials,SEC company_tickers_exchange.json + SEC submissions SIC,https://www.sec.gov/files/company_tickers_exchange.json; https://data.sec.gov/submissions/CIK##########.json,,LOW,Hotel101 Global Holdings Corp.,cache,Gaming & Entertainment,,Nasdaq,False,,,,,,,True,,,,,,,,False,,,1709,,7011,Hotels & Motels,,,False,HBNB
0000851310,0.5123721930881268,-0.13837262416710253,-0.09699361743285104,-0.07659960632037176,587327000.0,,402874000.0,NO_BNPL_EVIDENCE,"Search completed; no clear BNPL exposure signal detected in result text. Top links: https://r.bing.com/rs/4f/gg/cc,nc/-G_YKFrphkyl83D0HTgpMefXo7c.css?or=w; https://r.bing.com/rs/4f/h6/cc,nc/U6HOq0RcF4_oC2_ItiNCBhNzO24.css?or=w; https://r.bing.com/rs/4f/fG/cir3,cc,nc/5gFAL7Id0yWkqqPO1crOKHL1NzM.css?or=w",Electronics & Technology,CTRL_CAND_0214,preferred_control,SEC company_tickers_exchange.json + SEC submissions SIC,https://www.sec.gov/files/company_tickers_exchange.json; https://data.sec.gov/submissions/CIK##########.json,0.1584432522257618,LOW,HARMONIC INC.,cache,Phones & Smartwatches,0.42982188797722565,Nasdaq,True,0.0010227110867695253,0.04944775227428672,0.5660747760617169,False,20.19109229253324,19.814134415937318,True,1.42313496335148,LOW,1,0001576942,"Stitch Fix, Inc.",0.0053008218677005605,17,True,0.01671492065384217,0.0035447279621834554,1716,0.43965734974690074,3663,Radio & Tv Broadcasting & Communications Equipment,Small-scale revenue proxy,FY2019 revenue proxy; historical market cap not constructed,False,HLIT
0001067294,0.6947932058424497,0.07403536287780743,0.09818134147115588,0.015733607559372455,1581225000.0,,3071951000.0,NO_BNPL_EVIDENCE,"Search completed; no clear BNPL exposure signal detected in result text. Top links: https://r.bing.com/rs/4f/gg/cc,nc/-G_YKFrphkyl83D0HTgpMefXo7c.css?or=w; https://r.bing.com/rs/4f/gM/cc,nc/rWljTRKHPYQiu_szhv9ApXQ-KpI.css?or=w; https://r.bing.com/rs/4f/eJ/cir3,cc,nc/-ooVmxB9OlPzBcewmec-cfwYTQs.css?or=w",Entertainment,CTRL_CAND_0215,eligible_not_selected,SEC company_tickers_exchange.json + SEC submissions SIC,https://www.sec.gov/files/company_tickers_exchange.json; https://data.sec.gov/submissions/CIK##########.json,0.023326218596341444,LOW,"CRACKER BARREL OLD COUNTRY STORE, INC",cache,Gaming & Entertainment,0.38243134278802826,Nasdaq,False,0.0016585031853621895,0.09799870353681481,,False,21.18146570003844,21.845578701583793,True,,,,,,-9.270119630171657e-06,18,False,0.09218863296869784,0.004146820087627779,1717,0.0,5812,Retail-Eating Places,Mid-scale revenue proxy,FY2019 revenue proxy; historical market cap not constructed,False,CBRL
0001096752,0.4668787006068494,-0.03498002495661095,0.1719303899452143,-0.03187253725038689,3420900000.0,,2141000000.0,NO_BNPL_EVIDENCE,"Search completed; no clear BNPL exposure signal detected in result text. Top links: https://r.bing.com/rs/4f/gg/cc,nc/-G_YKFrphkyl83D0HTgpMefXo7c.css?or=w; https://r.bing.com/rs/4f/gM/cc,nc/rWljTRKHPYQiu_szhv9ApXQ-KpI.css?or=w; https://r.bing.com/rs/4f/ez/cir3,cc,nc/ITQ79_h8jq-eoIeRkdWbxDW7IbQ.css?or=w",Apparel & Personal Care,CTRL_CAND_0216,preferred_control,SEC company_tickers_exchange.json + SEC submissions SIC,https://www.sec.gov/files/company_tickers_exchange.json; https://data.sec.gov/submissions/CIK##########.json,0.09985676284018825,HIGH,EDGEWELL PERSONAL CARE Co,cache,Health & Beauty,0.38104007717267385,NYSE,True,-0.0020115861322899647,0.10441696629541933,0.6189599228273261,False,21.953169511295698,21.484538846553956,False,0.4677645627398902,HIGH,1,0000109177,"Spectrum Brands Holdings, Inc.",,19,True,0.11548651395993415,-0.023057010329678315,1721,0.041985075968713474,2844,"Perfumes, Cosmetics & Other Toilet Preparations",Mid-scale revenue proxy,FY2019 revenue proxy; historical market cap not constructed,True,EPC
0001722608,,,,,6434046000.0,,,NO_BNPL_EVIDENCE,"Search completed; no clear BNPL exposure signal detected in result text. Top links: https://r.bing.com/rs/4f/gg/cc,nc/-G_YKFrphkyl83D0HTgpMefXo7c.css?or=w; https://r.bing.com/rs/4f/gM/cc,nc/rWljTRKHPYQiu_szhv9ApXQ-KpI.css?or=w; https://r.bing.com/rs/4f/fG/cir3,cc,nc/5gFAL7Id0yWkqqPO1crOKHL1NzM.css?or=w",Entertainment,CTRL_CAND_0217,excluded_insufficient_pre_financials,SEC company_tickers_exchange.json + SEC submissions SIC,https://www.sec.gov/files/company_tickers_exchange.json; https://data.sec.gov/submissions/CIK##########.json,0.132493923730107,MEDIUM,"iQIYI, Inc.",cache,Gaming & Entertainment,0.21462031822588773,Nasdaq,False,,,0.7831126790203241,True,22.584869415255874,,True,,,,,,,0,False,,,1723,,7841,Services-Video Tape Rental,Unclassified,FY2019 revenue proxy; historical market cap not constructed,False,IQ
0000903129,0.30125214706719033,,0.08546664178049623,0.03692218068831985,727386000.0,,971684000.0,NO_BNPL_EVIDENCE,"Search completed; no clear BNPL exposure signal detected in result text. Top links: https://r.bing.com/rs/4f/gg/cc,nc/-G_YKFrphkyl83D0HTgpMefXo7c.css?or=w; https://r.bing.com/rs/4f/h6/cc,nc/U6HOq0RcF4_oC2_ItiNCBhNzO24.css?or=w; https://r.bing.com/rs/4f/fn/cir3,cc,nc/qYkYtW4ptUTHO5TVR_F3o3iRdIs.css?or=w",Automotive,CTRL_CAND_0218,eligible_not_selected,SEC company_tickers_exchange.json + SEC submissions SIC,https://www.sec.gov/files/company_tickers_exchange.json; https://data.sec.gov/submissions/CIK##########.json,0.06934832399853723,MEDIUM,Gentherm Inc,cache,Automotive,0.6497925448111457,Nasdaq,True,-0.002150701359537036,0.16288325593288847,0.3502074551888543,False,20.404967843700106,20.694541206686658,False,,,,,,-0.004143376255706271,19,False,0.03206343888924712,0.009723775302866562,1726,0.13725658959567086,3714,Motor Vehicle Parts & Accessories,Small-scale revenue proxy,FY2019 revenue proxy; historical market cap not constructed,False,THRM
0001726173,0.22119621538570655,0.012002554073437949,,-0.16908282628279717,1153950000.0,,510418000.0,NO_BNPL_EVIDENCE,"Search completed; no clear BNPL exposure signal detected in result text. Top links: https://r.bing.com/rs/4f/gg/cc,nc/-G_YKFrphkyl83D0HTgpMefXo7c.css?or=w; https://r.bing.com/rs/4f/h6/cc,nc/U6HOq0RcF4_oC2_ItiNCBhNzO24.css?or=w; https://r.bing.com/rs/4f/ez/cir3,cc,nc/ITQ79_h8jq-eoIeRkdWbxDW7IbQ.css?or=w",Entertainment,CTRL_CAND_0219,eligible_not_selected,SEC company_tickers_exchange.json + SEC submissions SIC,https://www.sec.gov/files/company_tickers_exchange.json; https://data.sec.gov/submissions/CIK##########.json,0.016515446943108452,LOW,Biglari Holdings Inc.,cache,Gaming & Entertainment,0.5212704189956238,NYSE,False,0.008273728434221323,0.004030503921313749,0.4787295810043763,True,20.86645667653733,20.05074055583069,True,,,,,,,6,False,-0.16943890286487906,-0.05492487686208465,1735,0.0,5812,Retail-Eating Places,Small-scale revenue proxy,FY2019 revenue proxy; historical market cap not constructed,False,BH-A
0001789029,,,,,106895.0,,,NO_BNPL_EVIDENCE,"Search completed; no clear BNPL exposure signal detected in result text. Top links: https://r.bing.com/rs/4f/gg/cc,nc/-G_YKFrphkyl83D0HTgpMefXo7c.css?or=w; https://r.bing.com/rs/4f/h6/cc,nc/U6HOq0RcF4_oC2_ItiNCBhNzO24.css?or=w; https://r.bing.com/rs/4f/fG/cir3,cc,nc/5gFAL7Id0yWkqqPO1crOKHL1NzM.css?or=w",Automotive,CTRL_CAND_0220,excluded_insufficient_pre_financials,SEC company_tickers_exchange.json + SEC submissions SIC,https://www.sec.gov/files/company_tickers_exchange.json; https://data.sec.gov/submissions/CIK##########.json,,MEDIUM,"Aeva Technologies, Inc.",cache,Automotive,0.23468824547453107,Nasdaq,False,,,,True,11.579602323234509,,True,,,,,,,0,False,,,1744,,3714,Motor Vehicle Parts & Accessories,Unclassified,FY2019 revenue proxy; historical market cap not constructed,False,AEVA
0000070866,0.6984696535359197,0.011190605368645886,0.06927042652341746,-0.0035557947882589405,8987000000.0,,,NO_BNPL_EVIDENCE,"Search completed; no clear BNPL exposure signal detected in result text. Top links: https://r.bing.com/rs/4f/gg/cc,nc/-G_YKFrphkyl83D0HTgpMefXo7c.css?or=w; https://r.bing.com/rs/4f/gM/cc,nc/rWljTRKHPYQiu_szhv9ApXQ-KpI.css?or=w; https://r.bing.com/rs/4f/eT/cir3,cc,nc/ZNlEaxLrmuWEflDP-KwkyUROBrA.css?or=w",Electronics & Technology,CTRL_CAND_0221,excluded_insufficient_pre_financials,SEC company_tickers_exchange.json + SEC submissions SIC,https://www.sec.gov/files/company_tickers_exchange.json; https://data.sec.gov/submissions/CIK##########.json,0.05663736508289752,MEDIUM,NCR Voyix Corp,cache,Computers & Tablets,0.12284410815622566,NYSE,False,0.0023521184885751134,0.0872371202848559,0.8328697006787582,False,22.919044925622647,,True,,,,,,0.002720494006208495,14,False,0.011156967068337797,0.0022555955258346623,1768,0.3122257053291536,3578,Calculating & Accounting Machines (No Electronic Computers),Unclassified,FY2019 revenue proxy; historical market cap not constructed,False,VYX
0001743759,,,,,,,,NO_BNPL_EVIDENCE,"Search completed; no clear BNPL exposure signal detected in result text. Top links: https://r.bing.com/rs/4f/gg/cc,nc/-G_YKFrphkyl83D0HTgpMefXo7c.css?or=w; https://r.bing.com/rs/4f/h6/cc,nc/U6HOq0RcF4_oC2_ItiNCBhNzO24.css?or=w; https://r.bing.com/rs/4f/fG/cir3,cc,nc/5gFAL7Id0yWkqqPO1crOKHL1NzM.css?or=w",Electronics & Technology,CTRL_CAND_0222,excluded_insufficient_pre_financials,SEC company_tickers_exchange.json + SEC submissions SIC,https://www.sec.gov/files/company_tickers_exchange.json; https://data.sec.gov/submissions/CIK##########.json,,MEDIUM,"Corsair Gaming, Inc.",cache,Computers & Tablets,,Nasdaq,False,,,,,,,True,,,,,,,,False,,,1779,,3577,"Computer Peripheral Equipment, NEC",,,False,CRSR
0001326200,,-0.17603430275580767,-0.11263233968773906,0.3813599929890468,1528892000.0,,281400000.0,NO_BNPL_EVIDENCE,"Search completed; no clear BNPL exposure signal detected in result text. Top links: https://r.bing.com/rs/4f/gg/cc,nc/-G_YKFrphkyl83D0HTgpMefXo7c.css?or=w; https://r.bing.com/rs/4f/gM/cc,nc/rWljTRKHPYQiu_szhv9ApXQ-KpI.css?or=w; https://r.bing.com/rs/4f/ez/cir3,cc,nc/ITQ79_h8jq-eoIeRkdWbxDW7IbQ.css?or=w",Entertainment,CTRL_CAND_0223,eligible_not_selected,SEC company_tickers_exchange.json + SEC submissions SIC,https://www.sec.gov/files/company_tickers_exchange.json; https://data.sec.gov/submissions/CIK##########.json,0.10196207449577864,LOW,GENCO SHIPPING & TRADING LTD,cache,Gaming & Entertainment,0.6399588721767135,NYSE,True,,0.017795894019983098,0.3600411278232864,False,21.14780912699704,19.45528770264456,True,,,,,,0.10665672169411826,20,False,0.16273234231930744,0.059093029371870956,1783,0.0,4412,Deep Sea Foreign Transportation of Freight,Micro-scale revenue proxy,FY2019 revenue proxy; historical market cap not constructed,False,GNK
0001831907,,,,,,,,NO_BNPL_EVIDENCE,"Search completed; no clear BNPL exposure signal detected in result text. Top links: https://r.bing.com/rs/4f/gg/cc,nc/-G_YKFrphkyl83D0HTgpMefXo7c.css?or=w; https://r.bing.com/rs/4f/h6/cc,nc/U6HOq0RcF4_oC2_ItiNCBhNzO24.css?or=w; https://r.bing.com/rs/4f/fG/cir3,cc,nc/5gFAL7Id0yWkqqPO1crOKHL1NzM.css?or=w",Apparel & Personal Care,CTRL_CAND_0224,excluded_insufficient_pre_financials,SEC company_tickers_exchange.json + SEC submissions SIC,https://www.sec.gov/files/company_tickers_exchange.json; https://data.sec.gov/submissions/CIK##########.json,,LOW,LuxExperience B.V.,cache,Clothing & Accessories,,NYSE,False,,,,,,,True,,,,,,,,False,,,1790,,5961,Retail-Catalog & Mail-Order Houses,,,False,LUXE
0001941365,,,,,,,,NO_BNPL_EVIDENCE,"Search completed; no clear BNPL exposure signal detected in result text. Top links: https://r.bing.com/rs/4f/gg/cc,nc/-G_YKFrphkyl83D0HTgpMefXo7c.css?or=w; https://r.bing.com/rs/4f/gS/cc,nc/_huiPba-9XiYDf9Vd8j9EoLtXL4.css?or=w; https://r.bing.com/rs/4f/eJ/cir3,cc,nc/-ooVmxB9OlPzBcewmec-cfwYTQs.css?or=w",Home & Appliances,CTRL_CAND_0225,excluded_insufficient_pre_financials,SEC company_tickers_exchange.json + SEC submissions SIC,https://www.sec.gov/files/company_tickers_exchange.json; https://data.sec.gov/submissions/CIK##########.json,,MEDIUM,"MasterBrand, Inc.",cache,Home & Appliances,,NYSE,False,,,,,,,True,,,,,,,,False,,,1807,,2511,"Wood Household Furniture, (No Upholstered)",,,False,MBC
0001850235,,,,,,,,NO_BNPL_EVIDENCE,"Search completed; no clear BNPL exposure signal detected in result text. Top links: https://r.bing.com/rs/4f/gg/cc,nc/-G_YKFrphkyl83D0HTgpMefXo7c.css?or=w; https://r.bing.com/rs/4f/h6/cc,nc/U6HOq0RcF4_oC2_ItiNCBhNzO24.css?or=w; https://r.bing.com/rs/4f/fG/cir3,cc,nc/5gFAL7Id0yWkqqPO1crOKHL1NzM.css?or=w",Apparel & Personal Care,CTRL_CAND_0226,excluded_insufficient_pre_financials,SEC company_tickers_exchange.json + SEC submissions SIC,https://www.sec.gov/files/company_tickers_exchange.json; https://data.sec.gov/submissions/CIK##########.json,,LOW,D-MARKET Electronic Services & Trading,cache,Clothing & Accessories,,Nasdaq,False,,,,,,,True,,,,,,,,False,,,1809,,5961,Retail-Catalog & Mail-Order Houses,,,False,HEPS
0001956955,,,,,,,,NO_BNPL_EVIDENCE,"Search completed; no clear BNPL exposure signal detected in result text. Top links: https://r.bing.com/rs/4f/gg/cc,nc/-G_YKFrphkyl83D0HTgpMefXo7c.css?or=w; https://r.bing.com/rs/4f/gM/cc,nc/rWljTRKHPYQiu_szhv9ApXQ-KpI.css?or=w; https://r.bing.com/rs/4f/eT/cir3,cc,nc/ZNlEaxLrmuWEflDP-KwkyUROBrA.css?or=w",Electronics & Technology,CTRL_CAND_0227,excluded_insufficient_pre_financials,SEC company_tickers_exchange.json + SEC submissions SIC,https://www.sec.gov/files/company_tickers_exchange.json; https://data.sec.gov/submissions/CIK##########.json,,LOW,"Unusual Machines, Inc.",cache,Phones & Smartwatches,,NYSE,False,,,,,,,True,,,,,,,,False,,,1826,,3663,Radio & Tv Broadcasting & Communications Equipment,,,False,UMAC
0000911971,0.7819497709562157,-0.15345027353647886,-0.06134084612714456,-0.09455527136884034,8072864000.0,,,NO_BNPL_EVIDENCE,"Search completed; no clear BNPL exposure signal detected in result text. Top links: https://r.bing.com/rs/4f/gg/cc,nc/-G_YKFrphkyl83D0HTgpMefXo7c.css?or=w; https://r.bing.com/rs/4f/gS/cc,nc/_huiPba-9XiYDf9Vd8j9EoLtXL4.css?or=w; https://r.bing.com/rs/4f/eJ/cir3,cc,nc/-ooVmxB9OlPzBcewmec-cfwYTQs.css?or=w",Entertainment,CTRL_CAND_0228,excluded_insufficient_pre_financials,SEC company_tickers_exchange.json + SEC submissions SIC,https://www.sec.gov/files/company_tickers_exchange.json; https://data.sec.gov/submissions/CIK##########.json,0.04375658997847604,LOW,TEEKAY CORP LTD,cache,Gaming & Entertainment,0.3185477917130773,NYSE,False,,,0.6814522082869227,True,22.811774150939673,,True,,,,,,-0.06164595921161573,7,False,,-0.062097735614404646,1833,0.0,4412,Deep Sea Foreign Transportation of Freight,Unclassified,FY2019 revenue proxy; historical market cap not constructed,False,TK
0001805385,,,,,,,,NO_BNPL_EVIDENCE,"Search completed; no clear BNPL exposure signal detected in result text. Top links: https://r.bing.com/rs/4f/gg/cc,nc/-G_YKFrphkyl83D0HTgpMefXo7c.css?or=w; https://r.bing.com/rs/4f/h6/cc,nc/U6HOq0RcF4_oC2_ItiNCBhNzO24.css?or=w; https://r.bing.com/rs/4f/f3/cir3,cc,nc/XKkf7PevzOVtzidRm3f9xWob0cM.css?or=w",Electronics & Technology,CTRL_CAND_0229,excluded_insufficient_pre_financials,SEC company_tickers_exchange.json + SEC submissions SIC,https://www.sec.gov/files/company_tickers_exchange.json; https://data.sec.gov/submissions/CIK##########.json,,MEDIUM,"Evolv Technologies Holdings, Inc.",cache,Computers & Tablets,,Nasdaq,False,,,,,,,True,,,,,,,,False,,,1840,,3577,"Computer Peripheral Equipment, NEC",,,False,EVLV
0000901491,,0.0197109822596416,0.03879185108468493,-0.014037507381253792,730721000.0,,1619248000.0,NO_BNPL_EVIDENCE,"Search completed; no clear BNPL exposure signal detected in result text. Top links: https://r.bing.com/rs/4f/gg/cc,nc/-G_YKFrphkyl83D0HTgpMefXo7c.css?or=w; https://r.bing.com/rs/4f/h6/cc,nc/U6HOq0RcF4_oC2_ItiNCBhNzO24.css?or=w; https://r.bing.com/rs/4f/ez/cir3,cc,nc/ITQ79_h8jq-eoIeRkdWbxDW7IbQ.css?or=w",Entertainment,CTRL_CAND_0230,preferred_control,SEC company_tickers_exchange.json + SEC submissions SIC,https://www.sec.gov/files/company_tickers_exchange.json; https://data.sec.gov/submissions/CIK##########.json,0.03819652097038405,LOW,PAPA JOHNS INTERNATIONAL INC,cache,Gaming & Entertainment,-0.4547850684460964,Nasdaq,True,,0.03767374962537001,1.0817521324828492,False,20.409542275913275,21.205227680886814,True,0.9714568177927807,LOW,1,0001687932,"J.Jill, Inc.",-0.005484771394342133,20,True,-0.002779257142825231,-0.002840504892780973,1852,0.0,5812,Retail-Eating Places,Small-scale revenue proxy,FY2019 revenue proxy; historical market cap not constructed,False,PZZA
0001698991,,,,,509317000.0,,,NO_BNPL_EVIDENCE,"Search completed; no clear BNPL exposure signal detected in result text. Top links: https://r.bing.com/rs/4f/gg/cc,nc/-G_YKFrphkyl83D0HTgpMefXo7c.css?or=w; https://r.bing.com/rs/4f/h6/cc,nc/U6HOq0RcF4_oC2_ItiNCBhNzO24.css?or=w; https://r.bing.com/rs/4f/fG/cir3,cc,nc/5gFAL7Id0yWkqqPO1crOKHL1NzM.css?or=w",Entertainment,CTRL_CAND_0231,excluded_insufficient_pre_financials,SEC company_tickers_exchange.json + SEC submissions SIC,https://www.sec.gov/files/company_tickers_exchange.json; https://data.sec.gov/submissions/CIK##########.json,0.24621797426749942,MEDIUM,"Accel Entertainment, Inc.",cache,Gaming & Entertainment,0.16792096081615182,NYSE,False,,,,True,20.048581170445612,,True,,,,,,,3,False,,,1855,,7900,Services-Amusement & Recreation Services,Unclassified,FY2019 revenue proxy; historical market cap not constructed,False,ACEL
0000810332,,0.03978461435227123,0.13363728479853543,0.04940636663774689,1451917000.0,,723357000.0,NO_BNPL_EVIDENCE,"Search completed; no clear BNPL exposure signal detected in result text. Top links: https://r.bing.com/rs/4f/gg/cc,nc/-G_YKFrphkyl83D0HTgpMefXo7c.css?or=w; https://r.bing.com/rs/4f/h6/cc,nc/U6HOq0RcF4_oC2_ItiNCBhNzO24.css?or=w; https://r.bing.com/rs/4f/fd/cir3,cc,nc/WTKNvHzqziTEsCD58MJtjs7bzWc.css?or=w",Entertainment,CTRL_CAND_0232,eligible_not_selected,SEC company_tickers_exchange.json + SEC submissions SIC,https://www.sec.gov/files/company_tickers_exchange.json; https://data.sec.gov/submissions/CIK##########.json,0.047423509746080526,LOW,REPUBLIC AIRWAYS HOLDINGS INC.,cache,Gaming & Entertainment,0.2933142872492023,Nasdaq,True,,,0.7066857127507977,True,21.09615058918074,20.399413434189427,True,,,,,,,5,False,,,1857,0.0,4512,"Air Transportation, Scheduled",Small-scale revenue proxy,FY2019 revenue proxy; historical market cap not constructed,False,RJET
0001753539,,,,,318245958.0,,,NO_BNPL_EVIDENCE,"Search completed; no clear BNPL exposure signal detected in result text. Top links: https://r.bing.com/rs/4f/gg/cc,nc/-G_YKFrphkyl83D0HTgpMefXo7c.css?or=w; https://r.bing.com/rs/4f/h6/cc,nc/U6HOq0RcF4_oC2_ItiNCBhNzO24.css?or=w; https://r.bing.com/rs/4f/fG/cir3,cc,nc/5gFAL7Id0yWkqqPO1crOKHL1NzM.css?or=w",Electronics & Technology,CTRL_CAND_0233,excluded_insufficient_pre_financials,SEC company_tickers_exchange.json + SEC submissions SIC,https://www.sec.gov/files/company_tickers_exchange.json; https://data.sec.gov/submissions/CIK##########.json,,LOW,BlackSky Technology Inc.,cache,Phones & Smartwatches,0.015711131199975838,NYSE,False,,,0.03564889895632233,True,19.578335094614143,,True,,,,,,,0,False,,,1876,,3663,Radio & Tv Broadcasting & Communications Equipment,Unclassified,FY2019 revenue proxy; historical market cap not constructed,False,BKSY
0001840572,,,,,,,,NO_BNPL_EVIDENCE,"Search completed; no clear BNPL exposure signal detected in result text. Top links: https://r.bing.com/rs/4f/gg/cc,nc/-G_YKFrphkyl83D0HTgpMefXo7c.css?or=w; https://r.bing.com/rs/4f/gS/cc,nc/_huiPba-9XiYDf9Vd8j9EoLtXL4.css?or=w; https://r.bing.com/rs/4f/eJ/cir3,cc,nc/-ooVmxB9OlPzBcewmec-cfwYTQs.css?or=w",Entertainment,CTRL_CAND_0234,excluded_insufficient_pre_financials,SEC company_tickers_exchange.json + SEC submissions SIC,https://www.sec.gov/files/company_tickers_exchange.json; https://data.sec.gov/submissions/CIK##########.json,,MEDIUM,Lucky Strike Entertainment Corp,cache,Gaming & Entertainment,,NYSE,False,,,,,,,True,,,,,,,,False,,,1884,,7900,Services-Amusement & Recreation Services,,,False,LUCK
0001520504,,,,,3358689000.0,,,NO_BNPL_EVIDENCE,"Search completed; no clear BNPL exposure signal detected in result text. Top links: https://r.bing.com/rs/4f/gg/cc,nc/-G_YKFrphkyl83D0HTgpMefXo7c.css?or=w; https://r.bing.com/rs/4f/gM/cc,nc/rWljTRKHPYQiu_szhv9ApXQ-KpI.css?or=w; https://r.bing.com/rs/4f/fG/cir3,cc,nc/5gFAL7Id0yWkqqPO1crOKHL1NzM.css?or=w",Entertainment,CTRL_CAND_0235,excluded_insufficient_pre_financials,SEC company_tickers_exchange.json + SEC submissions SIC,https://www.sec.gov/files/company_tickers_exchange.json; https://data.sec.gov/submissions/CIK##########.json,0.12607568012400075,LOW,"Controladora Vuela Compania de Aviacion, S.A.B. de C.V.",cache,Gaming & Entertainment,0.0873635516715004,NYSE,False,,0.00476971818468456,0.9126364483284995,True,21.93481655621063,,True,,,,,,,0,False,,,1889,,4512,"Air Transportation, Scheduled",Unclassified,FY2019 revenue proxy; historical market cap not constructed,False,VLRS
0000062234,,0.07573671236555714,0.10589868429816801,0.14791504993564453,1359186000.0,,820863000.0,NO_BNPL_EVIDENCE,"Search completed; no clear BNPL exposure signal detected in result text. Top links: https://r.bing.com/rs/4f/gg/cc,nc/-G_YKFrphkyl83D0HTgpMefXo7c.css?or=w; https://r.bing.com/rs/4f/h6/cc,nc/U6HOq0RcF4_oC2_ItiNCBhNzO24.css?or=w; https://r.bing.com/rs/4f/fG/cir3,cc,nc/5gFAL7Id0yWkqqPO1crOKHL1NzM.css?or=w",Entertainment,CTRL_CAND_0236,preferred_control,SEC company_tickers_exchange.json + SEC submissions SIC,https://www.sec.gov/files/company_tickers_exchange.json; https://data.sec.gov/submissions/CIK##########.json,0.015348892646039615,MEDIUM,MARCUS CORP,cache,Gaming & Entertainment,0.4572111543232494,NYSE,True,,0.004173821684449369,,False,21.030151828092375,20.525866783821275,True,1.122420964823339,LOW,1,0001132105,"SPORTSMAN'S WAREHOUSE HOLDINGS, INC.",-0.0008145888347824381,18,True,0.14707933531002926,0.03381918115048757,1891,0.0,7830,Services-Motion Picture Theaters,Small-scale revenue proxy,FY2019 revenue proxy; historical market cap not constructed,False,MCS
0001789940,,,,,,,,NO_BNPL_EVIDENCE,"Search completed; no clear BNPL exposure signal detected in result text. Top links: https://r.bing.com/rs/4f/gg/cc,nc/-G_YKFrphkyl83D0HTgpMefXo7c.css?or=w; https://r.bing.com/rs/4f/gM/cc,nc/rWljTRKHPYQiu_szhv9ApXQ-KpI.css?or=w; https://r.bing.com/rs/4f/eT/cir3,cc,nc/ZNlEaxLrmuWEflDP-KwkyUROBrA.css?or=w",Entertainment,CTRL_CAND_0237,excluded_insufficient_pre_financials,SEC company_tickers_exchange.json + SEC submissions SIC,https://www.sec.gov/files/company_tickers_exchange.json; https://data.sec.gov/submissions/CIK##########.json,,LOW,"First Watch Restaurant Group, Inc.",cache,Gaming & Entertainment,,Nasdaq,False,,,,,,,True,,,,,,,,False,,,1946,,5812,Retail-Eating Places,,,False,FWRG
0001826470,,,,,,,,NO_BNPL_EVIDENCE,"Search completed; no clear BNPL exposure signal detected in result text. Top links: https://r.bing.com/rs/4f/gg/cc,nc/-G_YKFrphkyl83D0HTgpMefXo7c.css?or=w; https://r.bing.com/rs/4f/gM/cc,nc/rWljTRKHPYQiu_szhv9ApXQ-KpI.css?or=w; https://r.bing.com/rs/4f/fG/cir3,cc,nc/5gFAL7Id0yWkqqPO1crOKHL1NzM.css?or=w",Apparel & Personal Care,CTRL_CAND_0238,excluded_insufficient_pre_financials,SEC company_tickers_exchange.json + SEC submissions SIC,https://www.sec.gov/files/company_tickers_exchange.json; https://data.sec.gov/submissions/CIK##########.json,,MEDIUM,"Petco Health & Wellness Company, Inc.",cache,Health & Beauty,,Nasdaq,False,,,,,,,True,,,,,,,,False,,,1947,,5990,"Retail-Retail Stores, NEC",,,False,WOOF
0001434754,,,,,1114643000.0,,,NO_BNPL_EVIDENCE,"Search completed; no clear BNPL exposure signal detected in result text. Top links: https://r.bing.com/rs/4f/gg/cc,nc/-G_YKFrphkyl83D0HTgpMefXo7c.css?or=w; https://r.bing.com/rs/4f/h6/cc,nc/U6HOq0RcF4_oC2_ItiNCBhNzO24.css?or=w; https://r.bing.com/rs/4f/fG/cir3,cc,nc/5gFAL7Id0yWkqqPO1crOKHL1NzM.css?or=w",Entertainment,CTRL_CAND_0239,excluded_insufficient_pre_financials,SEC company_tickers_exchange.json + SEC submissions SIC,https://www.sec.gov/files/company_tickers_exchange.json; https://data.sec.gov/submissions/CIK##########.json,0.07081908736698656,LOW,"SAFE BULKERS, INC.",cache,Gaming & Entertainment,0.4241196508657929,NYSE,False,,0.008312078396401358,0.560449399493829,True,20.831800011217936,,True,,,,,,,0,False,,,1948,,4412,Deep Sea Foreign Transportation of Freight,Unclassified,FY2019 revenue proxy; historical market cap not constructed,False,SB
0001682745,,0.07036727523985162,0.21110302734720277,,1407426000.0,,448737000.0,NO_BNPL_EVIDENCE,"Search completed; no clear BNPL exposure signal detected in result text. Top links: https://r.bing.com/rs/4f/gg/cc,nc/-G_YKFrphkyl83D0HTgpMefXo7c.css?or=w; https://r.bing.com/rs/4f/gM/cc,nc/rWljTRKHPYQiu_szhv9ApXQ-KpI.css?or=w; https://r.bing.com/rs/4f/fG/cir3,cc,nc/5gFAL7Id0yWkqqPO1crOKHL1NzM.css?or=w",Sports & Leisure,CTRL_CAND_0240,preferred_control,SEC company_tickers_exchange.json + SEC submissions SIC,https://www.sec.gov/files/company_tickers_exchange.json; https://data.sec.gov/submissions/CIK##########.json,0.0934422129476079,MEDIUM,VERRA MOBILITY Corp,cache,Sports & Outdoor,0.2411117884705839,Nasdaq,True,,,0.7588882115294161,True,21.065028341107524,19.92194752798781,True,1.040590563109513,MEDIUM,1,0001324424,"Expedia Group, Inc.",,4,True,,,1961,0.19051916824331402,4700,Transportation Services,Small-scale revenue proxy,FY2019 revenue proxy; historical market cap not constructed,False,VRRM
0001995306,,,,,,,,NO_BNPL_EVIDENCE,"Search completed; no clear BNPL exposure signal detected in result text. Top links: https://r.bing.com/rs/4f/gg/cc,nc/-G_YKFrphkyl83D0HTgpMefXo7c.css?or=w; https://r.bing.com/rs/4f/gM/cc,nc/rWljTRKHPYQiu_szhv9ApXQ-KpI.css?or=w; https://r.bing.com/rs/4f/fG/cir3,cc,nc/5gFAL7Id0yWkqqPO1crOKHL1NzM.css?or=w",Entertainment,CTRL_CAND_0241,excluded_insufficient_pre_financials,SEC company_tickers_exchange.json + SEC submissions SIC,https://www.sec.gov/files/company_tickers_exchange.json; https://data.sec.gov/submissions/CIK##########.json,,LOW,SUPER HI INTERNATIONAL HOLDING LTD.,cache,Gaming & Entertainment,,Nasdaq,False,,,,,,,True,,,,,,,,False,,,1966,,5812,Retail-Eating Places,,,False,HDL
0001477815,,,,,,,,NO_BNPL_EVIDENCE,"Search completed; no clear BNPL exposure signal detected in result text. Top links: https://r.bing.com/rs/4f/gg/cc,nc/-G_YKFrphkyl83D0HTgpMefXo7c.css?or=w; https://r.bing.com/rs/4f/gM/cc,nc/rWljTRKHPYQiu_szhv9ApXQ-KpI.css?or=w; https://r.bing.com/rs/4f/fG/cir3,cc,nc/5gFAL7Id0yWkqqPO1crOKHL1NzM.css?or=w",Entertainment,CTRL_CAND_0242,excluded_insufficient_pre_financials,SEC company_tickers_exchange.json + SEC submissions SIC,https://www.sec.gov/files/company_tickers_exchange.json; https://data.sec.gov/submissions/CIK##########.json,,LOW,"Sweetgreen, Inc.",cache,Gaming & Entertainment,,NYSE,False,,,,,,,True,,,,,,,,False,,,1969,,5812,Retail-Eating Places,,,False,SG
0001057060,0.2557231167504293,0.02524797178098667,0.044972671373350044,0.1333956598245812,784083000.0,,1237153000.0,NO_BNPL_EVIDENCE,"Search completed; no clear BNPL exposure signal detected in result text. Top links: https://r.bing.com/rs/4f/gg/cc,nc/-G_YKFrphkyl83D0HTgpMefXo7c.css?or=w; https://r.bing.com/rs/4f/h6/cc,nc/U6HOq0RcF4_oC2_ItiNCBhNzO24.css?or=w; https://r.bing.com/rs/4f/fG/cir3,cc,nc/5gFAL7Id0yWkqqPO1crOKHL1NzM.css?or=w",Automotive,CTRL_CAND_0243,eligible_not_selected,SEC company_tickers_exchange.json + SEC submissions SIC,https://www.sec.gov/files/company_tickers_exchange.json; https://data.sec.gov/submissions/CIK##########.json,0.04911597369156071,HIGH,MARINEMAX INC,cache,Automotive,0.47038259980129654,NYSE,True,0.0013258272679925462,0.6089508381128018,0.5296174001987034,False,20.480025440058068,20.936078609046152,False,,,,,,0.0010435415409018826,18,False,0.20170402145272992,0.03159417894453487,1974,0.22714329725959256,5531,Retail-Auto & Home Supply Stores,Small-scale revenue proxy,FY2019 revenue proxy; historical market cap not constructed,False,HZO
0001345126,0.35181444164210746,0.07939255023384566,0.031829640543257855,0.20092103873537612,1891892000.0,,1450253000.0,NO_BNPL_EVIDENCE,"Search completed; no clear BNPL exposure signal detected in result text. Top links: https://r.bing.com/rs/4f/gg/cc,nc/-G_YKFrphkyl83D0HTgpMefXo7c.css?or=w; https://r.bing.com/rs/4f/h6/cc,nc/U6HOq0RcF4_oC2_ItiNCBhNzO24.css?or=w; https://r.bing.com/rs/4f/f3/cir3,cc,nc/XKkf7PevzOVtzidRm3f9xWob0cM.css?or=w",Home & Appliances,CTRL_CAND_0244,preferred_control,SEC company_tickers_exchange.json + SEC submissions SIC,https://www.sec.gov/files/company_tickers_exchange.json; https://data.sec.gov/submissions/CIK##########.json,0.053023111255822215,MEDIUM,Compass Diversified Holdings,cache,Home & Appliances,0.5895299520268599,NYSE,True,0.0017330361713263018,0.16771887613034994,0.3837518209284674,False,21.360843223494403,21.095003860917167,True,0.9972295635160666,LOW,1,0001177609,"FIVE BELOW, INC",0.0006026997226068505,18,True,0.15840438746011043,0.051723817055539745,1979,0.2897375685214055,2510,Household Furniture,Small-scale revenue proxy,FY2019 revenue proxy; historical market cap not constructed,False,CODI
0001865200,,,,,,,,NO_BNPL_EVIDENCE,"Search completed; no clear BNPL exposure signal detected in result text. Top links: https://r.bing.com/rs/4f/gg/cc,nc/-G_YKFrphkyl83D0HTgpMefXo7c.css?or=w; https://r.bing.com/rs/4f/h6/cc,nc/U6HOq0RcF4_oC2_ItiNCBhNzO24.css?or=w; https://r.bing.com/rs/4f/fG/cir3,cc,nc/5gFAL7Id0yWkqqPO1crOKHL1NzM.css?or=w",Entertainment,CTRL_CAND_0245,excluded_insufficient_pre_financials,SEC company_tickers_exchange.json + SEC submissions SIC,https://www.sec.gov/files/company_tickers_exchange.json; https://data.sec.gov/submissions/CIK##########.json,,MEDIUM,"Angel Studios, Inc.",cache,Gaming & Entertainment,,NYSE,False,,,,,,,True,,,,,,,,False,,,1986,,7812,Services-Motion Picture & Video Tape Production,,,False,ANGX
0001756708,,,,,297182000.0,,,NO_BNPL_EVIDENCE,"Search completed; no clear BNPL exposure signal detected in result text. Top links: https://r.bing.com/rs/4f/gg/cc,nc/-G_YKFrphkyl83D0HTgpMefXo7c.css?or=w; https://r.bing.com/rs/4f/h6/cc,nc/U6HOq0RcF4_oC2_ItiNCBhNzO24.css?or=w; https://r.bing.com/rs/4f/fG/cir3,cc,nc/5gFAL7Id0yWkqqPO1crOKHL1NzM.css?or=w",Apparel & Personal Care,CTRL_CAND_0246,excluded_insufficient_pre_financials,SEC company_tickers_exchange.json + SEC submissions SIC,https://www.sec.gov/files/company_tickers_exchange.json; https://data.sec.gov/submissions/CIK##########.json,0.5721106931106191,LOW,Jumia Technologies AG,cache,Clothing & Accessories,0.6143508018655235,NYSE,False,,0.033635953725326566,0.3856491981344765,True,19.50985530369782,,True,,,,,,,0,False,,,1987,,5961,Retail-Catalog & Mail-Order Houses,Unclassified,FY2019 revenue proxy; historical market cap not constructed,False,JMIA
0001547459,0.2668055400297311,0.008445763867883805,0.01525108175237508,0.134657243113943,327114000.0,,903582000.0,NO_BNPL_EVIDENCE,"Search completed; no clear BNPL exposure signal detected in result text. Top links: https://r.bing.com/rs/4f/gg/cc,nc/-G_YKFrphkyl83D0HTgpMefXo7c.css?or=w; https://r.bing.com/rs/4f/h6/cc,nc/U6HOq0RcF4_oC2_ItiNCBhNzO24.css?or=w; https://r.bing.com/rs/4f/fn/cir3,cc,nc/qYkYtW4ptUTHO5TVR_F3o3iRdIs.css?or=w",Apparel & Personal Care,CTRL_CAND_0247,preferred_control,SEC company_tickers_exchange.json + SEC submissions SIC,https://www.sec.gov/files/company_tickers_exchange.json; https://data.sec.gov/submissions/CIK##########.json,0.01899643549343654,MEDIUM,"Natural Grocers by Vitamin Cottage, Inc.",cache,Health & Beauty,0.47966763880482033,NYSE,True,-0.0026020964051345196,,0.5203323611951797,False,19.605819291959563,20.621877422040985,False,0.7582761786088048,HIGH,1,0000919012,AMERICAN EAGLE OUTFITTERS INC,-0.0025290468205350592,18,True,0.17207498782108988,0.01932991291613862,1991,0.0,5411,Retail-Grocery Stores,Small-scale revenue proxy,FY2019 revenue proxy; historical market cap not constructed,False,NGVC
0001546417,0.6863599287170509,0.02776579254772421,0.039256459100719863,-0.0022988650439876635,3592683000.0,,4139389000.0,NO_BNPL_EVIDENCE,"Search completed; no clear BNPL exposure signal detected in result text. Top links: https://r.bing.com/rs/4f/gg/cc,nc/-G_YKFrphkyl83D0HTgpMefXo7c.css?or=w; https://r.bing.com/rs/4f/gM/cc,nc/rWljTRKHPYQiu_szhv9ApXQ-KpI.css?or=w; https://r.bing.com/rs/4f/fG/cir3,cc,nc/5gFAL7Id0yWkqqPO1crOKHL1NzM.css?or=w",Entertainment,CTRL_CAND_0248,preferred_control,SEC company_tickers_exchange.json + SEC submissions SIC,https://www.sec.gov/files/company_tickers_exchange.json; https://data.sec.gov/submissions/CIK##########.json,0.01868937504366514,LOW,"Bloomin' Brands, Inc.",cache,Gaming & Entertainment,0.04741359034459762,Nasdaq,True,0.0011015315413766833,0.024177195705827652,0.9505993153306317,False,22.002165114077286,22.143814029350903,True,1.2951038757412325,LOW,1,0001065088,EBAY INC,-0.0007867845131132153,19,True,-0.01232578044582866,-0.0047591120560199025,1993,0.0,5812,Retail-Eating Places,Mid-scale revenue proxy,FY2019 revenue proxy; historical market cap not constructed,False,BLMN
0001959455,,,,,,,,NO_BNPL_EVIDENCE,"Search completed; no clear BNPL exposure signal detected in result text. Top links: https://r.bing.com/rs/4f/gg/cc,nc/-G_YKFrphkyl83D0HTgpMefXo7c.css?or=w; https://r.bing.com/rs/4f/h6/cc,nc/U6HOq0RcF4_oC2_ItiNCBhNzO24.css?or=w; https://r.bing.com/rs/4f/fG/cir3,cc,nc/5gFAL7Id0yWkqqPO1crOKHL1NzM.css?or=w",Entertainment,CTRL_CAND_0249,excluded_insufficient_pre_financials,SEC company_tickers_exchange.json + SEC submissions SIC,https://www.sec.gov/files/company_tickers_exchange.json; https://data.sec.gov/submissions/CIK##########.json,,LOW,Himalaya Shipping Ltd.,cache,Gaming & Entertainment,,NYSE,False,,,,,,,True,,,,,,,,False,,,1994,,4412,Deep Sea Foreign Transportation of Freight,,,False,HSHP
0001577437,,-0.12235609015193032,0.005793248569120141,0.12218955125003715,772438430.0,,230042240.0,NO_BNPL_EVIDENCE,"Search completed; no clear BNPL exposure signal detected in result text. Top links: https://r.bing.com/rs/4f/gg/cc,nc/-G_YKFrphkyl83D0HTgpMefXo7c.css?or=w; https://r.bing.com/rs/4f/gM/cc,nc/rWljTRKHPYQiu_szhv9ApXQ-KpI.css?or=w; https://r.bing.com/rs/4f/f3/cir3,cc,nc/XKkf7PevzOVtzidRm3f9xWob0cM.css?or=w",Entertainment,CTRL_CAND_0250,eligible_not_selected,SEC company_tickers_exchange.json + SEC submissions SIC,https://www.sec.gov/files/company_tickers_exchange.json; https://data.sec.gov/submissions/CIK##########.json,0.06696081524581836,LOW,Ardmore Shipping Corp,cache,Gaming & Entertainment,0.4221123073848099,NYSE,False,,0.013151514224894275,,False,20.46506286129441,19.253773502199387,True,,,,,,-0.024912569854840888,18,False,0.11848918873731717,0.022585342418922166,2002,0.0,4412,Deep Sea Foreign Transportation of Freight,Micro-scale revenue proxy,FY2019 revenue proxy; historical market cap not constructed,False,ASC
0001898718,,,,,,,,NO_BNPL_EVIDENCE,"Search completed; no clear BNPL exposure signal detected in result text. Top links: https://r.bing.com/rs/4f/gg/cc,nc/-G_YKFrphkyl83D0HTgpMefXo7c.css?or=w; https://r.bing.com/rs/4f/gS/cc,nc/_huiPba-9XiYDf9Vd8j9EoLtXL4.css?or=w; https://r.bing.com/rs/4f/ez/cir3,cc,nc/ITQ79_h8jq-eoIeRkdWbxDW7IbQ.css?or=w",Sports & Leisure,CTRL_CAND_0251,excluded_insufficient_pre_financials,SEC company_tickers_exchange.json + SEC submissions SIC,https://www.sec.gov/files/company_tickers_exchange.json; https://data.sec.gov/submissions/CIK##########.json,,MEDIUM,GMR Solutions Inc.,cache,Sports & Outdoor,,NYSE,False,,,,,,,True,,,,,,,,False,,,2006,,4700,Transportation Services,,,False,GMRS
0000708821,0.21228067126659286,-0.07119911380409533,-0.03429506831750387,-0.06481745554074711,189612000.0,,187232000.0,NO_BNPL_EVIDENCE,"Search completed; no clear BNPL exposure signal detected in result text. Top links: https://r.bing.com/rs/4f/gg/cc,nc/-G_YKFrphkyl83D0HTgpMefXo7c.css?or=w; https://r.bing.com/rs/4f/gM/cc,nc/rWljTRKHPYQiu_szhv9ApXQ-KpI.css?or=w; https://r.bing.com/rs/4f/fn/cir3,cc,nc/qYkYtW4ptUTHO5TVR_F3o3iRdIs.css?or=w",Electronics & Technology,CTRL_CAND_0252,eligible_not_selected,SEC company_tickers_exchange.json + SEC submissions SIC,https://www.sec.gov/files/company_tickers_exchange.json; https://data.sec.gov/submissions/CIK##########.json,0.14785984009450878,MEDIUM,PAR TECHNOLOGY CORP,cache,Computers & Tablets,0.38418981920975465,NYSE,True,0.00021979417495444057,0.10192392886526169,0.6158101807902453,False,19.060490436921636,19.0478590475701,False,,,,,,-0.00630360651024826,19,False,-0.0491002654323659,-0.013535022401148355,2008,0.1917863067975092,3578,Calculating & Accounting Machines (No Electronic Computers),Micro-scale revenue proxy,FY2019 revenue proxy; historical market cap not constructed,False,PAR
0000926282,0.4170368998142496,-0.04374061705962578,-0.042042007059065876,-0.0397258456182043,545118000.0,,530061000.0,NO_BNPL_EVIDENCE,"Search completed; no clear BNPL exposure signal detected in result text. Top links: https://r.bing.com/rs/4f/gg/cc,nc/-G_YKFrphkyl83D0HTgpMefXo7c.css?or=w; https://r.bing.com/rs/4f/h6/cc,nc/U6HOq0RcF4_oC2_ItiNCBhNzO24.css?or=w; https://r.bing.com/rs/4f/fG/cir3,cc,nc/5gFAL7Id0yWkqqPO1crOKHL1NzM.css?or=w",Electronics & Technology,CTRL_CAND_0253,preferred_control,SEC company_tickers_exchange.json + SEC submissions SIC,https://www.sec.gov/files/company_tickers_exchange.json; https://data.sec.gov/submissions/CIK##########.json,0.13533400107866553,LOW,"ADTRAN Holdings, Inc.",cache,Phones & Smartwatches,0.697878257551576,Nasdaq,True,-0.0032609687835348507,0.18033710132485076,0.302121742448424,False,20.116512842953263,20.08850265222722,True,1.7603187395125337,LOW,1,0001746618,"Revolve Group, Inc.",-0.008601660659702096,20,True,-0.030535144885295518,-0.011493502233455433,2010,0.22605052142288606,3661,Telephone & Telegraph Apparatus,Small-scale revenue proxy,FY2019 revenue proxy; historical market cap not constructed,False,ADTN
0001517396,0.48874678600669014,-0.03201932073417656,-0.02608898308334144,-0.01751718564632307,1381519000.0,,636080000.0,NO_BNPL_EVIDENCE,"Search completed; no clear BNPL exposure signal detected in result text. Top links: https://r.bing.com/rs/4f/gg/cc,nc/-G_YKFrphkyl83D0HTgpMefXo7c.css?or=w; https://r.bing.com/rs/4f/h6/cc,nc/U6HOq0RcF4_oC2_ItiNCBhNzO24.css?or=w; https://r.bing.com/rs/4f/fn/cir3,cc,nc/qYkYtW4ptUTHO5TVR_F3o3iRdIs.css?or=w",Electronics & Technology,CTRL_CAND_0254,preferred_control,SEC company_tickers_exchange.json + SEC submissions SIC,https://www.sec.gov/files/company_tickers_exchange.json; https://data.sec.gov/submissions/CIK##########.json,0.21243573197328447,MEDIUM,STRATASYS LTD.,cache,Computers & Tablets,0.8375932578560266,Nasdaq,True,0.016933817380115828,0.12197009234038765,0.1619565130845106,False,21.04644945540002,20.270834899557503,False,0.3461819809828326,HIGH,1,0001526520,"TripAdvisor, Inc.",0.09577820285814706,20,True,-0.02225319562919359,-0.004217604342221767,2022,0.0,3577,"Computer Peripheral Equipment, NEC",Small-scale revenue proxy,FY2019 revenue proxy; historical market cap not constructed,False,SSYS
0001824403,,,,,,,,NO_BNPL_EVIDENCE,"Search completed; no clear BNPL exposure signal detected in result text. Top links: https://r.bing.com/rs/4f/gg/cc,nc/-G_YKFrphkyl83D0HTgpMefXo7c.css?or=w; https://r.bing.com/rs/4f/gM/cc,nc/rWljTRKHPYQiu_szhv9ApXQ-KpI.css?or=w; https://r.bing.com/rs/4f/fG/cir3,cc,nc/5gFAL7Id0yWkqqPO1crOKHL1NzM.css?or=w",Entertainment,CTRL_CAND_0255,excluded_insufficient_pre_financials,SEC company_tickers_exchange.json + SEC submissions SIC,https://www.sec.gov/files/company_tickers_exchange.json; https://data.sec.gov/submissions/CIK##########.json,,MEDIUM,"Reservoir Media, Inc.",cache,Gaming & Entertainment,,Nasdaq,False,,,,,,,True,,,,,,,,False,,,2023,,7900,Services-Amusement & Recreation Services,,,False,RSVR
0001747079,,0.10558754874561099,0.21899516792077048,,1021887000.0,,523577000.0,NO_BNPL_EVIDENCE,"Search completed; no clear BNPL exposure signal detected in result text. Top links: https://r.bing.com/rs/4f/gg/cc,nc/-G_YKFrphkyl83D0HTgpMefXo7c.css?or=w; https://r.bing.com/rs/4f/gM/cc,nc/rWljTRKHPYQiu_szhv9ApXQ-KpI.css?or=w; https://r.bing.com/rs/4f/eJ/cir3,cc,nc/-ooVmxB9OlPzBcewmec-cfwYTQs.css?or=w",Entertainment,CTRL_CAND_0256,preferred_control,SEC company_tickers_exchange.json + SEC submissions SIC,https://www.sec.gov/files/company_tickers_exchange.json; https://data.sec.gov/submissions/CIK##########.json,0.17867044007801253,LOW,Bally's Corp,cache,Gaming & Entertainment,0.20688295281180796,NYSE,True,,0.007730796066492675,0.7931170471881921,True,20.74491675510021,20.07619466437364,True,1.618175512198547,LOW,1,0001428439,"ROKU, INC",,4,True,,,2027,0.34455295018688753,7011,Hotels & Motels,Small-scale revenue proxy,FY2019 revenue proxy; historical market cap not constructed,False,BALY
0001907085,,,,,,,,NO_BNPL_EVIDENCE,"Search completed; no clear BNPL exposure signal detected in result text. Top links: https://r.bing.com/rs/4f/gg/cc,nc/-G_YKFrphkyl83D0HTgpMefXo7c.css?or=w; https://r.bing.com/rs/4f/h6/cc,nc/U6HOq0RcF4_oC2_ItiNCBhNzO24.css?or=w; https://r.bing.com/rs/4f/fn/cir3,cc,nc/qYkYtW4ptUTHO5TVR_F3o3iRdIs.css?or=w",Apparel & Personal Care,CTRL_CAND_0257,excluded_insufficient_pre_financials,SEC company_tickers_exchange.json + SEC submissions SIC,https://www.sec.gov/files/company_tickers_exchange.json; https://data.sec.gov/submissions/CIK##########.json,,HIGH,Oddity Tech Ltd,cache,Health & Beauty,,Nasdaq,False,,,,,,,True,,,,,,,,False,,,2050,,2844,"Perfumes, Cosmetics & Other Toilet Preparations",,,False,ODD
0001122904,0.26223805780242543,0.04687805573324134,-0.004166096560413041,-0.6089166702215651,955813000.0,,998763000.0,NO_BNPL_EVIDENCE,"Search completed; no clear BNPL exposure signal detected in result text. Top links: https://r.bing.com/rs/4f/gg/cc,nc/-G_YKFrphkyl83D0HTgpMefXo7c.css?or=w; https://r.bing.com/rs/4f/h6/cc,nc/U6HOq0RcF4_oC2_ItiNCBhNzO24.css?or=w; https://r.bing.com/rs/4f/fG/cir3,cc,nc/5gFAL7Id0yWkqqPO1crOKHL1NzM.css?or=w",Electronics & Technology,CTRL_CAND_0258,preferred_control,SEC company_tickers_exchange.json + SEC submissions SIC,https://www.sec.gov/files/company_tickers_exchange.json; https://data.sec.gov/submissions/CIK##########.json,0.19900126907669177,MEDIUM,"NETGEAR, INC.",cache,Computers & Tablets,0.6368327277406773,Nasdaq,True,-0.0028953859780162282,0.24637559857419808,0.3631672722593227,False,20.67807284518763,20.722028071230387,False,0.3214322194958242,HIGH,1,0001500435,"GoPro, Inc.",-0.007370208589018487,20,True,-0.06390108126379312,-0.009135559923575403,2053,0.0,3576,Computer Communications Equipment,Small-scale revenue proxy,FY2019 revenue proxy; historical market cap not constructed,False,NTGR
0001759631,,,,,237148974.0,,,NO_BNPL_EVIDENCE,"Search completed; no clear BNPL exposure signal detected in result text. Top links: https://r.bing.com/rs/4f/gg/cc,nc/-G_YKFrphkyl83D0HTgpMefXo7c.css?or=w; https://r.bing.com/rs/4f/gM/cc,nc/rWljTRKHPYQiu_szhv9ApXQ-KpI.css?or=w; https://r.bing.com/rs/4f/fd/cir3,cc,nc/WTKNvHzqziTEsCD58MJtjs7bzWc.css?or=w",Automotive,CTRL_CAND_0259,excluded_insufficient_pre_financials,SEC company_tickers_exchange.json + SEC submissions SIC,https://www.sec.gov/files/company_tickers_exchange.json; https://data.sec.gov/submissions/CIK##########.json,0.003863503959329801,MEDIUM,Hyliion Holdings Corp.,cache,Automotive,0.021083827248605344,NYSE,False,,,0.03578427878840412,True,19.284199083902795,,True,,,,,,,0,False,,,2054,,3713,Truck & Bus Bodies,Unclassified,FY2019 revenue proxy; historical market cap not constructed,False,HYLN
0001704720,0.1847208270053581,0.03521925269011485,-0.11338898762928579,-0.07982372894859553,2092200000.0,,1070000000.0,NO_BNPL_EVIDENCE,"Search completed; no clear BNPL exposure signal detected in result text. Top links: https://r.bing.com/rs/4f/gg/cc,nc/-G_YKFrphkyl83D0HTgpMefXo7c.css?or=w; https://r.bing.com/rs/4f/h6/cc,nc/U6HOq0RcF4_oC2_ItiNCBhNzO24.css?or=w; https://r.bing.com/rs/4f/fd/cir3,cc,nc/WTKNvHzqziTEsCD58MJtjs7bzWc.css?or=w",Entertainment,CTRL_CAND_0260,eligible_not_selected,SEC company_tickers_exchange.json + SEC submissions SIC,https://www.sec.gov/files/company_tickers_exchange.json; https://data.sec.gov/submissions/CIK##########.json,0.2550903355319759,LOW,"Cannae Holdings, Inc.",cache,Gaming & Entertainment,0.7114520600325017,NYSE,False,,0.00779084217570022,0.2688079533505401,False,21.461481980873934,20.790924485420227,True,,,,,,-0.008418774325382976,9,False,-0.11232785797245726,-0.017996444045172165,2063,0.0,5810,Retail-Eating & Drinking Places,Small-scale revenue proxy,FY2019 revenue proxy; historical market cap not constructed,False,CNNE
0001788257,,,,,1789726000.0,,,NO_BNPL_EVIDENCE,"Search completed; no clear BNPL exposure signal detected in result text. Top links: https://r.bing.com/rs/4f/gg/cc,nc/-G_YKFrphkyl83D0HTgpMefXo7c.css?or=w; https://r.bing.com/rs/4f/gM/cc,nc/rWljTRKHPYQiu_szhv9ApXQ-KpI.css?or=w; https://r.bing.com/rs/4f/fG/cir3,cc,nc/5gFAL7Id0yWkqqPO1crOKHL1NzM.css?or=w",Apparel & Personal Care,CTRL_CAND_0261,excluded_insufficient_pre_financials,SEC company_tickers_exchange.json + SEC submissions SIC,https://www.sec.gov/files/company_tickers_exchange.json; https://data.sec.gov/submissions/CIK##########.json,0.11940207607197974,LOW,"BETTERWARE DE MEXICO, S.A.P.I. DE C.V",cache,Clothing & Accessories,0.15336537548205703,NYSE,False,,0.19307648209837708,0.846634624517943,True,21.305328372456568,,True,,,,,,,0,False,,,2066,,5961,Retail-Catalog & Mail-Order Houses,Unclassified,FY2019 revenue proxy; historical market cap not constructed,False,BWMX
0000075288,0.571905631357785,0.05578728141326533,0.07975126455338613,0.024598748390240833,1033369000.0,,1122790000.0,NO_BNPL_EVIDENCE,"Search completed; no clear BNPL exposure signal detected in result text. Top links: https://r.bing.com/rs/4f/gg/cc,nc/-G_YKFrphkyl83D0HTgpMefXo7c.css?or=w; https://r.bing.com/rs/4f/gM/cc,nc/rWljTRKHPYQiu_szhv9ApXQ-KpI.css?or=w; https://r.bing.com/rs/4f/f3/cir3,cc,nc/XKkf7PevzOVtzidRm3f9xWob0cM.css?or=w",Apparel & Personal Care,CTRL_CAND_0262,preferred_control,SEC company_tickers_exchange.json + SEC submissions SIC,https://www.sec.gov/files/company_tickers_exchange.json; https://data.sec.gov/submissions/CIK##########.json,0.05076598969003328,MEDIUM,OXFORD INDUSTRIES INC,cache,Clothing & Accessories,0.5115287956189899,NYSE,True,-0.0005348899694876601,0.14731330241181997,,False,20.756090175302766,20.839082496106677,False,0.444811830396054,HIGH,1,0000910521,DECKERS OUTDOOR CORP,-0.0018980850054613598,19,True,0.03743572910691917,0.009105060783907321,2113,0.5514439907808981,2320,"Men's & Boys' Furnishgs, Work Clothg, & Allied Garments",Small-scale revenue proxy,FY2019 revenue proxy; historical market cap not constructed,False,OXM
0000896156,0.5477973530763782,0.04151186773368268,0.059608187354913286,-0.05249653084826572,510351000.0,,746684000.0,NO_BNPL_EVIDENCE,"Search completed; no clear BNPL exposure signal detected in result text. Top links: https://r.bing.com/rs/4f/gg/cc,nc/-G_YKFrphkyl83D0HTgpMefXo7c.css?or=w; https://r.bing.com/rs/4f/gM/cc,nc/rWljTRKHPYQiu_szhv9ApXQ-KpI.css?or=w; https://r.bing.com/rs/4f/fn/cir3,cc,nc/qYkYtW4ptUTHO5TVR_F3o3iRdIs.css?or=w",Home & Appliances,CTRL_CAND_0263,preferred_control,SEC company_tickers_exchange.json + SEC submissions SIC,https://www.sec.gov/files/company_tickers_exchange.json; https://data.sec.gov/submissions/CIK##########.json,0.04080329028452967,MEDIUM,ETHAN ALLEN INTERIORS INC,cache,Home & Appliances,0.7129720525677425,NYSE,True,-0.00035898968397453244,0.31819081377326586,0.2869045029793221,False,20.05060928225146,20.431152628161517,True,1.0286902326564387,LOW,1,0001579157,VINCE HOLDING CORP.,-0.004346338365335389,17,True,-0.020355232903410236,-0.0018328402694091958,2116,0.524332161267164,2511,"Wood Household Furniture, (No Upholstered)",Small-scale revenue proxy,FY2019 revenue proxy; historical market cap not constructed,False,ETD
0000701719,0.18506320996661427,0.023853895581435292,0.02731519704339094,0.22448345824943852,27003394.0,,82024497.0,NO_BNPL_EVIDENCE,"Search completed; no clear BNPL exposure signal detected in result text. Top links: https://r.bing.com/rs/4f/gg/cc,nc/-G_YKFrphkyl83D0HTgpMefXo7c.css?or=w; https://r.bing.com/rs/4f/h6/cc,nc/U6HOq0RcF4_oC2_ItiNCBhNzO24.css?or=w; https://r.bing.com/rs/4f/fG/cir3,cc,nc/5gFAL7Id0yWkqqPO1crOKHL1NzM.css?or=w",Apparel & Personal Care,CTRL_CAND_0264,preferred_control,SEC company_tickers_exchange.json + SEC submissions SIC,https://www.sec.gov/files/company_tickers_exchange.json; https://data.sec.gov/submissions/CIK##########.json,0.16704048387399006,HIGH,Envela Corp,cache,Clothing & Accessories,0.4145469269529601,NYSE,True,0.002202803679191328,0.35215773246874077,0.58545307304704,False,17.11147311977226,18.222528504515893,False,0.8860347121788282,HIGH,1,0001130713,"BED BATH & BEYOND, INC.",0.00575703399071034,19,True,0.07720894231606978,0.01973353986990101,2118,0.1636011132644271,5944,Retail-Jewelry Stores,Micro-scale revenue proxy,FY2019 revenue proxy; historical market cap not constructed,True,ELA
0001772177,,,,,,,,NO_BNPL_EVIDENCE,"Search completed; no clear BNPL exposure signal detected in result text. Top links: https://r.bing.com/rs/4f/gg/cc,nc/-G_YKFrphkyl83D0HTgpMefXo7c.css?or=w; https://r.bing.com/rs/4f/h6/cc,nc/U6HOq0RcF4_oC2_ItiNCBhNzO24.css?or=w; https://r.bing.com/rs/4f/fG/cir3,cc,nc/5gFAL7Id0yWkqqPO1crOKHL1NzM.css?or=w",Entertainment,CTRL_CAND_0265,excluded_insufficient_pre_financials,SEC company_tickers_exchange.json + SEC submissions SIC,https://www.sec.gov/files/company_tickers_exchange.json; https://data.sec.gov/submissions/CIK##########.json,,LOW,"KURA SUSHI USA, INC.",cache,Gaming & Entertainment,,Nasdaq,False,,,,,,,True,,,,,,,,False,,,2121,,5812,Retail-Eating Places,,,False,KRUS
0001854545,,,,,,,,NO_BNPL_EVIDENCE,"Search completed; no clear BNPL exposure signal detected in result text. Top links: https://r.bing.com/rs/4f/gg/cc,nc/-G_YKFrphkyl83D0HTgpMefXo7c.css?or=w; https://r.bing.com/rs/4f/h6/cc,nc/U6HOq0RcF4_oC2_ItiNCBhNzO24.css?or=w; https://r.bing.com/rs/4f/fG/cir3,cc,nc/5gFAL7Id0yWkqqPO1crOKHL1NzM.css?or=w",Apparel & Personal Care,CTRL_CAND_0266,excluded_insufficient_pre_financials,SEC company_tickers_exchange.json + SEC submissions SIC,https://www.sec.gov/files/company_tickers_exchange.json; https://data.sec.gov/submissions/CIK##########.json,,LOW,Dingdong (Cayman) Ltd,cache,Clothing & Accessories,,NYSE,False,,,,,,,True,,,,,,,,False,,,2123,,5961,Retail-Catalog & Mail-Order Houses,,,False,DDL
0001318484,,,0.025296407533752122,0.050881768103069214,459145000.0,,781925000.0,NO_BNPL_EVIDENCE,"Search completed; no clear BNPL exposure signal detected in result text. Top links: https://r.bing.com/rs/4f/gg/cc,nc/-G_YKFrphkyl83D0HTgpMefXo7c.css?or=w; https://r.bing.com/rs/4f/h6/cc,nc/U6HOq0RcF4_oC2_ItiNCBhNzO24.css?or=w; https://r.bing.com/rs/4f/fn/cir3,cc,nc/qYkYtW4ptUTHO5TVR_F3o3iRdIs.css?or=w",Apparel & Personal Care,CTRL_CAND_0267,preferred_control,SEC company_tickers_exchange.json + SEC submissions SIC,https://www.sec.gov/files/company_tickers_exchange.json; https://data.sec.gov/submissions/CIK##########.json,,HIGH,Citi Trends Inc,cache,Clothing & Accessories,0.37252719729061623,Nasdaq,True,,0.3011205610428078,0.6274728027093838,False,19.944876622277047,20.47726938598174,False,0.2237523649945212,HIGH,1,0000799288,"LANDS' END, INC.",-0.0008384076825380648,19,True,0.034094979406768644,0.008945959920727985,2126,0.3583980706329572,5600,Retail-Apparel & Accessory Stores,Small-scale revenue proxy,FY2019 revenue proxy; historical market cap not constructed,True,CTRN
0001341170,,-0.11555446595580683,-0.01800737275530848,,126861692.0,,,NO_BNPL_EVIDENCE,"Search completed; no clear BNPL exposure signal detected in result text. Top links: https://r.bing.com/rs/4f/gg/cc,nc/-G_YKFrphkyl83D0HTgpMefXo7c.css?or=w; https://r.bing.com/rs/4f/gM/cc,nc/rWljTRKHPYQiu_szhv9ApXQ-KpI.css?or=w; https://r.bing.com/rs/4f/f3/cir3,cc,nc/XKkf7PevzOVtzidRm3f9xWob0cM.css?or=w",Entertainment,CTRL_CAND_0268,excluded_insufficient_pre_financials,SEC company_tickers_exchange.json + SEC submissions SIC,https://www.sec.gov/files/company_tickers_exchange.json; https://data.sec.gov/submissions/CIK##########.json,0.007767656133736573,LOW,EUROSEAS LTD.,cache,Gaming & Entertainment,0.16122834779785217,Nasdaq,False,,0.014891524543122127,0.778433681934496,True,18.658608011618522,,True,,,,,,,4,False,,,2127,0.0,4412,Deep Sea Foreign Transportation of Freight,Unclassified,FY2019 revenue proxy; historical market cap not constructed,False,ESEA
0001473334,0.27419106782605995,0.27730504513086074,0.20937854873760123,-0.11602592815041675,71555593.0,,21983279.0,NO_BNPL_EVIDENCE,"Search completed; no clear BNPL exposure signal detected in result text. Top links: https://r.bing.com/rs/4f/gg/cc,nc/-G_YKFrphkyl83D0HTgpMefXo7c.css?or=w; https://r.bing.com/rs/4f/h6/cc,nc/U6HOq0RcF4_oC2_ItiNCBhNzO24.css?or=w; https://r.bing.com/rs/4f/fG/cir3,cc,nc/5gFAL7Id0yWkqqPO1crOKHL1NzM.css?or=w",Home & Appliances,CTRL_CAND_0269,preferred_control,SEC company_tickers_exchange.json + SEC submissions SIC,https://www.sec.gov/files/company_tickers_exchange.json; https://data.sec.gov/submissions/CIK##########.json,0.10374029043404057,MEDIUM,XMax Inc.,cache,Home & Appliances,0.9230102530210322,Nasdaq,True,0.016973641644811036,0.415406591627296,0.07698974697896781,False,18.085985230024196,16.905792676887064,False,1.2685285337335803,MEDIUM,1,0001687229,Invitation Homes Inc.,0.03410880898915149,20,True,-0.32958175349164953,-0.05368085770872744,2133,0.0,2510,Household Furniture,Micro-scale revenue proxy,FY2019 revenue proxy; historical market cap not constructed,False,XMAX
0001962746,,,,,,,,NO_BNPL_EVIDENCE,"Search completed; no clear BNPL exposure signal detected in result text. Top links: https://r.bing.com/rs/4f/gg/cc,nc/-G_YKFrphkyl83D0HTgpMefXo7c.css?or=w; https://r.bing.com/rs/4f/h6/cc,nc/U6HOq0RcF4_oC2_ItiNCBhNzO24.css?or=w; https://r.bing.com/rs/4f/fn/cir3,cc,nc/qYkYtW4ptUTHO5TVR_F3o3iRdIs.css?or=w",Automotive,CTRL_CAND_0270,excluded_insufficient_pre_financials,SEC company_tickers_exchange.json + SEC submissions SIC,https://www.sec.gov/files/company_tickers_exchange.json; https://data.sec.gov/submissions/CIK##########.json,,MEDIUM,Lotus Technology Inc.,cache,Automotive,,Nasdaq,False,,,,,,,True,,,,,,,,False,,,2137,,3711,Motor Vehicles & Passenger Car Bodies,,,False,LOT
0001874315,,,,,,,,NO_BNPL_EVIDENCE,"Search completed; no clear BNPL exposure signal detected in result text. Top links: https://r.bing.com/rs/4f/gg/cc,nc/-G_YKFrphkyl83D0HTgpMefXo7c.css?or=w; https://r.bing.com/rs/4f/gM/cc,nc/rWljTRKHPYQiu_szhv9ApXQ-KpI.css?or=w; https://r.bing.com/rs/4f/eJ/cir3,cc,nc/-ooVmxB9OlPzBcewmec-cfwYTQs.css?or=w",Electronics & Technology,CTRL_CAND_0271,excluded_insufficient_pre_financials,SEC company_tickers_exchange.json + SEC submissions SIC,https://www.sec.gov/files/company_tickers_exchange.json; https://data.sec.gov/submissions/CIK##########.json,,LOW,Satellogic Inc.,cache,Phones & Smartwatches,,Nasdaq,False,,,,,,,True,,,,,,,,False,,,2150,,3663,Radio & Tv Broadcasting & Communications Equipment,,,False,SATL
0001774170,0.4519071310116086,-0.12431888178156834,-0.12591802890310352,,223033000.0,,,NO_BNPL_EVIDENCE,"Search completed; no clear BNPL exposure signal detected in result text. Top links: https://r.bing.com/rs/4f/gg/cc,nc/-G_YKFrphkyl83D0HTgpMefXo7c.css?or=w; https://r.bing.com/rs/4f/gM/cc,nc/rWljTRKHPYQiu_szhv9ApXQ-KpI.css?or=w; https://r.bing.com/rs/4f/fG/cir3,cc,nc/5gFAL7Id0yWkqqPO1crOKHL1NzM.css?or=w",Electronics & Technology,CTRL_CAND_0272,excluded_insufficient_pre_financials,SEC company_tickers_exchange.json + SEC submissions SIC,https://www.sec.gov/files/company_tickers_exchange.json; https://data.sec.gov/submissions/CIK##########.json,0.0735093013141553,LOW,"Powerfleet, Inc.",cache,Phones & Smartwatches,0.37747777234758984,Nasdaq,False,,0.07344653033407612,0.4100738455744217,True,19.22283030053891,,True,,,,,,,1,False,,,2158,0.3743781094527363,3669,"Communications Equipment, NEC",Unclassified,FY2019 revenue proxy; historical market cap not constructed,False,AIOT
0001320461,,,,,2635582000.0,,0.0,NO_BNPL_EVIDENCE,"Search completed; no clear BNPL exposure signal detected in result text. Top links: https://r.bing.com/rs/4f/gg/cc,nc/-G_YKFrphkyl83D0HTgpMefXo7c.css?or=w; https://r.bing.com/rs/4f/gS/cc,nc/_huiPba-9XiYDf9Vd8j9EoLtXL4.css?or=w; https://r.bing.com/rs/4f/fG/cir3,cc,nc/5gFAL7Id0yWkqqPO1crOKHL1NzM.css?or=w",Automotive,CTRL_CAND_0273,eligible_not_selected,SEC company_tickers_exchange.json + SEC submissions SIC,https://www.sec.gov/files/company_tickers_exchange.json; https://data.sec.gov/submissions/CIK##########.json,0.13641616918009,MEDIUM,Cooper-Standard Holdings Inc.,cache,Automotive,0.32485234760292037,NYSE,True,,0.054424032338967254,0.6676324242615104,False,21.692369867416193,,True,,,,,,,20,False,,,2168,,3714,Motor Vehicle Parts & Accessories,Micro-scale revenue proxy,FY2019 revenue proxy; historical market cap not constructed,False,CPS
0001606366,,0.025297572556681868,0.02792337175797466,0.057175765081668585,624752000.0,,,NO_BNPL_EVIDENCE,"Search completed; no clear BNPL exposure signal detected in result text. Top links: https://r.bing.com/rs/4f/gg/cc,nc/-G_YKFrphkyl83D0HTgpMefXo7c.css?or=w; https://r.bing.com/rs/4f/gM/cc,nc/rWljTRKHPYQiu_szhv9ApXQ-KpI.css?or=w; https://r.bing.com/rs/4f/fG/cir3,cc,nc/5gFAL7Id0yWkqqPO1crOKHL1NzM.css?or=w",Entertainment,CTRL_CAND_0274,excluded_insufficient_pre_financials,SEC company_tickers_exchange.json + SEC submissions SIC,https://www.sec.gov/files/company_tickers_exchange.json; https://data.sec.gov/submissions/CIK##########.json,0.012917125515404512,LOW,"El Pollo Loco Holdings, Inc.",cache,Gaming & Entertainment,0.39306156682971805,Nasdaq,False,,0.0032156759802289547,0.606938433170282,False,20.252865328954723,,True,,,,,,-0.0134410192488793,14,False,0.06365899423230958,0.015180716501650943,2185,0.0,5812,Retail-Eating Places,Unclassified,FY2019 revenue proxy; historical market cap not constructed,False,LOCO
0001606909,,0.03663972800467676,0.06305915663257643,0.25790272606351905,479902831.0,,412197819.0,NO_BNPL_EVIDENCE,"Search completed; no clear BNPL exposure signal detected in result text. Top links: https://r.bing.com/rs/4f/gg/cc,nc/-G_YKFrphkyl83D0HTgpMefXo7c.css?or=w; https://r.bing.com/rs/4f/gS/cc,nc/_huiPba-9XiYDf9Vd8j9EoLtXL4.css?or=w; https://r.bing.com/rs/4f/fG/cir3,cc,nc/5gFAL7Id0yWkqqPO1crOKHL1NzM.css?or=w",Entertainment,CTRL_CAND_0275,preferred_control,SEC company_tickers_exchange.json + SEC submissions SIC,https://www.sec.gov/files/company_tickers_exchange.json; https://data.sec.gov/submissions/CIK##########.json,0.10534443169392348,LOW,Pangaea Logistics Solutions Ltd.,cache,Gaming & Entertainment,0.354750905814098,Nasdaq,True,,0.04376096293543223,,False,19.98909420595673,19.83701393528582,True,0.9670984782083947,LOW,1,0001524025,"TILLY'S, INC.",0.0004806222130652003,19,True,0.09440975255023543,0.03210590809390343,2192,0.0,4412,Deep Sea Foreign Transportation of Freight,Small-scale revenue proxy,FY2019 revenue proxy; historical market cap not constructed,False,PANL
0000788329,0.433185607736632,0.07444212257805745,0.10062939867456756,0.1435087003457077,436444000.0,,,NO_BNPL_EVIDENCE,"Search completed; no clear BNPL exposure signal detected in result text. Top links: https://r.bing.com/rs/4f/gg/cc,nc/-G_YKFrphkyl83D0HTgpMefXo7c.css?or=w; https://r.bing.com/rs/4f/h6/cc,nc/U6HOq0RcF4_oC2_ItiNCBhNzO24.css?or=w; https://r.bing.com/rs/4f/fG/cir3,cc,nc/5gFAL7Id0yWkqqPO1crOKHL1NzM.css?or=w",Kids & Toys,CTRL_CAND_0276,excluded_insufficient_pre_financials,SEC company_tickers_exchange.json + SEC submissions SIC,https://www.sec.gov/files/company_tickers_exchange.json; https://data.sec.gov/submissions/CIK##########.json,0.3949693431459706,MEDIUM,JOHNSON OUTDOORS INC,cache,Toys & Hobbies,0.7435868060965439,Nasdaq,False,0.00438081129623767,0.21605979232158076,0.2564131939034561,False,19.894170631771953,,True,,,,,,0.009853480505468755,15,False,0.017237049004798388,0.030095666203212072,2195,0.0,3949,"Sporting & Athletic Goods, NEC",Unclassified,FY2019 revenue proxy; historical market cap not constructed,False,JOUT
0001937987,,,,,,,,NO_BNPL_EVIDENCE,"Search completed; no clear BNPL exposure signal detected in result text. Top links: https://r.bing.com/rs/4f/gg/cc,nc/-G_YKFrphkyl83D0HTgpMefXo7c.css?or=w; https://r.bing.com/rs/4f/gS/cc,nc/_huiPba-9XiYDf9Vd8j9EoLtXL4.css?or=w; https://r.bing.com/rs/4f/f3/cir3,cc,nc/XKkf7PevzOVtzidRm3f9xWob0cM.css?or=w",Entertainment,CTRL_CAND_0277,excluded_insufficient_pre_financials,SEC company_tickers_exchange.json + SEC submissions SIC,https://www.sec.gov/files/company_tickers_exchange.json; https://data.sec.gov/submissions/CIK##########.json,,MEDIUM,"Falcon's Beyond Global, Inc.",cache,Gaming & Entertainment,,Nasdaq,False,,,,,,,True,,,,,,,,False,,,2202,,7990,Services-Miscellaneous Amusement & Recreation,,,False,FBYD
0001932737,,,,,,,,NO_BNPL_EVIDENCE,"Search completed; no clear BNPL exposure signal detected in result text. Top links: https://r.bing.com/rs/4f/gg/cc,nc/-G_YKFrphkyl83D0HTgpMefXo7c.css?or=w; https://r.bing.com/rs/4f/gM/cc,nc/rWljTRKHPYQiu_szhv9ApXQ-KpI.css?or=w; https://r.bing.com/rs/4f/fG/cir3,cc,nc/5gFAL7Id0yWkqqPO1crOKHL1NzM.css?or=w",Automotive,CTRL_CAND_0278,excluded_insufficient_pre_financials,SEC company_tickers_exchange.json + SEC submissions SIC,https://www.sec.gov/files/company_tickers_exchange.json; https://data.sec.gov/submissions/CIK##########.json,,MEDIUM,ROBO.AI INC.,cache,Automotive,,Nasdaq,False,,,,,,,True,,,,,,,,False,,,2214,,3711,Motor Vehicles & Passenger Car Bodies,,,False,AIIO
0001862044,,,,,,,,NO_BNPL_EVIDENCE,"Search completed; no clear BNPL exposure signal detected in result text. Top links: https://r.bing.com/rs/4f/gg/cc,nc/-G_YKFrphkyl83D0HTgpMefXo7c.css?or=w; https://r.bing.com/rs/4f/gM/cc,nc/rWljTRKHPYQiu_szhv9ApXQ-KpI.css?or=w; https://r.bing.com/rs/4f/fG/cir3,cc,nc/5gFAL7Id0yWkqqPO1crOKHL1NzM.css?or=w",Home & Appliances,CTRL_CAND_0279,excluded_insufficient_pre_financials,SEC company_tickers_exchange.json + SEC submissions SIC,https://www.sec.gov/files/company_tickers_exchange.json; https://data.sec.gov/submissions/CIK##########.json,,HIGH,ZKH Group Ltd,cache,Home Improvement,,NYSE,False,,,,,,,True,,,,,,,,False,,,2217,,5200,"Retail-Building Materials, Hardware, Garden Supply",,,False,ZKH
0002033535,,,,,,,,NO_BNPL_EVIDENCE,"Search completed; no clear BNPL exposure signal detected in result text. Top links: https://r.bing.com/rs/4f/gg/cc,nc/-G_YKFrphkyl83D0HTgpMefXo7c.css?or=w; https://r.bing.com/rs/4f/h6/cc,nc/U6HOq0RcF4_oC2_ItiNCBhNzO24.css?or=w; https://r.bing.com/rs/4f/eT/cir3,cc,nc/ZNlEaxLrmuWEflDP-KwkyUROBrA.css?or=w",Entertainment,CTRL_CAND_0280,excluded_insufficient_pre_financials,SEC company_tickers_exchange.json + SEC submissions SIC,https://www.sec.gov/files/company_tickers_exchange.json; https://data.sec.gov/submissions/CIK##########.json,,LOW,Costamare Bulkers Holdings Ltd,cache,Gaming & Entertainment,,NYSE,False,,,,,,,True,,,,,,,,False,,,2219,,4400,Water Transportation,,,False,CMDB
0000049754,0.4972961451953811,-0.14051122504013328,,0.12791997659143983,2049511000.0,,910178000.0,NO_BNPL_EVIDENCE,"Search completed; no clear BNPL exposure signal detected in result text. Top links: https://r.bing.com/rs/4f/gg/cc,nc/-G_YKFrphkyl83D0HTgpMefXo7c.css?or=w; https://r.bing.com/rs/4f/gM/cc,nc/rWljTRKHPYQiu_szhv9ApXQ-KpI.css?or=w; https://r.bing.com/rs/4f/fG/cir3,cc,nc/5gFAL7Id0yWkqqPO1crOKHL1NzM.css?or=w",Entertainment,CTRL_CAND_0281,eligible_not_selected,SEC company_tickers_exchange.json + SEC submissions SIC,https://www.sec.gov/files/company_tickers_exchange.json; https://data.sec.gov/submissions/CIK##########.json,0.056619847368469846,LOW,"Dine Brands Global, Inc.",cache,Gaming & Entertainment,-0.11796667595343474,NYSE,False,-0.010973040380368452,,1.1179666759534348,False,21.440867065056985,20.629150742742727,True,,,,,,,19,False,0.07517427168149982,0.01583492278062854,2231,0.0,5812,Retail-Eating Places,Small-scale revenue proxy,FY2019 revenue proxy; historical market cap not constructed,False,DIN
0000912728,0.5472430911378074,0.0641661416436033,0.0907328054753389,0.1292087637830162,990878000.0,,1410395000.0,NO_BNPL_EVIDENCE,"Search completed; no clear BNPL exposure signal detected in result text. Top links: https://r.bing.com/rs/4f/gg/cc,nc/-G_YKFrphkyl83D0HTgpMefXo7c.css?or=w; https://r.bing.com/rs/4f/h6/cc,nc/U6HOq0RcF4_oC2_ItiNCBhNzO24.css?or=w; https://r.bing.com/rs/4f/ez/cir3,cc,nc/ITQ79_h8jq-eoIeRkdWbxDW7IbQ.css?or=w",Sports & Leisure,CTRL_CAND_0282,preferred_control,SEC company_tickers_exchange.json + SEC submissions SIC,https://www.sec.gov/files/company_tickers_exchange.json; https://data.sec.gov/submissions/CIK##########.json,0.06534507779968876,MEDIUM,FORWARD AIR CORP,cache,Sports & Outdoor,0.5824955241714923,Nasdaq,True,,0.0021516271427965907,,False,20.714101976744107,21.06713564394806,True,0.9220630952756546,LOW,1,0001670592,"YETI Holdings, Inc.",0.0021840277720779023,16,True,0.19026024691498766,0.036983553380950544,2232,0.0,4731,Arrangement of Transportation of Freight & Cargo,Small-scale revenue proxy,FY2019 revenue proxy; historical market cap not constructed,False,FWRD
0000929351,,0.025931904858230805,0.030181522131270552,0.24921419166790343,8408900000.0,,2766900000.0,NO_BNPL_EVIDENCE,"Search completed; no clear BNPL exposure signal detected in result text. Top links: https://r.bing.com/rs/4f/gg/cc,nc/-G_YKFrphkyl83D0HTgpMefXo7c.css?or=w; https://r.bing.com/rs/4f/h6/cc,nc/U6HOq0RcF4_oC2_ItiNCBhNzO24.css?or=w; https://r.bing.com/rs/4f/fG/cir3,cc,nc/5gFAL7Id0yWkqqPO1crOKHL1NzM.css?or=w",Entertainment,CTRL_CAND_0283,eligible_not_selected,SEC company_tickers_exchange.json + SEC submissions SIC,https://www.sec.gov/files/company_tickers_exchange.json; https://data.sec.gov/submissions/CIK##########.json,0.021917254337666045,MEDIUM,STARZ ENTERTAINMENT CORP /CN/,cache,Gaming & Entertainment,0.3470965286779484,Nasdaq,False,,,0.6937649395283568,False,22.85255650570601,21.740993396874057,False,,,,,,0.005075534453446688,16,False,0.0563332478030758,0.05031508891284978,2240,0.0,7812,Services-Motion Picture & Video Tape Production,Mid-scale revenue proxy,FY2019 revenue proxy; historical market cap not constructed,False,STRZ
0000014707,13.308222654074427,0.6346445728298704,1.019171406193188,4.959312546447185,2431707000.0,,,NO_BNPL_EVIDENCE,"Search completed; no clear BNPL exposure signal detected in result text. Top links: https://r.bing.com/rs/4f/gg/cc,nc/-G_YKFrphkyl83D0HTgpMefXo7c.css?or=w; https://r.bing.com/rs/4f/h6/cc,nc/U6HOq0RcF4_oC2_ItiNCBhNzO24.css?or=w; https://r.bing.com/rs/4f/fG/cir3,cc,nc/5gFAL7Id0yWkqqPO1crOKHL1NzM.css?or=w",Apparel & Personal Care,CTRL_CAND_0284,excluded_insufficient_pre_financials,SEC company_tickers_exchange.json + SEC submissions SIC,https://www.sec.gov/files/company_tickers_exchange.json; https://data.sec.gov/submissions/CIK##########.json,0.018595167921135237,MEDIUM,CALERES INC,cache,Clothing & Accessories,0.2656364438643307,NYSE,False,-0.046982706307194956,0.25430942132419737,,False,21.611859316818713,,True,,,,,,-0.10078193833984193,17,False,-0.051417659778161595,0.06107723687087125,2252,3.690784084225316,3140,"Footwear, (No Rubber)",Unclassified,FY2019 revenue proxy; historical market cap not constructed,False,CAL
0000018498,0.4950750746833312,-0.04240770906798919,-0.03635152093081964,-0.0029443785527255573,1430713000.0,,,NO_BNPL_EVIDENCE,"Search completed; no clear BNPL exposure signal detected in result text. Top links: https://r.bing.com/rs/4f/gg/cc,nc/-G_YKFrphkyl83D0HTgpMefXo7c.css?or=w; https://r.bing.com/rs/4f/gM/cc,nc/rWljTRKHPYQiu_szhv9ApXQ-KpI.css?or=w; https://r.bing.com/rs/4f/fd/cir3,cc,nc/WTKNvHzqziTEsCD58MJtjs7bzWc.css?or=w",Apparel & Personal Care,CTRL_CAND_0285,excluded_insufficient_pre_financials,SEC company_tickers_exchange.json + SEC submissions SIC,https://www.sec.gov/files/company_tickers_exchange.json; https://data.sec.gov/submissions/CIK##########.json,0.03734012342097961,HIGH,GENESCO INC,cache,Clothing & Accessories,0.5867445113031056,NYSE,False,0.00042475608796684646,0.4656181917687195,0.41164929653955756,False,21.081438758356455,,True,,,,,,-0.007801331597110925,9,False,,-0.0007447228612750307,2263,0.4765666077608052,5661,Retail-Shoe Stores,Unclassified,FY2019 revenue proxy; historical market cap not constructed,False,GCO
0000709283,0.41866017088920937,-0.05519405883429569,0.002622199875936126,0.06100023389603065,172871000.0,,402680000.0,NO_BNPL_EVIDENCE,"Search completed; no clear BNPL exposure signal detected in result text. Top links: https://r.bing.com/rs/4f/gg/cc,nc/-G_YKFrphkyl83D0HTgpMefXo7c.css?or=w; https://r.bing.com/rs/4f/h6/cc,nc/U6HOq0RcF4_oC2_ItiNCBhNzO24.css?or=w; https://r.bing.com/rs/4f/fn/cir3,cc,nc/qYkYtW4ptUTHO5TVR_F3o3iRdIs.css?or=w",Electronics & Technology,CTRL_CAND_0286,eligible_not_selected,SEC company_tickers_exchange.json + SEC submissions SIC,https://www.sec.gov/files/company_tickers_exchange.json; https://data.sec.gov/submissions/CIK##########.json,0.06241648396781415,MEDIUM,QUANTUM CORP /DE/,cache,Computers & Tablets,-1.1556594223438286,Nasdaq,True,-0.000925230691893444,,2.155659422343829,False,18.968056209575938,19.813652759825498,False,,,,,,0.007114041625118659,13,False,-0.05420471854219411,-0.019449858291201903,2268,0.0,3572,Computer Storage Devices,Small-scale revenue proxy,FY2019 revenue proxy; historical market cap not constructed,False,QMCO
0000796505,0.39941025722953244,0.04872740433929345,0.0583340514339048,0.03049695013899435,81888563.0,,85034182.0,NO_BNPL_EVIDENCE,"Search completed; no clear BNPL exposure signal detected in result text. Top links: https://r.bing.com/rs/4f/gg/cc,nc/-G_YKFrphkyl83D0HTgpMefXo7c.css?or=w; https://r.bing.com/rs/4f/h6/cc,nc/U6HOq0RcF4_oC2_ItiNCBhNzO24.css?or=w; https://r.bing.com/rs/4f/fG/cir3,cc,nc/5gFAL7Id0yWkqqPO1crOKHL1NzM.css?or=w",Electronics & Technology,CTRL_CAND_0287,eligible_not_selected,SEC company_tickers_exchange.json + SEC submissions SIC,https://www.sec.gov/files/company_tickers_exchange.json; https://data.sec.gov/submissions/CIK##########.json,0.12311512903212138,LOW,"Clearfield, Inc.",cache,Phones & Smartwatches,0.9150653553415024,Nasdaq,True,-0.0022633335020523747,0.11006396583122359,0.08493464465849768,False,18.220869893162256,18.25856387479397,True,,,,,,-0.004808835962902989,18,False,0.1639001133057476,0.019221426542912052,2272,0.36598447787933674,3661,Telephone & Telegraph Apparatus,Micro-scale revenue proxy,FY2019 revenue proxy; historical market cap not constructed,False,CLFD
0001866782,,,,,,,,NO_BNPL_EVIDENCE,"Search completed; no clear BNPL exposure signal detected in result text. Top links: https://r.bing.com/rs/4f/gg/cc,nc/-G_YKFrphkyl83D0HTgpMefXo7c.css?or=w; https://r.bing.com/rs/4f/gM/cc,nc/rWljTRKHPYQiu_szhv9ApXQ-KpI.css?or=w; https://r.bing.com/rs/4f/fG/cir3,cc,nc/5gFAL7Id0yWkqqPO1crOKHL1NzM.css?or=w",Entertainment,CTRL_CAND_0288,excluded_insufficient_pre_financials,SEC company_tickers_exchange.json + SEC submissions SIC,https://www.sec.gov/files/company_tickers_exchange.json; https://data.sec.gov/submissions/CIK##########.json,,MEDIUM,"Codere Online Luxembourg, S.A.",cache,Gaming & Entertainment,,Nasdaq,False,,,,,,,True,,,,,,,,False,,,2273,,7990,Services-Miscellaneous Amusement & Recreation,,,False,CDRO
0000895447,0.29733856229034744,0.03306917397972678,0.04701992869979816,0.00980323461613375,647712000.0,,796676000.0,NO_BNPL_EVIDENCE,"Search completed; no clear BNPL exposure signal detected in result text. Top links: https://r.bing.com/rs/4f/gg/cc,nc/-G_YKFrphkyl83D0HTgpMefXo7c.css?or=w; https://r.bing.com/rs/4f/h6/cc,nc/U6HOq0RcF4_oC2_ItiNCBhNzO24.css?or=w; https://r.bing.com/rs/4f/ez/cir3,cc,nc/ITQ79_h8jq-eoIeRkdWbxDW7IbQ.css?or=w",Apparel & Personal Care,CTRL_CAND_0289,preferred_control,SEC company_tickers_exchange.json + SEC submissions SIC,https://www.sec.gov/files/company_tickers_exchange.json; https://data.sec.gov/submissions/CIK##########.json,0.05204010424386147,HIGH,SHOE STATION GROUP INC,cache,Clothing & Accessories,0.46432365001729164,Nasdaq,True,0.0005982524783828827,0.46008411145694383,0.5356763499827084,False,20.2889567110774,20.495958629634266,False,0.22574036679656884,HIGH,1,0000018255,CATO CORP,0.00023499626976194733,18,True,-0.05141732184075409,0.004326095654661977,2274,0.2496369681037997,5661,Retail-Shoe Stores,Small-scale revenue proxy,FY2019 revenue proxy; historical market cap not constructed,True,SHOE
0001530979,,,,,,,,NO_BNPL_EVIDENCE,"Search completed; no clear BNPL exposure signal detected in result text. Top links: https://r.bing.com/rs/4f/gg/cc,nc/-G_YKFrphkyl83D0HTgpMefXo7c.css?or=w; https://r.bing.com/rs/4f/h6/cc,nc/U6HOq0RcF4_oC2_ItiNCBhNzO24.css?or=w; https://r.bing.com/rs/4f/eJ/cir3,cc,nc/-ooVmxB9OlPzBcewmec-cfwYTQs.css?or=w",Apparel & Personal Care,CTRL_CAND_0290,excluded_insufficient_pre_financials,SEC company_tickers_exchange.json + SEC submissions SIC,https://www.sec.gov/files/company_tickers_exchange.json; https://data.sec.gov/submissions/CIK##########.json,,LOW,"Honest Company, Inc.",cache,Clothing & Accessories,,Nasdaq,False,,,,,,,True,,,,,,,,False,,,2291,,5961,Retail-Catalog & Mail-Order Houses,,,False,HNST
0000069733,0.4559690566718097,0.11905919781873367,0.26532518774843344,0.04481399878745318,105282000.0,,,NO_BNPL_EVIDENCE,"Search completed; no clear BNPL exposure signal detected in result text. Top links: https://r.bing.com/rs/4f/gg/cc,nc/-G_YKFrphkyl83D0HTgpMefXo7c.css?or=w; https://r.bing.com/rs/4f/h6/cc,nc/U6HOq0RcF4_oC2_ItiNCBhNzO24.css?or=w; https://r.bing.com/rs/4f/fd/cir3,cc,nc/WTKNvHzqziTEsCD58MJtjs7bzWc.css?or=w",Entertainment,CTRL_CAND_0291,excluded_insufficient_pre_financials,SEC company_tickers_exchange.json + SEC submissions SIC,https://www.sec.gov/files/company_tickers_exchange.json; https://data.sec.gov/submissions/CIK##########.json,0.732480386010904,LOW,"NATHANS FAMOUS, INC.",cache,Gaming & Entertainment,-0.6306966053076499,Nasdaq,False,0.0049492586354214115,0.003590357326038639,1.63069660530765,False,18.47215302232133,,True,,,,,,0.001581333533331154,13,False,0.016276498059206057,-0.006630425824417704,2300,0.0,5812,Retail-Eating Places,Unclassified,FY2019 revenue proxy; historical market cap not constructed,False,NATH
0000216085,0.5435105992672974,0.029991283679520375,,-0.00757867563334344,560072000.0,,802291000.0,NO_BNPL_EVIDENCE,"Search completed; no clear BNPL exposure signal detected in result text. Top links: https://r.bing.com/rs/4f/gg/cc,nc/-G_YKFrphkyl83D0HTgpMefXo7c.css?or=w; https://r.bing.com/rs/4f/gM/cc,nc/rWljTRKHPYQiu_szhv9ApXQ-KpI.css?or=w; https://r.bing.com/rs/4f/fn/cir3,cc,nc/qYkYtW4ptUTHO5TVR_F3o3iRdIs.css?or=w",Home & Appliances,CTRL_CAND_0292,preferred_control,SEC company_tickers_exchange.json + SEC submissions SIC,https://www.sec.gov/files/company_tickers_exchange.json; https://data.sec.gov/submissions/CIK##########.json,0.1352308274650402,HIGH,HAVERTY FURNITURE COMPANIES INC,cache,Home & Appliances,0.4651241268979703,NYSE,True,0.00047500290030859545,0.18714915225185333,0.5348758731020298,False,20.143575904857443,20.502981942911994,True,2.65,REVIEW,1,0001957132,"SharkNinja, Inc.",,20,True,-0.0008020253922128573,0.0011836317405662588,2303,0.4980536007770842,5712,Retail-Furniture Stores,Small-scale revenue proxy,FY2019 revenue proxy; historical market cap not constructed,True,HVT
0001171155,0.250554213050577,0.01836272966472346,0.028525744302611778,,267710000.0,,,NO_BNPL_EVIDENCE,"Search completed; no clear BNPL exposure signal detected in result text. Top links: https://r.bing.com/rs/4f/gg/cc,nc/-G_YKFrphkyl83D0HTgpMefXo7c.css?or=w; https://r.bing.com/rs/4f/h6/cc,nc/U6HOq0RcF4_oC2_ItiNCBhNzO24.css?or=w; https://r.bing.com/rs/4f/fG/cir3,cc,nc/5gFAL7Id0yWkqqPO1crOKHL1NzM.css?or=w",Sports & Leisure,CTRL_CAND_0293,excluded_insufficient_pre_financials,SEC company_tickers_exchange.json + SEC submissions SIC,https://www.sec.gov/files/company_tickers_exchange.json; https://data.sec.gov/submissions/CIK##########.json,0.02024578835306862,MEDIUM,"RADIANT LOGISTICS, INC",cache,Sports & Outdoor,0.4745209368346345,NYSE,False,,,0.524560158380337,True,19.405414863041305,,True,,,,,,,2,False,,,2311,0.1731979117146981,4731,Arrangement of Transportation of Freight & Cargo,Unclassified,FY2019 revenue proxy; historical market cap not constructed,False,RLGT
0001770450,,0.10045454545454545,,,15047000000.0,,,NO_BNPL_EVIDENCE,"Search completed; no clear BNPL exposure signal detected in result text. Top links: https://r.bing.com/rs/4f/gg/cc,nc/-G_YKFrphkyl83D0HTgpMefXo7c.css?or=w; https://r.bing.com/rs/4f/gM/cc,nc/rWljTRKHPYQiu_szhv9ApXQ-KpI.css?or=w; https://r.bing.com/rs/4f/eJ/cir3,cc,nc/-ooVmxB9OlPzBcewmec-cfwYTQs.css?or=w",Electronics & Technology,CTRL_CAND_0294,excluded_insufficient_pre_financials,SEC company_tickers_exchange.json + SEC submissions SIC,https://www.sec.gov/files/company_tickers_exchange.json; https://data.sec.gov/submissions/CIK##########.json,0.18209609889014422,MEDIUM,Xerox Holdings Corp,cache,Computers & Tablets,0.37130324981723933,Nasdaq,False,,0.04612215059480295,0.6140094370970958,True,23.43444447272315,,True,,,,,,,1,False,,,2318,0.23318181818181818,3577,"Computer Peripheral Equipment, NEC",Unclassified,FY2019 revenue proxy; historical market cap not constructed,False,XRX
0001669779,0.27923716461226383,-0.00495053738149204,0.03752663860893709,0.07038623633129557,3376240000.0,,4892019000.0,NO_BNPL_EVIDENCE,"Search completed; no clear BNPL exposure signal detected in result text. Top links: https://r.bing.com/rs/4f/gg/cc,nc/-G_YKFrphkyl83D0HTgpMefXo7c.css?or=w; https://r.bing.com/rs/4f/h6/cc,nc/U6HOq0RcF4_oC2_ItiNCBhNzO24.css?or=w; https://r.bing.com/rs/4f/fG/cir3,cc,nc/5gFAL7Id0yWkqqPO1crOKHL1NzM.css?or=w",Automotive,CTRL_CAND_0295,preferred_control,SEC company_tickers_exchange.json + SEC submissions SIC,https://www.sec.gov/files/company_tickers_exchange.json; https://data.sec.gov/submissions/CIK##########.json,0.04369387247352084,HIGH,"Camping World Holdings, Inc.",cache,Automotive,-0.009656304054214155,NYSE,True,-0.003617874668737036,0.40238223586000993,1.0471637087410848,False,21.940028501200736,22.310870938655864,False,0.39737449640053696,HIGH,1,0001158449,ADVANCE AUTO PARTS INC,-0.012192935146880794,12,True,0.06845376164050032,0.012267908348711491,2321,0.21934985819967528,5500,Retail-Auto Dealers & Gasoline Stations,Mid-scale revenue proxy,FY2019 revenue proxy; historical market cap not constructed,True,CWH
0001448397,0.96421206475206,0.06357631436465973,0.0032496318098716778,0.83285055028554,282551000.0,,,NO_BNPL_EVIDENCE,"Search completed; no clear BNPL exposure signal detected in result text. Top links: https://r.bing.com/rs/4f/gg/cc,nc/-G_YKFrphkyl83D0HTgpMefXo7c.css?or=w; https://r.bing.com/rs/4f/h6/cc,nc/U6HOq0RcF4_oC2_ItiNCBhNzO24.css?or=w; https://r.bing.com/rs/4f/fG/cir3,cc,nc/5gFAL7Id0yWkqqPO1crOKHL1NzM.css?or=w",Entertainment,CTRL_CAND_0296,excluded_insufficient_pre_financials,SEC company_tickers_exchange.json + SEC submissions SIC,https://www.sec.gov/files/company_tickers_exchange.json; https://data.sec.gov/submissions/CIK##########.json,0.048324019380572,LOW,Seanergy Maritime Holdings Corp.,cache,Gaming & Entertainment,0.10567295815622667,Nasdaq,False,,0.013668328903454598,0.8943270418437733,True,19.459369623230465,,True,,,,,,,3,False,,,2325,0.0,4412,Deep Sea Foreign Transportation of Freight,Unclassified,FY2019 revenue proxy; historical market cap not constructed,False,SHIP
0001564180,,0.29235746057420137,0.47998382531338457,0.2634047790446554,1738007000.0,,,NO_BNPL_EVIDENCE,"Search completed; no clear BNPL exposure signal detected in result text. Top links: https://r.bing.com/rs/4f/gg/cc,nc/-G_YKFrphkyl83D0HTgpMefXo7c.css?or=w; https://r.bing.com/rs/4f/gM/cc,nc/rWljTRKHPYQiu_szhv9ApXQ-KpI.css?or=w; https://r.bing.com/rs/4f/fG/cir3,cc,nc/5gFAL7Id0yWkqqPO1crOKHL1NzM.css?or=w",Entertainment,CTRL_CAND_0297,excluded_insufficient_pre_financials,SEC company_tickers_exchange.json + SEC submissions SIC,https://www.sec.gov/files/company_tickers_exchange.json; https://data.sec.gov/submissions/CIK##########.json,0.025043052185635618,LOW,KNOT Offshore Partners LP,cache,Gaming & Entertainment,,NYSE,False,,0.001318751880746165,0.5905309932583701,True,21.276004891399452,,True,,,,,,,4,False,,,2330,0.0,4400,Water Transportation,Unclassified,FY2019 revenue proxy; historical market cap not constructed,False,KNOP
0001365767,,,,,215169000.0,,,NO_BNPL_EVIDENCE,"Search completed; no clear BNPL exposure signal detected in result text. Top links: https://r.bing.com/rs/4f/gg/cc,nc/-G_YKFrphkyl83D0HTgpMefXo7c.css?or=w; https://r.bing.com/rs/4f/gM/cc,nc/rWljTRKHPYQiu_szhv9ApXQ-KpI.css?or=w; https://r.bing.com/rs/4f/fG/cir3,cc,nc/5gFAL7Id0yWkqqPO1crOKHL1NzM.css?or=w",Electronics & Technology,CTRL_CAND_0298,excluded_insufficient_pre_financials,SEC company_tickers_exchange.json + SEC submissions SIC,https://www.sec.gov/files/company_tickers_exchange.json; https://data.sec.gov/submissions/CIK##########.json,0.07868233806914565,MEDIUM,Allot Ltd.,cache,Computers & Tablets,0.6127787924840474,Nasdaq,False,,0.049579632753788884,,True,19.1869343238308,,True,,,,,,,0,False,,,2332,,3576,Computer Communications Equipment,Unclassified,FY2019 revenue proxy; historical market cap not constructed,False,ALLT
0001703157,,,,,134614.0,,,NO_BNPL_EVIDENCE,"Search completed; no clear BNPL exposure signal detected in result text. Top links: https://r.bing.com/rs/4f/gg/cc,nc/-G_YKFrphkyl83D0HTgpMefXo7c.css?or=w; https://r.bing.com/rs/4f/gM/cc,nc/rWljTRKHPYQiu_szhv9ApXQ-KpI.css?or=w; https://r.bing.com/rs/4f/f3/cir3,cc,nc/XKkf7PevzOVtzidRm3f9xWob0cM.css?or=w",Automotive,CTRL_CAND_0299,excluded_insufficient_pre_financials,SEC company_tickers_exchange.json + SEC submissions SIC,https://www.sec.gov/files/company_tickers_exchange.json; https://data.sec.gov/submissions/CIK##########.json,0.9885227390910306,MEDIUM,"Securetech Innovations, Inc.",cache,Automotive,0.9992571352162479,OTC,False,,,0.0007428647837520615,True,11.810166702670976,,True,,,,,,,0,False,,,2333,,3714,Motor Vehicle Parts & Accessories,Unclassified,FY2019 revenue proxy; historical market cap not constructed,False,SCTH
0001525769,0.8273329718292026,,0.12434328799657152,0.11246561777761595,2370139000.0,,1354691000.0,NO_BNPL_EVIDENCE,"Search completed; no clear BNPL exposure signal detected in result text. Top links: https://r.bing.com/rs/4f/gg/cc,nc/-G_YKFrphkyl83D0HTgpMefXo7c.css?or=w; https://r.bing.com/rs/4f/h6/cc,nc/U6HOq0RcF4_oC2_ItiNCBhNzO24.css?or=w; https://r.bing.com/rs/4f/fG/cir3,cc,nc/5gFAL7Id0yWkqqPO1crOKHL1NzM.css?or=w",Entertainment,CTRL_CAND_0300,eligible_not_selected,SEC company_tickers_exchange.json + SEC submissions SIC,https://www.sec.gov/files/company_tickers_exchange.json; https://data.sec.gov/submissions/CIK##########.json,0.010402343491246717,LOW,"Dave & Buster's Entertainment, Inc.",cache,Gaming & Entertainment,0.07157808044169561,Nasdaq,False,0.0009351886028914203,0.014546404240426405,,False,21.58621444016265,21.026839220991583,True,,,,,,-0.0023221826022581443,19,False,0.11804051391703485,0.027840361878676487,2334,0.0,5812,Retail-Eating Places,Small-scale revenue proxy,FY2019 revenue proxy; historical market cap not constructed,False,PLAY
0002047273,,,,,,,,NO_BNPL_EVIDENCE,"Search completed; no clear BNPL exposure signal detected in result text. Top links: https://r.bing.com/rs/4f/gg/cc,nc/-G_YKFrphkyl83D0HTgpMefXo7c.css?or=w; https://r.bing.com/rs/4f/h6/cc,nc/U6HOq0RcF4_oC2_ItiNCBhNzO24.css?or=w; https://r.bing.com/rs/4f/eJ/cir3,cc,nc/-ooVmxB9OlPzBcewmec-cfwYTQs.css?or=w",Entertainment,CTRL_CAND_0301,excluded_insufficient_pre_financials,SEC company_tickers_exchange.json + SEC submissions SIC,https://www.sec.gov/files/company_tickers_exchange.json; https://data.sec.gov/submissions/CIK##########.json,,MEDIUM,BUUU Group Ltd,cache,Gaming & Entertainment,,Nasdaq,False,,,,,,,True,,,,,,,,False,,,2338,,7900,Services-Amusement & Recreation Services,,,False,BUUU
0000933034,0.13045089494291995,-0.0008054943782556085,0.02847381625153286,0.06363416142549436,312736000.0,,487006000.0,NO_BNPL_EVIDENCE,"Search completed; no clear BNPL exposure signal detected in result text. Top links: https://r.bing.com/rs/4f/gg/cc,nc/-G_YKFrphkyl83D0HTgpMefXo7c.css?or=w; https://r.bing.com/rs/4f/h6/cc,nc/U6HOq0RcF4_oC2_ItiNCBhNzO24.css?or=w; https://r.bing.com/rs/4f/fG/cir3,cc,nc/5gFAL7Id0yWkqqPO1crOKHL1NzM.css?or=w",Automotive,CTRL_CAND_0302,preferred_control,SEC company_tickers_exchange.json + SEC submissions SIC,https://www.sec.gov/files/company_tickers_exchange.json; https://data.sec.gov/submissions/CIK##########.json,0.02496994269927351,MEDIUM,STRATTEC SECURITY CORP,cache,Automotive,0.5224470479893585,Nasdaq,True,-0.002962014099999775,0.15112427095057812,,False,19.5608699421207,20.00378700129951,False,0.5725486352520931,HIGH,1,0001378950,"CarParts.com, Inc.",-0.002309514855421784,17,True,0.06654404628434718,0.0178547683414626,2349,0.0,3714,Motor Vehicle Parts & Accessories,Small-scale revenue proxy,FY2019 revenue proxy; historical market cap not constructed,False,STRT
0001956439,,,,,,,,NO_BNPL_EVIDENCE,"Search completed; no clear BNPL exposure signal detected in result text. Top links: https://r.bing.com/rs/4f/gg/cc,nc/-G_YKFrphkyl83D0HTgpMefXo7c.css?or=w; https://r.bing.com/rs/4f/h6/cc,nc/U6HOq0RcF4_oC2_ItiNCBhNzO24.css?or=w; https://r.bing.com/rs/4f/ez/cir3,cc,nc/ITQ79_h8jq-eoIeRkdWbxDW7IbQ.css?or=w",Entertainment,CTRL_CAND_0303,excluded_insufficient_pre_financials,SEC company_tickers_exchange.json + SEC submissions SIC,https://www.sec.gov/files/company_tickers_exchange.json; https://data.sec.gov/submissions/CIK##########.json,,MEDIUM,Enhanced Group Inc.,cache,Gaming & Entertainment,,NYSE,False,,,,,,,True,,,,,,,,False,,,2352,,7990,Services-Miscellaneous Amusement & Recreation,,,False,ENHA
0000895456,0.33934855837713274,0.052780279525963425,0.06560425321463254,0.0060529301163908976,205826000.0,,270408000.0,NO_BNPL_EVIDENCE,"Search completed; no clear BNPL exposure signal detected in result text. Top links: https://r.bing.com/rs/4f/gg/cc,nc/-G_YKFrphkyl83D0HTgpMefXo7c.css?or=w; https://r.bing.com/rs/4f/gS/cc,nc/_huiPba-9XiYDf9Vd8j9EoLtXL4.css?or=w; https://r.bing.com/rs/4f/fG/cir3,cc,nc/5gFAL7Id0yWkqqPO1crOKHL1NzM.css?or=w",Apparel & Personal Care,CTRL_CAND_0304,preferred_control,SEC company_tickers_exchange.json + SEC submissions SIC,https://www.sec.gov/files/company_tickers_exchange.json; https://data.sec.gov/submissions/CIK##########.json,0.07539377921156705,MEDIUM,"ROCKY BRANDS, INC.",cache,Clothing & Accessories,0.7999766793310855,Nasdaq,True,0.0027422338961495714,0.3727954680166743,0.2000233206689145,False,19.142541709633257,19.41544248749425,False,0.7676432284853263,HIGH,1,0001041859,"Childrens Place, Inc.",0.004422321518830222,19,True,0.0010251295045045072,0.000345109345294784,2355,0.09722506319299168,3140,"Footwear, (No Rubber)",Micro-scale revenue proxy,FY2019 revenue proxy; historical market cap not constructed,False,RCKY
0001713334,,,,,2712240000.0,,,NO_BNPL_EVIDENCE,"Search completed; no clear BNPL exposure signal detected in result text. Top links: https://r.bing.com/rs/4f/gg/cc,nc/-G_YKFrphkyl83D0HTgpMefXo7c.css?or=w; https://r.bing.com/rs/4f/h6/cc,nc/U6HOq0RcF4_oC2_ItiNCBhNzO24.css?or=w; https://r.bing.com/rs/4f/fG/cir3,cc,nc/5gFAL7Id0yWkqqPO1crOKHL1NzM.css?or=w",Entertainment,CTRL_CAND_0305,excluded_insufficient_pre_financials,SEC company_tickers_exchange.json + SEC submissions SIC,https://www.sec.gov/files/company_tickers_exchange.json; https://data.sec.gov/submissions/CIK##########.json,0.11037629413326254,LOW,STUDIO CITY INTERNATIONAL HOLDINGS Ltd,cache,Gaming & Entertainment,0.328646432469103,NYSE,False,,0.00359960770433295,0.5728036604430287,True,21.72104069868428,,True,,,,,,,0,False,,,2357,,7011,Hotels & Motels,Unclassified,FY2019 revenue proxy; historical market cap not constructed,False,MSC
0001957413,,,,,,,,NO_BNPL_EVIDENCE,"Search completed; no clear BNPL exposure signal detected in result text. Top links: https://r.bing.com/rs/4f/gg/cc,nc/-G_YKFrphkyl83D0HTgpMefXo7c.css?or=w; https://r.bing.com/rs/4f/h6/cc,nc/U6HOq0RcF4_oC2_ItiNCBhNzO24.css?or=w; https://r.bing.com/rs/4f/eT/cir3,cc,nc/ZNlEaxLrmuWEflDP-KwkyUROBrA.css?or=w",Automotive,CTRL_CAND_0306,excluded_insufficient_pre_financials,SEC company_tickers_exchange.json + SEC submissions SIC,https://www.sec.gov/files/company_tickers_exchange.json; https://data.sec.gov/submissions/CIK##########.json,,MEDIUM,Digital Currency X Technology Inc.,cache,Automotive,,Nasdaq,False,,,,,,,True,,,,,,,,False,,,2364,,3711,Motor Vehicles & Passenger Car Bodies,,,False,DCX
0002009684,,,,,,,,NO_BNPL_EVIDENCE,"Search completed; no clear BNPL exposure signal detected in result text. Top links: https://r.bing.com/rs/4f/gg/cc,nc/-G_YKFrphkyl83D0HTgpMefXo7c.css?or=w; https://r.bing.com/rs/4f/h6/cc,nc/U6HOq0RcF4_oC2_ItiNCBhNzO24.css?or=w; https://r.bing.com/rs/4f/fG/cir3,cc,nc/5gFAL7Id0yWkqqPO1crOKHL1NzM.css?or=w",Entertainment,CTRL_CAND_0307,excluded_insufficient_pre_financials,SEC company_tickers_exchange.json + SEC submissions SIC,https://www.sec.gov/files/company_tickers_exchange.json; https://data.sec.gov/submissions/CIK##########.json,,MEDIUM,Seaport Entertainment Group Inc.,cache,Gaming & Entertainment,,NYSE,False,,,,,,,True,,,,,,,,False,,,2389,,7990,Services-Miscellaneous Amusement & Recreation,,,False,SEG
0001871509,,,,,,,,NO_BNPL_EVIDENCE,"Search completed; no clear BNPL exposure signal detected in result text. Top links: https://r.bing.com/rs/4f/gg/cc,nc/-G_YKFrphkyl83D0HTgpMefXo7c.css?or=w; https://r.bing.com/rs/4f/gM/cc,nc/rWljTRKHPYQiu_szhv9ApXQ-KpI.css?or=w; https://r.bing.com/rs/4f/eT/cir3,cc,nc/ZNlEaxLrmuWEflDP-KwkyUROBrA.css?or=w",Entertainment,CTRL_CAND_0308,excluded_insufficient_pre_financials,SEC company_tickers_exchange.json + SEC submissions SIC,https://www.sec.gov/files/company_tickers_exchange.json; https://data.sec.gov/submissions/CIK##########.json,,LOW,Portillo's Inc.,cache,Gaming & Entertainment,,Nasdaq,False,,,,,,,True,,,,,,,,False,,,2398,,5812,Retail-Eating Places,,,False,PTLO
0001819580,,,,,,,,NO_BNPL_EVIDENCE,"Search completed; no clear BNPL exposure signal detected in result text. Top links: https://r.bing.com/rs/4f/gg/cc,nc/-G_YKFrphkyl83D0HTgpMefXo7c.css?or=w; https://r.bing.com/rs/4f/h6/cc,nc/U6HOq0RcF4_oC2_ItiNCBhNzO24.css?or=w; https://r.bing.com/rs/4f/ez/cir3,cc,nc/ITQ79_h8jq-eoIeRkdWbxDW7IbQ.css?or=w",Apparel & Personal Care,CTRL_CAND_0309,excluded_insufficient_pre_financials,SEC company_tickers_exchange.json + SEC submissions SIC,https://www.sec.gov/files/company_tickers_exchange.json; https://data.sec.gov/submissions/CIK##########.json,,HIGH,Yatsen Holding Ltd,cache,Health & Beauty,,NYSE,False,,,,,,,True,,,,,,,,False,,,2404,,2844,"Perfumes, Cosmetics & Other Toilet Preparations",,,False,YSG
0001706946,,,,,605546000.0,,,NO_BNPL_EVIDENCE,"Search completed; no clear BNPL exposure signal detected in result text. Top links: https://r.bing.com/rs/4f/gg/cc,nc/-G_YKFrphkyl83D0HTgpMefXo7c.css?or=w; https://r.bing.com/rs/4f/h6/cc,nc/U6HOq0RcF4_oC2_ItiNCBhNzO24.css?or=w; https://r.bing.com/rs/4f/fG/cir3,cc,nc/5gFAL7Id0yWkqqPO1crOKHL1NzM.css?or=w",Sports & Leisure,CTRL_CAND_0310,excluded_insufficient_pre_financials,SEC company_tickers_exchange.json + SEC submissions SIC,https://www.sec.gov/files/company_tickers_exchange.json; https://data.sec.gov/submissions/CIK##########.json,0.7934046298712236,MEDIUM,"Virgin Galactic Holdings, Inc",cache,Sports & Outdoor,0.7721296152563142,NYSE,False,,0.04428565294791808,0.22787038474368587,True,20.221641088344327,,True,,,,,,,0,False,,,2405,,4700,Transportation Services,Unclassified,FY2019 revenue proxy; historical market cap not constructed,False,SPCE
0001822928,,,,,,,,NO_BNPL_EVIDENCE,"Search completed; no clear BNPL exposure signal detected in result text. Top links: https://r.bing.com/rs/4f/gg/cc,nc/-G_YKFrphkyl83D0HTgpMefXo7c.css?or=w; https://r.bing.com/rs/4f/h6/cc,nc/U6HOq0RcF4_oC2_ItiNCBhNzO24.css?or=w; https://r.bing.com/rs/4f/fG/cir3,cc,nc/5gFAL7Id0yWkqqPO1crOKHL1NzM.css?or=w",Automotive,CTRL_CAND_0311,excluded_insufficient_pre_financials,SEC company_tickers_exchange.json + SEC submissions SIC,https://www.sec.gov/files/company_tickers_exchange.json; https://data.sec.gov/submissions/CIK##########.json,,MEDIUM,Holley Inc.,cache,Automotive,,NYSE,False,,,,,,,True,,,,,,,,False,,,2407,,3714,Motor Vehicle Parts & Accessories,,,False,HLLY
0001802156,,,,,,,,NO_BNPL_EVIDENCE,"Search completed; no clear BNPL exposure signal detected in result text. Top links: https://r.bing.com/rs/4f/gg/cc,nc/-G_YKFrphkyl83D0HTgpMefXo7c.css?or=w; https://r.bing.com/rs/4f/gM/cc,nc/rWljTRKHPYQiu_szhv9ApXQ-KpI.css?or=w; https://r.bing.com/rs/4f/fG/cir3,cc,nc/5gFAL7Id0yWkqqPO1crOKHL1NzM.css?or=w",Entertainment,CTRL_CAND_0312,excluded_insufficient_pre_financials,SEC company_tickers_exchange.json + SEC submissions SIC,https://www.sec.gov/files/company_tickers_exchange.json; https://data.sec.gov/submissions/CIK##########.json,,MEDIUM,"Xponential Fitness, Inc.",cache,Gaming & Entertainment,,NYSE,False,,,,,,,True,,,,,,,,False,,,2420,,7990,Services-Miscellaneous Amusement & Recreation,,,False,XPOF
0000807882,0.5771050914965841,0.11223844365183437,0.218815971476879,-0.12122683266605704,958483000.0,,950107000.0,NO_BNPL_EVIDENCE,"Search completed; no clear BNPL exposure signal detected in result text. Top links: https://r.bing.com/rs/4f/gg/cc,nc/-G_YKFrphkyl83D0HTgpMefXo7c.css?or=w; https://r.bing.com/rs/4f/h6/cc,nc/U6HOq0RcF4_oC2_ItiNCBhNzO24.css?or=w; https://r.bing.com/rs/4f/eJ/cir3,cc,nc/-ooVmxB9OlPzBcewmec-cfwYTQs.css?or=w",Entertainment,CTRL_CAND_0313,preferred_control,SEC company_tickers_exchange.json + SEC submissions SIC,https://www.sec.gov/files/company_tickers_exchange.json; https://data.sec.gov/submissions/CIK##########.json,,LOW,JACK IN THE BOX INC,cache,Gaming & Entertainment,-0.7695326886340186,Nasdaq,True,0.02234325893523636,0.0018529280122860812,,False,20.680862384246783,20.67208516779535,True,1.436819918462683,LOW,1,0001490281,"Groupon, Inc.",0.007324586657324112,20,True,-0.11378192746877058,-0.0419417692439108,2422,0.1033751853670928,5812,Retail-Eating Places,Small-scale revenue proxy,FY2019 revenue proxy; historical market cap not constructed,False,JACK
0001319947,0.2844999478854466,,0.03345592383653858,0.09054443641983174,2465070000.0,,3492687000.0,NO_BNPL_EVIDENCE,"Search completed; no clear BNPL exposure signal detected in result text. Top links: https://r.bing.com/rs/4f/gg/cc,nc/-G_YKFrphkyl83D0HTgpMefXo7c.css?or=w; https://r.bing.com/rs/4f/h6/cc,nc/U6HOq0RcF4_oC2_ItiNCBhNzO24.css?or=w; https://r.bing.com/rs/4f/fG/cir3,cc,nc/5gFAL7Id0yWkqqPO1crOKHL1NzM.css?or=w",Apparel & Personal Care,CTRL_CAND_0314,preferred_control,SEC company_tickers_exchange.json + SEC submissions SIC,https://www.sec.gov/files/company_tickers_exchange.json; https://data.sec.gov/submissions/CIK##########.json,0.03511624416345175,HIGH,Designer Brands Inc.,cache,Clothing & Accessories,-0.001012141643036506,NYSE,True,-0.001098200518411168,0.2566202988150438,0.7075482643494911,False,21.625486041603786,21.973937190969085,False,0.279386259607052,HIGH,1,0000028917,"DILLARD'S, INC.",-0.004172564981157968,20,True,0.07449479831485561,0.01816684576169656,2429,0.2436112968685084,5661,Retail-Shoe Stores,Mid-scale revenue proxy,FY2019 revenue proxy; historical market cap not constructed,True,DBI
0000015847,0.7305819546331358,0.020367495024922248,0.05531574260596557,0.05694018262693341,48902000.0,,,NO_BNPL_EVIDENCE,"Search completed; no clear BNPL exposure signal detected in result text. Top links: https://r.bing.com/rs/4f/gg/cc,nc/-G_YKFrphkyl83D0HTgpMefXo7c.css?or=w; https://r.bing.com/rs/4f/h6/cc,nc/U6HOq0RcF4_oC2_ItiNCBhNzO24.css?or=w; https://r.bing.com/rs/4f/fG/cir3,cc,nc/5gFAL7Id0yWkqqPO1crOKHL1NzM.css?or=w",Entertainment,CTRL_CAND_0315,excluded_insufficient_pre_financials,SEC company_tickers_exchange.json + SEC submissions SIC,https://www.sec.gov/files/company_tickers_exchange.json; https://data.sec.gov/submissions/CIK##########.json,,MEDIUM,BUTLER NATIONAL CORP,cache,Gaming & Entertainment,0.5726350660504683,OTC,False,-0.00036573290713771815,0.1816899104331111,0.29769743568770196,False,17.70532885340423,,True,,,,,,0.004548781664323786,13,False,-0.13115006482734115,0.005330075984893156,2439,0.0,7990,Services-Miscellaneous Amusement & Recreation,Unclassified,FY2019 revenue proxy; historical market cap not constructed,False,BUKS
0000002186,0.37628130279558125,-0.043263586881207315,-0.05816839265950396,-0.05109502917830994,37940000.0,,40100000.0,NO_BNPL_EVIDENCE,"Search completed; no clear BNPL exposure signal detected in result text. Top links: https://r.bing.com/rs/4f/gg/cc,nc/-G_YKFrphkyl83D0HTgpMefXo7c.css?or=w; https://r.bing.com/rs/4f/h6/cc,nc/U6HOq0RcF4_oC2_ItiNCBhNzO24.css?or=w; https://r.bing.com/rs/4f/fG/cir3,cc,nc/5gFAL7Id0yWkqqPO1crOKHL1NzM.css?or=w",Electronics & Technology,CTRL_CAND_0316,preferred_control,SEC company_tickers_exchange.json + SEC submissions SIC,https://www.sec.gov/files/company_tickers_exchange.json; https://data.sec.gov/submissions/CIK##########.json,0.12324723247232472,LOW,BK Technologies Corp,cache,Phones & Smartwatches,0.613494992092778,NYSE,True,0.00047807490419173526,0.35616763310490246,0.3865050079072219,False,17.45151652247114,17.506886892276796,True,0.511971437884345,HIGH,1,0001493761,Turtle Beach Corp,-0.012977403449952407,17,True,0.07774641201340637,0.015962541460210873,2441,0.4559608223231138,3663,Radio & Tv Broadcasting & Communications Equipment,Micro-scale revenue proxy,FY2019 revenue proxy; historical market cap not constructed,False,BKTI
0000037472,0.19531641368025032,0.002666120010371531,0.008402400285490061,-0.03733749679225112,254287000.0,,443588000.0,NO_BNPL_EVIDENCE,"Search completed; no clear BNPL exposure signal detected in result text. Top links: https://r.bing.com/rs/4f/gg/cc,nc/-G_YKFrphkyl83D0HTgpMefXo7c.css?or=w; https://r.bing.com/rs/4f/gM/cc,nc/rWljTRKHPYQiu_szhv9ApXQ-KpI.css?or=w; https://r.bing.com/rs/4f/eT/cir3,cc,nc/ZNlEaxLrmuWEflDP-KwkyUROBrA.css?or=w",Home & Appliances,CTRL_CAND_0317,preferred_control,SEC company_tickers_exchange.json + SEC submissions SIC,https://www.sec.gov/files/company_tickers_exchange.json; https://data.sec.gov/submissions/CIK##########.json,0.08748775989334885,MEDIUM,FLEXSTEEL INDUSTRIES INC,cache,Home & Appliances,0.8078549041044174,Nasdaq,True,-0.006360453980930706,0.36832004781998295,0.19214509589558254,False,19.353974108362085,19.910406761676935,True,2.65,REVIEW,1,0002085187,"Bob's Discount Furniture, Inc.",-0.013881475366968397,17,True,-0.03918617962261162,-0.007663536385414487,2444,0.16111583609935415,2510,Household Furniture,Small-scale revenue proxy,FY2019 revenue proxy; historical market cap not constructed,False,FLXS
0001009829,0.2564035270497198,-0.16775658182574446,-0.1273227730083423,-0.08651738126628525,365222000.0,,598649000.0,NO_BNPL_EVIDENCE,"Search completed; no clear BNPL exposure signal detected in result text. Top links: https://r.bing.com/rs/4f/gg/cc,nc/-G_YKFrphkyl83D0HTgpMefXo7c.css?or=w; https://r.bing.com/rs/4f/gM/cc,nc/rWljTRKHPYQiu_szhv9ApXQ-KpI.css?or=w; https://r.bing.com/rs/4f/fn/cir3,cc,nc/qYkYtW4ptUTHO5TVR_F3o3iRdIs.css?or=w",Kids & Toys,CTRL_CAND_0318,preferred_control,SEC company_tickers_exchange.json + SEC submissions SIC,https://www.sec.gov/files/company_tickers_exchange.json; https://data.sec.gov/submissions/CIK##########.json,0.16870013306974935,MEDIUM,JAKKS PACIFIC INC,cache,Toys & Hobbies,0.008049898417948535,Nasdaq,True,-0.0044788949937835075,0.14856443478213252,0.9876677746685577,False,19.716015945834528,20.210186007700607,True,2.65,REVIEW,1,0001315098,Roblox Corp,-0.0073374679761292316,19,True,-0.0534445504814034,-0.008311738082204728,2446,0.33550281561201617,3944,"Games, Toys & Children's Vehicles (No Dolls & Bicycles)",Small-scale revenue proxy,FY2019 revenue proxy; historical market cap not constructed,False,JAKK
0001318885,,,,,1071280000.0,,,NO_BNPL_EVIDENCE,"Search completed; no clear BNPL exposure signal detected in result text. Top links: https://r.bing.com/rs/4f/gg/cc,nc/-G_YKFrphkyl83D0HTgpMefXo7c.css?or=w; https://r.bing.com/rs/4f/gM/cc,nc/rWljTRKHPYQiu_szhv9ApXQ-KpI.css?or=w; https://r.bing.com/rs/4f/eT/cir3,cc,nc/ZNlEaxLrmuWEflDP-KwkyUROBrA.css?or=w",Entertainment,CTRL_CAND_0319,excluded_insufficient_pre_financials,SEC company_tickers_exchange.json + SEC submissions SIC,https://www.sec.gov/files/company_tickers_exchange.json; https://data.sec.gov/submissions/CIK##########.json,0.10014935404376074,LOW,DIANA SHIPPING INC.,cache,Gaming & Entertainment,0.5321335225151221,NYSE,False,,0.005158315286386379,,True,20.792120032151583,,True,,,,,,,0,False,,,2448,,4412,Deep Sea Foreign Transportation of Freight,Unclassified,FY2019 revenue proxy; historical market cap not constructed,False,DSX
0001901203,,,,,,,,NO_BNPL_EVIDENCE,"Search completed; no clear BNPL exposure signal detected in result text. Top links: https://r.bing.com/rs/4f/gg/cc,nc/-G_YKFrphkyl83D0HTgpMefXo7c.css?or=w; https://r.bing.com/rs/4f/h6/cc,nc/U6HOq0RcF4_oC2_ItiNCBhNzO24.css?or=w; https://r.bing.com/rs/4f/f3/cir3,cc,nc/XKkf7PevzOVtzidRm3f9xWob0cM.css?or=w",Apparel & Personal Care,CTRL_CAND_0320,excluded_insufficient_pre_financials,SEC company_tickers_exchange.json + SEC submissions SIC,https://www.sec.gov/files/company_tickers_exchange.json; https://data.sec.gov/submissions/CIK##########.json,,MEDIUM,CN Healthy Food Tech Group Corp.,cache,Health & Beauty,,Nasdaq,False,,,,,,,True,,,,,,,,False,,,2471,,2000,Food and Kindred Products,,,False,UCFI
0000033488,0.2883123824916336,0.07254347059979194,0.06352369770708871,0.08038051182074735,148779000.0,,203372000.0,NO_BNPL_EVIDENCE,"Search completed; no clear BNPL exposure signal detected in result text. Top links: https://r.bing.com/rs/4f/gg/cc,nc/-G_YKFrphkyl83D0HTgpMefXo7c.css?or=w; https://r.bing.com/rs/4f/h6/cc,nc/U6HOq0RcF4_oC2_ItiNCBhNzO24.css?or=w; https://r.bing.com/rs/4f/fG/cir3,cc,nc/5gFAL7Id0yWkqqPO1crOKHL1NzM.css?or=w",Kids & Toys,CTRL_CAND_0321,preferred_control,SEC company_tickers_exchange.json + SEC submissions SIC,https://www.sec.gov/files/company_tickers_exchange.json; https://data.sec.gov/submissions/CIK##########.json,,MEDIUM,ESCALADE INC,cache,Toys & Hobbies,0.8480363492159512,Nasdaq,True,0.0019105902409061277,0.2841059558136565,0.15196365078404883,False,18.81797254137137,19.13054737231908,False,0.4550197779112605,HIGH,1,0001113809,BUILD-A-BEAR WORKSHOP INC,-0.00235567122694588,19,True,0.06932783093171291,0.017823831144415186,2493,0.1765109795789445,3949,"Sporting & Athletic Goods, NEC",Micro-scale revenue proxy,FY2019 revenue proxy; historical market cap not constructed,False,ESCA
