CIK,broad_bnpl_category,candidate_id,candidate_screening_status,candidate_source,candidate_source_url,category_confidence,company_name,detailed_bnpl_category,exchange,manual_review_required,sec_universe_rank,sic_code,sic_description,ticker
0001318605,Automotive,CTRL_CAND_0001,candidate_pool,SEC company_tickers_exchange.json + SEC submissions SIC,https://www.sec.gov/files/company_tickers_exchange.json; https://data.sec.gov/submissions/CIK##########.json,MEDIUM,"Tesla, Inc.",Automotive,Nasdaq,False,4,3711,Motor Vehicles & Passenger Car Bodies,TSLA
0001571996,Electronics & Technology,CTRL_CAND_0002,candidate_pool,SEC company_tickers_exchange.json + SEC submissions SIC,https://www.sec.gov/files/company_tickers_exchange.json; https://data.sec.gov/submissions/CIK##########.json,MEDIUM,Dell Technologies Inc.,Computers & Tablets,NYSE,False,27,3571,Electronic Computers,DELL
0001094517,Automotive,CTRL_CAND_0003,candidate_pool,SEC company_tickers_exchange.json + SEC submissions SIC,https://www.sec.gov/files/company_tickers_exchange.json; https://data.sec.gov/submissions/CIK##########.json,MEDIUM,TOYOTA MOTOR CORP/,Automotive,NYSE,False,35,3711,Motor Vehicles & Passenger Car Bodies,TM
0000051143,Electronics & Technology,CTRL_CAND_0004,candidate_pool,SEC company_tickers_exchange.json + SEC submissions SIC,https://www.sec.gov/files/company_tickers_exchange.json; https://data.sec.gov/submissions/CIK##########.json,MEDIUM,INTERNATIONAL BUSINESS MACHINES CORP,Computers & Tablets,NYSE,False,40,3570,Computer & office Equipment,IBM
0001137789,Electronics & Technology,CTRL_CAND_0005,candidate_pool,SEC company_tickers_exchange.json + SEC submissions SIC,https://www.sec.gov/files/company_tickers_exchange.json; https://data.sec.gov/submissions/CIK##########.json,MEDIUM,Seagate Technology Holdings plc,Computers & Tablets,Nasdaq,False,44,3572,Computer Storage Devices,STX
0002023554,Electronics & Technology,CTRL_CAND_0006,candidate_pool,SEC company_tickers_exchange.json + SEC submissions SIC,https://www.sec.gov/files/company_tickers_exchange.json; https://data.sec.gov/submissions/CIK##########.json,MEDIUM,Sandisk Corp,Computers & Tablets,Nasdaq,False,49,3572,Computer Storage Devices,SNDK
0000109198,Apparel & Personal Care,CTRL_CAND_0007,candidate_pool,SEC company_tickers_exchange.json + SEC submissions SIC,https://www.sec.gov/files/company_tickers_exchange.json; https://data.sec.gov/submissions/CIK##########.json,HIGH,TJX COMPANIES INC /DE/,Clothing & Accessories,NYSE,False,54,5651,Retail-Family Clothing Stores,TJX
0000804328,Electronics & Technology,CTRL_CAND_0008,candidate_pool,SEC company_tickers_exchange.json + SEC submissions SIC,https://www.sec.gov/files/company_tickers_exchange.json; https://data.sec.gov/submissions/CIK##########.json,LOW,QUALCOMM INC/DE,Phones & Smartwatches,Nasdaq,True,66,3663,Radio & Tv Broadcasting & Communications Equipment,QCOM
0000064803,Apparel & Personal Care,CTRL_CAND_0009,candidate_pool,SEC company_tickers_exchange.json + SEC submissions SIC,https://www.sec.gov/files/company_tickers_exchange.json; https://data.sec.gov/submissions/CIK##########.json,HIGH,CVS HEALTH Corp,Health & Beauty,NYSE,False,81,5912,Retail-Drug Stores and Proprietary Stores,CVS
0000829224,Entertainment,CTRL_CAND_0010,candidate_pool,SEC company_tickers_exchange.json + SEC submissions SIC,https://www.sec.gov/files/company_tickers_exchange.json; https://data.sec.gov/submissions/CIK##########.json,LOW,STARBUCKS CORP,Gaming & Entertainment,Nasdaq,True,95,5810,Retail-Eating & Drinking Places,SBUX
0001262039,Electronics & Technology,CTRL_CAND_0011,candidate_pool,SEC company_tickers_exchange.json + SEC submissions SIC,https://www.sec.gov/files/company_tickers_exchange.json; https://data.sec.gov/submissions/CIK##########.json,MEDIUM,"Fortinet, Inc.",Computers & Tablets,Nasdaq,False,96,3577,"Computer Peripheral Equipment, NEC",FTNT
0000865752,Automotive,CTRL_CAND_0012,candidate_pool,SEC company_tickers_exchange.json + SEC submissions SIC,https://www.sec.gov/files/company_tickers_exchange.json; https://data.sec.gov/submissions/CIK##########.json,MEDIUM,Monster Beverage Corp,Automotive,Nasdaq,False,122,2086,Bottled & Canned Soft Drinks & Carbonated Waters,MNST
0001690820,Automotive,CTRL_CAND_0013,candidate_pool,SEC company_tickers_exchange.json + SEC submissions SIC,https://www.sec.gov/files/company_tickers_exchange.json; https://data.sec.gov/submissions/CIK##########.json,HIGH,CARVANA CO.,Automotive,NYSE,False,130,5500,Retail-Auto Dealers & Gasoline Stations,CVNA
0000089800,Home & Appliances,CTRL_CAND_0014,candidate_pool,SEC company_tickers_exchange.json + SEC submissions SIC,https://www.sec.gov/files/company_tickers_exchange.json; https://data.sec.gov/submissions/CIK##########.json,HIGH,SHERWIN WILLIAMS CO,Home Improvement,NYSE,False,144,5200,"Retail-Building Materials, Hardware, Garden Supply",SHW
0000723254,Apparel & Personal Care,CTRL_CAND_0015,candidate_pool,SEC company_tickers_exchange.json + SEC submissions SIC,https://www.sec.gov/files/company_tickers_exchange.json; https://data.sec.gov/submissions/CIK##########.json,MEDIUM,CINTAS CORP,Clothing & Accessories,Nasdaq,False,146,2320,"Men's & Boys' Furnishgs, Work Clothg, & Allied Garments",CTAS
0000745732,Apparel & Personal Care,CTRL_CAND_0016,candidate_pool,SEC company_tickers_exchange.json + SEC submissions SIC,https://www.sec.gov/files/company_tickers_exchange.json; https://data.sec.gov/submissions/CIK##########.json,HIGH,"ROSS STORES, INC.",Clothing & Accessories,Nasdaq,False,149,5651,Retail-Family Clothing Stores,ROST
0001467858,Automotive,CTRL_CAND_0017,candidate_pool,SEC company_tickers_exchange.json + SEC submissions SIC,https://www.sec.gov/files/company_tickers_exchange.json; https://data.sec.gov/submissions/CIK##########.json,MEDIUM,General Motors Co,Automotive,NYSE,False,153,3711,Motor Vehicles & Passenger Car Bodies,GM
0000898173,Automotive,CTRL_CAND_0018,candidate_pool,SEC company_tickers_exchange.json + SEC submissions SIC,https://www.sec.gov/files/company_tickers_exchange.json; https://data.sec.gov/submissions/CIK##########.json,HIGH,O REILLY AUTOMOTIVE INC,Automotive,Nasdaq,False,172,5531,Retail-Auto & Home Supply Stores,ORLY
0000068505,Electronics & Technology,CTRL_CAND_0019,candidate_pool,SEC company_tickers_exchange.json + SEC submissions SIC,https://www.sec.gov/files/company_tickers_exchange.json; https://data.sec.gov/submissions/CIK##########.json,LOW,"Motorola Solutions, Inc.",Phones & Smartwatches,NYSE,True,173,3663,Radio & Tv Broadcasting & Communications Equipment,MSI
0001585689,Entertainment,CTRL_CAND_0020,candidate_pool,SEC company_tickers_exchange.json + SEC submissions SIC,https://www.sec.gov/files/company_tickers_exchange.json; https://data.sec.gov/submissions/CIK##########.json,LOW,Hilton Worldwide Holdings Inc.,Gaming & Entertainment,NYSE,True,174,7011,Hotels & Motels,HLT
0000075362,Automotive,CTRL_CAND_0021,candidate_pool,SEC company_tickers_exchange.json + SEC submissions SIC,https://www.sec.gov/files/company_tickers_exchange.json; https://data.sec.gov/submissions/CIK##########.json,MEDIUM,PACCAR INC,Automotive,Nasdaq,False,178,3711,Motor Vehicles & Passenger Car Bodies,PCAR
0001648416,Automotive,CTRL_CAND_0022,candidate_pool,SEC company_tickers_exchange.json + SEC submissions SIC,https://www.sec.gov/files/company_tickers_exchange.json; https://data.sec.gov/submissions/CIK##########.json,MEDIUM,Ferrari N.V.,Automotive,NYSE,False,180,3711,Motor Vehicles & Passenger Car Bodies,RACE
0001645590,Electronics & Technology,CTRL_CAND_0023,candidate_pool,SEC company_tickers_exchange.json + SEC submissions SIC,https://www.sec.gov/files/company_tickers_exchange.json; https://data.sec.gov/submissions/CIK##########.json,MEDIUM,Hewlett Packard Enterprise Co,Computers & Tablets,NYSE,False,186,3570,Computer & office Equipment,HPE
0000037996,Automotive,CTRL_CAND_0024,candidate_pool,SEC company_tickers_exchange.json + SEC submissions SIC,https://www.sec.gov/files/company_tickers_exchange.json; https://data.sec.gov/submissions/CIK##########.json,MEDIUM,FORD MOTOR CO,Automotive,NYSE,False,196,3711,Motor Vehicles & Passenger Car Bodies,F
0001633978,Electronics & Technology,CTRL_CAND_0025,candidate_pool,SEC company_tickers_exchange.json + SEC submissions SIC,https://www.sec.gov/files/company_tickers_exchange.json; https://data.sec.gov/submissions/CIK##########.json,LOW,Lumentum Holdings Inc.,Phones & Smartwatches,Nasdaq,True,198,3669,"Communications Equipment, NEC",LITE
0000815556,Home & Appliances,CTRL_CAND_0026,candidate_pool,SEC company_tickers_exchange.json + SEC submissions SIC,https://www.sec.gov/files/company_tickers_exchange.json; https://data.sec.gov/submissions/CIK##########.json,HIGH,FASTENAL CO,Home Improvement,Nasdaq,False,205,5200,"Retail-Building Materials, Hardware, Garden Supply",FAST
0000936395,Electronics & Technology,CTRL_CAND_0027,candidate_pool,SEC company_tickers_exchange.json + SEC submissions SIC,https://www.sec.gov/files/company_tickers_exchange.json; https://data.sec.gov/submissions/CIK##########.json,LOW,CIENA CORP,Phones & Smartwatches,NYSE,True,206,3661,Telephone & Telegraph Apparatus,CIEN
0001650107,Automotive,CTRL_CAND_0028,candidate_pool,SEC company_tickers_exchange.json + SEC submissions SIC,https://www.sec.gov/files/company_tickers_exchange.json; https://data.sec.gov/submissions/CIK##########.json,MEDIUM,COCA-COLA EUROPACIFIC PARTNERS plc,Automotive,Nasdaq,False,229,2086,Bottled & Canned Soft Drinks & Carbonated Waters,CCEP
0001058090,Entertainment,CTRL_CAND_0029,candidate_pool,SEC company_tickers_exchange.json + SEC submissions SIC,https://www.sec.gov/files/company_tickers_exchange.json; https://data.sec.gov/submissions/CIK##########.json,LOW,CHIPOTLE MEXICAN GRILL INC,Gaming & Entertainment,NYSE,True,234,5812,Retail-Eating Places,CMG
0001745201,Entertainment,CTRL_CAND_0030,candidate_pool,SEC company_tickers_exchange.json + SEC submissions SIC,https://www.sec.gov/files/company_tickers_exchange.json; https://data.sec.gov/submissions/CIK##########.json,LOW,Viking Holdings Ltd,Gaming & Entertainment,NYSE,True,237,4400,Water Transportation,VIK
0001900304,Apparel & Personal Care,CTRL_CAND_0031,candidate_pool,SEC company_tickers_exchange.json + SEC submissions SIC,https://www.sec.gov/files/company_tickers_exchange.json; https://data.sec.gov/submissions/CIK##########.json,HIGH,Haleon plc,Health & Beauty,NYSE,False,245,2844,"Perfumes, Cosmetics & Other Toilet Preparations",HLN
0001061736,Automotive,CTRL_CAND_0032,candidate_pool,SEC company_tickers_exchange.json + SEC submissions SIC,https://www.sec.gov/files/company_tickers_exchange.json; https://data.sec.gov/submissions/CIK##########.json,MEDIUM,MEXICAN ECONOMIC DEVELOPMENT INC,Automotive,NYSE,False,246,2086,Bottled & Canned Soft Drinks & Carbonated Waters,FMX
0001041061,Entertainment,CTRL_CAND_0033,candidate_pool,SEC company_tickers_exchange.json + SEC submissions SIC,https://www.sec.gov/files/company_tickers_exchange.json; https://data.sec.gov/submissions/CIK##########.json,LOW,YUM BRANDS INC,Gaming & Entertainment,NYSE,True,248,5812,Retail-Eating Places,YUM
0000100517,Entertainment,CTRL_CAND_0034,candidate_pool,SEC company_tickers_exchange.json + SEC submissions SIC,https://www.sec.gov/files/company_tickers_exchange.json; https://data.sec.gov/submissions/CIK##########.json,LOW,"United Airlines Holdings, Inc.",Gaming & Entertainment,Nasdaq,True,269,4512,"Air Transportation, Scheduled",UAL
0000815097,Entertainment,CTRL_CAND_0035,candidate_pool,SEC company_tickers_exchange.json + SEC submissions SIC,https://www.sec.gov/files/company_tickers_exchange.json; https://data.sec.gov/submissions/CIK##########.json,LOW,Carnival Corp Ltd.,Gaming & Entertainment,NYSE,True,278,4400,Water Transportation,CCL
0001944048,Apparel & Personal Care,CTRL_CAND_0036,candidate_pool,SEC company_tickers_exchange.json + SEC submissions SIC,https://www.sec.gov/files/company_tickers_exchange.json; https://data.sec.gov/submissions/CIK##########.json,HIGH,Kenvue Inc.,Health & Beauty,NYSE,False,282,2844,"Perfumes, Cosmetics & Other Toilet Preparations",KVUE
0001002047,Electronics & Technology,CTRL_CAND_0037,candidate_pool,SEC company_tickers_exchange.json + SEC submissions SIC,https://www.sec.gov/files/company_tickers_exchange.json; https://data.sec.gov/submissions/CIK##########.json,MEDIUM,"NetApp, Inc.",Computers & Tablets,Nasdaq,False,291,3572,Computer Storage Devices,NTAP
0001973266,Entertainment,CTRL_CAND_0038,candidate_pool,SEC company_tickers_exchange.json + SEC submissions SIC,https://www.sec.gov/files/company_tickers_exchange.json; https://data.sec.gov/submissions/CIK##########.json,MEDIUM,"TKO Group Holdings, Inc.",Gaming & Entertainment,NYSE,False,292,7900,Services-Amusement & Recreation Services,TKO
0001511737,Electronics & Technology,CTRL_CAND_0039,candidate_pool,SEC company_tickers_exchange.json + SEC submissions SIC,https://www.sec.gov/files/company_tickers_exchange.json; https://data.sec.gov/submissions/CIK##########.json,LOW,Ubiquiti Inc.,Phones & Smartwatches,NYSE,True,298,3663,Radio & Tv Broadcasting & Communications Equipment,UI
0000726958,Automotive,CTRL_CAND_0040,candidate_pool,SEC company_tickers_exchange.json + SEC submissions SIC,https://www.sec.gov/files/company_tickers_exchange.json; https://data.sec.gov/submissions/CIK##########.json,HIGH,CASEYS GENERAL STORES INC,Automotive,Nasdaq,False,308,5500,Retail-Auto Dealers & Gasoline Stations,CASY
0000717826,Electronics & Technology,CTRL_CAND_0041,candidate_pool,SEC company_tickers_exchange.json + SEC submissions SIC,https://www.sec.gov/files/company_tickers_exchange.json; https://data.sec.gov/submissions/CIK##########.json,LOW,ERICSSON LM TELEPHONE CO,Phones & Smartwatches,Nasdaq,True,310,3663,Radio & Tv Broadcasting & Communications Equipment,ERIC
0001038683,Entertainment,CTRL_CAND_0042,candidate_pool,SEC company_tickers_exchange.json + SEC submissions SIC,https://www.sec.gov/files/company_tickers_exchange.json; https://data.sec.gov/submissions/CIK##########.json,LOW,RYANAIR HOLDINGS PLC,Gaming & Entertainment,Nasdaq,True,321,4512,"Air Transportation, Scheduled",RYAAY
0001834584,Apparel & Personal Care,CTRL_CAND_0043,candidate_pool,SEC company_tickers_exchange.json + SEC submissions SIC,https://www.sec.gov/files/company_tickers_exchange.json; https://data.sec.gov/submissions/CIK##########.json,LOW,"Coupang, Inc.",Clothing & Accessories,NYSE,True,326,5961,Retail-Catalog & Mail-Order Houses,CPNG
0000900075,Automotive,CTRL_CAND_0044,candidate_pool,SEC company_tickers_exchange.json + SEC submissions SIC,https://www.sec.gov/files/company_tickers_exchange.json; https://data.sec.gov/submissions/CIK##########.json,HIGH,COPART INC,Automotive,Nasdaq,False,350,5500,Retail-Auto Dealers & Gasoline Stations,CPRT
0000935703,Apparel & Personal Care,CTRL_CAND_0045,candidate_pool,SEC company_tickers_exchange.json + SEC submissions SIC,https://www.sec.gov/files/company_tickers_exchange.json; https://data.sec.gov/submissions/CIK##########.json,LOW,"DOLLAR TREE, INC.",Clothing & Accessories,Nasdaq,True,368,5331,Retail-Variety Stores,DLTR
0000858446,Entertainment,CTRL_CAND_0046,candidate_pool,SEC company_tickers_exchange.json + SEC submissions SIC,https://www.sec.gov/files/company_tickers_exchange.json; https://data.sec.gov/submissions/CIK##########.json,LOW,INTERCONTINENTAL HOTELS GROUP PLC /NEW/,Gaming & Entertainment,NYSE,True,377,7011,Hotels & Motels,IHG
0000940944,Entertainment,CTRL_CAND_0047,candidate_pool,SEC company_tickers_exchange.json + SEC submissions SIC,https://www.sec.gov/files/company_tickers_exchange.json; https://data.sec.gov/submissions/CIK##########.json,LOW,DARDEN RESTAURANTS INC,Gaming & Entertainment,NYSE,True,386,5812,Retail-Eating Places,DRI
0001048695,Electronics & Technology,CTRL_CAND_0048,candidate_pool,SEC company_tickers_exchange.json + SEC submissions SIC,https://www.sec.gov/files/company_tickers_exchange.json; https://data.sec.gov/submissions/CIK##########.json,MEDIUM,"F5, INC.",Computers & Tablets,Nasdaq,False,391,3576,Computer Communications Equipment,FFIV
0001874178,Automotive,CTRL_CAND_0049,candidate_pool,SEC company_tickers_exchange.json + SEC submissions SIC,https://www.sec.gov/files/company_tickers_exchange.json; https://data.sec.gov/submissions/CIK##########.json,MEDIUM,"Rivian Automotive, Inc. / DE",Automotive,Nasdaq,False,397,3711,Motor Vehicles & Passenger Car Bodies,RIVN
0000092380,Entertainment,CTRL_CAND_0050,candidate_pool,SEC company_tickers_exchange.json + SEC submissions SIC,https://www.sec.gov/files/company_tickers_exchange.json; https://data.sec.gov/submissions/CIK##########.json,LOW,SOUTHWEST AIRLINES CO,Gaming & Entertainment,NYSE,True,404,4512,"Air Transportation, Scheduled",LUV
0000746515,Sports & Leisure,CTRL_CAND_0051,candidate_pool,SEC company_tickers_exchange.json + SEC submissions SIC,https://www.sec.gov/files/company_tickers_exchange.json; https://data.sec.gov/submissions/CIK##########.json,MEDIUM,EXPEDITORS INTERNATIONAL OF WASHINGTON INC,Sports & Outdoor,NYSE,False,405,4731,Arrangement of Transportation of Freight & Cargo,EXPD
0000749098,Automotive,CTRL_CAND_0052,candidate_pool,SEC company_tickers_exchange.json + SEC submissions SIC,https://www.sec.gov/files/company_tickers_exchange.json; https://data.sec.gov/submissions/CIK##########.json,MEDIUM,MAGNA INTERNATIONAL INC,Automotive,NYSE,False,445,3714,Motor Vehicle Parts & Accessories,MGA
0001375365,Electronics & Technology,CTRL_CAND_0053,candidate_pool,SEC company_tickers_exchange.json + SEC submissions SIC,https://www.sec.gov/files/company_tickers_exchange.json; https://data.sec.gov/submissions/CIK##########.json,MEDIUM,"Super Micro Computer, Inc.",Computers & Tablets,Nasdaq,False,449,3571,Electronic Computers,SMCI
0001043277,Sports & Leisure,CTRL_CAND_0054,candidate_pool,SEC company_tickers_exchange.json + SEC submissions SIC,https://www.sec.gov/files/company_tickers_exchange.json; https://data.sec.gov/submissions/CIK##########.json,MEDIUM,"C. H. ROBINSON WORLDWIDE, INC.",Sports & Outdoor,Nasdaq,False,461,4731,Arrangement of Transportation of Freight & Cargo,CHRW
0001605484,Automotive,CTRL_CAND_0055,candidate_pool,SEC company_tickers_exchange.json + SEC submissions SIC,https://www.sec.gov/files/company_tickers_exchange.json; https://data.sec.gov/submissions/CIK##########.json,MEDIUM,Stellantis N.V.,Automotive,NYSE,False,472,3711,Motor Vehicles & Passenger Car Bodies,STLA
0001673358,Entertainment,CTRL_CAND_0056,candidate_pool,SEC company_tickers_exchange.json + SEC submissions SIC,https://www.sec.gov/files/company_tickers_exchange.json; https://data.sec.gov/submissions/CIK##########.json,LOW,"Yum China Holdings, Inc.",Gaming & Entertainment,NYSE,True,480,5812,Retail-Eating Places,YUMC
0001584509,Entertainment,CTRL_CAND_0057,candidate_pool,SEC company_tickers_exchange.json + SEC submissions SIC,https://www.sec.gov/files/company_tickers_exchange.json; https://data.sec.gov/submissions/CIK##########.json,LOW,Aramark,Gaming & Entertainment,NYSE,True,509,5812,Retail-Eating Places,ARMK
0001019849,Automotive,CTRL_CAND_0058,candidate_pool,SEC company_tickers_exchange.json + SEC submissions SIC,https://www.sec.gov/files/company_tickers_exchange.json; https://data.sec.gov/submissions/CIK##########.json,HIGH,"PENSKE AUTOMOTIVE GROUP, INC.",Automotive,NYSE,False,530,5500,Retail-Auto Dealers & Gasoline Stations,PAG
0001206264,Home & Appliances,CTRL_CAND_0059,candidate_pool,SEC company_tickers_exchange.json + SEC submissions SIC,https://www.sec.gov/files/company_tickers_exchange.json; https://data.sec.gov/submissions/CIK##########.json,MEDIUM,SOMNIGROUP INTERNATIONAL INC.,Home & Appliances,NYSE,False,543,2510,Household Furniture,SGI
0001289460,Entertainment,CTRL_CAND_0060,candidate_pool,SEC company_tickers_exchange.json + SEC submissions SIC,https://www.sec.gov/files/company_tickers_exchange.json; https://data.sec.gov/submissions/CIK##########.json,LOW,"Texas Roadhouse, Inc.",Gaming & Entertainment,Nasdaq,True,553,5812,Retail-Eating Places,TXRH
0001319161,Entertainment,CTRL_CAND_0061,candidate_pool,SEC company_tickers_exchange.json + SEC submissions SIC,https://www.sec.gov/files/company_tickers_exchange.json; https://data.sec.gov/submissions/CIK##########.json,MEDIUM,Warner Music Group Corp.,Gaming & Entertainment,Nasdaq,False,554,7900,Services-Amusement & Recreation Services,WMG
0001791706,Automotive,CTRL_CAND_0062,candidate_pool,SEC company_tickers_exchange.json + SEC submissions SIC,https://www.sec.gov/files/company_tickers_exchange.json; https://data.sec.gov/submissions/CIK##########.json,MEDIUM,Li Auto Inc.,Automotive,Nasdaq,False,563,3711,Motor Vehicles & Passenger Car Bodies,LI
0001483994,Entertainment,CTRL_CAND_0063,candidate_pool,SEC company_tickers_exchange.json + SEC submissions SIC,https://www.sec.gov/files/company_tickers_exchange.json; https://data.sec.gov/submissions/CIK##########.json,LOW,H World Group Ltd,Gaming & Entertainment,Nasdaq,True,569,7011,Hotels & Motels,HTHT
0000317540,Automotive,CTRL_CAND_0064,candidate_pool,SEC company_tickers_exchange.json + SEC submissions SIC,https://www.sec.gov/files/company_tickers_exchange.json; https://data.sec.gov/submissions/CIK##########.json,MEDIUM,"Coca-Cola Consolidated, Inc.",Automotive,Nasdaq,False,595,2086,Bottled & Canned Soft Drinks & Carbonated Waters,COKE
0001810997,Automotive,CTRL_CAND_0065,candidate_pool,SEC company_tickers_exchange.json + SEC submissions SIC,https://www.sec.gov/files/company_tickers_exchange.json; https://data.sec.gov/submissions/CIK##########.json,MEDIUM,XPENG INC.,Automotive,NYSE,False,597,3711,Motor Vehicles & Passenger Car Bodies,XPEV
0001521332,Automotive,CTRL_CAND_0066,candidate_pool,SEC company_tickers_exchange.json + SEC submissions SIC,https://www.sec.gov/files/company_tickers_exchange.json; https://data.sec.gov/submissions/CIK##########.json,MEDIUM,Aptiv PLC,Automotive,NYSE,False,611,3714,Motor Vehicle Parts & Accessories,APTV
0001883685,Entertainment,CTRL_CAND_0067,candidate_pool,SEC company_tickers_exchange.json + SEC submissions SIC,https://www.sec.gov/files/company_tickers_exchange.json; https://data.sec.gov/submissions/CIK##########.json,MEDIUM,DraftKings Inc.,Gaming & Entertainment,Nasdaq,False,622,7990,Services-Miscellaneous Amusement & Recreation,DKNG
0001866581,Entertainment,CTRL_CAND_0068,candidate_pool,SEC company_tickers_exchange.json + SEC submissions SIC,https://www.sec.gov/files/company_tickers_exchange.json; https://data.sec.gov/submissions/CIK##########.json,LOW,Dutch Bros Inc.,Gaming & Entertainment,NYSE,True,623,5810,Retail-Eating & Drinking Places,BROS
0001573516,Automotive,CTRL_CAND_0069,candidate_pool,SEC company_tickers_exchange.json + SEC submissions SIC,https://www.sec.gov/files/company_tickers_exchange.json; https://data.sec.gov/submissions/CIK##########.json,HIGH,Murphy USA Inc.,Automotive,NYSE,False,631,5500,Retail-Auto Dealers & Gasoline Stations,MUSA
0000067347,Automotive,CTRL_CAND_0070,candidate_pool,SEC company_tickers_exchange.json + SEC submissions SIC,https://www.sec.gov/files/company_tickers_exchange.json; https://data.sec.gov/submissions/CIK##########.json,MEDIUM,MODINE MANUFACTURING CO,Automotive,NYSE,False,648,3714,Motor Vehicle Parts & Accessories,MOD
0001061894,Apparel & Personal Care,CTRL_CAND_0071,candidate_pool,SEC company_tickers_exchange.json + SEC submissions SIC,https://www.sec.gov/files/company_tickers_exchange.json; https://data.sec.gov/submissions/CIK##########.json,MEDIUM,Gildan Activewear Inc.,Clothing & Accessories,NYSE,False,662,2300,Apparel & Other Finishd Prods of Fabrics & Similar Matl,GIL
0001174922,Entertainment,CTRL_CAND_0072,candidate_pool,SEC company_tickers_exchange.json + SEC submissions SIC,https://www.sec.gov/files/company_tickers_exchange.json; https://data.sec.gov/submissions/CIK##########.json,LOW,WYNN RESORTS LTD,Gaming & Entertainment,Nasdaq,True,666,7011,Hotels & Motels,WYNN
0001869198,Entertainment,CTRL_CAND_0073,candidate_pool,SEC company_tickers_exchange.json + SEC submissions SIC,https://www.sec.gov/files/company_tickers_exchange.json; https://data.sec.gov/submissions/CIK##########.json,MEDIUM,"Life Time Group Holdings, Inc.",Gaming & Entertainment,NYSE,False,674,7997,Services-Membership Sports & Recreation Clubs,LTH
0001767582,Entertainment,CTRL_CAND_0074,candidate_pool,SEC company_tickers_exchange.json + SEC submissions SIC,https://www.sec.gov/files/company_tickers_exchange.json; https://data.sec.gov/submissions/CIK##########.json,LOW,Luckin Coffee Inc.,Gaming & Entertainment,OTC,True,682,5810,Retail-Eating & Drinking Places,LKNCY
0000094845,Apparel & Personal Care,CTRL_CAND_0075,candidate_pool,SEC company_tickers_exchange.json + SEC submissions SIC,https://www.sec.gov/files/company_tickers_exchange.json; https://data.sec.gov/submissions/CIK##########.json,MEDIUM,LEVI STRAUSS & CO,Clothing & Accessories,NYSE,False,693,2300,Apparel & Other Finishd Prods of Fabrics & Similar Matl,LEVI
0001636519,Entertainment,CTRL_CAND_0076,candidate_pool,SEC company_tickers_exchange.json + SEC submissions SIC,https://www.sec.gov/files/company_tickers_exchange.json; https://data.sec.gov/submissions/CIK##########.json,MEDIUM,Madison Square Garden Sports Corp.,Gaming & Entertainment,NYSE,False,695,7990,Services-Miscellaneous Amusement & Recreation,MSGS
0001411207,Automotive,CTRL_CAND_0077,candidate_pool,SEC company_tickers_exchange.json + SEC submissions SIC,https://www.sec.gov/files/company_tickers_exchange.json; https://data.sec.gov/submissions/CIK##########.json,MEDIUM,Allison Transmission Holdings Inc,Automotive,NYSE,False,696,3714,Motor Vehicle Parts & Accessories,ALSN
0000703351,Entertainment,CTRL_CAND_0078,candidate_pool,SEC company_tickers_exchange.json + SEC submissions SIC,https://www.sec.gov/files/company_tickers_exchange.json; https://data.sec.gov/submissions/CIK##########.json,LOW,"BRINKER INTERNATIONAL, INC",Gaming & Entertainment,NYSE,True,710,5812,Retail-Eating Places,EAT
0001034670,Automotive,CTRL_CAND_0079,candidate_pool,SEC company_tickers_exchange.json + SEC submissions SIC,https://www.sec.gov/files/company_tickers_exchange.json; https://data.sec.gov/submissions/CIK##########.json,MEDIUM,AUTOLIV INC,Automotive,NYSE,False,716,3714,Motor Vehicle Parts & Accessories,ALV
0000775158,Automotive,CTRL_CAND_0080,candidate_pool,SEC company_tickers_exchange.json + SEC submissions SIC,https://www.sec.gov/files/company_tickers_exchange.json; https://data.sec.gov/submissions/CIK##########.json,MEDIUM,OSHKOSH CORP,Automotive,NYSE,False,723,3711,Motor Vehicles & Passenger Car Bodies,OSK
0002078416,Entertainment,CTRL_CAND_0081,candidate_pool,SEC company_tickers_exchange.json + SEC submissions SIC,https://www.sec.gov/files/company_tickers_exchange.json; https://data.sec.gov/submissions/CIK##########.json,MEDIUM,"Liberty Live Holdings, Inc.",Gaming & Entertainment,Nasdaq,False,725,7900,Services-Amusement & Recreation Services,LLYVA
0000913290,Entertainment,CTRL_CAND_0082,candidate_pool,SEC company_tickers_exchange.json + SEC submissions SIC,https://www.sec.gov/files/company_tickers_exchange.json; https://data.sec.gov/submissions/CIK##########.json,LOW,Frontline plc,Gaming & Entertainment,NYSE,True,726,4412,Deep Sea Foreign Transportation of Freight,FRO
0001023128,Automotive,CTRL_CAND_0083,candidate_pool,SEC company_tickers_exchange.json + SEC submissions SIC,https://www.sec.gov/files/company_tickers_exchange.json; https://data.sec.gov/submissions/CIK##########.json,HIGH,LITHIA MOTORS INC,Automotive,NYSE,False,742,5500,Retail-Auto Dealers & Gasoline Stations,LAD
0001513761,Entertainment,CTRL_CAND_0084,candidate_pool,SEC company_tickers_exchange.json + SEC submissions SIC,https://www.sec.gov/files/company_tickers_exchange.json; https://data.sec.gov/submissions/CIK##########.json,LOW,Norwegian Cruise Line Holdings Ltd.,Gaming & Entertainment,NYSE,True,743,4400,Water Transportation,NCLH
0001639438,Entertainment,CTRL_CAND_0085,candidate_pool,SEC company_tickers_exchange.json + SEC submissions SIC,https://www.sec.gov/files/company_tickers_exchange.json; https://data.sec.gov/submissions/CIK##########.json,LOW,"CAVA GROUP, INC.",Gaming & Entertainment,NYSE,True,790,5812,Retail-Eating Places,CAVA
0001341766,Automotive,CTRL_CAND_0086,candidate_pool,SEC company_tickers_exchange.json + SEC submissions SIC,https://www.sec.gov/files/company_tickers_exchange.json; https://data.sec.gov/submissions/CIK##########.json,MEDIUM,"Celsius Holdings, Inc.",Automotive,Nasdaq,False,802,2086,Bottled & Canned Soft Drinks & Carbonated Waters,CELH
0001529192,Apparel & Personal Care,CTRL_CAND_0087,candidate_pool,SEC company_tickers_exchange.json + SEC submissions SIC,https://www.sec.gov/files/company_tickers_exchange.json; https://data.sec.gov/submissions/CIK##########.json,LOW,Vipshop Holdings Ltd,Clothing & Accessories,NYSE,True,806,5961,Retail-Catalog & Mail-Order Houses,VIPS
0001836833,Electronics & Technology,CTRL_CAND_0088,candidate_pool,SEC company_tickers_exchange.json + SEC submissions SIC,https://www.sec.gov/files/company_tickers_exchange.json; https://data.sec.gov/submissions/CIK##########.json,LOW,Planet Labs PBC,Phones & Smartwatches,NYSE,True,809,3663,Radio & Tv Broadcasting & Communications Equipment,PL
0001913510,Automotive,CTRL_CAND_0089,candidate_pool,SEC company_tickers_exchange.json + SEC submissions SIC,https://www.sec.gov/files/company_tickers_exchange.json; https://data.sec.gov/submissions/CIK##########.json,MEDIUM,VinFast Auto Ltd.,Automotive,Nasdaq,False,812,3711,Motor Vehicles & Passenger Car Bodies,VFS
0001878057,Entertainment,CTRL_CAND_0090,candidate_pool,SEC company_tickers_exchange.json + SEC submissions SIC,https://www.sec.gov/files/company_tickers_exchange.json; https://data.sec.gov/submissions/CIK##########.json,MEDIUM,Super Group (SGHC) Ltd,Gaming & Entertainment,NYSE,False,820,7990,Services-Miscellaneous Amusement & Recreation,SGHC
0001316835,Home & Appliances,CTRL_CAND_0091,candidate_pool,SEC company_tickers_exchange.json + SEC submissions SIC,https://www.sec.gov/files/company_tickers_exchange.json; https://data.sec.gov/submissions/CIK##########.json,HIGH,"Builders FirstSource, Inc.",Home Improvement,NYSE,False,823,5211,Retail-Lumber & Other Building Materials Dealers,BLDR
0000056047,Entertainment,CTRL_CAND_0092,candidate_pool,SEC company_tickers_exchange.json + SEC submissions SIC,https://www.sec.gov/files/company_tickers_exchange.json; https://data.sec.gov/submissions/CIK##########.json,LOW,KIRBY CORP,Gaming & Entertainment,NYSE,True,824,4400,Water Transportation,KEX
0000350698,Automotive,CTRL_CAND_0093,candidate_pool,SEC company_tickers_exchange.json + SEC submissions SIC,https://www.sec.gov/files/company_tickers_exchange.json; https://data.sec.gov/submissions/CIK##########.json,HIGH,"AUTONATION, INC.",Automotive,NYSE,False,825,5500,Retail-Auto Dealers & Gasoline Stations,AN
0001653653,Entertainment,CTRL_CAND_0094,candidate_pool,SEC company_tickers_exchange.json + SEC submissions SIC,https://www.sec.gov/files/company_tickers_exchange.json; https://data.sec.gov/submissions/CIK##########.json,LOW,"Red Rock Resorts, Inc.",Gaming & Entertainment,Nasdaq,True,849,7011,Hotels & Motels,RRR
0000906553,Entertainment,CTRL_CAND_0095,candidate_pool,SEC company_tickers_exchange.json + SEC submissions SIC,https://www.sec.gov/files/company_tickers_exchange.json; https://data.sec.gov/submissions/CIK##########.json,LOW,BOYD GAMING CORP,Gaming & Entertainment,NYSE,True,864,7011,Hotels & Motels,BYD
0001507079,Home & Appliances,CTRL_CAND_0096,candidate_pool,SEC company_tickers_exchange.json + SEC submissions SIC,https://www.sec.gov/files/company_tickers_exchange.json; https://data.sec.gov/submissions/CIK##########.json,HIGH,"Floor & Decor Holdings, Inc.",Home Improvement,NYSE,False,871,5211,Retail-Lumber & Other Building Materials Dealers,FND
0001793659,Entertainment,CTRL_CAND_0097,candidate_pool,SEC company_tickers_exchange.json + SEC submissions SIC,https://www.sec.gov/files/company_tickers_exchange.json; https://data.sec.gov/submissions/CIK##########.json,MEDIUM,"Rush Street Interactive, Inc.",Gaming & Entertainment,NYSE,False,875,7990,Services-Miscellaneous Amusement & Recreation,RSI
0000040211,Sports & Leisure,CTRL_CAND_0098,candidate_pool,SEC company_tickers_exchange.json + SEC submissions SIC,https://www.sec.gov/files/company_tickers_exchange.json; https://data.sec.gov/submissions/CIK##########.json,MEDIUM,GATX CORP,Sports & Outdoor,NYSE,False,880,4700,Transportation Services,GATX
0001012019,Automotive,CTRL_CAND_0099,candidate_pool,SEC company_tickers_exchange.json + SEC submissions SIC,https://www.sec.gov/files/company_tickers_exchange.json; https://data.sec.gov/submissions/CIK##########.json,HIGH,RUSH ENTERPRISES INC \TX\,Automotive,Nasdaq,False,886,5500,Retail-Auto Dealers & Gasoline Stations,RUSHA
0000003453,Entertainment,CTRL_CAND_0100,candidate_pool,SEC company_tickers_exchange.json + SEC submissions SIC,https://www.sec.gov/files/company_tickers_exchange.json; https://data.sec.gov/submissions/CIK##########.json,LOW,"Matson, Inc.",Gaming & Entertainment,NYSE,True,892,4400,Water Transportation,MATX
0001590895,Entertainment,CTRL_CAND_0101,candidate_pool,SEC company_tickers_exchange.json + SEC submissions SIC,https://www.sec.gov/files/company_tickers_exchange.json; https://data.sec.gov/submissions/CIK##########.json,LOW,"Caesars Entertainment, Inc.",Gaming & Entertainment,Nasdaq,True,899,7011,Hotels & Motels,CZR
0001041803,Apparel & Personal Care,CTRL_CAND_0102,candidate_pool,SEC company_tickers_exchange.json + SEC submissions SIC,https://www.sec.gov/files/company_tickers_exchange.json; https://data.sec.gov/submissions/CIK##########.json,LOW,PRICESMART INC,Clothing & Accessories,Nasdaq,True,904,5331,Retail-Variety Stores,PSMT
0000020212,Entertainment,CTRL_CAND_0103,candidate_pool,SEC company_tickers_exchange.json + SEC submissions SIC,https://www.sec.gov/files/company_tickers_exchange.json; https://data.sec.gov/submissions/CIK##########.json,MEDIUM,Churchill Downs Inc,Gaming & Entertainment,Nasdaq,False,914,7948,"Services-Racing, Including Track Operation",CHDN
0001345105,Entertainment,CTRL_CAND_0104,candidate_pool,SEC company_tickers_exchange.json + SEC submissions SIC,https://www.sec.gov/files/company_tickers_exchange.json; https://data.sec.gov/submissions/CIK##########.json,LOW,"Copa Holdings, S.A.",Gaming & Entertainment,NYSE,True,924,4512,"Air Transportation, Scheduled",CPA
0001735707,Automotive,CTRL_CAND_0105,candidate_pool,SEC company_tickers_exchange.json + SEC submissions SIC,https://www.sec.gov/files/company_tickers_exchange.json; https://data.sec.gov/submissions/CIK##########.json,MEDIUM,Garrett Motion Inc.,Automotive,Nasdaq,False,925,3714,Motor Vehicle Parts & Accessories,GTX
0001852244,Sports & Leisure,CTRL_CAND_0106,candidate_pool,SEC company_tickers_exchange.json + SEC submissions SIC,https://www.sec.gov/files/company_tickers_exchange.json; https://data.sec.gov/submissions/CIK##########.json,MEDIUM,"GXO Logistics, Inc.",Sports & Outdoor,NYSE,False,926,4700,Transportation Services,GXO
0001722684,Entertainment,CTRL_CAND_0107,candidate_pool,SEC company_tickers_exchange.json + SEC submissions SIC,https://www.sec.gov/files/company_tickers_exchange.json; https://data.sec.gov/submissions/CIK##########.json,LOW,"WYNDHAM HOTELS & RESORTS, INC.",Gaming & Entertainment,NYSE,True,940,7011,Hotels & Motels,WH
0001495153,Sports & Leisure,CTRL_CAND_0108,candidate_pool,SEC company_tickers_exchange.json + SEC submissions SIC,https://www.sec.gov/files/company_tickers_exchange.json; https://data.sec.gov/submissions/CIK##########.json,MEDIUM,MakeMyTrip Ltd,Sports & Outdoor,Nasdaq,False,957,4700,Transportation Services,MMYT
0000812011,Entertainment,CTRL_CAND_0109,candidate_pool,SEC company_tickers_exchange.json + SEC submissions SIC,https://www.sec.gov/files/company_tickers_exchange.json; https://data.sec.gov/submissions/CIK##########.json,MEDIUM,VAIL RESORTS INC,Gaming & Entertainment,NYSE,False,958,7990,Services-Miscellaneous Amusement & Recreation,MTN
0000766421,Entertainment,CTRL_CAND_0110,candidate_pool,SEC company_tickers_exchange.json + SEC submissions SIC,https://www.sec.gov/files/company_tickers_exchange.json; https://data.sec.gov/submissions/CIK##########.json,LOW,"ALASKA AIR GROUP, INC.",Gaming & Entertainment,NYSE,True,960,4512,"Air Transportation, Scheduled",ALK
0001795250,Entertainment,CTRL_CAND_0111,candidate_pool,SEC company_tickers_exchange.json + SEC submissions SIC,https://www.sec.gov/files/company_tickers_exchange.json; https://data.sec.gov/submissions/CIK##########.json,MEDIUM,Sphere Entertainment Co.,Gaming & Entertainment,NYSE,False,971,7900,Services-Amusement & Recreation Services,SPHR
0000887596,Entertainment,CTRL_CAND_0112,candidate_pool,SEC company_tickers_exchange.json + SEC submissions SIC,https://www.sec.gov/files/company_tickers_exchange.json; https://data.sec.gov/submissions/CIK##########.json,LOW,CHEESECAKE FACTORY INC,Gaming & Entertainment,Nasdaq,True,985,5812,Retail-Eating Places,CAKE
0001046311,Entertainment,CTRL_CAND_0113,candidate_pool,SEC company_tickers_exchange.json + SEC submissions SIC,https://www.sec.gov/files/company_tickers_exchange.json; https://data.sec.gov/submissions/CIK##########.json,LOW,CHOICE HOTELS INTERNATIONAL INC /DE,Gaming & Entertainment,NYSE,True,989,7011,Hotels & Motels,CHH
0000355811,Automotive,CTRL_CAND_0114,candidate_pool,SEC company_tickers_exchange.json + SEC submissions SIC,https://www.sec.gov/files/company_tickers_exchange.json; https://data.sec.gov/submissions/CIK##########.json,MEDIUM,GENTEX CORP,Automotive,Nasdaq,False,1001,3714,Motor Vehicle Parts & Accessories,GNTX
0001207179,Entertainment,CTRL_CAND_0115,candidate_pool,SEC company_tickers_exchange.json + SEC submissions SIC,https://www.sec.gov/files/company_tickers_exchange.json; https://data.sec.gov/submissions/CIK##########.json,LOW,GOLAR LNG LTD,Gaming & Entertainment,Nasdaq,True,1004,4400,Water Transportation,GLNG
0001820872,Sports & Leisure,CTRL_CAND_0116,candidate_pool,SEC company_tickers_exchange.json + SEC submissions SIC,https://www.sec.gov/files/company_tickers_exchange.json; https://data.sec.gov/submissions/CIK##########.json,MEDIUM,"Global Business Travel Group, Inc.",Sports & Outdoor,NYSE,False,1010,4700,Transportation Services,GBTG
0001600033,Apparel & Personal Care,CTRL_CAND_0117,candidate_pool,SEC company_tickers_exchange.json + SEC submissions SIC,https://www.sec.gov/files/company_tickers_exchange.json; https://data.sec.gov/submissions/CIK##########.json,HIGH,"e.l.f. Beauty, Inc.",Health & Beauty,NYSE,False,1016,2844,"Perfumes, Cosmetics & Other Toilet Preparations",ELF
0001679049,Entertainment,CTRL_CAND_0118,candidate_pool,SEC company_tickers_exchange.json + SEC submissions SIC,https://www.sec.gov/files/company_tickers_exchange.json; https://data.sec.gov/submissions/CIK##########.json,LOW,"International Seaways, Inc.",Gaming & Entertainment,NYSE,True,1027,4400,Water Transportation,INSW
0001853717,Entertainment,CTRL_CAND_0119,candidate_pool,SEC company_tickers_exchange.json + SEC submissions SIC,https://www.sec.gov/files/company_tickers_exchange.json; https://data.sec.gov/submissions/CIK##########.json,LOW,Atour Lifestyle Holdings Ltd,Gaming & Entertainment,Nasdaq,True,1028,7011,Hotels & Motels,ATAT
0001604481,Entertainment,CTRL_CAND_0120,candidate_pool,SEC company_tickers_exchange.json + SEC submissions SIC,https://www.sec.gov/files/company_tickers_exchange.json; https://data.sec.gov/submissions/CIK##########.json,LOW,CMB.TECH NV,Gaming & Entertainment,NYSE,True,1034,4412,Deep Sea Foreign Transportation of Freight,CMBT
0001760965,Apparel & Personal Care,CTRL_CAND_0121,candidate_pool,SEC company_tickers_exchange.json + SEC submissions SIC,https://www.sec.gov/files/company_tickers_exchange.json; https://data.sec.gov/submissions/CIK##########.json,MEDIUM,"Kontoor Brands, Inc.",Clothing & Accessories,NYSE,False,1040,2320,"Men's & Boys' Furnishgs, Work Clothg, & Allied Garments",KTB
0001811935,Apparel & Personal Care,CTRL_CAND_0122,candidate_pool,SEC company_tickers_exchange.json + SEC submissions SIC,https://www.sec.gov/files/company_tickers_exchange.json; https://data.sec.gov/submissions/CIK##########.json,LOW,Pattern Group Inc.,Clothing & Accessories,Nasdaq,True,1042,5961,Retail-Catalog & Mail-Order Houses,PTRN
0001361658,Entertainment,CTRL_CAND_0123,candidate_pool,SEC company_tickers_exchange.json + SEC submissions SIC,https://www.sec.gov/files/company_tickers_exchange.json; https://data.sec.gov/submissions/CIK##########.json,LOW,Travel & Leisure Co.,Gaming & Entertainment,NYSE,True,1044,7011,Hotels & Motels,TNL
0001610250,Apparel & Personal Care,CTRL_CAND_0124,candidate_pool,SEC company_tickers_exchange.json + SEC submissions SIC,https://www.sec.gov/files/company_tickers_exchange.json; https://data.sec.gov/submissions/CIK##########.json,HIGH,"Boot Barn Holdings, Inc.",Clothing & Accessories,NYSE,False,1054,5661,Retail-Shoe Stores,BOOT
0001639300,Apparel & Personal Care,CTRL_CAND_0125,candidate_pool,SEC company_tickers_exchange.json + SEC submissions SIC,https://www.sec.gov/files/company_tickers_exchange.json; https://data.sec.gov/submissions/CIK##########.json,LOW,"Ollie's Bargain Outlet Holdings, Inc.",Clothing & Accessories,Nasdaq,True,1071,5331,Retail-Variety Stores,OLLI
0001637207,Entertainment,CTRL_CAND_0126,candidate_pool,SEC company_tickers_exchange.json + SEC submissions SIC,https://www.sec.gov/files/company_tickers_exchange.json; https://data.sec.gov/submissions/CIK##########.json,MEDIUM,"Planet Fitness, Inc.",Gaming & Entertainment,NYSE,False,1077,7997,Services-Membership Sports & Recreation Clubs,PLNT
0000063276,Kids & Toys,CTRL_CAND_0127,candidate_pool,SEC company_tickers_exchange.json + SEC submissions SIC,https://www.sec.gov/files/company_tickers_exchange.json; https://data.sec.gov/submissions/CIK##########.json,MEDIUM,MATTEL INC /DE/,Toys & Hobbies,Nasdaq,False,1079,3942,Dolls & Stuffed Toys,MAT
0001144980,Automotive,CTRL_CAND_0128,candidate_pool,SEC company_tickers_exchange.json + SEC submissions SIC,https://www.sec.gov/files/company_tickers_exchange.json; https://data.sec.gov/submissions/CIK##########.json,HIGH,ASBURY AUTOMOTIVE GROUP INC,Automotive,NYSE,False,1089,5500,Retail-Auto Dealers & Gasoline Stations,ABG
0000793733,Entertainment,CTRL_CAND_0129,candidate_pool,SEC company_tickers_exchange.json + SEC submissions SIC,https://www.sec.gov/files/company_tickers_exchange.json; https://data.sec.gov/submissions/CIK##########.json,LOW,SKYWEST INC,Gaming & Entertainment,Nasdaq,True,1091,4512,"Air Transportation, Scheduled",SKYW
0001921963,Automotive,CTRL_CAND_0130,candidate_pool,SEC company_tickers_exchange.json + SEC submissions SIC,https://www.sec.gov/files/company_tickers_exchange.json; https://data.sec.gov/submissions/CIK##########.json,MEDIUM,Atmus Filtration Technologies Inc.,Automotive,NYSE,False,1094,3714,Motor Vehicle Parts & Accessories,ATMU
0001646188,Electronics & Technology,CTRL_CAND_0131,candidate_pool,SEC company_tickers_exchange.json + SEC submissions SIC,https://www.sec.gov/files/company_tickers_exchange.json; https://data.sec.gov/submissions/CIK##########.json,LOW,Ondas Inc.,Phones & Smartwatches,Nasdaq,True,1096,3663,Radio & Tv Broadcasting & Communications Equipment,ONDS
0001385280,Entertainment,CTRL_CAND_0132,candidate_pool,SEC company_tickers_exchange.json + SEC submissions SIC,https://www.sec.gov/files/company_tickers_exchange.json; https://data.sec.gov/submissions/CIK##########.json,MEDIUM,"Cinemark Holdings, Inc.",Gaming & Entertainment,NYSE,False,1099,7830,Services-Motion Picture Theaters,CNK
0001395942,Automotive,CTRL_CAND_0133,candidate_pool,SEC company_tickers_exchange.json + SEC submissions SIC,https://www.sec.gov/files/company_tickers_exchange.json; https://data.sec.gov/submissions/CIK##########.json,HIGH,"OPENLANE, Inc.",Automotive,NYSE,False,1101,5500,Retail-Auto Dealers & Gasoline Stations,OPLN
0000822663,Apparel & Personal Care,CTRL_CAND_0134,candidate_pool,SEC company_tickers_exchange.json + SEC submissions SIC,https://www.sec.gov/files/company_tickers_exchange.json; https://data.sec.gov/submissions/CIK##########.json,HIGH,INTERPARFUMS INC,Health & Beauty,Nasdaq,False,1119,2844,"Perfumes, Cosmetics & Other Toilet Preparations",IPAR
0000868780,Automotive,CTRL_CAND_0135,candidate_pool,SEC company_tickers_exchange.json + SEC submissions SIC,https://www.sec.gov/files/company_tickers_exchange.json; https://data.sec.gov/submissions/CIK##########.json,MEDIUM,"Dorman Products, Inc.",Automotive,Nasdaq,False,1121,3714,Motor Vehicle Parts & Accessories,DORM
0002052959,Entertainment,CTRL_CAND_0136,candidate_pool,SEC company_tickers_exchange.json + SEC submissions SIC,https://www.sec.gov/files/company_tickers_exchange.json; https://data.sec.gov/submissions/CIK##########.json,MEDIUM,Lionsgate Studios Corp.,Gaming & Entertainment,NYSE,False,1126,7812,Services-Motion Picture & Video Tape Production,LION
0001877787,Apparel & Personal Care,CTRL_CAND_0137,candidate_pool,SEC company_tickers_exchange.json + SEC submissions SIC,https://www.sec.gov/files/company_tickers_exchange.json; https://data.sec.gov/submissions/CIK##########.json,MEDIUM,Ermenegildo Zegna N.V.,Clothing & Accessories,NYSE,False,1127,2300,Apparel & Other Finishd Prods of Fabrics & Similar Matl,ZGN
0000932696,Apparel & Personal Care,CTRL_CAND_0138,candidate_pool,SEC company_tickers_exchange.json + SEC submissions SIC,https://www.sec.gov/files/company_tickers_exchange.json; https://data.sec.gov/submissions/CIK##########.json,LOW,INSIGHT ENTERPRISES INC,Clothing & Accessories,Nasdaq,True,1135,5961,Retail-Catalog & Mail-Order Houses,NSIT
0001815846,Apparel & Personal Care,CTRL_CAND_0139,candidate_pool,SEC company_tickers_exchange.json + SEC submissions SIC,https://www.sec.gov/files/company_tickers_exchange.json; https://data.sec.gov/submissions/CIK##########.json,LOW,MINISO Group Holding Ltd,Clothing & Accessories,NYSE,True,1137,5331,Retail-Variety Stores,MNSO
0001483934,Entertainment,CTRL_CAND_0140,candidate_pool,SEC company_tickers_exchange.json + SEC submissions SIC,https://www.sec.gov/files/company_tickers_exchange.json; https://data.sec.gov/submissions/CIK##########.json,LOW,Scorpio Tankers Inc.,Gaming & Entertainment,NYSE,True,1143,4412,Deep Sea Foreign Transportation of Freight,STNG
0001815779,Sports & Leisure,CTRL_CAND_0141,candidate_pool,SEC company_tickers_exchange.json + SEC submissions SIC,https://www.sec.gov/files/company_tickers_exchange.json; https://data.sec.gov/submissions/CIK##########.json,MEDIUM,Hafnia Ltd,Sports & Outdoor,NYSE,False,1147,4700,Transportation Services,HAFN
0000098222,Entertainment,CTRL_CAND_0142,candidate_pool,SEC company_tickers_exchange.json + SEC submissions SIC,https://www.sec.gov/files/company_tickers_exchange.json; https://data.sec.gov/submissions/CIK##########.json,LOW,TIDEWATER INC,Gaming & Entertainment,NYSE,True,1167,4400,Water Transportation,TDW
0001952073,Entertainment,CTRL_CAND_0143,candidate_pool,SEC company_tickers_exchange.json + SEC submissions SIC,https://www.sec.gov/files/company_tickers_exchange.json; https://data.sec.gov/submissions/CIK##########.json,MEDIUM,Madison Square Garden Entertainment Corp.,Gaming & Entertainment,NYSE,False,1182,7990,Services-Miscellaneous Amusement & Recreation,MSGE
0000925261,Automotive,CTRL_CAND_0144,candidate_pool,SEC company_tickers_exchange.json + SEC submissions SIC,https://www.sec.gov/files/company_tickers_exchange.json; https://data.sec.gov/submissions/CIK##########.json,MEDIUM,ANDINA BOTTLING CO INC,Automotive,NYSE,False,1185,2086,Bottled & Canned Soft Drinks & Carbonated Waters,AKO-A
0001636222,Entertainment,CTRL_CAND_0145,candidate_pool,SEC company_tickers_exchange.json + SEC submissions SIC,https://www.sec.gov/files/company_tickers_exchange.json; https://data.sec.gov/submissions/CIK##########.json,LOW,Wingstop Inc.,Gaming & Entertainment,Nasdaq,True,1186,5812,Retail-Eating Places,WING
0001958140,Entertainment,CTRL_CAND_0146,candidate_pool,SEC company_tickers_exchange.json + SEC submissions SIC,https://www.sec.gov/files/company_tickers_exchange.json; https://data.sec.gov/submissions/CIK##########.json,MEDIUM,"Atlanta Braves Holdings, Inc.",Gaming & Entertainment,Nasdaq,False,1198,7900,Services-Amusement & Recreation Services,BATRA
0001974138,Electronics & Technology,CTRL_CAND_0147,candidate_pool,SEC company_tickers_exchange.json + SEC submissions SIC,https://www.sec.gov/files/company_tickers_exchange.json; https://data.sec.gov/submissions/CIK##########.json,MEDIUM,NCR Atleos Corp,Computers & Tablets,NYSE,False,1199,3578,Calculating & Accounting Machines (No Electronic Computers),NATL
0000913241,Apparel & Personal Care,CTRL_CAND_0148,candidate_pool,SEC company_tickers_exchange.json + SEC submissions SIC,https://www.sec.gov/files/company_tickers_exchange.json; https://data.sec.gov/submissions/CIK##########.json,MEDIUM,"STEVEN MADDEN, LTD.",Clothing & Accessories,Nasdaq,False,1205,3140,"Footwear, (No Rubber)",SHOO
0001649313,Sports & Leisure,CTRL_CAND_0149,candidate_pool,SEC company_tickers_exchange.json + SEC submissions SIC,https://www.sec.gov/files/company_tickers_exchange.json; https://data.sec.gov/submissions/CIK##########.json,MEDIUM,BW LPG Ltd,Sports & Outdoor,NYSE,False,1206,4700,Transportation Services,BWLP
0001929561,Sports & Leisure,CTRL_CAND_0150,candidate_pool,SEC company_tickers_exchange.json + SEC submissions SIC,https://www.sec.gov/files/company_tickers_exchange.json; https://data.sec.gov/submissions/CIK##########.json,MEDIUM,"RXO, Inc.",Sports & Outdoor,NYSE,False,1213,4700,Transportation Services,RXO
0000837465,Kids & Toys,CTRL_CAND_0151,candidate_pool,SEC company_tickers_exchange.json + SEC submissions SIC,https://www.sec.gov/files/company_tickers_exchange.json; https://data.sec.gov/submissions/CIK##########.json,MEDIUM,Callaway Golf Co,Toys & Hobbies,NYSE,False,1217,3949,"Sporting & Athletic Goods, NEC",CALY
0001031203,Automotive,CTRL_CAND_0152,candidate_pool,SEC company_tickers_exchange.json + SEC submissions SIC,https://www.sec.gov/files/company_tickers_exchange.json; https://data.sec.gov/submissions/CIK##########.json,HIGH,GROUP 1 AUTOMOTIVE INC,Automotive,NYSE,False,1221,5500,Retail-Auto Dealers & Gasoline Stations,GPI
0002097163,Electronics & Technology,CTRL_CAND_0153,candidate_pool,SEC company_tickers_exchange.json + SEC submissions SIC,https://www.sec.gov/files/company_tickers_exchange.json; https://data.sec.gov/submissions/CIK##########.json,MEDIUM,Xanadu Quantum Technologies Ltd,Computers & Tablets,Nasdaq,False,1232,3571,Electronic Computers,XNDU
0001386716,Entertainment,CTRL_CAND_0154,candidate_pool,SEC company_tickers_exchange.json + SEC submissions SIC,https://www.sec.gov/files/company_tickers_exchange.json; https://data.sec.gov/submissions/CIK##########.json,LOW,Star Bulk Carriers Corp.,Gaming & Entertainment,Nasdaq,True,1236,4412,Deep Sea Foreign Transportation of Freight,SBLK
0001430162,Automotive,CTRL_CAND_0155,candidate_pool,SEC company_tickers_exchange.json + SEC submissions SIC,https://www.sec.gov/files/company_tickers_exchange.json; https://data.sec.gov/submissions/CIK##########.json,HIGH,Cosan S.A.,Automotive,NYSE,False,1237,5500,Retail-Auto Dealers & Gasoline Stations,CSAN
0001587523,Electronics & Technology,CTRL_CAND_0156,candidate_pool,SEC company_tickers_exchange.json + SEC submissions SIC,https://www.sec.gov/files/company_tickers_exchange.json; https://data.sec.gov/submissions/CIK##########.json,MEDIUM,Knowles Corp,TV & Audio,NYSE,False,1241,3651,Household Audio & Video Equipment,KN
0000048287,Home & Appliances,CTRL_CAND_0157,candidate_pool,SEC company_tickers_exchange.json + SEC submissions SIC,https://www.sec.gov/files/company_tickers_exchange.json; https://data.sec.gov/submissions/CIK##########.json,MEDIUM,HNI CORP,Home & Appliances,NYSE,False,1242,2522,Office Furniture (No Wood),HNI
0001528849,Home & Appliances,CTRL_CAND_0158,candidate_pool,SEC company_tickers_exchange.json + SEC submissions SIC,https://www.sec.gov/files/company_tickers_exchange.json; https://data.sec.gov/submissions/CIK##########.json,HIGH,RH,Home & Appliances,NYSE,False,1244,5712,Retail-Furniture Stores,RH
0001655891,Entertainment,CTRL_CAND_0159,candidate_pool,SEC company_tickers_exchange.json + SEC submissions SIC,https://www.sec.gov/files/company_tickers_exchange.json; https://data.sec.gov/submissions/CIK##########.json,LOW,TORM plc,Gaming & Entertainment,Nasdaq,True,1251,4412,Deep Sea Foreign Transportation of Freight,TRMD
0001617406,Entertainment,CTRL_CAND_0160,candidate_pool,SEC company_tickers_exchange.json + SEC submissions SIC,https://www.sec.gov/files/company_tickers_exchange.json; https://data.sec.gov/submissions/CIK##########.json,LOW,Park Hotels & Resorts Inc.,Gaming & Entertainment,NYSE,True,1258,7011,Hotels & Motels,PK
0001654126,Entertainment,CTRL_CAND_0161,candidate_pool,SEC company_tickers_exchange.json + SEC submissions SIC,https://www.sec.gov/files/company_tickers_exchange.json; https://data.sec.gov/submissions/CIK##########.json,LOW,ZIM Integrated Shipping Services Ltd.,Gaming & Entertainment,NYSE,True,1260,4412,Deep Sea Foreign Transportation of Freight,ZIM
0000069891,Automotive,CTRL_CAND_0162,candidate_pool,SEC company_tickers_exchange.json + SEC submissions SIC,https://www.sec.gov/files/company_tickers_exchange.json; https://data.sec.gov/submissions/CIK##########.json,MEDIUM,NATIONAL BEVERAGE CORP,Automotive,Nasdaq,False,1274,2086,Bottled & Canned Soft Drinks & Carbonated Waters,FIZZ
0002078008,Automotive,CTRL_CAND_0163,candidate_pool,SEC company_tickers_exchange.json + SEC submissions SIC,https://www.sec.gov/files/company_tickers_exchange.json; https://data.sec.gov/submissions/CIK##########.json,MEDIUM,Versigent PLC,Automotive,NYSE,False,1278,3714,Motor Vehicle Parts & Accessories,VGNT
0001811210,Automotive,CTRL_CAND_0164,candidate_pool,SEC company_tickers_exchange.json + SEC submissions SIC,https://www.sec.gov/files/company_tickers_exchange.json; https://data.sec.gov/submissions/CIK##########.json,MEDIUM,"Lucid Group, Inc.",Automotive,Nasdaq,False,1286,3711,Motor Vehicles & Passenger Car Bodies,LCID
0000940942,Sports & Leisure,CTRL_CAND_0165,candidate_pool,SEC company_tickers_exchange.json + SEC submissions SIC,https://www.sec.gov/files/company_tickers_exchange.json; https://data.sec.gov/submissions/CIK##########.json,MEDIUM,"Hub Group, Inc.",Sports & Outdoor,Nasdaq,False,1294,4731,Arrangement of Transportation of Freight & Cargo,HUBG
0001111335,Automotive,CTRL_CAND_0166,candidate_pool,SEC company_tickers_exchange.json + SEC submissions SIC,https://www.sec.gov/files/company_tickers_exchange.json; https://data.sec.gov/submissions/CIK##########.json,MEDIUM,VISTEON CORP,Automotive,Nasdaq,False,1301,3714,Motor Vehicle Parts & Accessories,VC
0000921738,Entertainment,CTRL_CAND_0167,candidate_pool,SEC company_tickers_exchange.json + SEC submissions SIC,https://www.sec.gov/files/company_tickers_exchange.json; https://data.sec.gov/submissions/CIK##########.json,LOW,"PENN Entertainment, Inc.",Gaming & Entertainment,Nasdaq,True,1308,7011,Hotels & Motels,PENN
0001639825,Kids & Toys,CTRL_CAND_0168,candidate_pool,SEC company_tickers_exchange.json + SEC submissions SIC,https://www.sec.gov/files/company_tickers_exchange.json; https://data.sec.gov/submissions/CIK##########.json,MEDIUM,"PELOTON INTERACTIVE, INC.",Toys & Hobbies,Nasdaq,False,1310,3949,"Sporting & Athletic Goods, NEC",PTON
0001419945,Entertainment,CTRL_CAND_0169,candidate_pool,SEC company_tickers_exchange.json + SEC submissions SIC,https://www.sec.gov/files/company_tickers_exchange.json; https://data.sec.gov/submissions/CIK##########.json,LOW,TEEKAY TANKERS LTD.,Gaming & Entertainment,NYSE,True,1311,4400,Water Transportation,TNK
0000076605,Automotive,CTRL_CAND_0170,candidate_pool,SEC company_tickers_exchange.json + SEC submissions SIC,https://www.sec.gov/files/company_tickers_exchange.json; https://data.sec.gov/submissions/CIK##########.json,MEDIUM,PATRICK INDUSTRIES INC,Automotive,Nasdaq,False,1313,3714,Motor Vehicle Parts & Accessories,PATK
0001968915,Automotive,CTRL_CAND_0171,candidate_pool,SEC company_tickers_exchange.json + SEC submissions SIC,https://www.sec.gov/files/company_tickers_exchange.json; https://data.sec.gov/submissions/CIK##########.json,MEDIUM,PHINIA INC.,Automotive,NYSE,False,1318,3714,Motor Vehicle Parts & Accessories,PHIN
0001620533,Entertainment,CTRL_CAND_0172,candidate_pool,SEC company_tickers_exchange.json + SEC submissions SIC,https://www.sec.gov/files/company_tickers_exchange.json; https://data.sec.gov/submissions/CIK##########.json,LOW,Shake Shack Inc.,Gaming & Entertainment,NYSE,True,1329,5810,Retail-Eating & Drinking Places,SHAK
0001362468,Entertainment,CTRL_CAND_0173,candidate_pool,SEC company_tickers_exchange.json + SEC submissions SIC,https://www.sec.gov/files/company_tickers_exchange.json; https://data.sec.gov/submissions/CIK##########.json,LOW,Allegiant Travel CO,Gaming & Entertainment,Nasdaq,True,1344,4512,"Air Transportation, Scheduled",ALGT
0000854775,Electronics & Technology,CTRL_CAND_0174,candidate_pool,SEC company_tickers_exchange.json + SEC submissions SIC,https://www.sec.gov/files/company_tickers_exchange.json; https://data.sec.gov/submissions/CIK##########.json,MEDIUM,DIGI INTERNATIONAL INC,Computers & Tablets,Nasdaq,False,1347,3576,Computer Communications Equipment,DGII
0001758488,Entertainment,CTRL_CAND_0175,candidate_pool,SEC company_tickers_exchange.json + SEC submissions SIC,https://www.sec.gov/files/company_tickers_exchange.json; https://data.sec.gov/submissions/CIK##########.json,MEDIUM,ONESPAWORLD HOLDINGS Ltd,Gaming & Entertainment,Nasdaq,False,1354,7997,Services-Membership Sports & Recreation Clubs,OSW
0000028823,Electronics & Technology,CTRL_CAND_0176,candidate_pool,SEC company_tickers_exchange.json + SEC submissions SIC,https://www.sec.gov/files/company_tickers_exchange.json; https://data.sec.gov/submissions/CIK##########.json,MEDIUM,"DIEBOLD NIXDORF, Inc",Computers & Tablets,NYSE,False,1366,3578,Calculating & Accounting Machines (No Electronic Computers),DBD
0000763744,Automotive,CTRL_CAND_0177,candidate_pool,SEC company_tickers_exchange.json + SEC submissions SIC,https://www.sec.gov/files/company_tickers_exchange.json; https://data.sec.gov/submissions/CIK##########.json,MEDIUM,LCI INDUSTRIES,Automotive,NYSE,False,1372,3714,Motor Vehicle Parts & Accessories,LCII
0001024305,Apparel & Personal Care,CTRL_CAND_0178,candidate_pool,SEC company_tickers_exchange.json + SEC submissions SIC,https://www.sec.gov/files/company_tickers_exchange.json; https://data.sec.gov/submissions/CIK##########.json,HIGH,COTY INC.,Health & Beauty,NYSE,False,1388,2844,"Perfumes, Cosmetics & Other Toilet Preparations",COTY
0001589526,Automotive,CTRL_CAND_0179,candidate_pool,SEC company_tickers_exchange.json + SEC submissions SIC,https://www.sec.gov/files/company_tickers_exchange.json; https://data.sec.gov/submissions/CIK##########.json,MEDIUM,Blue Bird Corp,Automotive,Nasdaq,False,1391,3713,Truck & Bus Bodies,BLBD
0001964954,Entertainment,CTRL_CAND_0180,candidate_pool,SEC company_tickers_exchange.json + SEC submissions SIC,https://www.sec.gov/files/company_tickers_exchange.json; https://data.sec.gov/submissions/CIK##########.json,LOW,Okeanis Eco Tankers Corp.,Gaming & Entertainment,NYSE,True,1394,4412,Deep Sea Foreign Transportation of Freight,ECO
0000078814,Electronics & Technology,CTRL_CAND_0181,candidate_pool,SEC company_tickers_exchange.json + SEC submissions SIC,https://www.sec.gov/files/company_tickers_exchange.json; https://data.sec.gov/submissions/CIK##########.json,MEDIUM,PITNEY BOWES INC /DE/,Computers & Tablets,NYSE,False,1395,3579,"Office Machines, NEC",PBI
0001415921,Entertainment,CTRL_CAND_0182,candidate_pool,SEC company_tickers_exchange.json + SEC submissions SIC,https://www.sec.gov/files/company_tickers_exchange.json; https://data.sec.gov/submissions/CIK##########.json,LOW,Navios Maritime Partners L.P.,Gaming & Entertainment,NYSE,True,1403,4412,Deep Sea Foreign Transportation of Freight,NMM
0001158463,Entertainment,CTRL_CAND_0183,candidate_pool,SEC company_tickers_exchange.json + SEC submissions SIC,https://www.sec.gov/files/company_tickers_exchange.json; https://data.sec.gov/submissions/CIK##########.json,LOW,JETBLUE AIRWAYS CORP,Gaming & Entertainment,Nasdaq,True,1409,4512,"Air Transportation, Scheduled",JBLU
0001561861,Entertainment,CTRL_CAND_0184,candidate_pool,SEC company_tickers_exchange.json + SEC submissions SIC,https://www.sec.gov/files/company_tickers_exchange.json; https://data.sec.gov/submissions/CIK##########.json,LOW,"Grupo Aeromexico, S.A.B. de C.V.",Gaming & Entertainment,NYSE,True,1412,4512,"Air Transportation, Scheduled",AERO
0001381640,Entertainment,CTRL_CAND_0185,candidate_pool,SEC company_tickers_exchange.json + SEC submissions SIC,https://www.sec.gov/files/company_tickers_exchange.json; https://data.sec.gov/submissions/CIK##########.json,LOW,Melco Resorts & Entertainment LTD,Gaming & Entertainment,Nasdaq,True,1415,7011,Hotels & Motels,MLCO
0000907242,Entertainment,CTRL_CAND_0186,candidate_pool,SEC company_tickers_exchange.json + SEC submissions SIC,https://www.sec.gov/files/company_tickers_exchange.json; https://data.sec.gov/submissions/CIK##########.json,LOW,MONARCH CASINO & RESORT INC,Gaming & Entertainment,Nasdaq,True,1426,7011,Hotels & Motels,MCRI
0001295810,Entertainment,CTRL_CAND_0187,candidate_pool,SEC company_tickers_exchange.json + SEC submissions SIC,https://www.sec.gov/files/company_tickers_exchange.json; https://data.sec.gov/submissions/CIK##########.json,LOW,"Sunstone Hotel Investors, Inc.",Gaming & Entertainment,NYSE,True,1427,7011,Hotels & Motels,SHO
0001978867,Entertainment,CTRL_CAND_0188,candidate_pool,SEC company_tickers_exchange.json + SEC submissions SIC,https://www.sec.gov/files/company_tickers_exchange.json; https://data.sec.gov/submissions/CIK##########.json,LOW,Cadeler A/S,Gaming & Entertainment,NYSE,True,1429,4412,Deep Sea Foreign Transportation of Freight,CDLR
0002013649,Entertainment,CTRL_CAND_0189,candidate_pool,SEC company_tickers_exchange.json + SEC submissions SIC,https://www.sec.gov/files/company_tickers_exchange.json; https://data.sec.gov/submissions/CIK##########.json,LOW,Chagee Holdings Ltd.,Gaming & Entertainment,Nasdaq,True,1436,5810,Retail-Eating & Drinking Places,CHA
0001884082,Automotive,CTRL_CAND_0190,candidate_pool,SEC company_tickers_exchange.json + SEC submissions SIC,https://www.sec.gov/files/company_tickers_exchange.json; https://data.sec.gov/submissions/CIK##########.json,MEDIUM,Polestar Automotive Holding UK PLC,Automotive,Nasdaq,False,1442,3711,Motor Vehicles & Passenger Car Bodies,PSNY
0001564902,Entertainment,CTRL_CAND_0191,candidate_pool,SEC company_tickers_exchange.json + SEC submissions SIC,https://www.sec.gov/files/company_tickers_exchange.json; https://data.sec.gov/submissions/CIK##########.json,MEDIUM,United Parks & Resorts Inc.,Gaming & Entertainment,NYSE,False,1448,7990,Services-Miscellaneous Amusement & Recreation,PRKS
0001616000,Entertainment,CTRL_CAND_0192,candidate_pool,SEC company_tickers_exchange.json + SEC submissions SIC,https://www.sec.gov/files/company_tickers_exchange.json; https://data.sec.gov/submissions/CIK##########.json,LOW,"Xenia Hotels & Resorts, Inc.",Gaming & Entertainment,NYSE,True,1471,7011,Hotels & Motels,XHR
0001596993,Entertainment,CTRL_CAND_0193,candidate_pool,SEC company_tickers_exchange.json + SEC submissions SIC,https://www.sec.gov/files/company_tickers_exchange.json; https://data.sec.gov/submissions/CIK##########.json,LOW,DORIAN LPG LTD.,Gaming & Entertainment,NYSE,True,1478,4412,Deep Sea Foreign Transportation of Freight,LPG
0001512499,Sports & Leisure,CTRL_CAND_0194,candidate_pool,SEC company_tickers_exchange.json + SEC submissions SIC,https://www.sec.gov/files/company_tickers_exchange.json; https://data.sec.gov/submissions/CIK##########.json,MEDIUM,"LINDBLAD EXPEDITIONS HOLDINGS, INC.",Sports & Outdoor,Nasdaq,False,1491,4700,Transportation Services,LIND
0001834489,Entertainment,CTRL_CAND_0195,candidate_pool,SEC company_tickers_exchange.json + SEC submissions SIC,https://www.sec.gov/files/company_tickers_exchange.json; https://data.sec.gov/submissions/CIK##########.json,MEDIUM,Genius Sports Ltd,Gaming & Entertainment,NYSE,False,1512,7990,Services-Miscellaneous Amusement & Recreation,GENI
0001503584,Entertainment,CTRL_CAND_0196,candidate_pool,SEC company_tickers_exchange.json + SEC submissions SIC,https://www.sec.gov/files/company_tickers_exchange.json; https://data.sec.gov/submissions/CIK##########.json,LOW,Costamare Inc.,Gaming & Entertainment,NYSE,True,1514,4412,Deep Sea Foreign Transportation of Freight,CMRE
0001619762,Entertainment,CTRL_CAND_0197,candidate_pool,SEC company_tickers_exchange.json + SEC submissions SIC,https://www.sec.gov/files/company_tickers_exchange.json; https://data.sec.gov/submissions/CIK##########.json,MEDIUM,Brightstar Lottery PLC,Gaming & Entertainment,NYSE,False,1523,7990,Services-Miscellaneous Amusement & Recreation,BRSL
0001530721,Apparel & Personal Care,CTRL_CAND_0198,candidate_pool,SEC company_tickers_exchange.json + SEC submissions SIC,https://www.sec.gov/files/company_tickers_exchange.json; https://data.sec.gov/submissions/CIK##########.json,MEDIUM,Capri Holdings Ltd,Clothing & Accessories,NYSE,False,1528,3100,Leather & Leather Products,CPRI
0001999001,Entertainment,CTRL_CAND_0199,candidate_pool,SEC company_tickers_exchange.json + SEC submissions SIC,https://www.sec.gov/files/company_tickers_exchange.json; https://data.sec.gov/submissions/CIK##########.json,MEDIUM,Six Flags Entertainment Corporation/NEW,Gaming & Entertainment,NYSE,False,1542,7900,Services-Amusement & Recreation Services,FUN
0001508478,Entertainment,CTRL_CAND_0200,candidate_pool,SEC company_tickers_exchange.json + SEC submissions SIC,https://www.sec.gov/files/company_tickers_exchange.json; https://data.sec.gov/submissions/CIK##########.json,LOW,Arcos Dorados Holdings Inc.,Gaming & Entertainment,NYSE,True,1550,5812,Retail-Eating Places,ARCO
0001772253,Entertainment,CTRL_CAND_0201,candidate_pool,SEC company_tickers_exchange.json + SEC submissions SIC,https://www.sec.gov/files/company_tickers_exchange.json; https://data.sec.gov/submissions/CIK##########.json,LOW,Flex LNG Ltd.,Gaming & Entertainment,NYSE,True,1566,4400,Water Transportation,FLNG
0001670541,Automotive,CTRL_CAND_0202,candidate_pool,SEC company_tickers_exchange.json + SEC submissions SIC,https://www.sec.gov/files/company_tickers_exchange.json; https://data.sec.gov/submissions/CIK##########.json,MEDIUM,Adient plc,Automotive,NYSE,False,1580,3714,Motor Vehicle Parts & Accessories,ADNT
0000926326,Electronics & Technology,CTRL_CAND_0203,candidate_pool,SEC company_tickers_exchange.json + SEC submissions SIC,https://www.sec.gov/files/company_tickers_exchange.json; https://data.sec.gov/submissions/CIK##########.json,MEDIUM,"OMNICELL, INC.",Computers & Tablets,Nasdaq,False,1586,3571,Electronic Computers,OMCL
0001432364,Entertainment,CTRL_CAND_0204,candidate_pool,SEC company_tickers_exchange.json + SEC submissions SIC,https://www.sec.gov/files/company_tickers_exchange.json; https://data.sec.gov/submissions/CIK##########.json,LOW,AZUL SA,Gaming & Entertainment,NYSE,True,1589,4512,"Air Transportation, Scheduled",AZUL
0000057131,Home & Appliances,CTRL_CAND_0205,candidate_pool,SEC company_tickers_exchange.json + SEC submissions SIC,https://www.sec.gov/files/company_tickers_exchange.json; https://data.sec.gov/submissions/CIK##########.json,MEDIUM,LA-Z-BOY INC,Home & Appliances,NYSE,False,1596,2510,Household Furniture,LZB
0000821002,Apparel & Personal Care,CTRL_CAND_0206,candidate_pool,SEC company_tickers_exchange.json + SEC submissions SIC,https://www.sec.gov/files/company_tickers_exchange.json; https://data.sec.gov/submissions/CIK##########.json,MEDIUM,G III APPAREL GROUP LTD /DE/,Clothing & Accessories,Nasdaq,False,1611,2300,Apparel & Other Finishd Prods of Fabrics & Similar Matl,GIII
0000066382,Home & Appliances,CTRL_CAND_0207,candidate_pool,SEC company_tickers_exchange.json + SEC submissions SIC,https://www.sec.gov/files/company_tickers_exchange.json; https://data.sec.gov/submissions/CIK##########.json,MEDIUM,"MILLERKNOLL, INC.",Home & Appliances,Nasdaq,False,1615,2520,Office Furniture,MLKN
0001013488,Entertainment,CTRL_CAND_0208,candidate_pool,SEC company_tickers_exchange.json + SEC submissions SIC,https://www.sec.gov/files/company_tickers_exchange.json; https://data.sec.gov/submissions/CIK##########.json,LOW,BJs RESTAURANTS INC,Gaming & Entertainment,Nasdaq,True,1640,5812,Retail-Eating Places,BJRI
0000884219,Entertainment,CTRL_CAND_0209,candidate_pool,SEC company_tickers_exchange.json + SEC submissions SIC,https://www.sec.gov/files/company_tickers_exchange.json; https://data.sec.gov/submissions/CIK##########.json,MEDIUM,"Pursuit Attractions & Hospitality, Inc.",Gaming & Entertainment,NYSE,False,1658,7990,Services-Miscellaneous Amusement & Recreation,PRSU
0001581804,Entertainment,CTRL_CAND_0210,candidate_pool,SEC company_tickers_exchange.json + SEC submissions SIC,https://www.sec.gov/files/company_tickers_exchange.json; https://data.sec.gov/submissions/CIK##########.json,LOW,Navigator Holdings Ltd.,Gaming & Entertainment,NYSE,True,1660,4412,Deep Sea Foreign Transportation of Freight,NVGS
0001062231,Automotive,CTRL_CAND_0211,candidate_pool,SEC company_tickers_exchange.json + SEC submissions SIC,https://www.sec.gov/files/company_tickers_exchange.json; https://data.sec.gov/submissions/CIK##########.json,MEDIUM,Dauch Corp,Automotive,NYSE,False,1673,3714,Motor Vehicle Parts & Accessories,DCH
0000069633,Electronics & Technology,CTRL_CAND_0212,candidate_pool,SEC company_tickers_exchange.json + SEC submissions SIC,https://www.sec.gov/files/company_tickers_exchange.json; https://data.sec.gov/submissions/CIK##########.json,LOW,"NAPCO SECURITY TECHNOLOGIES, INC",Phones & Smartwatches,Nasdaq,True,1686,3669,"Communications Equipment, NEC",NSSC
0002054507,Entertainment,CTRL_CAND_0213,candidate_pool,SEC company_tickers_exchange.json + SEC submissions SIC,https://www.sec.gov/files/company_tickers_exchange.json; https://data.sec.gov/submissions/CIK##########.json,LOW,Hotel101 Global Holdings Corp.,Gaming & Entertainment,Nasdaq,True,1709,7011,Hotels & Motels,HBNB
0000851310,Electronics & Technology,CTRL_CAND_0214,candidate_pool,SEC company_tickers_exchange.json + SEC submissions SIC,https://www.sec.gov/files/company_tickers_exchange.json; https://data.sec.gov/submissions/CIK##########.json,LOW,HARMONIC INC.,Phones & Smartwatches,Nasdaq,True,1716,3663,Radio & Tv Broadcasting & Communications Equipment,HLIT
0001067294,Entertainment,CTRL_CAND_0215,candidate_pool,SEC company_tickers_exchange.json + SEC submissions SIC,https://www.sec.gov/files/company_tickers_exchange.json; https://data.sec.gov/submissions/CIK##########.json,LOW,"CRACKER BARREL OLD COUNTRY STORE, INC",Gaming & Entertainment,Nasdaq,True,1717,5812,Retail-Eating Places,CBRL
0001096752,Apparel & Personal Care,CTRL_CAND_0216,candidate_pool,SEC company_tickers_exchange.json + SEC submissions SIC,https://www.sec.gov/files/company_tickers_exchange.json; https://data.sec.gov/submissions/CIK##########.json,HIGH,EDGEWELL PERSONAL CARE Co,Health & Beauty,NYSE,False,1721,2844,"Perfumes, Cosmetics & Other Toilet Preparations",EPC
0001722608,Entertainment,CTRL_CAND_0217,candidate_pool,SEC company_tickers_exchange.json + SEC submissions SIC,https://www.sec.gov/files/company_tickers_exchange.json; https://data.sec.gov/submissions/CIK##########.json,MEDIUM,"iQIYI, Inc.",Gaming & Entertainment,Nasdaq,False,1723,7841,Services-Video Tape Rental,IQ
0000903129,Automotive,CTRL_CAND_0218,candidate_pool,SEC company_tickers_exchange.json + SEC submissions SIC,https://www.sec.gov/files/company_tickers_exchange.json; https://data.sec.gov/submissions/CIK##########.json,MEDIUM,Gentherm Inc,Automotive,Nasdaq,False,1726,3714,Motor Vehicle Parts & Accessories,THRM
0001726173,Entertainment,CTRL_CAND_0219,candidate_pool,SEC company_tickers_exchange.json + SEC submissions SIC,https://www.sec.gov/files/company_tickers_exchange.json; https://data.sec.gov/submissions/CIK##########.json,LOW,Biglari Holdings Inc.,Gaming & Entertainment,NYSE,True,1735,5812,Retail-Eating Places,BH-A
0001789029,Automotive,CTRL_CAND_0220,candidate_pool,SEC company_tickers_exchange.json + SEC submissions SIC,https://www.sec.gov/files/company_tickers_exchange.json; https://data.sec.gov/submissions/CIK##########.json,MEDIUM,"Aeva Technologies, Inc.",Automotive,Nasdaq,False,1744,3714,Motor Vehicle Parts & Accessories,AEVA
0000070866,Electronics & Technology,CTRL_CAND_0221,candidate_pool,SEC company_tickers_exchange.json + SEC submissions SIC,https://www.sec.gov/files/company_tickers_exchange.json; https://data.sec.gov/submissions/CIK##########.json,MEDIUM,NCR Voyix Corp,Computers & Tablets,NYSE,False,1768,3578,Calculating & Accounting Machines (No Electronic Computers),VYX
0001743759,Electronics & Technology,CTRL_CAND_0222,candidate_pool,SEC company_tickers_exchange.json + SEC submissions SIC,https://www.sec.gov/files/company_tickers_exchange.json; https://data.sec.gov/submissions/CIK##########.json,MEDIUM,"Corsair Gaming, Inc.",Computers & Tablets,Nasdaq,False,1779,3577,"Computer Peripheral Equipment, NEC",CRSR
0001326200,Entertainment,CTRL_CAND_0223,candidate_pool,SEC company_tickers_exchange.json + SEC submissions SIC,https://www.sec.gov/files/company_tickers_exchange.json; https://data.sec.gov/submissions/CIK##########.json,LOW,GENCO SHIPPING & TRADING LTD,Gaming & Entertainment,NYSE,True,1783,4412,Deep Sea Foreign Transportation of Freight,GNK
0001831907,Apparel & Personal Care,CTRL_CAND_0224,candidate_pool,SEC company_tickers_exchange.json + SEC submissions SIC,https://www.sec.gov/files/company_tickers_exchange.json; https://data.sec.gov/submissions/CIK##########.json,LOW,LuxExperience B.V.,Clothing & Accessories,NYSE,True,1790,5961,Retail-Catalog & Mail-Order Houses,LUXE
0001941365,Home & Appliances,CTRL_CAND_0225,candidate_pool,SEC company_tickers_exchange.json + SEC submissions SIC,https://www.sec.gov/files/company_tickers_exchange.json; https://data.sec.gov/submissions/CIK##########.json,MEDIUM,"MasterBrand, Inc.",Home & Appliances,NYSE,False,1807,2511,"Wood Household Furniture, (No Upholstered)",MBC
0001850235,Apparel & Personal Care,CTRL_CAND_0226,candidate_pool,SEC company_tickers_exchange.json + SEC submissions SIC,https://www.sec.gov/files/company_tickers_exchange.json; https://data.sec.gov/submissions/CIK##########.json,LOW,D-MARKET Electronic Services & Trading,Clothing & Accessories,Nasdaq,True,1809,5961,Retail-Catalog & Mail-Order Houses,HEPS
0001956955,Electronics & Technology,CTRL_CAND_0227,candidate_pool,SEC company_tickers_exchange.json + SEC submissions SIC,https://www.sec.gov/files/company_tickers_exchange.json; https://data.sec.gov/submissions/CIK##########.json,LOW,"Unusual Machines, Inc.",Phones & Smartwatches,NYSE,True,1826,3663,Radio & Tv Broadcasting & Communications Equipment,UMAC
0000911971,Entertainment,CTRL_CAND_0228,candidate_pool,SEC company_tickers_exchange.json + SEC submissions SIC,https://www.sec.gov/files/company_tickers_exchange.json; https://data.sec.gov/submissions/CIK##########.json,LOW,TEEKAY CORP LTD,Gaming & Entertainment,NYSE,True,1833,4412,Deep Sea Foreign Transportation of Freight,TK
0001805385,Electronics & Technology,CTRL_CAND_0229,candidate_pool,SEC company_tickers_exchange.json + SEC submissions SIC,https://www.sec.gov/files/company_tickers_exchange.json; https://data.sec.gov/submissions/CIK##########.json,MEDIUM,"Evolv Technologies Holdings, Inc.",Computers & Tablets,Nasdaq,False,1840,3577,"Computer Peripheral Equipment, NEC",EVLV
0000901491,Entertainment,CTRL_CAND_0230,candidate_pool,SEC company_tickers_exchange.json + SEC submissions SIC,https://www.sec.gov/files/company_tickers_exchange.json; https://data.sec.gov/submissions/CIK##########.json,LOW,PAPA JOHNS INTERNATIONAL INC,Gaming & Entertainment,Nasdaq,True,1852,5812,Retail-Eating Places,PZZA
0001698991,Entertainment,CTRL_CAND_0231,candidate_pool,SEC company_tickers_exchange.json + SEC submissions SIC,https://www.sec.gov/files/company_tickers_exchange.json; https://data.sec.gov/submissions/CIK##########.json,MEDIUM,"Accel Entertainment, Inc.",Gaming & Entertainment,NYSE,False,1855,7900,Services-Amusement & Recreation Services,ACEL
0000810332,Entertainment,CTRL_CAND_0232,candidate_pool,SEC company_tickers_exchange.json + SEC submissions SIC,https://www.sec.gov/files/company_tickers_exchange.json; https://data.sec.gov/submissions/CIK##########.json,LOW,REPUBLIC AIRWAYS HOLDINGS INC.,Gaming & Entertainment,Nasdaq,True,1857,4512,"Air Transportation, Scheduled",RJET
0001753539,Electronics & Technology,CTRL_CAND_0233,candidate_pool,SEC company_tickers_exchange.json + SEC submissions SIC,https://www.sec.gov/files/company_tickers_exchange.json; https://data.sec.gov/submissions/CIK##########.json,LOW,BlackSky Technology Inc.,Phones & Smartwatches,NYSE,True,1876,3663,Radio & Tv Broadcasting & Communications Equipment,BKSY
0001840572,Entertainment,CTRL_CAND_0234,candidate_pool,SEC company_tickers_exchange.json + SEC submissions SIC,https://www.sec.gov/files/company_tickers_exchange.json; https://data.sec.gov/submissions/CIK##########.json,MEDIUM,Lucky Strike Entertainment Corp,Gaming & Entertainment,NYSE,False,1884,7900,Services-Amusement & Recreation Services,LUCK
0001520504,Entertainment,CTRL_CAND_0235,candidate_pool,SEC company_tickers_exchange.json + SEC submissions SIC,https://www.sec.gov/files/company_tickers_exchange.json; https://data.sec.gov/submissions/CIK##########.json,LOW,"Controladora Vuela Compania de Aviacion, S.A.B. de C.V.",Gaming & Entertainment,NYSE,True,1889,4512,"Air Transportation, Scheduled",VLRS
0000062234,Entertainment,CTRL_CAND_0236,candidate_pool,SEC company_tickers_exchange.json + SEC submissions SIC,https://www.sec.gov/files/company_tickers_exchange.json; https://data.sec.gov/submissions/CIK##########.json,MEDIUM,MARCUS CORP,Gaming & Entertainment,NYSE,False,1891,7830,Services-Motion Picture Theaters,MCS
0001789940,Entertainment,CTRL_CAND_0237,candidate_pool,SEC company_tickers_exchange.json + SEC submissions SIC,https://www.sec.gov/files/company_tickers_exchange.json; https://data.sec.gov/submissions/CIK##########.json,LOW,"First Watch Restaurant Group, Inc.",Gaming & Entertainment,Nasdaq,True,1946,5812,Retail-Eating Places,FWRG
0001826470,Apparel & Personal Care,CTRL_CAND_0238,candidate_pool,SEC company_tickers_exchange.json + SEC submissions SIC,https://www.sec.gov/files/company_tickers_exchange.json; https://data.sec.gov/submissions/CIK##########.json,MEDIUM,"Petco Health & Wellness Company, Inc.",Health & Beauty,Nasdaq,False,1947,5990,"Retail-Retail Stores, NEC",WOOF
0001434754,Entertainment,CTRL_CAND_0239,candidate_pool,SEC company_tickers_exchange.json + SEC submissions SIC,https://www.sec.gov/files/company_tickers_exchange.json; https://data.sec.gov/submissions/CIK##########.json,LOW,"SAFE BULKERS, INC.",Gaming & Entertainment,NYSE,True,1948,4412,Deep Sea Foreign Transportation of Freight,SB
0001682745,Sports & Leisure,CTRL_CAND_0240,candidate_pool,SEC company_tickers_exchange.json + SEC submissions SIC,https://www.sec.gov/files/company_tickers_exchange.json; https://data.sec.gov/submissions/CIK##########.json,MEDIUM,VERRA MOBILITY Corp,Sports & Outdoor,Nasdaq,False,1961,4700,Transportation Services,VRRM
0001995306,Entertainment,CTRL_CAND_0241,candidate_pool,SEC company_tickers_exchange.json + SEC submissions SIC,https://www.sec.gov/files/company_tickers_exchange.json; https://data.sec.gov/submissions/CIK##########.json,LOW,SUPER HI INTERNATIONAL HOLDING LTD.,Gaming & Entertainment,Nasdaq,True,1966,5812,Retail-Eating Places,HDL
0001477815,Entertainment,CTRL_CAND_0242,candidate_pool,SEC company_tickers_exchange.json + SEC submissions SIC,https://www.sec.gov/files/company_tickers_exchange.json; https://data.sec.gov/submissions/CIK##########.json,LOW,"Sweetgreen, Inc.",Gaming & Entertainment,NYSE,True,1969,5812,Retail-Eating Places,SG
0001057060,Automotive,CTRL_CAND_0243,candidate_pool,SEC company_tickers_exchange.json + SEC submissions SIC,https://www.sec.gov/files/company_tickers_exchange.json; https://data.sec.gov/submissions/CIK##########.json,HIGH,MARINEMAX INC,Automotive,NYSE,False,1974,5531,Retail-Auto & Home Supply Stores,HZO
0001345126,Home & Appliances,CTRL_CAND_0244,candidate_pool,SEC company_tickers_exchange.json + SEC submissions SIC,https://www.sec.gov/files/company_tickers_exchange.json; https://data.sec.gov/submissions/CIK##########.json,MEDIUM,Compass Diversified Holdings,Home & Appliances,NYSE,False,1979,2510,Household Furniture,CODI
0001865200,Entertainment,CTRL_CAND_0245,candidate_pool,SEC company_tickers_exchange.json + SEC submissions SIC,https://www.sec.gov/files/company_tickers_exchange.json; https://data.sec.gov/submissions/CIK##########.json,MEDIUM,"Angel Studios, Inc.",Gaming & Entertainment,NYSE,False,1986,7812,Services-Motion Picture & Video Tape Production,ANGX
0001756708,Apparel & Personal Care,CTRL_CAND_0246,candidate_pool,SEC company_tickers_exchange.json + SEC submissions SIC,https://www.sec.gov/files/company_tickers_exchange.json; https://data.sec.gov/submissions/CIK##########.json,LOW,Jumia Technologies AG,Clothing & Accessories,NYSE,True,1987,5961,Retail-Catalog & Mail-Order Houses,JMIA
0001547459,Apparel & Personal Care,CTRL_CAND_0247,candidate_pool,SEC company_tickers_exchange.json + SEC submissions SIC,https://www.sec.gov/files/company_tickers_exchange.json; https://data.sec.gov/submissions/CIK##########.json,MEDIUM,"Natural Grocers by Vitamin Cottage, Inc.",Health & Beauty,NYSE,False,1991,5411,Retail-Grocery Stores,NGVC
0001546417,Entertainment,CTRL_CAND_0248,candidate_pool,SEC company_tickers_exchange.json + SEC submissions SIC,https://www.sec.gov/files/company_tickers_exchange.json; https://data.sec.gov/submissions/CIK##########.json,LOW,"Bloomin' Brands, Inc.",Gaming & Entertainment,Nasdaq,True,1993,5812,Retail-Eating Places,BLMN
0001959455,Entertainment,CTRL_CAND_0249,candidate_pool,SEC company_tickers_exchange.json + SEC submissions SIC,https://www.sec.gov/files/company_tickers_exchange.json; https://data.sec.gov/submissions/CIK##########.json,LOW,Himalaya Shipping Ltd.,Gaming & Entertainment,NYSE,True,1994,4412,Deep Sea Foreign Transportation of Freight,HSHP
0001577437,Entertainment,CTRL_CAND_0250,candidate_pool,SEC company_tickers_exchange.json + SEC submissions SIC,https://www.sec.gov/files/company_tickers_exchange.json; https://data.sec.gov/submissions/CIK##########.json,LOW,Ardmore Shipping Corp,Gaming & Entertainment,NYSE,True,2002,4412,Deep Sea Foreign Transportation of Freight,ASC
0001898718,Sports & Leisure,CTRL_CAND_0251,candidate_pool,SEC company_tickers_exchange.json + SEC submissions SIC,https://www.sec.gov/files/company_tickers_exchange.json; https://data.sec.gov/submissions/CIK##########.json,MEDIUM,GMR Solutions Inc.,Sports & Outdoor,NYSE,False,2006,4700,Transportation Services,GMRS
0000708821,Electronics & Technology,CTRL_CAND_0252,candidate_pool,SEC company_tickers_exchange.json + SEC submissions SIC,https://www.sec.gov/files/company_tickers_exchange.json; https://data.sec.gov/submissions/CIK##########.json,MEDIUM,PAR TECHNOLOGY CORP,Computers & Tablets,NYSE,False,2008,3578,Calculating & Accounting Machines (No Electronic Computers),PAR
0000926282,Electronics & Technology,CTRL_CAND_0253,candidate_pool,SEC company_tickers_exchange.json + SEC submissions SIC,https://www.sec.gov/files/company_tickers_exchange.json; https://data.sec.gov/submissions/CIK##########.json,LOW,"ADTRAN Holdings, Inc.",Phones & Smartwatches,Nasdaq,True,2010,3661,Telephone & Telegraph Apparatus,ADTN
0001517396,Electronics & Technology,CTRL_CAND_0254,candidate_pool,SEC company_tickers_exchange.json + SEC submissions SIC,https://www.sec.gov/files/company_tickers_exchange.json; https://data.sec.gov/submissions/CIK##########.json,MEDIUM,STRATASYS LTD.,Computers & Tablets,Nasdaq,False,2022,3577,"Computer Peripheral Equipment, NEC",SSYS
0001824403,Entertainment,CTRL_CAND_0255,candidate_pool,SEC company_tickers_exchange.json + SEC submissions SIC,https://www.sec.gov/files/company_tickers_exchange.json; https://data.sec.gov/submissions/CIK##########.json,MEDIUM,"Reservoir Media, Inc.",Gaming & Entertainment,Nasdaq,False,2023,7900,Services-Amusement & Recreation Services,RSVR
0001747079,Entertainment,CTRL_CAND_0256,candidate_pool,SEC company_tickers_exchange.json + SEC submissions SIC,https://www.sec.gov/files/company_tickers_exchange.json; https://data.sec.gov/submissions/CIK##########.json,LOW,Bally's Corp,Gaming & Entertainment,NYSE,True,2027,7011,Hotels & Motels,BALY
0001907085,Apparel & Personal Care,CTRL_CAND_0257,candidate_pool,SEC company_tickers_exchange.json + SEC submissions SIC,https://www.sec.gov/files/company_tickers_exchange.json; https://data.sec.gov/submissions/CIK##########.json,HIGH,Oddity Tech Ltd,Health & Beauty,Nasdaq,False,2050,2844,"Perfumes, Cosmetics & Other Toilet Preparations",ODD
0001122904,Electronics & Technology,CTRL_CAND_0258,candidate_pool,SEC company_tickers_exchange.json + SEC submissions SIC,https://www.sec.gov/files/company_tickers_exchange.json; https://data.sec.gov/submissions/CIK##########.json,MEDIUM,"NETGEAR, INC.",Computers & Tablets,Nasdaq,False,2053,3576,Computer Communications Equipment,NTGR
0001759631,Automotive,CTRL_CAND_0259,candidate_pool,SEC company_tickers_exchange.json + SEC submissions SIC,https://www.sec.gov/files/company_tickers_exchange.json; https://data.sec.gov/submissions/CIK##########.json,MEDIUM,Hyliion Holdings Corp.,Automotive,NYSE,False,2054,3713,Truck & Bus Bodies,HYLN
0001704720,Entertainment,CTRL_CAND_0260,candidate_pool,SEC company_tickers_exchange.json + SEC submissions SIC,https://www.sec.gov/files/company_tickers_exchange.json; https://data.sec.gov/submissions/CIK##########.json,LOW,"Cannae Holdings, Inc.",Gaming & Entertainment,NYSE,True,2063,5810,Retail-Eating & Drinking Places,CNNE
0001788257,Apparel & Personal Care,CTRL_CAND_0261,candidate_pool,SEC company_tickers_exchange.json + SEC submissions SIC,https://www.sec.gov/files/company_tickers_exchange.json; https://data.sec.gov/submissions/CIK##########.json,LOW,"BETTERWARE DE MEXICO, S.A.P.I. DE C.V",Clothing & Accessories,NYSE,True,2066,5961,Retail-Catalog & Mail-Order Houses,BWMX
0000075288,Apparel & Personal Care,CTRL_CAND_0262,candidate_pool,SEC company_tickers_exchange.json + SEC submissions SIC,https://www.sec.gov/files/company_tickers_exchange.json; https://data.sec.gov/submissions/CIK##########.json,MEDIUM,OXFORD INDUSTRIES INC,Clothing & Accessories,NYSE,False,2113,2320,"Men's & Boys' Furnishgs, Work Clothg, & Allied Garments",OXM
0000896156,Home & Appliances,CTRL_CAND_0263,candidate_pool,SEC company_tickers_exchange.json + SEC submissions SIC,https://www.sec.gov/files/company_tickers_exchange.json; https://data.sec.gov/submissions/CIK##########.json,MEDIUM,ETHAN ALLEN INTERIORS INC,Home & Appliances,NYSE,False,2116,2511,"Wood Household Furniture, (No Upholstered)",ETD
0000701719,Apparel & Personal Care,CTRL_CAND_0264,candidate_pool,SEC company_tickers_exchange.json + SEC submissions SIC,https://www.sec.gov/files/company_tickers_exchange.json; https://data.sec.gov/submissions/CIK##########.json,HIGH,Envela Corp,Clothing & Accessories,NYSE,False,2118,5944,Retail-Jewelry Stores,ELA
0001772177,Entertainment,CTRL_CAND_0265,candidate_pool,SEC company_tickers_exchange.json + SEC submissions SIC,https://www.sec.gov/files/company_tickers_exchange.json; https://data.sec.gov/submissions/CIK##########.json,LOW,"KURA SUSHI USA, INC.",Gaming & Entertainment,Nasdaq,True,2121,5812,Retail-Eating Places,KRUS
0001854545,Apparel & Personal Care,CTRL_CAND_0266,candidate_pool,SEC company_tickers_exchange.json + SEC submissions SIC,https://www.sec.gov/files/company_tickers_exchange.json; https://data.sec.gov/submissions/CIK##########.json,LOW,Dingdong (Cayman) Ltd,Clothing & Accessories,NYSE,True,2123,5961,Retail-Catalog & Mail-Order Houses,DDL
0001318484,Apparel & Personal Care,CTRL_CAND_0267,candidate_pool,SEC company_tickers_exchange.json + SEC submissions SIC,https://www.sec.gov/files/company_tickers_exchange.json; https://data.sec.gov/submissions/CIK##########.json,HIGH,Citi Trends Inc,Clothing & Accessories,Nasdaq,False,2126,5600,Retail-Apparel & Accessory Stores,CTRN
0001341170,Entertainment,CTRL_CAND_0268,candidate_pool,SEC company_tickers_exchange.json + SEC submissions SIC,https://www.sec.gov/files/company_tickers_exchange.json; https://data.sec.gov/submissions/CIK##########.json,LOW,EUROSEAS LTD.,Gaming & Entertainment,Nasdaq,True,2127,4412,Deep Sea Foreign Transportation of Freight,ESEA
0001473334,Home & Appliances,CTRL_CAND_0269,candidate_pool,SEC company_tickers_exchange.json + SEC submissions SIC,https://www.sec.gov/files/company_tickers_exchange.json; https://data.sec.gov/submissions/CIK##########.json,MEDIUM,XMax Inc.,Home & Appliances,Nasdaq,False,2133,2510,Household Furniture,XMAX
0001962746,Automotive,CTRL_CAND_0270,candidate_pool,SEC company_tickers_exchange.json + SEC submissions SIC,https://www.sec.gov/files/company_tickers_exchange.json; https://data.sec.gov/submissions/CIK##########.json,MEDIUM,Lotus Technology Inc.,Automotive,Nasdaq,False,2137,3711,Motor Vehicles & Passenger Car Bodies,LOT
0001874315,Electronics & Technology,CTRL_CAND_0271,candidate_pool,SEC company_tickers_exchange.json + SEC submissions SIC,https://www.sec.gov/files/company_tickers_exchange.json; https://data.sec.gov/submissions/CIK##########.json,LOW,Satellogic Inc.,Phones & Smartwatches,Nasdaq,True,2150,3663,Radio & Tv Broadcasting & Communications Equipment,SATL
0001774170,Electronics & Technology,CTRL_CAND_0272,candidate_pool,SEC company_tickers_exchange.json + SEC submissions SIC,https://www.sec.gov/files/company_tickers_exchange.json; https://data.sec.gov/submissions/CIK##########.json,LOW,"Powerfleet, Inc.",Phones & Smartwatches,Nasdaq,True,2158,3669,"Communications Equipment, NEC",AIOT
0001320461,Automotive,CTRL_CAND_0273,candidate_pool,SEC company_tickers_exchange.json + SEC submissions SIC,https://www.sec.gov/files/company_tickers_exchange.json; https://data.sec.gov/submissions/CIK##########.json,MEDIUM,Cooper-Standard Holdings Inc.,Automotive,NYSE,False,2168,3714,Motor Vehicle Parts & Accessories,CPS
0001606366,Entertainment,CTRL_CAND_0274,candidate_pool,SEC company_tickers_exchange.json + SEC submissions SIC,https://www.sec.gov/files/company_tickers_exchange.json; https://data.sec.gov/submissions/CIK##########.json,LOW,"El Pollo Loco Holdings, Inc.",Gaming & Entertainment,Nasdaq,True,2185,5812,Retail-Eating Places,LOCO
0001606909,Entertainment,CTRL_CAND_0275,candidate_pool,SEC company_tickers_exchange.json + SEC submissions SIC,https://www.sec.gov/files/company_tickers_exchange.json; https://data.sec.gov/submissions/CIK##########.json,LOW,Pangaea Logistics Solutions Ltd.,Gaming & Entertainment,Nasdaq,True,2192,4412,Deep Sea Foreign Transportation of Freight,PANL
0000788329,Kids & Toys,CTRL_CAND_0276,candidate_pool,SEC company_tickers_exchange.json + SEC submissions SIC,https://www.sec.gov/files/company_tickers_exchange.json; https://data.sec.gov/submissions/CIK##########.json,MEDIUM,JOHNSON OUTDOORS INC,Toys & Hobbies,Nasdaq,False,2195,3949,"Sporting & Athletic Goods, NEC",JOUT
0001937987,Entertainment,CTRL_CAND_0277,candidate_pool,SEC company_tickers_exchange.json + SEC submissions SIC,https://www.sec.gov/files/company_tickers_exchange.json; https://data.sec.gov/submissions/CIK##########.json,MEDIUM,"Falcon's Beyond Global, Inc.",Gaming & Entertainment,Nasdaq,False,2202,7990,Services-Miscellaneous Amusement & Recreation,FBYD
0001932737,Automotive,CTRL_CAND_0278,candidate_pool,SEC company_tickers_exchange.json + SEC submissions SIC,https://www.sec.gov/files/company_tickers_exchange.json; https://data.sec.gov/submissions/CIK##########.json,MEDIUM,ROBO.AI INC.,Automotive,Nasdaq,False,2214,3711,Motor Vehicles & Passenger Car Bodies,AIIO
0001862044,Home & Appliances,CTRL_CAND_0279,candidate_pool,SEC company_tickers_exchange.json + SEC submissions SIC,https://www.sec.gov/files/company_tickers_exchange.json; https://data.sec.gov/submissions/CIK##########.json,HIGH,ZKH Group Ltd,Home Improvement,NYSE,False,2217,5200,"Retail-Building Materials, Hardware, Garden Supply",ZKH
0002033535,Entertainment,CTRL_CAND_0280,candidate_pool,SEC company_tickers_exchange.json + SEC submissions SIC,https://www.sec.gov/files/company_tickers_exchange.json; https://data.sec.gov/submissions/CIK##########.json,LOW,Costamare Bulkers Holdings Ltd,Gaming & Entertainment,NYSE,True,2219,4400,Water Transportation,CMDB
0000049754,Entertainment,CTRL_CAND_0281,candidate_pool,SEC company_tickers_exchange.json + SEC submissions SIC,https://www.sec.gov/files/company_tickers_exchange.json; https://data.sec.gov/submissions/CIK##########.json,LOW,"Dine Brands Global, Inc.",Gaming & Entertainment,NYSE,True,2231,5812,Retail-Eating Places,DIN
0000912728,Sports & Leisure,CTRL_CAND_0282,candidate_pool,SEC company_tickers_exchange.json + SEC submissions SIC,https://www.sec.gov/files/company_tickers_exchange.json; https://data.sec.gov/submissions/CIK##########.json,MEDIUM,FORWARD AIR CORP,Sports & Outdoor,Nasdaq,False,2232,4731,Arrangement of Transportation of Freight & Cargo,FWRD
0000929351,Entertainment,CTRL_CAND_0283,candidate_pool,SEC company_tickers_exchange.json + SEC submissions SIC,https://www.sec.gov/files/company_tickers_exchange.json; https://data.sec.gov/submissions/CIK##########.json,MEDIUM,STARZ ENTERTAINMENT CORP /CN/,Gaming & Entertainment,Nasdaq,False,2240,7812,Services-Motion Picture & Video Tape Production,STRZ
0000014707,Apparel & Personal Care,CTRL_CAND_0284,candidate_pool,SEC company_tickers_exchange.json + SEC submissions SIC,https://www.sec.gov/files/company_tickers_exchange.json; https://data.sec.gov/submissions/CIK##########.json,MEDIUM,CALERES INC,Clothing & Accessories,NYSE,False,2252,3140,"Footwear, (No Rubber)",CAL
0000018498,Apparel & Personal Care,CTRL_CAND_0285,candidate_pool,SEC company_tickers_exchange.json + SEC submissions SIC,https://www.sec.gov/files/company_tickers_exchange.json; https://data.sec.gov/submissions/CIK##########.json,HIGH,GENESCO INC,Clothing & Accessories,NYSE,False,2263,5661,Retail-Shoe Stores,GCO
0000709283,Electronics & Technology,CTRL_CAND_0286,candidate_pool,SEC company_tickers_exchange.json + SEC submissions SIC,https://www.sec.gov/files/company_tickers_exchange.json; https://data.sec.gov/submissions/CIK##########.json,MEDIUM,QUANTUM CORP /DE/,Computers & Tablets,Nasdaq,False,2268,3572,Computer Storage Devices,QMCO
0000796505,Electronics & Technology,CTRL_CAND_0287,candidate_pool,SEC company_tickers_exchange.json + SEC submissions SIC,https://www.sec.gov/files/company_tickers_exchange.json; https://data.sec.gov/submissions/CIK##########.json,LOW,"Clearfield, Inc.",Phones & Smartwatches,Nasdaq,True,2272,3661,Telephone & Telegraph Apparatus,CLFD
0001866782,Entertainment,CTRL_CAND_0288,candidate_pool,SEC company_tickers_exchange.json + SEC submissions SIC,https://www.sec.gov/files/company_tickers_exchange.json; https://data.sec.gov/submissions/CIK##########.json,MEDIUM,"Codere Online Luxembourg, S.A.",Gaming & Entertainment,Nasdaq,False,2273,7990,Services-Miscellaneous Amusement & Recreation,CDRO
0000895447,Apparel & Personal Care,CTRL_CAND_0289,candidate_pool,SEC company_tickers_exchange.json + SEC submissions SIC,https://www.sec.gov/files/company_tickers_exchange.json; https://data.sec.gov/submissions/CIK##########.json,HIGH,SHOE STATION GROUP INC,Clothing & Accessories,Nasdaq,False,2274,5661,Retail-Shoe Stores,SHOE
0001530979,Apparel & Personal Care,CTRL_CAND_0290,candidate_pool,SEC company_tickers_exchange.json + SEC submissions SIC,https://www.sec.gov/files/company_tickers_exchange.json; https://data.sec.gov/submissions/CIK##########.json,LOW,"Honest Company, Inc.",Clothing & Accessories,Nasdaq,True,2291,5961,Retail-Catalog & Mail-Order Houses,HNST
0000069733,Entertainment,CTRL_CAND_0291,candidate_pool,SEC company_tickers_exchange.json + SEC submissions SIC,https://www.sec.gov/files/company_tickers_exchange.json; https://data.sec.gov/submissions/CIK##########.json,LOW,"NATHANS FAMOUS, INC.",Gaming & Entertainment,Nasdaq,True,2300,5812,Retail-Eating Places,NATH
0000216085,Home & Appliances,CTRL_CAND_0292,candidate_pool,SEC company_tickers_exchange.json + SEC submissions SIC,https://www.sec.gov/files/company_tickers_exchange.json; https://data.sec.gov/submissions/CIK##########.json,HIGH,HAVERTY FURNITURE COMPANIES INC,Home & Appliances,NYSE,False,2303,5712,Retail-Furniture Stores,HVT
0001171155,Sports & Leisure,CTRL_CAND_0293,candidate_pool,SEC company_tickers_exchange.json + SEC submissions SIC,https://www.sec.gov/files/company_tickers_exchange.json; https://data.sec.gov/submissions/CIK##########.json,MEDIUM,"RADIANT LOGISTICS, INC",Sports & Outdoor,NYSE,False,2311,4731,Arrangement of Transportation of Freight & Cargo,RLGT
0001770450,Electronics & Technology,CTRL_CAND_0294,candidate_pool,SEC company_tickers_exchange.json + SEC submissions SIC,https://www.sec.gov/files/company_tickers_exchange.json; https://data.sec.gov/submissions/CIK##########.json,MEDIUM,Xerox Holdings Corp,Computers & Tablets,Nasdaq,False,2318,3577,"Computer Peripheral Equipment, NEC",XRX
0001669779,Automotive,CTRL_CAND_0295,candidate_pool,SEC company_tickers_exchange.json + SEC submissions SIC,https://www.sec.gov/files/company_tickers_exchange.json; https://data.sec.gov/submissions/CIK##########.json,HIGH,"Camping World Holdings, Inc.",Automotive,NYSE,False,2321,5500,Retail-Auto Dealers & Gasoline Stations,CWH
0001448397,Entertainment,CTRL_CAND_0296,candidate_pool,SEC company_tickers_exchange.json + SEC submissions SIC,https://www.sec.gov/files/company_tickers_exchange.json; https://data.sec.gov/submissions/CIK##########.json,LOW,Seanergy Maritime Holdings Corp.,Gaming & Entertainment,Nasdaq,True,2325,4412,Deep Sea Foreign Transportation of Freight,SHIP
0001564180,Entertainment,CTRL_CAND_0297,candidate_pool,SEC company_tickers_exchange.json + SEC submissions SIC,https://www.sec.gov/files/company_tickers_exchange.json; https://data.sec.gov/submissions/CIK##########.json,LOW,KNOT Offshore Partners LP,Gaming & Entertainment,NYSE,True,2330,4400,Water Transportation,KNOP
0001365767,Electronics & Technology,CTRL_CAND_0298,candidate_pool,SEC company_tickers_exchange.json + SEC submissions SIC,https://www.sec.gov/files/company_tickers_exchange.json; https://data.sec.gov/submissions/CIK##########.json,MEDIUM,Allot Ltd.,Computers & Tablets,Nasdaq,False,2332,3576,Computer Communications Equipment,ALLT
0001703157,Automotive,CTRL_CAND_0299,candidate_pool,SEC company_tickers_exchange.json + SEC submissions SIC,https://www.sec.gov/files/company_tickers_exchange.json; https://data.sec.gov/submissions/CIK##########.json,MEDIUM,"Securetech Innovations, Inc.",Automotive,OTC,False,2333,3714,Motor Vehicle Parts & Accessories,SCTH
0001525769,Entertainment,CTRL_CAND_0300,candidate_pool,SEC company_tickers_exchange.json + SEC submissions SIC,https://www.sec.gov/files/company_tickers_exchange.json; https://data.sec.gov/submissions/CIK##########.json,LOW,"Dave & Buster's Entertainment, Inc.",Gaming & Entertainment,Nasdaq,True,2334,5812,Retail-Eating Places,PLAY
0002047273,Entertainment,CTRL_CAND_0301,candidate_pool,SEC company_tickers_exchange.json + SEC submissions SIC,https://www.sec.gov/files/company_tickers_exchange.json; https://data.sec.gov/submissions/CIK##########.json,MEDIUM,BUUU Group Ltd,Gaming & Entertainment,Nasdaq,False,2338,7900,Services-Amusement & Recreation Services,BUUU
0000933034,Automotive,CTRL_CAND_0302,candidate_pool,SEC company_tickers_exchange.json + SEC submissions SIC,https://www.sec.gov/files/company_tickers_exchange.json; https://data.sec.gov/submissions/CIK##########.json,MEDIUM,STRATTEC SECURITY CORP,Automotive,Nasdaq,False,2349,3714,Motor Vehicle Parts & Accessories,STRT
0001956439,Entertainment,CTRL_CAND_0303,candidate_pool,SEC company_tickers_exchange.json + SEC submissions SIC,https://www.sec.gov/files/company_tickers_exchange.json; https://data.sec.gov/submissions/CIK##########.json,MEDIUM,Enhanced Group Inc.,Gaming & Entertainment,NYSE,False,2352,7990,Services-Miscellaneous Amusement & Recreation,ENHA
0000895456,Apparel & Personal Care,CTRL_CAND_0304,candidate_pool,SEC company_tickers_exchange.json + SEC submissions SIC,https://www.sec.gov/files/company_tickers_exchange.json; https://data.sec.gov/submissions/CIK##########.json,MEDIUM,"ROCKY BRANDS, INC.",Clothing & Accessories,Nasdaq,False,2355,3140,"Footwear, (No Rubber)",RCKY
0001713334,Entertainment,CTRL_CAND_0305,candidate_pool,SEC company_tickers_exchange.json + SEC submissions SIC,https://www.sec.gov/files/company_tickers_exchange.json; https://data.sec.gov/submissions/CIK##########.json,LOW,STUDIO CITY INTERNATIONAL HOLDINGS Ltd,Gaming & Entertainment,NYSE,True,2357,7011,Hotels & Motels,MSC
0001957413,Automotive,CTRL_CAND_0306,candidate_pool,SEC company_tickers_exchange.json + SEC submissions SIC,https://www.sec.gov/files/company_tickers_exchange.json; https://data.sec.gov/submissions/CIK##########.json,MEDIUM,Digital Currency X Technology Inc.,Automotive,Nasdaq,False,2364,3711,Motor Vehicles & Passenger Car Bodies,DCX
0002009684,Entertainment,CTRL_CAND_0307,candidate_pool,SEC company_tickers_exchange.json + SEC submissions SIC,https://www.sec.gov/files/company_tickers_exchange.json; https://data.sec.gov/submissions/CIK##########.json,MEDIUM,Seaport Entertainment Group Inc.,Gaming & Entertainment,NYSE,False,2389,7990,Services-Miscellaneous Amusement & Recreation,SEG
0001871509,Entertainment,CTRL_CAND_0308,candidate_pool,SEC company_tickers_exchange.json + SEC submissions SIC,https://www.sec.gov/files/company_tickers_exchange.json; https://data.sec.gov/submissions/CIK##########.json,LOW,Portillo's Inc.,Gaming & Entertainment,Nasdaq,True,2398,5812,Retail-Eating Places,PTLO
0001819580,Apparel & Personal Care,CTRL_CAND_0309,candidate_pool,SEC company_tickers_exchange.json + SEC submissions SIC,https://www.sec.gov/files/company_tickers_exchange.json; https://data.sec.gov/submissions/CIK##########.json,HIGH,Yatsen Holding Ltd,Health & Beauty,NYSE,False,2404,2844,"Perfumes, Cosmetics & Other Toilet Preparations",YSG
0001706946,Sports & Leisure,CTRL_CAND_0310,candidate_pool,SEC company_tickers_exchange.json + SEC submissions SIC,https://www.sec.gov/files/company_tickers_exchange.json; https://data.sec.gov/submissions/CIK##########.json,MEDIUM,"Virgin Galactic Holdings, Inc",Sports & Outdoor,NYSE,False,2405,4700,Transportation Services,SPCE
0001822928,Automotive,CTRL_CAND_0311,candidate_pool,SEC company_tickers_exchange.json + SEC submissions SIC,https://www.sec.gov/files/company_tickers_exchange.json; https://data.sec.gov/submissions/CIK##########.json,MEDIUM,Holley Inc.,Automotive,NYSE,False,2407,3714,Motor Vehicle Parts & Accessories,HLLY
0001802156,Entertainment,CTRL_CAND_0312,candidate_pool,SEC company_tickers_exchange.json + SEC submissions SIC,https://www.sec.gov/files/company_tickers_exchange.json; https://data.sec.gov/submissions/CIK##########.json,MEDIUM,"Xponential Fitness, Inc.",Gaming & Entertainment,NYSE,False,2420,7990,Services-Miscellaneous Amusement & Recreation,XPOF
0000807882,Entertainment,CTRL_CAND_0313,candidate_pool,SEC company_tickers_exchange.json + SEC submissions SIC,https://www.sec.gov/files/company_tickers_exchange.json; https://data.sec.gov/submissions/CIK##########.json,LOW,JACK IN THE BOX INC,Gaming & Entertainment,Nasdaq,True,2422,5812,Retail-Eating Places,JACK
0001319947,Apparel & Personal Care,CTRL_CAND_0314,candidate_pool,SEC company_tickers_exchange.json + SEC submissions SIC,https://www.sec.gov/files/company_tickers_exchange.json; https://data.sec.gov/submissions/CIK##########.json,HIGH,Designer Brands Inc.,Clothing & Accessories,NYSE,False,2429,5661,Retail-Shoe Stores,DBI
0000015847,Entertainment,CTRL_CAND_0315,candidate_pool,SEC company_tickers_exchange.json + SEC submissions SIC,https://www.sec.gov/files/company_tickers_exchange.json; https://data.sec.gov/submissions/CIK##########.json,MEDIUM,BUTLER NATIONAL CORP,Gaming & Entertainment,OTC,False,2439,7990,Services-Miscellaneous Amusement & Recreation,BUKS
0000002186,Electronics & Technology,CTRL_CAND_0316,candidate_pool,SEC company_tickers_exchange.json + SEC submissions SIC,https://www.sec.gov/files/company_tickers_exchange.json; https://data.sec.gov/submissions/CIK##########.json,LOW,BK Technologies Corp,Phones & Smartwatches,NYSE,True,2441,3663,Radio & Tv Broadcasting & Communications Equipment,BKTI
0000037472,Home & Appliances,CTRL_CAND_0317,candidate_pool,SEC company_tickers_exchange.json + SEC submissions SIC,https://www.sec.gov/files/company_tickers_exchange.json; https://data.sec.gov/submissions/CIK##########.json,MEDIUM,FLEXSTEEL INDUSTRIES INC,Home & Appliances,Nasdaq,False,2444,2510,Household Furniture,FLXS
0001009829,Kids & Toys,CTRL_CAND_0318,candidate_pool,SEC company_tickers_exchange.json + SEC submissions SIC,https://www.sec.gov/files/company_tickers_exchange.json; https://data.sec.gov/submissions/CIK##########.json,MEDIUM,JAKKS PACIFIC INC,Toys & Hobbies,Nasdaq,False,2446,3944,"Games, Toys & Children's Vehicles (No Dolls & Bicycles)",JAKK
0001318885,Entertainment,CTRL_CAND_0319,candidate_pool,SEC company_tickers_exchange.json + SEC submissions SIC,https://www.sec.gov/files/company_tickers_exchange.json; https://data.sec.gov/submissions/CIK##########.json,LOW,DIANA SHIPPING INC.,Gaming & Entertainment,NYSE,True,2448,4412,Deep Sea Foreign Transportation of Freight,DSX
0001901203,Apparel & Personal Care,CTRL_CAND_0320,candidate_pool,SEC company_tickers_exchange.json + SEC submissions SIC,https://www.sec.gov/files/company_tickers_exchange.json; https://data.sec.gov/submissions/CIK##########.json,MEDIUM,CN Healthy Food Tech Group Corp.,Health & Beauty,Nasdaq,False,2471,2000,Food and Kindred Products,UCFI
0000033488,Kids & Toys,CTRL_CAND_0321,candidate_pool,SEC company_tickers_exchange.json + SEC submissions SIC,https://www.sec.gov/files/company_tickers_exchange.json; https://data.sec.gov/submissions/CIK##########.json,MEDIUM,ESCALADE INC,Toys & Hobbies,Nasdaq,False,2493,3949,"Sporting & Athletic Goods, NEC",ESCA
