merchant_id,merchant_name,provider,source_type,source_name,source_url,source_date,archived_url_if_applicable,wayback_snapshot_date,evidence_direction,evidence_text,interpretation,reliability_tier,retrieved_at
M0001,American Airlines,Affirm,current_provider_or_merchant_page,www.affirm.com,https://www.affirm.com/shopping/travel,2026-08-07,,,supports_bnpl_present,"Flights, travel, and vacation payment plans - travel financing | Affirm We're glad you're here! Would you like to see what Affirm offers in your region? Go to the page Stay here Skip to main cont","Current page supports that this provider is presently associated with the merchant, but current listing is not treated as adoption date.",Tier 4,2026-08-09T21:28:28+00:00
M0001,American Airlines,Affirm,wayback_cdx_provider_directory,Internet Archive CDX,https://www.affirm.com/shopping/travel,,https://web.archive.org/web/20201129065824/https://www.affirm.com/shopping/travel,2020-11-29,supports_bnpl_present,Provider-specific URL first archived on 2020-11-29: https://www.affirm.com/shopping/travel,Provider-directory/listing URL observed in Wayback. Not used as exact adoption date without operational launch evidence.,Tier 4,2026-08-09T21:28:28+00:00
M0001,American Airlines,Affirm,current_webpage_error,www.aa.com,https://www.aa.com,,,,inconclusive,<HTTPError 403: 'Forbidden'>,Technical error; not interpreted as evidence of BNPL absence.,technical_log,2026-08-09T21:28:28+00:00
M0001,American Airlines,Zip,current_provider_or_merchant_page,zip.co,https://zip.co/us/shop/flights,,,,supports_bnpl_present,"Buy Now, Pay Later Flights | Zip Skip to main content Customers Business For Business How it works Shop stores Shop categories Insights Help Products Solutions","Current page supports that this provider is presently associated with the merchant, but current listing is not treated as adoption date.",Tier 4,2026-08-09T21:28:28+00:00
M0001,American Airlines,Zip,current_external_bnpl_page,zip.co,https://zip.co/us/shop/flights,,,,supports_bnpl_present,".S. purchases, and certain merchant, product, goods and service restrictions apply. All loans subject to credit approval. © 2026 'Quadpay', 'Zip', the 'Q Logo' and 'Zip' Logos, and all tag lines used in conjunction therewith including 'Any Store Split in 4' an",Current page mentions a BNPL-like provider outside the five-platform sample; timing still requires review.,Tier 2,2026-08-09T21:28:28+00:00
M0001,American Airlines,Zip,current_provider_or_merchant_page,zip.co,https://zip.co/us/shop/travel-entertainment,,,,supports_bnpl_present,Buy Now Pay Later for Travel | Zip Skip to main content Customers Business For Business How it works Shop stores Shop categories I,"Current page supports that this provider is presently associated with the merchant, but current listing is not treated as adoption date.",Tier 4,2026-08-09T21:28:28+00:00
M0001,American Airlines,Zip,current_external_bnpl_page,zip.co,https://zip.co/us/shop/travel-entertainment,,,,supports_bnpl_present,".S. purchases, and certain merchant, product, goods and service restrictions apply. All loans subject to credit approval. © 2026 'Quadpay', 'Zip', the 'Q Logo' and 'Zip' Logos, and all tag lines used in conjunction therewith including 'Any Store Split in 4' an",Current page mentions a BNPL-like provider outside the five-platform sample; timing still requires review.,Tier 2,2026-08-09T21:28:28+00:00
M0001,American Airlines,Zip,wayback_cdx_provider_directory,Internet Archive CDX,https://zip.co/us/shop/travel-entertainment,,https://web.archive.org/web/20210921222020/https://zip.co/us/shop/travel-entertainment,2021-09-21,supports_bnpl_present,Provider-specific URL first archived on 2021-09-21: https://zip.co/us/shop/travel-entertainment,Provider-directory/listing URL observed in Wayback. Not used as exact adoption date without operational launch evidence.,Tier 4,2026-08-09T21:28:28+00:00
M0001,American Airlines,Zip,current_webpage_error,www.aa.com,https://www.aa.com,,,,inconclusive,<HTTPError 403: 'Forbidden'>,Technical error; not interpreted as evidence of BNPL absence.,technical_log,2026-08-09T21:28:28+00:00
M0002,Advance Auto Parts,Klarna,current_provider_or_merchant_page,www.klarna.com,https://www.klarna.com/us/store/5cfd8562-e9f5-4a57-96cd-6b248858108a/advance-auto-parts/pay-with-klarna/,,,,supports_bnpl_present,Buy now pay later at Advance Auto Parts - Pay in 4 | Klarna For shoppers For business Discover Klarna Shop App Help Show more Sign,"Current page supports that this provider is presently associated with the merchant, but current listing is not treated as adoption date.",Tier 4,2026-08-09T21:28:28+00:00
M0002,Advance Auto Parts,Klarna,current_provider_or_merchant_page,www.klarna.com,https://www.klarna.com/us/shopping/t/11/Automotive/,,,,supports_bnpl_present,Compare Automotive Prices on Klarna For shoppers For business Discover Klarna Shop App Help Show more Sign in Klarna / Shopping / All categories / Automotive A,"Current page supports that this provider is presently associated with the merchant, but current listing is not treated as adoption date.",Tier 4,2026-08-09T21:28:28+00:00
M0003,Apple,Klarna,current_provider_or_merchant_page,www.klarna.com,https://www.klarna.com/us/store/ba94b586-39bc-4ade-a765-9cae8561779d/apple/pay-with-klarna/,,,,supports_bnpl_present,Buy now pay later at Apple - Pay in 4 | Klarna For shoppers For business Discover Klarna Shop App Help Show more Sign in Klarna ∕,"Current page supports that this provider is presently associated with the merchant, but current listing is not treated as adoption date.",Tier 4,2026-08-09T21:28:28+00:00
M0003,Apple,Klarna,wayback_cdx_provider_directory,Internet Archive CDX,https://www.klarna.com/us/store/ba94b586-39bc-4ade-a765-9cae8561779d/apple/pay-with-klarna/,,https://web.archive.org/web/20250214134218/https://www.klarna.com/us/store/ba94b586-39bc-4ade-a765-9cae8561779d/apple/pay-with-klarna/,2025-02-14,supports_bnpl_present,Provider-specific URL first archived on 2025-02-14: https://www.klarna.com/us/store/ba94b586-39bc-4ade-a765-9cae8561779d/apple/pay-with-klarna/,Provider-directory/listing URL observed in Wayback. Not used as exact adoption date without operational launch evidence.,Tier 4,2026-08-09T21:28:28+00:00
M0003,Apple,Klarna,current_provider_or_merchant_page,www.klarna.com,https://www.klarna.com/us/shopping/t/1/TV-Audio/,,,,supports_bnpl_present,Compare TV & Audio Prices on Klarna For shoppers For business Discover Klarna Shop App Help Show more Sign in Klarna / Shopping / All categories / TV & Audio T,"Current page supports that this provider is presently associated with the merchant, but current listing is not treated as adoption date.",Tier 4,2026-08-09T21:28:28+00:00
M0003,Apple,Klarna,wayback_cdx_provider_directory,Internet Archive CDX,https://www.klarna.com/us/shopping/t/1/TV-Audio/,,https://web.archive.org/web/20221002221314/https://www.klarna.com/us/shopping/t/1/TV-Audio/,2022-10-02,supports_bnpl_present,Provider-specific URL first archived on 2022-10-02: https://www.klarna.com/us/shopping/t/1/TV-Audio/,Provider-directory/listing URL observed in Wayback. Not used as exact adoption date without operational launch evidence.,Tier 4,2026-08-09T21:28:28+00:00
M0003,Apple,Klarna,current_provider_or_merchant_page,www.klarna.com,https://www.klarna.com/us/shopping/t/17/Photography/,,,,supports_bnpl_present,Compare Photography Prices on Klarna For shoppers For business Discover Klarna Shop App Help Show more Sign in Klarna / Shopping / All categories / Photography,"Current page supports that this provider is presently associated with the merchant, but current listing is not treated as adoption date.",Tier 4,2026-08-09T21:28:28+00:00
M0003,Apple,Klarna,wayback_cdx_provider_directory,Internet Archive CDX,https://www.klarna.com/us/shopping/t/17/Photography/,,https://web.archive.org/web/20220924102034/https://www.klarna.com/us/shopping/t/17/Photography/,2022-09-24,supports_bnpl_present,Provider-specific URL first archived on 2022-09-24: https://www.klarna.com/us/shopping/t/17/Photography/,Provider-directory/listing URL observed in Wayback. Not used as exact adoption date without operational launch evidence.,Tier 4,2026-08-09T21:28:28+00:00
M0003,Apple,Zip,current_provider_or_merchant_page,zip.co,https://zip.co/us/shop/appliances-electronics,,,,supports_bnpl_present,"Buy Now, Pay Later Electronics | Zip Skip to main content Customers Business For Business How it works Shop stores Shop categories Insights Help Products Solutions","Current page supports that this provider is presently associated with the merchant, but current listing is not treated as adoption date.",Tier 4,2026-08-09T21:28:28+00:00
M0003,Apple,Zip,current_external_bnpl_page,zip.co,https://zip.co/us/shop/appliances-electronics,,,,supports_bnpl_present,".S. purchases, and certain merchant, product, goods and service restrictions apply. All loans subject to credit approval. © 2026 'Quadpay', 'Zip', the 'Q Logo' and 'Zip' Logos, and all tag lines used in conjunction therewith including 'Any Store Split in 4' an",Current page mentions a BNPL-like provider outside the five-platform sample; timing still requires review.,Tier 2,2026-08-09T21:28:28+00:00
M0003,Apple,Zip,wayback_cdx_provider_directory,Internet Archive CDX,https://zip.co/us/shop/appliances-electronics,,https://web.archive.org/web/20210921224524/https://zip.co/us/shop/appliances-electronics,2021-09-21,supports_bnpl_present,Provider-specific URL first archived on 2021-09-21: https://zip.co/us/shop/appliances-electronics,Provider-directory/listing URL observed in Wayback. Not used as exact adoption date without operational launch evidence.,Tier 4,2026-08-09T21:28:28+00:00
M0003,Apple,Zip,current_provider_or_merchant_page,zip.co,https://zip.co/us/shop/bills,,,,supports_bnpl_present,Pay your Bills with Zip in easy installments | Zip Skip to main content Customers Business For Business How it works Shop stores Shop categories Insig,"Current page supports that this provider is presently associated with the merchant, but current listing is not treated as adoption date.",Tier 4,2026-08-09T21:28:28+00:00
M0003,Apple,Zip,current_external_bnpl_page,zip.co,https://zip.co/us/shop/bills,,,,supports_bnpl_present,".S. purchases, and certain merchant, product, goods and service restrictions apply. All loans subject to credit approval. © 2026 'Quadpay', 'Zip', the 'Q Logo' and 'Zip' Logos, and all tag lines used in conjunction therewith including 'Any Store Split in 4' an",Current page mentions a BNPL-like provider outside the five-platform sample; timing still requires review.,Tier 2,2026-08-09T21:28:28+00:00
M0003,Apple,Zip,wayback_cdx_provider_directory,Internet Archive CDX,https://zip.co/us/shop/bills,,https://web.archive.org/web/20211109131115/https://zip.co/us/shop/bills,2021-11-09,supports_bnpl_present,Provider-specific URL first archived on 2021-11-09: https://zip.co/us/shop/bills,Provider-directory/listing URL observed in Wayback. Not used as exact adoption date without operational launch evidence.,Tier 4,2026-08-09T21:28:28+00:00
M0003,Apple,Zip,current_provider_or_merchant_page,zip.co,https://zip.co/us/shop/phones,,,,supports_bnpl_present,"Buy Now, Pay Later Phones | Zip Skip to main content Customers Business For Business How it works Shop stores Shop categories Insights Help Products Solutions","Current page supports that this provider is presently associated with the merchant, but current listing is not treated as adoption date.",Tier 4,2026-08-09T21:28:28+00:00
M0003,Apple,Zip,current_external_bnpl_page,zip.co,https://zip.co/us/shop/phones,,,,supports_bnpl_present,".S. purchases, and certain merchant, product, goods and service restrictions apply. All loans subject to credit approval. © 2026 'Quadpay', 'Zip', the 'Q Logo' and 'Zip' Logos, and all tag lines used in conjunction therewith including 'Any Store Split in 4' an",Current page mentions a BNPL-like provider outside the five-platform sample; timing still requires review.,Tier 2,2026-08-09T21:28:28+00:00
M0003,Apple,Zip,wayback_cdx_provider_directory,Internet Archive CDX,https://zip.co/us/shop/phones,,https://web.archive.org/web/20220625140916/https://zip.co/us/shop/phones,2022-06-25,supports_bnpl_present,Provider-specific URL first archived on 2022-06-25: https://zip.co/us/shop/phones,Provider-directory/listing URL observed in Wayback. Not used as exact adoption date without operational launch evidence.,Tier 4,2026-08-09T21:28:28+00:00
M0004,Airbnb,Zip,current_provider_or_merchant_page,zip.co,https://zip.co/us/shop/hotels,,,,supports_bnpl_present,"Buy Now, Pay Later Hotels | Zip Skip to main content Customers Business For Business How it works Shop stores Shop categories Insights Help Products Solutions","Current page supports that this provider is presently associated with the merchant, but current listing is not treated as adoption date.",Tier 4,2026-08-09T21:28:28+00:00
M0004,Airbnb,Zip,current_external_bnpl_page,zip.co,https://zip.co/us/shop/hotels,,,,supports_bnpl_present,".S. purchases, and certain merchant, product, goods and service restrictions apply. All loans subject to credit approval. © 2026 'Quadpay', 'Zip', the 'Q Logo' and 'Zip' Logos, and all tag lines used in conjunction therewith including 'Any Store Split in 4' an",Current page mentions a BNPL-like provider outside the five-platform sample; timing still requires review.,Tier 2,2026-08-09T21:28:28+00:00
M0004,Airbnb,Zip,wayback_cdx_provider_directory,Internet Archive CDX,https://zip.co/us/shop/hotels,,https://web.archive.org/web/20220625144641/https://zip.co/us/shop/hotels,2022-06-25,supports_bnpl_present,Provider-specific URL first archived on 2022-06-25: https://zip.co/us/shop/hotels,Provider-directory/listing URL observed in Wayback. Not used as exact adoption date without operational launch evidence.,Tier 4,2026-08-09T21:28:28+00:00
M0005,Autodesk,Klarna,current_provider_or_merchant_page,www.klarna.com,https://www.klarna.com/us/store/13bdaf63-447e-44c7-9516-dc6d5c929a7f/autodesk/pay-with-klarna/,,,,supports_bnpl_present,Buy now pay later at Autodesk - Pay in 4 | Klarna For shoppers For business Discover Klarna Shop App Help Show more Sign in Klarna,"Current page supports that this provider is presently associated with the merchant, but current listing is not treated as adoption date.",Tier 4,2026-08-09T21:28:28+00:00
M0005,Autodesk,Klarna,current_provider_or_merchant_page,www.klarna.com,https://www.klarna.com/us/shopping/t/11/Automotive/,,,,supports_bnpl_present,Compare Automotive Prices on Klarna For shoppers For business Discover Klarna Shop App Help Show more Sign in Klarna / Shopping / All categories / Automotive A,"Current page supports that this provider is presently associated with the merchant, but current listing is not treated as adoption date.",Tier 4,2026-08-09T21:28:28+00:00
M0006,American Eagle,Affirm,current_provider_or_merchant_page,www.affirm.com,https://www.affirm.com/shopping/apparel,2026-08-07,,,supports_bnpl_present,Buy now pay later men's and women's clothing | Affirm We're glad you're here! Would you like to see what Affirm offers in your reg,"Current page supports that this provider is presently associated with the merchant, but current listing is not treated as adoption date.",Tier 4,2026-08-09T21:28:28+00:00
M0006,American Eagle,Klarna,current_provider_or_merchant_page,www.klarna.com,https://www.klarna.com/us/store/05e8d825-7641-4b62-acc7-5263643592aa/american-eagle/pay-with-klarna/,,,,supports_bnpl_present,Buy now pay later at American Eagle - Pay in 4 | Klarna For shoppers For business Discover Klarna Shop App Help Show more Sign in,"Current page supports that this provider is presently associated with the merchant, but current listing is not treated as adoption date.",Tier 4,2026-08-09T21:28:28+00:00
M0006,American Eagle,Klarna,wayback_cdx_provider_directory,Internet Archive CDX,https://www.klarna.com/us/store/05e8d825-7641-4b62-acc7-5263643592aa/american-eagle/pay-with-klarna/,,https://web.archive.org/web/20250224115549/https://www.klarna.com/us/store/05e8d825-7641-4b62-acc7-5263643592aa/american-eagle/pay-with-klarna/,2025-02-24,supports_bnpl_present,Provider-specific URL first archived on 2025-02-24: https://www.klarna.com/us/store/05e8d825-7641-4b62-acc7-5263643592aa/american-eagle/pay-with-klarna/,Provider-directory/listing URL observed in Wayback. Not used as exact adoption date without operational launch evidence.,Tier 4,2026-08-09T21:28:28+00:00
M0006,American Eagle,Klarna,current_provider_or_merchant_page,www.klarna.com,https://www.klarna.com/us/shopping/t/141/Clothing-Accessories/,,,,supports_bnpl_present,Compare Clothing & Accessories Prices on Klarna For shoppers For business Discover Klarna Shop App Help Show more Sign in Klarna / Shopping / All categories / Clothing & A,"Current page supports that this provider is presently associated with the merchant, but current listing is not treated as adoption date.",Tier 4,2026-08-09T21:28:28+00:00
M0006,American Eagle,Klarna,wayback_cdx_provider_directory,Internet Archive CDX,https://www.klarna.com/us/shopping/t/141/Clothing-Accessories/,,https://web.archive.org/web/20220924101952/https://www.klarna.com/us/shopping/t/141/Clothing-Accessories/,2022-09-24,supports_bnpl_present,Provider-specific URL first archived on 2022-09-24: https://www.klarna.com/us/shopping/t/141/Clothing-Accessories/,Provider-directory/listing URL observed in Wayback. Not used as exact adoption date without operational launch evidence.,Tier 4,2026-08-09T21:28:28+00:00
M0006,American Eagle,Afterpay,current_provider_or_merchant_page,www.afterpay.com,https://www.afterpay.com/en-US/categories/mens-clothing,,,,supports_bnpl_present,Men's clothing on Afterpay - Buy now pay later with Afterpay How Afterpay works All Categories For retailers Get the app Get $15 off No suggestions,"Current page supports that this provider is presently associated with the merchant, but current listing is not treated as adoption date.",Tier 4,2026-08-09T21:28:28+00:00
M0006,American Eagle,Afterpay,wayback_cdx_provider_directory,Internet Archive CDX,https://www.afterpay.com/en-US/categories/mens-clothing,,https://web.archive.org/web/20260226210648/https://www.afterpay.com/en-US/categories/mens-clothing,2026-02-26,supports_bnpl_present,Provider-specific URL first archived on 2026-02-26: https://www.afterpay.com/en-US/categories/mens-clothing,Provider-directory/listing URL observed in Wayback. Not used as exact adoption date without operational launch evidence.,Tier 4,2026-08-09T21:28:28+00:00
M0006,American Eagle,Afterpay,current_provider_or_merchant_page,www.afterpay.com,https://www.afterpay.com/en-US/categories/womens-clothing,,,,supports_bnpl_present,Fashion on Afterpay - Buy now pay later with Afterpay How Afterpay works All Categories For retailers Get the app Get $15 off No suggestions,"Current page supports that this provider is presently associated with the merchant, but current listing is not treated as adoption date.",Tier 4,2026-08-09T21:28:28+00:00
M0006,American Eagle,Afterpay,wayback_cdx_provider_directory,Internet Archive CDX,https://www.afterpay.com/en-US/categories/womens-clothing,,https://web.archive.org/web/20251127160840/https://www.afterpay.com/en-US/categories/womens-clothing,2025-11-27,supports_bnpl_present,Provider-specific URL first archived on 2025-11-27: https://www.afterpay.com/en-US/categories/womens-clothing,Provider-directory/listing URL observed in Wayback. Not used as exact adoption date without operational launch evidence.,Tier 4,2026-08-09T21:28:28+00:00
M0006,American Eagle,Sezzle,current_provider_or_merchant_page,sezzle.com,https://sezzle.com/shop/mens-clothing/,2026-08-06,,,supports_bnpl_present,Buy Now Pay Later for Men's Clothing with Sezzle Shop Women Activewear Clothing Jewelry & Accessories Shoes Swimwear Men Clothing,"Current page supports that this provider is presently associated with the merchant, but current listing is not treated as adoption date.",Tier 4,2026-08-09T21:28:28+00:00
M0006,American Eagle,Sezzle,current_provider_or_merchant_page,sezzle.com,https://sezzle.com/shop/mens-jewelry-and-accessories/,2026-08-06,,,supports_bnpl_present,Buy Now Pay Later for Men's Jewelry & Accessories with Sezzle Shop Women Activewear Clothing Jewelry & Accessories Shoes Swimwear,"Current page supports that this provider is presently associated with the merchant, but current listing is not treated as adoption date.",Tier 4,2026-08-09T21:28:28+00:00
M0006,American Eagle,Sezzle,current_provider_or_merchant_page,sezzle.com,https://sezzle.com/shop/mens-shoes/,2026-08-06,,,supports_bnpl_present,Buy Now Pay Later for Men's Shoes with Sezzle Shop Women Activewear Clothing Jewelry & Accessories Shoes Swimwear Men Clothing Jew,"Current page supports that this provider is presently associated with the merchant, but current listing is not treated as adoption date.",Tier 4,2026-08-09T21:28:28+00:00
M0007,Allstate,Zip,current_provider_or_merchant_page,zip.co,https://zip.co/us/shop/bills,,,,supports_bnpl_present,Pay your Bills with Zip in easy installments | Zip Skip to main content Customers Business For Business How it works Shop stores Shop categories Insig,"Current page supports that this provider is presently associated with the merchant, but current listing is not treated as adoption date.",Tier 4,2026-08-09T21:28:28+00:00
M0007,Allstate,Zip,current_external_bnpl_page,zip.co,https://zip.co/us/shop/bills,,,,supports_bnpl_present,".S. purchases, and certain merchant, product, goods and service restrictions apply. All loans subject to credit approval. © 2026 'Quadpay', 'Zip', the 'Q Logo' and 'Zip' Logos, and all tag lines used in conjunction therewith including 'Any Store Split in 4' an",Current page mentions a BNPL-like provider outside the five-platform sample; timing still requires review.,Tier 2,2026-08-09T21:28:28+00:00
M0007,Allstate,Zip,wayback_cdx_provider_directory,Internet Archive CDX,https://zip.co/us/shop/bills,,https://web.archive.org/web/20211109131115/https://zip.co/us/shop/bills,2021-11-09,supports_bnpl_present,Provider-specific URL first archived on 2021-11-09: https://zip.co/us/shop/bills,Provider-directory/listing URL observed in Wayback. Not used as exact adoption date without operational launch evidence.,Tier 4,2026-08-09T21:28:28+00:00
M0008,Amazon,Affirm,current_provider_or_merchant_page,www.affirm.com,https://www.affirm.com/shopping/electronics,2026-08-07,,,supports_bnpl_present,"Buy now pay later electronics - Laptop, iPhone financing | Affirm We're glad you're here! Would you like to see what Affirm offers","Current page supports that this provider is presently associated with the merchant, but current listing is not treated as adoption date.",Tier 4,2026-08-09T21:28:28+00:00
M0008,Amazon,Affirm,wayback_cdx_provider_directory,Internet Archive CDX,https://www.affirm.com/shopping/electronics,,https://web.archive.org/web/20201129081111/https://www.affirm.com/shopping/electronics,2020-11-29,supports_bnpl_present,Provider-specific URL first archived on 2020-11-29: https://www.affirm.com/shopping/electronics,Provider-directory/listing URL observed in Wayback. Not used as exact adoption date without operational launch evidence.,Tier 4,2026-08-09T21:28:28+00:00
M0008,Amazon,Affirm,current_provider_or_merchant_page,www.affirm.com,https://www.affirm.com/shopping/home-and-furniture,2026-08-07,,,supports_bnpl_present,Furniture & mattress financing - buy now pay later | Affirm We're glad you're here! Would you like to see what Affirm offers in your region? Go to the page Stay he,"Current page supports that this provider is presently associated with the merchant, but current listing is not treated as adoption date.",Tier 4,2026-08-09T21:28:28+00:00
M0008,Amazon,Affirm,wayback_cdx_provider_directory,Internet Archive CDX,https://www.affirm.com/shopping/home-and-furniture,,https://web.archive.org/web/20201129073945/https://www.affirm.com/shopping/home-and-furniture,2020-11-29,supports_bnpl_present,Provider-specific URL first archived on 2020-11-29: https://www.affirm.com/shopping/home-and-furniture,Provider-directory/listing URL observed in Wayback. Not used as exact adoption date without operational launch evidence.,Tier 4,2026-08-09T21:28:28+00:00
M0008,Amazon,Klarna,current_provider_or_merchant_page,www.klarna.com,https://www.klarna.com/us/store/97b4ccb9-3db9-465a-9099-cabc737b1639/amazon/pay-with-klarna/,,,,supports_bnpl_present,Buy now pay later at Amazon - Pay in 4 | Klarna For shoppers For business Discover Klarna Shop App Help Show more Sign in Klarna ∕,"Current page supports that this provider is presently associated with the merchant, but current listing is not treated as adoption date.",Tier 4,2026-08-09T21:28:28+00:00
M0008,Amazon,Klarna,current_provider_or_merchant_page,www.klarna.com,https://www.klarna.com/us/shopping/t/1493/Toys-Hobbies/,,,,supports_bnpl_present,Compare Toys & Hobbies Prices on Klarna For shoppers For business Discover Klarna Shop App Help Show more Sign in Klarna / Shopping / All categories / Toys & Hobbi,"Current page supports that this provider is presently associated with the merchant, but current listing is not treated as adoption date.",Tier 4,2026-08-09T21:28:28+00:00
M0008,Amazon,Klarna,wayback_cdx_provider_directory,Internet Archive CDX,https://www.klarna.com/us/shopping/t/1493/Toys-Hobbies/,,https://web.archive.org/web/20220924101958/https://www.klarna.com/us/shopping/t/1493/Toys-Hobbies/,2022-09-24,supports_bnpl_present,Provider-specific URL first archived on 2022-09-24: https://www.klarna.com/us/shopping/t/1493/Toys-Hobbies/,Provider-directory/listing URL observed in Wayback. Not used as exact adoption date without operational launch evidence.,Tier 4,2026-08-09T21:28:28+00:00
M0008,Amazon,Klarna,current_provider_or_merchant_page,www.klarna.com,https://www.klarna.com/us/shopping/t/35/Kids-Family/,,,,supports_bnpl_present,Compare Kids & Family Prices on Klarna For shoppers For business Discover Klarna Shop App Help Show more Sign in Klarna / Shopping / All categories / Kids & Famil,"Current page supports that this provider is presently associated with the merchant, but current listing is not treated as adoption date.",Tier 4,2026-08-09T21:28:28+00:00
M0008,Amazon,Klarna,wayback_cdx_provider_directory,Internet Archive CDX,https://www.klarna.com/us/shopping/t/35/Kids-Family/,,https://web.archive.org/web/20220924102041/https://www.klarna.com/us/shopping/t/35/Kids-Family/,2022-09-24,supports_bnpl_present,Provider-specific URL first archived on 2022-09-24: https://www.klarna.com/us/shopping/t/35/Kids-Family/,Provider-directory/listing URL observed in Wayback. Not used as exact adoption date without operational launch evidence.,Tier 4,2026-08-09T21:28:28+00:00
M0009,Zappos,Klarna,current_provider_or_merchant_page,www.klarna.com,https://www.klarna.com/us/store/18a711ed-a6dd-48b1-bd0a-b2c5a65d7177/zappos/pay-with-klarna/,,,,supports_bnpl_present,Buy now pay later at Zappos - Pay in 4 | Klarna For shoppers For business Discover Klarna Shop App Help Show more Sign in Klarna ∕,"Current page supports that this provider is presently associated with the merchant, but current listing is not treated as adoption date.",Tier 4,2026-08-09T21:28:28+00:00
M0009,Zappos,Klarna,current_provider_or_merchant_page,www.klarna.com,https://www.klarna.com/us/shopping/t/141/Clothing-Accessories/,,,,supports_bnpl_present,Compare Clothing & Accessories Prices on Klarna For shoppers For business Discover Klarna Shop App Help Show more Sign in Klarna / Shopping / All categories / Clothing & A,"Current page supports that this provider is presently associated with the merchant, but current listing is not treated as adoption date.",Tier 4,2026-08-09T21:28:28+00:00
M0009,Zappos,Klarna,wayback_cdx_provider_directory,Internet Archive CDX,https://www.klarna.com/us/shopping/t/141/Clothing-Accessories/,,https://web.archive.org/web/20220924101952/https://www.klarna.com/us/shopping/t/141/Clothing-Accessories/,2022-09-24,supports_bnpl_present,Provider-specific URL first archived on 2022-09-24: https://www.klarna.com/us/shopping/t/141/Clothing-Accessories/,Provider-directory/listing URL observed in Wayback. Not used as exact adoption date without operational launch evidence.,Tier 4,2026-08-09T21:28:28+00:00
M0009,Zappos,Afterpay,current_provider_or_merchant_page,www.afterpay.com,https://www.afterpay.com/en-US/categories/mens-clothing,,,,supports_bnpl_present,Men's clothing on Afterpay - Buy now pay later with Afterpay How Afterpay works All Categories For retailers Get the app Get $15 off No suggestions,"Current page supports that this provider is presently associated with the merchant, but current listing is not treated as adoption date.",Tier 4,2026-08-09T21:28:28+00:00
M0009,Zappos,Afterpay,wayback_cdx_provider_directory,Internet Archive CDX,https://www.afterpay.com/en-US/categories/mens-clothing,,https://web.archive.org/web/20260226210648/https://www.afterpay.com/en-US/categories/mens-clothing,2026-02-26,supports_bnpl_present,Provider-specific URL first archived on 2026-02-26: https://www.afterpay.com/en-US/categories/mens-clothing,Provider-directory/listing URL observed in Wayback. Not used as exact adoption date without operational launch evidence.,Tier 4,2026-08-09T21:28:28+00:00
M0009,Zappos,Afterpay,current_provider_or_merchant_page,www.afterpay.com,https://www.afterpay.com/en-US/categories/womens-clothing,,,,supports_bnpl_present,Fashion on Afterpay - Buy now pay later with Afterpay How Afterpay works All Categories For retailers Get the app Get $15 off No suggestions,"Current page supports that this provider is presently associated with the merchant, but current listing is not treated as adoption date.",Tier 4,2026-08-09T21:28:28+00:00
M0009,Zappos,Afterpay,wayback_cdx_provider_directory,Internet Archive CDX,https://www.afterpay.com/en-US/categories/womens-clothing,,https://web.archive.org/web/20251127160840/https://www.afterpay.com/en-US/categories/womens-clothing,2025-11-27,supports_bnpl_present,Provider-specific URL first archived on 2025-11-27: https://www.afterpay.com/en-US/categories/womens-clothing,Provider-directory/listing URL observed in Wayback. Not used as exact adoption date without operational launch evidence.,Tier 4,2026-08-09T21:28:28+00:00
M0009,Zappos,Zip,current_provider_or_merchant_page,zip.co,https://zip.co/us/shop/shoes,,,,supports_bnpl_present,"Buy Now, Pay Later Shoes | Zip Skip to main content Customers Business For Business How it works Shop stores Shop categories Insights Help Products Solutions","Current page supports that this provider is presently associated with the merchant, but current listing is not treated as adoption date.",Tier 4,2026-08-09T21:28:28+00:00
M0009,Zappos,Zip,current_external_bnpl_page,zip.co,https://zip.co/us/shop/shoes,,,,supports_bnpl_present,".S. purchases, and certain merchant, product, goods and service restrictions apply. All loans subject to credit approval. © 2026 'Quadpay', 'Zip', the 'Q Logo' and 'Zip' Logos, and all tag lines used in conjunction therewith including 'Any Store Split in 4' an",Current page mentions a BNPL-like provider outside the five-platform sample; timing still requires review.,Tier 2,2026-08-09T21:28:28+00:00
M0010,Abercrombie & Fitch,Klarna,current_provider_or_merchant_page,www.klarna.com,https://www.klarna.com/us/store/5d035a17-dc52-49a0-89e1-8305a5840741/abercrombie-fitch/pay-with-klarna/,,,,supports_bnpl_present,Buy now pay later at Abercrombie & Fitch - Pay in 4 | Klarna For shoppers For business Discover Klarna Shop App Help Show more Sig,"Current page supports that this provider is presently associated with the merchant, but current listing is not treated as adoption date.",Tier 4,2026-08-09T21:28:28+00:00
M0010,Abercrombie & Fitch,Klarna,current_provider_or_merchant_page,www.klarna.com,https://www.klarna.com/us/shopping/t/141/Clothing-Accessories/,,,,supports_bnpl_present,Compare Clothing & Accessories Prices on Klarna For shoppers For business Discover Klarna Shop App Help Show more Sign in Klarna / Shopping / All categories / Clothing & A,"Current page supports that this provider is presently associated with the merchant, but current listing is not treated as adoption date.",Tier 4,2026-08-09T21:28:28+00:00
M0010,Abercrombie & Fitch,Klarna,wayback_cdx_provider_directory,Internet Archive CDX,https://www.klarna.com/us/shopping/t/141/Clothing-Accessories/,,https://web.archive.org/web/20220924101952/https://www.klarna.com/us/shopping/t/141/Clothing-Accessories/,2022-09-24,supports_bnpl_present,Provider-specific URL first archived on 2022-09-24: https://www.klarna.com/us/shopping/t/141/Clothing-Accessories/,Provider-directory/listing URL observed in Wayback. Not used as exact adoption date without operational launch evidence.,Tier 4,2026-08-09T21:28:28+00:00
M0010,Abercrombie & Fitch,Sezzle,current_provider_or_merchant_page,sezzle.com,https://sezzle.com/shop/mens-clothing/,2026-08-06,,,supports_bnpl_present,Buy Now Pay Later for Men's Clothing with Sezzle Shop Women Activewear Clothing Jewelry & Accessories Shoes Swimwear Men Clothing,"Current page supports that this provider is presently associated with the merchant, but current listing is not treated as adoption date.",Tier 4,2026-08-09T21:28:28+00:00
M0010,Abercrombie & Fitch,Sezzle,current_provider_or_merchant_page,sezzle.com,https://sezzle.com/shop/womens-clothing/,2026-08-06,,,supports_bnpl_present,Buy Now Pay Later for Women's Clothing with Sezzle Shop Women Activewear Clothing Jewelry & Accessories Shoes Swimwear Men Clothin,"Current page supports that this provider is presently associated with the merchant, but current listing is not treated as adoption date.",Tier 4,2026-08-09T21:28:28+00:00
M0011,AppFolio,Zip,current_provider_or_merchant_page,zip.co,https://zip.co/us/shop/bills,,,,supports_bnpl_present,Pay your Bills with Zip in easy installments | Zip Skip to main content Customers Business For Business How it works Shop stores Shop categories Insig,"Current page supports that this provider is presently associated with the merchant, but current listing is not treated as adoption date.",Tier 4,2026-08-09T21:28:28+00:00
M0011,AppFolio,Zip,current_external_bnpl_page,zip.co,https://zip.co/us/shop/bills,,,,supports_bnpl_present,".S. purchases, and certain merchant, product, goods and service restrictions apply. All loans subject to credit approval. © 2026 'Quadpay', 'Zip', the 'Q Logo' and 'Zip' Logos, and all tag lines used in conjunction therewith including 'Any Store Split in 4' an",Current page mentions a BNPL-like provider outside the five-platform sample; timing still requires review.,Tier 2,2026-08-09T21:28:28+00:00
M0011,AppFolio,Zip,wayback_cdx_provider_directory,Internet Archive CDX,https://zip.co/us/shop/bills,,https://web.archive.org/web/20211109131115/https://zip.co/us/shop/bills,2021-11-09,supports_bnpl_present,Provider-specific URL first archived on 2021-11-09: https://zip.co/us/shop/bills,Provider-directory/listing URL observed in Wayback. Not used as exact adoption date without operational launch evidence.,Tier 4,2026-08-09T21:28:28+00:00
M0012,Arhaus,Klarna,current_provider_or_merchant_page,www.klarna.com,https://www.klarna.com/us/store/0733ee14-269d-4522-a96e-82a69f47410f/arhaus/pay-with-klarna/,,,,supports_bnpl_present,Buy now pay later at Arhaus - Pay in 4 | Klarna For shoppers For business Discover Klarna Shop App Help Show more Sign in Klarna ∕,"Current page supports that this provider is presently associated with the merchant, but current listing is not treated as adoption date.",Tier 4,2026-08-09T21:28:28+00:00
M0012,Arhaus,Klarna,current_provider_or_merchant_page,www.klarna.com,https://www.klarna.com/us/shopping/t/14/Kitchen-Appliances/,,,,supports_bnpl_present,Compare Kitchen Appliances Prices on Klarna For shoppers For business Discover Klarna Shop App Help Show more Sign in Klarna / Shopping / All categories / Home & Appli,"Current page supports that this provider is presently associated with the merchant, but current listing is not treated as adoption date.",Tier 4,2026-08-09T21:28:28+00:00
M0012,Arhaus,Klarna,current_provider_or_merchant_page,www.klarna.com,https://www.klarna.com/us/shopping/t/1424/Garden-Patio/,,,,supports_bnpl_present,Compare Garden & Patio Prices on Klarna For shoppers For business Discover Klarna Shop App Help Show more Sign in Klarna / Shopping / All categories / Garden & Pat,"Current page supports that this provider is presently associated with the merchant, but current listing is not treated as adoption date.",Tier 4,2026-08-09T21:28:28+00:00
M0013,Academy Sports,Klarna,current_provider_or_merchant_page,www.klarna.com,https://www.klarna.com/us/store/c7f9eb06-0d0d-4ded-8fbb-e1e10e7c6595/academy-sports/pay-with-klarna/,,,,supports_bnpl_present,Buy now pay later at Academy Sports - Pay in 4 | Klarna For shoppers For business Discover Klarna Shop App Help Show more Sign in,"Current page supports that this provider is presently associated with the merchant, but current listing is not treated as adoption date.",Tier 4,2026-08-09T21:28:28+00:00
M0013,Academy Sports,Klarna,current_provider_or_merchant_page,www.klarna.com,https://www.klarna.com/us/shopping/t/27/Sports-Outdoor/,,,,supports_bnpl_present,Compare Sports & Outdoor Prices on Klarna For shoppers For business Discover Klarna Shop App Help Show more Sign in Klarna / Shopping / All categories / Sports & Out,"Current page supports that this provider is presently associated with the merchant, but current listing is not treated as adoption date.",Tier 4,2026-08-09T21:28:28+00:00
M0014,AutoZone,Klarna,current_provider_or_merchant_page,www.klarna.com,https://www.klarna.com/us/store/c64234c9-c89f-4b4f-b7e4-5ea249f11431/autozone/pay-with-klarna/,,,,supports_bnpl_present,Buy now pay later at AutoZone - Pay in 4 | Klarna For shoppers For business Discover Klarna Shop App Help Show more Sign in Klarna,"Current page supports that this provider is presently associated with the merchant, but current listing is not treated as adoption date.",Tier 4,2026-08-09T21:28:28+00:00
M0014,AutoZone,Klarna,current_provider_or_merchant_page,www.klarna.com,https://www.klarna.com/us/shopping/t/11/Automotive/,,,,supports_bnpl_present,Compare Automotive Prices on Klarna For shoppers For business Discover Klarna Shop App Help Show more Sign in Klarna / Shopping / All categories / Automotive A,"Current page supports that this provider is presently associated with the merchant, but current listing is not treated as adoption date.",Tier 4,2026-08-09T21:28:28+00:00
M0015,Alibaba,Klarna,current_provider_or_merchant_page,www.klarna.com,https://www.klarna.com/us/store/736afd1b-05fc-4e67-9b70-300db9da4d24/alibaba/pay-with-klarna/,,,,supports_bnpl_present,Buy now pay later at Alibaba - Pay in 4 | Klarna For shoppers For business Discover Klarna Shop App Help Show more Sign in Klarna,"Current page supports that this provider is presently associated with the merchant, but current listing is not treated as adoption date.",Tier 4,2026-08-09T21:28:28+00:00
M0015,Alibaba,Klarna,current_provider_or_merchant_page,www.klarna.com,https://www.klarna.com/us/shopping/t/1493/Toys-Hobbies/,,,,supports_bnpl_present,Compare Toys & Hobbies Prices on Klarna For shoppers For business Discover Klarna Shop App Help Show more Sign in Klarna / Shopping / All categories / Toys & Hobbi,"Current page supports that this provider is presently associated with the merchant, but current listing is not treated as adoption date.",Tier 4,2026-08-09T21:28:28+00:00
M0015,Alibaba,Klarna,wayback_cdx_provider_directory,Internet Archive CDX,https://www.klarna.com/us/shopping/t/1493/Toys-Hobbies/,,https://web.archive.org/web/20220924101958/https://www.klarna.com/us/shopping/t/1493/Toys-Hobbies/,2022-09-24,supports_bnpl_present,Provider-specific URL first archived on 2022-09-24: https://www.klarna.com/us/shopping/t/1493/Toys-Hobbies/,Provider-directory/listing URL observed in Wayback. Not used as exact adoption date without operational launch evidence.,Tier 4,2026-08-09T21:28:28+00:00
M0015,Alibaba,Klarna,current_provider_or_merchant_page,www.klarna.com,https://www.klarna.com/us/shopping/t/35/Kids-Family/,,,,supports_bnpl_present,Compare Kids & Family Prices on Klarna For shoppers For business Discover Klarna Shop App Help Show more Sign in Klarna / Shopping / All categories / Kids & Famil,"Current page supports that this provider is presently associated with the merchant, but current listing is not treated as adoption date.",Tier 4,2026-08-09T21:28:28+00:00
M0015,Alibaba,Klarna,wayback_cdx_provider_directory,Internet Archive CDX,https://www.klarna.com/us/shopping/t/35/Kids-Family/,,https://web.archive.org/web/20220924102041/https://www.klarna.com/us/shopping/t/35/Kids-Family/,2022-09-24,supports_bnpl_present,Provider-specific URL first archived on 2022-09-24: https://www.klarna.com/us/shopping/t/35/Kids-Family/,Provider-directory/listing URL observed in Wayback. Not used as exact adoption date without operational launch evidence.,Tier 4,2026-08-09T21:28:28+00:00
M0015,Alibaba,Afterpay,current_provider_or_merchant_page,www.afterpay.com,https://www.afterpay.com/en-US/categories/beauty,,,,supports_bnpl_present,Beauty on Afterpay - Buy now pay later with Afterpay How Afterpay works All Categories For retailers Get the app Get $15 off No suggestions,"Current page supports that this provider is presently associated with the merchant, but current listing is not treated as adoption date.",Tier 4,2026-08-09T21:28:28+00:00
M0015,Alibaba,Afterpay,current_provider_or_merchant_page,www.afterpay.com,https://www.afterpay.com/en-US/categories/home,,,,supports_bnpl_present,Home on Afterpay - Buy now pay later with Afterpay How Afterpay works All Categories For retailers Get the app Get $15 off No suggestions,"Current page supports that this provider is presently associated with the merchant, but current listing is not treated as adoption date.",Tier 4,2026-08-09T21:28:28+00:00
M0015,Alibaba,Afterpay,wayback_cdx_provider_directory,Internet Archive CDX,https://www.afterpay.com/en-US/categories/home,,https://web.archive.org/web/20210614120033/https://www.afterpay.com/en-US/categories/home,2021-06-14,supports_bnpl_present,Provider-specific URL first archived on 2021-06-14: https://www.afterpay.com/en-US/categories/home,Provider-directory/listing URL observed in Wayback. Not used as exact adoption date without operational launch evidence.,Tier 4,2026-08-09T21:28:28+00:00
M0015,Alibaba,Afterpay,current_provider_or_merchant_page,www.afterpay.com,https://www.afterpay.com/en-US/categories/womens-clothing,,,,supports_bnpl_present,Fashion on Afterpay - Buy now pay later with Afterpay How Afterpay works All Categories For retailers Get the app Get $15 off No suggestions,"Current page supports that this provider is presently associated with the merchant, but current listing is not treated as adoption date.",Tier 4,2026-08-09T21:28:28+00:00
M0015,Alibaba,Afterpay,wayback_cdx_provider_directory,Internet Archive CDX,https://www.afterpay.com/en-US/categories/womens-clothing,,https://web.archive.org/web/20251127160840/https://www.afterpay.com/en-US/categories/womens-clothing,2025-11-27,supports_bnpl_present,Provider-specific URL first archived on 2025-11-27: https://www.afterpay.com/en-US/categories/womens-clothing,Provider-directory/listing URL observed in Wayback. Not used as exact adoption date without operational launch evidence.,Tier 4,2026-08-09T21:28:28+00:00
M0015,Alibaba,Sezzle,current_provider_or_merchant_page,sezzle.com,https://sezzle.com/shop/baby-gear/,2026-08-06,,,supports_bnpl_present,Buy Now Pay Later for Baby Gear with Sezzle Shop Women Activewear Clothing Jewelry & Accessories Shoes Swimwear Men Clothing Jewel,"Current page supports that this provider is presently associated with the merchant, but current listing is not treated as adoption date.",Tier 4,2026-08-09T21:28:28+00:00
M0015,Alibaba,Sezzle,current_provider_or_merchant_page,sezzle.com,https://sezzle.com/shop/bed-and-bath/,2026-08-06,,,supports_bnpl_present,Buy Now Pay Later for Bed & Bath with Sezzle Shop Women Activewear Clothing Jewelry & Accessories Shoes Swimwear Men Clothing Jewe,"Current page supports that this provider is presently associated with the merchant, but current listing is not treated as adoption date.",Tier 4,2026-08-09T21:28:28+00:00
M0015,Alibaba,Sezzle,current_provider_or_merchant_page,sezzle.com,https://sezzle.com/shop/cosmetics/,2026-08-06,,,supports_bnpl_present,Buy Now Pay Later at cosmetics | Pay in 4 Shop Women Activewear Clothing Jewelry & Accessories Shoes Swimwear Men Clothing Jewelry,"Current page supports that this provider is presently associated with the merchant, but current listing is not treated as adoption date.",Tier 4,2026-08-09T21:28:28+00:00
M0015,Alibaba,Sezzle,wayback_cdx_provider_directory,Internet Archive CDX,https://sezzle.com/shop/cosmetics/,,https://web.archive.org/web/20241003163243/https://sezzle.com/shop/cosmetics/,2024-10-03,supports_bnpl_present,Provider-specific URL first archived on 2024-10-03: https://sezzle.com/shop/cosmetics/,Provider-directory/listing URL observed in Wayback. Not used as exact adoption date without operational launch evidence.,Tier 4,2026-08-09T21:28:28+00:00
M0016,Bed Bath & Beyond,Affirm,current_provider_or_merchant_page,www.affirm.com,https://www.affirm.com/shopping/home-and-furniture,2026-08-07,,,supports_bnpl_present,Furniture & mattress financing - buy now pay later | Affirm We're glad you're here! Would you like to see what Affirm offers in your region? Go to the page Stay he,"Current page supports that this provider is presently associated with the merchant, but current listing is not treated as adoption date.",Tier 4,2026-08-09T21:28:28+00:00
M0016,Bed Bath & Beyond,Affirm,wayback_cdx_provider_directory,Internet Archive CDX,https://www.affirm.com/shopping/home-and-furniture,,https://web.archive.org/web/20201129073945/https://www.affirm.com/shopping/home-and-furniture,2020-11-29,supports_bnpl_present,Provider-specific URL first archived on 2020-11-29: https://www.affirm.com/shopping/home-and-furniture,Provider-directory/listing URL observed in Wayback. Not used as exact adoption date without operational launch evidence.,Tier 4,2026-08-09T21:28:28+00:00
M0016,Bed Bath & Beyond,Klarna,current_provider_or_merchant_page,www.klarna.com,https://www.klarna.com/us/store/a02abedb-9199-4276-a350-945e1175eed8/bed-bath-beyond/pay-with-klarna/,,,,supports_bnpl_present,Buy now pay later at Bed Bath & Beyond - Pay in 4 | Klarna For shoppers For business Discover Klarna Shop App Help Show more Sign,"Current page supports that this provider is presently associated with the merchant, but current listing is not treated as adoption date.",Tier 4,2026-08-09T21:28:28+00:00
M0016,Bed Bath & Beyond,Klarna,current_provider_or_merchant_page,www.klarna.com,https://www.klarna.com/us/shopping/t/14/Kitchen-Appliances/,,,,supports_bnpl_present,Compare Kitchen Appliances Prices on Klarna For shoppers For business Discover Klarna Shop App Help Show more Sign in Klarna / Shopping / All categories / Home & Appli,"Current page supports that this provider is presently associated with the merchant, but current listing is not treated as adoption date.",Tier 4,2026-08-09T21:28:28+00:00
M0016,Bed Bath & Beyond,Klarna,current_provider_or_merchant_page,www.klarna.com,https://www.klarna.com/us/shopping/t/1424/Garden-Patio/,,,,supports_bnpl_present,Compare Garden & Patio Prices on Klarna For shoppers For business Discover Klarna Shop App Help Show more Sign in Klarna / Shopping / All categories / Garden & Pat,"Current page supports that this provider is presently associated with the merchant, but current listing is not treated as adoption date.",Tier 4,2026-08-09T21:28:28+00:00
M0016,Bed Bath & Beyond,Sezzle,current_provider_or_merchant_page,sezzle.com,https://sezzle.com/shop/bed-and-bath/,2026-08-06,,,supports_bnpl_present,Buy Now Pay Later for Bed & Bath with Sezzle Shop Women Activewear Clothing Jewelry & Accessories Shoes Swimwear Men Clothing Jewe,"Current page supports that this provider is presently associated with the merchant, but current listing is not treated as adoption date.",Tier 4,2026-08-09T21:28:28+00:00
M0016,Bed Bath & Beyond,Sezzle,current_provider_or_merchant_page,sezzle.com,https://sezzle.com/shop/cosmetics/,2026-08-06,,,supports_bnpl_present,Buy Now Pay Later at cosmetics | Pay in 4 Shop Women Activewear Clothing Jewelry & Accessories Shoes Swimwear Men Clothing Jewelry,"Current page supports that this provider is presently associated with the merchant, but current listing is not treated as adoption date.",Tier 4,2026-08-09T21:28:28+00:00
M0016,Bed Bath & Beyond,Sezzle,wayback_cdx_provider_directory,Internet Archive CDX,https://sezzle.com/shop/cosmetics/,,https://web.archive.org/web/20241003163243/https://sezzle.com/shop/cosmetics/,2024-10-03,supports_bnpl_present,Provider-specific URL first archived on 2024-10-03: https://sezzle.com/shop/cosmetics/,Provider-directory/listing URL observed in Wayback. Not used as exact adoption date without operational launch evidence.,Tier 4,2026-08-09T21:28:28+00:00
M0016,Bed Bath & Beyond,Sezzle,current_provider_or_merchant_page,sezzle.com,https://sezzle.com/shop/self-care/,2026-08-06,,,supports_bnpl_present,Buy Now Pay Later for Self Care with Sezzle Shop Women Activewear Clothing Jewelry & Accessories Shoes Swimwear Men Clothing Jewel,"Current page supports that this provider is presently associated with the merchant, but current listing is not treated as adoption date.",Tier 4,2026-08-09T21:28:28+00:00
M0017,Build-A-Bear Workshop,Sezzle,current_provider_or_merchant_page,sezzle.com,https://sezzle.com/shop/toys-and-games/,2026-08-06,,,supports_bnpl_present,Buy Now Pay Later for Toys & Games with Sezzle Shop Women Activewear Clothing Jewelry & Accessories Shoes Swimwear Men Clothing Je,"Current page supports that this provider is presently associated with the merchant, but current listing is not treated as adoption date.",Tier 4,2026-08-09T21:28:28+00:00
M0017,Build-A-Bear Workshop,Sezzle,current_webpage_error,www.buildabear.com,https://www.buildabear.com,,,,inconclusive,<HTTPError 403: 'Forbidden'>,Technical error; not interpreted as evidence of BNPL absence.,technical_log,2026-08-09T21:28:28+00:00
M0018,Bath & Body Works,Klarna,current_provider_or_merchant_page,www.klarna.com,https://www.klarna.com/us/store/11325fd0-d238-4ca3-9e9e-a3a963ed4335/bath-body-works/pay-with-klarna/,,,,supports_bnpl_present,Buy now pay later at Bath & Body Works - Pay in 4 | Klarna For shoppers For business Discover Klarna Shop App Help Show more Sign,"Current page supports that this provider is presently associated with the merchant, but current listing is not treated as adoption date.",Tier 4,2026-08-09T21:28:28+00:00
M0018,Bath & Body Works,Klarna,wayback_cdx_provider_directory,Internet Archive CDX,https://www.klarna.com/us/store/11325fd0-d238-4ca3-9e9e-a3a963ed4335/bath-body-works/pay-with-klarna/,,https://web.archive.org/web/20241218173755/https://www.klarna.com/us/store/11325fd0-d238-4ca3-9e9e-a3a963ed4335/bath-body-works/pay-with-klarna/,2024-12-18,supports_bnpl_present,Provider-specific URL first archived on 2024-12-18: https://www.klarna.com/us/store/11325fd0-d238-4ca3-9e9e-a3a963ed4335/bath-body-works/pay-with-klarna/,Provider-directory/listing URL observed in Wayback. Not used as exact adoption date without operational launch evidence.,Tier 4,2026-08-09T21:28:28+00:00
M0018,Bath & Body Works,Klarna,current_provider_or_merchant_page,www.klarna.com,https://www.klarna.com/us/shopping/t/10/Health-Beauty/,,,,supports_bnpl_present,Compare Health & Beauty Prices on Klarna For shoppers For business Discover Klarna Shop App Help Show more Sign in Klarna / Shopping / All categories / Health & Bea,"Current page supports that this provider is presently associated with the merchant, but current listing is not treated as adoption date.",Tier 4,2026-08-09T21:28:28+00:00
M0018,Bath & Body Works,Klarna,wayback_cdx_provider_directory,Internet Archive CDX,https://www.klarna.com/us/shopping/t/10/Health-Beauty/,,https://web.archive.org/web/20220917161909/https://www.klarna.com/us/shopping/t/10/Health-Beauty/,2022-09-17,supports_bnpl_present,Provider-specific URL first archived on 2022-09-17: https://www.klarna.com/us/shopping/t/10/Health-Beauty/,Provider-directory/listing URL observed in Wayback. Not used as exact adoption date without operational launch evidence.,Tier 4,2026-08-09T21:28:28+00:00
M0018,Bath & Body Works,Klarna,current_webpage_error,www.bathandbodyworks.com,https://www.bathandbodyworks.com,,,,inconclusive,"URLError(SSLCertVerificationError(1, '[SSL: CERTIFICATE_VERIFY_FAILED] certificate verify failed: unable to get local issuer certificate (_ssl.c:1010)'))",Technical error; not interpreted as evidence of BNPL absence.,technical_log,2026-08-09T21:28:28+00:00
M0018,Bath & Body Works,Sezzle,current_provider_or_merchant_page,sezzle.com,https://sezzle.com/shop/bed-and-bath/,2026-08-06,,,supports_bnpl_present,Buy Now Pay Later for Bed & Bath with Sezzle Shop Women Activewear Clothing Jewelry & Accessories Shoes Swimwear Men Clothing Jewe,"Current page supports that this provider is presently associated with the merchant, but current listing is not treated as adoption date.",Tier 4,2026-08-09T21:28:28+00:00
M0018,Bath & Body Works,Sezzle,current_provider_or_merchant_page,sezzle.com,https://sezzle.com/shop/self-care/,2026-08-06,,,supports_bnpl_present,Buy Now Pay Later for Self Care with Sezzle Shop Women Activewear Clothing Jewelry & Accessories Shoes Swimwear Men Clothing Jewel,"Current page supports that this provider is presently associated with the merchant, but current listing is not treated as adoption date.",Tier 4,2026-08-09T21:28:28+00:00
M0018,Bath & Body Works,Sezzle,current_webpage_error,www.bathandbodyworks.com,https://www.bathandbodyworks.com,,,,inconclusive,"URLError(SSLCertVerificationError(1, '[SSL: CERTIFICATE_VERIFY_FAILED] certificate verify failed: unable to get local issuer certificate (_ssl.c:1010)'))",Technical error; not interpreted as evidence of BNPL absence.,technical_log,2026-08-09T21:28:28+00:00
M0019,Best Buy,Affirm,current_provider_or_merchant_page,www.affirm.com,https://www.affirm.com/shopping/electronics,2026-08-07,,,supports_bnpl_present,"Buy now pay later electronics - Laptop, iPhone financing | Affirm We're glad you're here! Would you like to see what Affirm offers","Current page supports that this provider is presently associated with the merchant, but current listing is not treated as adoption date.",Tier 4,2026-08-09T21:28:28+00:00
M0019,Best Buy,Affirm,wayback_cdx_provider_directory,Internet Archive CDX,https://www.affirm.com/shopping/electronics,,https://web.archive.org/web/20201129081111/https://www.affirm.com/shopping/electronics,2020-11-29,supports_bnpl_present,Provider-specific URL first archived on 2020-11-29: https://www.affirm.com/shopping/electronics,Provider-directory/listing URL observed in Wayback. Not used as exact adoption date without operational launch evidence.,Tier 4,2026-08-09T21:28:28+00:00
M0019,Best Buy,Klarna,current_provider_or_merchant_page,www.klarna.com,https://www.klarna.com/us/store/93432633-812a-4660-b781-61456659e705/best-buy/pay-with-klarna/,,,,supports_bnpl_present,Buy now pay later at Best Buy - Pay in 4 | Klarna For shoppers For business Discover Klarna Shop App Help Show more Sign in Klarna,"Current page supports that this provider is presently associated with the merchant, but current listing is not treated as adoption date.",Tier 4,2026-08-09T21:28:28+00:00
M0019,Best Buy,Klarna,wayback_cdx_provider_directory,Internet Archive CDX,https://www.klarna.com/us/store/93432633-812a-4660-b781-61456659e705/best-buy/pay-with-klarna/,,https://web.archive.org/web/20241218174101/https://www.klarna.com/us/store/93432633-812a-4660-b781-61456659e705/best-buy/pay-with-klarna/,2024-12-18,supports_bnpl_present,Provider-specific URL first archived on 2024-12-18: https://www.klarna.com/us/store/93432633-812a-4660-b781-61456659e705/best-buy/pay-with-klarna/,Provider-directory/listing URL observed in Wayback. Not used as exact adoption date without operational launch evidence.,Tier 4,2026-08-09T21:28:28+00:00
M0019,Best Buy,Klarna,current_provider_or_merchant_page,www.klarna.com,https://www.klarna.com/us/shopping/t/1/TV-Audio/,,,,supports_bnpl_present,Compare TV & Audio Prices on Klarna For shoppers For business Discover Klarna Shop App Help Show more Sign in Klarna / Shopping / All categories / TV & Audio T,"Current page supports that this provider is presently associated with the merchant, but current listing is not treated as adoption date.",Tier 4,2026-08-09T21:28:28+00:00
M0019,Best Buy,Klarna,wayback_cdx_provider_directory,Internet Archive CDX,https://www.klarna.com/us/shopping/t/1/TV-Audio/,,https://web.archive.org/web/20221002221314/https://www.klarna.com/us/shopping/t/1/TV-Audio/,2022-10-02,supports_bnpl_present,Provider-specific URL first archived on 2022-10-02: https://www.klarna.com/us/shopping/t/1/TV-Audio/,Provider-directory/listing URL observed in Wayback. Not used as exact adoption date without operational launch evidence.,Tier 4,2026-08-09T21:28:28+00:00
M0019,Best Buy,Klarna,current_provider_or_merchant_page,www.klarna.com,https://www.klarna.com/us/shopping/t/17/Photography/,,,,supports_bnpl_present,Compare Photography Prices on Klarna For shoppers For business Discover Klarna Shop App Help Show more Sign in Klarna / Shopping / All categories / Photography,"Current page supports that this provider is presently associated with the merchant, but current listing is not treated as adoption date.",Tier 4,2026-08-09T21:28:28+00:00
M0019,Best Buy,Klarna,wayback_cdx_provider_directory,Internet Archive CDX,https://www.klarna.com/us/shopping/t/17/Photography/,,https://web.archive.org/web/20220924102034/https://www.klarna.com/us/shopping/t/17/Photography/,2022-09-24,supports_bnpl_present,Provider-specific URL first archived on 2022-09-24: https://www.klarna.com/us/shopping/t/17/Photography/,Provider-directory/listing URL observed in Wayback. Not used as exact adoption date without operational launch evidence.,Tier 4,2026-08-09T21:28:28+00:00
M0019,Best Buy,Zip,current_provider_or_merchant_page,zip.co,https://zip.co/us/shop/appliances-electronics,,,,supports_bnpl_present,"Buy Now, Pay Later Electronics | Zip Skip to main content Customers Business For Business How it works Shop stores Shop categories Insights Help Products Solutions","Current page supports that this provider is presently associated with the merchant, but current listing is not treated as adoption date.",Tier 4,2026-08-09T21:28:28+00:00
M0019,Best Buy,Zip,current_external_bnpl_page,zip.co,https://zip.co/us/shop/appliances-electronics,,,,supports_bnpl_present,".S. purchases, and certain merchant, product, goods and service restrictions apply. All loans subject to credit approval. © 2026 'Quadpay', 'Zip', the 'Q Logo' and 'Zip' Logos, and all tag lines used in conjunction therewith including 'Any Store Split in 4' an",Current page mentions a BNPL-like provider outside the five-platform sample; timing still requires review.,Tier 2,2026-08-09T21:28:28+00:00
M0019,Best Buy,Zip,wayback_cdx_provider_directory,Internet Archive CDX,https://zip.co/us/shop/appliances-electronics,,https://web.archive.org/web/20210921224524/https://zip.co/us/shop/appliances-electronics,2021-09-21,supports_bnpl_present,Provider-specific URL first archived on 2021-09-21: https://zip.co/us/shop/appliances-electronics,Provider-directory/listing URL observed in Wayback. Not used as exact adoption date without operational launch evidence.,Tier 4,2026-08-09T21:28:28+00:00
M0019,Best Buy,Zip,current_provider_or_merchant_page,zip.co,https://zip.co/us/shop/phones,,,,supports_bnpl_present,"Buy Now, Pay Later Phones | Zip Skip to main content Customers Business For Business How it works Shop stores Shop categories Insights Help Products Solutions","Current page supports that this provider is presently associated with the merchant, but current listing is not treated as adoption date.",Tier 4,2026-08-09T21:28:28+00:00
M0019,Best Buy,Zip,current_external_bnpl_page,zip.co,https://zip.co/us/shop/phones,,,,supports_bnpl_present,".S. purchases, and certain merchant, product, goods and service restrictions apply. All loans subject to credit approval. © 2026 'Quadpay', 'Zip', the 'Q Logo' and 'Zip' Logos, and all tag lines used in conjunction therewith including 'Any Store Split in 4' an",Current page mentions a BNPL-like provider outside the five-platform sample; timing still requires review.,Tier 2,2026-08-09T21:28:28+00:00
M0019,Best Buy,Zip,wayback_cdx_provider_directory,Internet Archive CDX,https://zip.co/us/shop/phones,,https://web.archive.org/web/20220625140916/https://zip.co/us/shop/phones,2022-06-25,supports_bnpl_present,Provider-specific URL first archived on 2022-06-25: https://zip.co/us/shop/phones,Provider-directory/listing URL observed in Wayback. Not used as exact adoption date without operational launch evidence.,Tier 4,2026-08-09T21:28:28+00:00
M0019,Best Buy,Zip,current_provider_or_merchant_page,zip.co,https://zip.co/us/shop/shop-all,,,,supports_bnpl_present,"Buy Now, Pay Later Clothing, Shoes, Electronics | Zip Skip to main content Customers Business For Business How it works Shop stores Shop categories Insights Help Products Solutions","Current page supports that this provider is presently associated with the merchant, but current listing is not treated as adoption date.",Tier 4,2026-08-09T21:28:28+00:00
M0019,Best Buy,Zip,current_external_bnpl_page,zip.co,https://zip.co/us/shop/shop-all,,,,supports_bnpl_present,".S. purchases, and certain merchant, product, goods and service restrictions apply. All loans subject to credit approval. © 2026 'Quadpay', 'Zip', the 'Q Logo' and 'Zip' Logos, and all tag lines used in conjunction therewith including 'Any Store Split in 4' an",Current page mentions a BNPL-like provider outside the five-platform sample; timing still requires review.,Tier 2,2026-08-09T21:28:28+00:00
M0019,Best Buy,Zip,wayback_cdx_provider_directory,Internet Archive CDX,https://zip.co/us/shop/shop-all,,https://web.archive.org/web/20210921002020/https://zip.co/us/shop/shop-all,2021-09-21,supports_bnpl_present,Provider-specific URL first archived on 2021-09-21: https://zip.co/us/shop/shop-all,Provider-directory/listing URL observed in Wayback. Not used as exact adoption date without operational launch evidence.,Tier 4,2026-08-09T21:28:28+00:00
M0020,Birkenstock,Klarna,current_provider_or_merchant_page,www.klarna.com,https://www.klarna.com/us/store/9e578d87-292c-4f2d-a0b8-16e5a96c709a/birkenstock/pay-with-klarna/,,,,supports_bnpl_present,Buy now pay later at Birkenstock - Pay in 4 | Klarna For shoppers For business Discover Klarna Shop App Help Show more Sign in Kla,"Current page supports that this provider is presently associated with the merchant, but current listing is not treated as adoption date.",Tier 4,2026-08-09T21:28:28+00:00
M0020,Birkenstock,Klarna,current_provider_or_merchant_page,www.klarna.com,https://www.klarna.com/us/shopping/t/141/Clothing-Accessories/,,,,supports_bnpl_present,Compare Clothing & Accessories Prices on Klarna For shoppers For business Discover Klarna Shop App Help Show more Sign in Klarna / Shopping / All categories / Clothing & A,"Current page supports that this provider is presently associated with the merchant, but current listing is not treated as adoption date.",Tier 4,2026-08-09T21:28:28+00:00
M0020,Birkenstock,Klarna,wayback_cdx_provider_directory,Internet Archive CDX,https://www.klarna.com/us/shopping/t/141/Clothing-Accessories/,,https://web.archive.org/web/20220924101952/https://www.klarna.com/us/shopping/t/141/Clothing-Accessories/,2022-09-24,supports_bnpl_present,Provider-specific URL first archived on 2022-09-24: https://www.klarna.com/us/shopping/t/141/Clothing-Accessories/,Provider-directory/listing URL observed in Wayback. Not used as exact adoption date without operational launch evidence.,Tier 4,2026-08-09T21:28:28+00:00
M0021,BJ's Wholesale Club,Klarna,current_provider_or_merchant_page,www.klarna.com,https://www.klarna.com/us/store/ca403901-7d2f-4a17-9fce-c5204c549db0/bj-s-wholesale-club/pay-with-klarna/,,,,supports_bnpl_present,Buy now pay later at BJ's Wholesale Club - Pay in 4 | Klarna For shoppers For business Discover Klarna Shop App Help Show more Sig,"Current page supports that this provider is presently associated with the merchant, but current listing is not treated as adoption date.",Tier 4,2026-08-09T21:28:28+00:00
M0021,BJ's Wholesale Club,Klarna,current_provider_or_merchant_page,www.klarna.com,https://www.klarna.com/us/shopping/t/14/Kitchen-Appliances/,,,,supports_bnpl_present,Compare Kitchen Appliances Prices on Klarna For shoppers For business Discover Klarna Shop App Help Show more Sign in Klarna / Shopping / All categories / Home & Appli,"Current page supports that this provider is presently associated with the merchant, but current listing is not treated as adoption date.",Tier 4,2026-08-09T21:28:28+00:00
M0021,BJ's Wholesale Club,Klarna,current_provider_or_merchant_page,www.klarna.com,https://www.klarna.com/us/shopping/t/1424/Garden-Patio/,,,,supports_bnpl_present,Compare Garden & Patio Prices on Klarna For shoppers For business Discover Klarna Shop App Help Show more Sign in Klarna / Shopping / All categories / Garden & Pat,"Current page supports that this provider is presently associated with the merchant, but current listing is not treated as adoption date.",Tier 4,2026-08-09T21:28:28+00:00
M0022,Buckle,Klarna,current_provider_or_merchant_page,www.klarna.com,https://www.klarna.com/us/store/5ede8350-fa52-405c-babb-7abd1b092202/buckle/pay-with-klarna/,,,,supports_bnpl_present,Buy now pay later at Buckle - Pay in 4 | Klarna For shoppers For business Discover Klarna Shop App Help Show more Sign in Klarna ∕,"Current page supports that this provider is presently associated with the merchant, but current listing is not treated as adoption date.",Tier 4,2026-08-09T21:28:28+00:00
M0022,Buckle,Klarna,current_provider_or_merchant_page,www.klarna.com,https://www.klarna.com/us/shopping/t/141/Clothing-Accessories/,,,,supports_bnpl_present,Compare Clothing & Accessories Prices on Klarna For shoppers For business Discover Klarna Shop App Help Show more Sign in Klarna / Shopping / All categories / Clothing & A,"Current page supports that this provider is presently associated with the merchant, but current listing is not treated as adoption date.",Tier 4,2026-08-09T21:28:28+00:00
M0022,Buckle,Klarna,wayback_cdx_provider_directory,Internet Archive CDX,https://www.klarna.com/us/shopping/t/141/Clothing-Accessories/,,https://web.archive.org/web/20220924101952/https://www.klarna.com/us/shopping/t/141/Clothing-Accessories/,2022-09-24,supports_bnpl_present,Provider-specific URL first archived on 2022-09-24: https://www.klarna.com/us/shopping/t/141/Clothing-Accessories/,Provider-directory/listing URL observed in Wayback. Not used as exact adoption date without operational launch evidence.,Tier 4,2026-08-09T21:28:28+00:00
M0022,Buckle,Afterpay,current_provider_or_merchant_page,www.afterpay.com,https://www.afterpay.com/en-US/categories/mens-clothing,,,,supports_bnpl_present,Men's clothing on Afterpay - Buy now pay later with Afterpay How Afterpay works All Categories For retailers Get the app Get $15 off No suggestions,"Current page supports that this provider is presently associated with the merchant, but current listing is not treated as adoption date.",Tier 4,2026-08-09T21:28:28+00:00
M0022,Buckle,Afterpay,wayback_cdx_provider_directory,Internet Archive CDX,https://www.afterpay.com/en-US/categories/mens-clothing,,https://web.archive.org/web/20260226210648/https://www.afterpay.com/en-US/categories/mens-clothing,2026-02-26,supports_bnpl_present,Provider-specific URL first archived on 2026-02-26: https://www.afterpay.com/en-US/categories/mens-clothing,Provider-directory/listing URL observed in Wayback. Not used as exact adoption date without operational launch evidence.,Tier 4,2026-08-09T21:28:28+00:00
M0022,Buckle,Afterpay,current_provider_or_merchant_page,www.afterpay.com,https://www.afterpay.com/en-US/categories/womens-clothing,,,,supports_bnpl_present,Fashion on Afterpay - Buy now pay later with Afterpay How Afterpay works All Categories For retailers Get the app Get $15 off No suggestions,"Current page supports that this provider is presently associated with the merchant, but current listing is not treated as adoption date.",Tier 4,2026-08-09T21:28:28+00:00
M0022,Buckle,Afterpay,wayback_cdx_provider_directory,Internet Archive CDX,https://www.afterpay.com/en-US/categories/womens-clothing,,https://web.archive.org/web/20251127160840/https://www.afterpay.com/en-US/categories/womens-clothing,2025-11-27,supports_bnpl_present,Provider-specific URL first archived on 2025-11-27: https://www.afterpay.com/en-US/categories/womens-clothing,Provider-directory/listing URL observed in Wayback. Not used as exact adoption date without operational launch evidence.,Tier 4,2026-08-09T21:28:28+00:00
M0023,Priceline,Affirm,current_provider_or_merchant_page,www.affirm.com,https://www.affirm.com/shopping/travel,2026-08-07,,,supports_bnpl_present,"Flights, travel, and vacation payment plans - travel financing | Affirm We're glad you're here! Would you like to see what Affirm offers in your region? Go to the page Stay here Skip to main cont","Current page supports that this provider is presently associated with the merchant, but current listing is not treated as adoption date.",Tier 4,2026-08-09T21:28:28+00:00
M0023,Priceline,Affirm,wayback_cdx_provider_directory,Internet Archive CDX,https://www.affirm.com/shopping/travel,,https://web.archive.org/web/20201129065824/https://www.affirm.com/shopping/travel,2020-11-29,supports_bnpl_present,Provider-specific URL first archived on 2020-11-29: https://www.affirm.com/shopping/travel,Provider-directory/listing URL observed in Wayback. Not used as exact adoption date without operational launch evidence.,Tier 4,2026-08-09T21:28:28+00:00
M0023,Priceline,Afterpay,current_provider_or_merchant_page,www.afterpay.com,https://www.afterpay.com/en-US/categories/tickets,,,,supports_bnpl_present,Entertainment on Afterpay - Buy now pay later with Afterpay How Afterpay works All Categories For retailers Get the app Get $15 off No suggestions,"Current page supports that this provider is presently associated with the merchant, but current listing is not treated as adoption date.",Tier 4,2026-08-09T21:28:28+00:00
M0023,Priceline,Afterpay,current_provider_or_merchant_page,www.afterpay.com,https://www.afterpay.com/en-US/categories/travel,,,,supports_bnpl_present,Travel on Afterpay - Buy now pay later with Afterpay How Afterpay works All Categories For retailers Get the app Get $15 off No suggestions,"Current page supports that this provider is presently associated with the merchant, but current listing is not treated as adoption date.",Tier 4,2026-08-09T21:28:28+00:00
M0023,Priceline,Afterpay,current_provider_or_merchant_page,afterpay.travelweb.com,https://afterpay.travelweb.com,,,,supports_bnpl_present,"Afterpay | Great savings on Hotels! Book your dream trip today, pay for it later. Learn more here Hotel and Car Bookings Made Flex","Current page supports that this provider is presently associated with the merchant, but current listing is not treated as adoption date.",Tier 1,2026-08-09T21:28:28+00:00
M0023,Priceline,Zip,current_provider_or_merchant_page,zip.co,https://zip.co/us/shop/flights,,,,supports_bnpl_present,"Buy Now, Pay Later Flights | Zip Skip to main content Customers Business For Business How it works Shop stores Shop categories Insights Help Products Solutions","Current page supports that this provider is presently associated with the merchant, but current listing is not treated as adoption date.",Tier 4,2026-08-09T21:28:28+00:00
M0023,Priceline,Zip,current_external_bnpl_page,zip.co,https://zip.co/us/shop/flights,,,,supports_bnpl_present,".S. purchases, and certain merchant, product, goods and service restrictions apply. All loans subject to credit approval. © 2026 'Quadpay', 'Zip', the 'Q Logo' and 'Zip' Logos, and all tag lines used in conjunction therewith including 'Any Store Split in 4' an",Current page mentions a BNPL-like provider outside the five-platform sample; timing still requires review.,Tier 2,2026-08-09T21:28:28+00:00
M0023,Priceline,Zip,current_provider_or_merchant_page,zip.co,https://zip.co/us/shop/hotels,,,,supports_bnpl_present,"Buy Now, Pay Later Hotels | Zip Skip to main content Customers Business For Business How it works Shop stores Shop categories Insights Help Products Solutions","Current page supports that this provider is presently associated with the merchant, but current listing is not treated as adoption date.",Tier 4,2026-08-09T21:28:28+00:00
M0023,Priceline,Zip,current_external_bnpl_page,zip.co,https://zip.co/us/shop/hotels,,,,supports_bnpl_present,".S. purchases, and certain merchant, product, goods and service restrictions apply. All loans subject to credit approval. © 2026 'Quadpay', 'Zip', the 'Q Logo' and 'Zip' Logos, and all tag lines used in conjunction therewith including 'Any Store Split in 4' an",Current page mentions a BNPL-like provider outside the five-platform sample; timing still requires review.,Tier 2,2026-08-09T21:28:28+00:00
M0023,Priceline,Zip,wayback_cdx_provider_directory,Internet Archive CDX,https://zip.co/us/shop/hotels,,https://web.archive.org/web/20220625144641/https://zip.co/us/shop/hotels,2022-06-25,supports_bnpl_present,Provider-specific URL first archived on 2022-06-25: https://zip.co/us/shop/hotels,Provider-directory/listing URL observed in Wayback. Not used as exact adoption date without operational launch evidence.,Tier 4,2026-08-09T21:28:28+00:00
M0023,Priceline,Zip,current_provider_or_merchant_page,zip.co,https://zip.co/us/shop/travel-entertainment,,,,supports_bnpl_present,Buy Now Pay Later for Travel | Zip Skip to main content Customers Business For Business How it works Shop stores Shop categories I,"Current page supports that this provider is presently associated with the merchant, but current listing is not treated as adoption date.",Tier 4,2026-08-09T21:28:28+00:00
M0023,Priceline,Zip,current_external_bnpl_page,zip.co,https://zip.co/us/shop/travel-entertainment,,,,supports_bnpl_present,".S. purchases, and certain merchant, product, goods and service restrictions apply. All loans subject to credit approval. © 2026 'Quadpay', 'Zip', the 'Q Logo' and 'Zip' Logos, and all tag lines used in conjunction therewith including 'Any Store Split in 4' an",Current page mentions a BNPL-like provider outside the five-platform sample; timing still requires review.,Tier 2,2026-08-09T21:28:28+00:00
M0023,Priceline,Zip,wayback_cdx_provider_directory,Internet Archive CDX,https://zip.co/us/shop/travel-entertainment,,https://web.archive.org/web/20210921222020/https://zip.co/us/shop/travel-entertainment,2021-09-21,supports_bnpl_present,Provider-specific URL first archived on 2021-09-21: https://zip.co/us/shop/travel-entertainment,Provider-directory/listing URL observed in Wayback. Not used as exact adoption date without operational launch evidence.,Tier 4,2026-08-09T21:28:28+00:00
M0024,Bob's Discount Furniture,Affirm,current_provider_or_merchant_page,www.affirm.com,https://www.affirm.com/shopping/home-and-furniture,2026-08-07,,,supports_bnpl_present,Furniture & mattress financing - buy now pay later | Affirm We're glad you're here! Would you like to see what Affirm offers in your region? Go to the page Stay he,"Current page supports that this provider is presently associated with the merchant, but current listing is not treated as adoption date.",Tier 4,2026-08-09T21:28:28+00:00
M0024,Bob's Discount Furniture,Affirm,wayback_cdx_provider_directory,Internet Archive CDX,https://www.affirm.com/shopping/home-and-furniture,,https://web.archive.org/web/20201129073945/https://www.affirm.com/shopping/home-and-furniture,2020-11-29,supports_bnpl_present,Provider-specific URL first archived on 2020-11-29: https://www.affirm.com/shopping/home-and-furniture,Provider-directory/listing URL observed in Wayback. Not used as exact adoption date without operational launch evidence.,Tier 4,2026-08-09T21:28:28+00:00
M0024,Bob's Discount Furniture,Klarna,current_provider_or_merchant_page,www.klarna.com,https://www.klarna.com/us/store/7a5e3484-87ea-4d90-b7b5-762b6414a151/bob-s-discount-furniture/pay-with-klarna/,,,,supports_bnpl_present,Buy now pay later at Bob's Discount Furniture - Pay in 4 | Klarna For shoppers For business Discover Klarna Shop App Help Show mor,"Current page supports that this provider is presently associated with the merchant, but current listing is not treated as adoption date.",Tier 4,2026-08-09T21:28:28+00:00
M0024,Bob's Discount Furniture,Klarna,current_provider_or_merchant_page,www.klarna.com,https://www.klarna.com/us/shopping/t/14/Kitchen-Appliances/,,,,supports_bnpl_present,Compare Kitchen Appliances Prices on Klarna For shoppers For business Discover Klarna Shop App Help Show more Sign in Klarna / Shopping / All categories / Home & Appli,"Current page supports that this provider is presently associated with the merchant, but current listing is not treated as adoption date.",Tier 4,2026-08-09T21:28:28+00:00
M0024,Bob's Discount Furniture,Klarna,current_provider_or_merchant_page,www.klarna.com,https://www.klarna.com/us/shopping/t/1424/Garden-Patio/,,,,supports_bnpl_present,Compare Garden & Patio Prices on Klarna For shoppers For business Discover Klarna Shop App Help Show more Sign in Klarna / Shopping / All categories / Garden & Pat,"Current page supports that this provider is presently associated with the merchant, but current listing is not treated as adoption date.",Tier 4,2026-08-09T21:28:28+00:00
M0024,Bob's Discount Furniture,Sezzle,current_provider_or_merchant_page,sezzle.com,https://sezzle.com/shop/bed-and-bath/,2026-08-06,,,supports_bnpl_present,Buy Now Pay Later for Bed & Bath with Sezzle Shop Women Activewear Clothing Jewelry & Accessories Shoes Swimwear Men Clothing Jewe,"Current page supports that this provider is presently associated with the merchant, but current listing is not treated as adoption date.",Tier 4,2026-08-09T21:28:28+00:00
M0024,Bob's Discount Furniture,Sezzle,current_provider_or_merchant_page,sezzle.com,https://sezzle.com/shop/furniture-and-decor/,2026-08-06,,,supports_bnpl_present,Buy Now Pay Later for Furniture & Decor with Sezzle Shop Women Activewear Clothing Jewelry & Accessories Shoes Swimwear Men Clothi,"Current page supports that this provider is presently associated with the merchant, but current listing is not treated as adoption date.",Tier 4,2026-08-09T21:28:28+00:00
M0024,Bob's Discount Furniture,Sezzle,current_provider_or_merchant_page,sezzle.com,https://sezzle.com/shop/outdoor-and-seasonal/,2026-08-06,,,supports_bnpl_present,Buy Now Pay Later for Outdoor & Seasonal with Sezzle Shop Women Activewear Clothing Jewelry & Accessories Shoes Swimwear Men Cloth,"Current page supports that this provider is presently associated with the merchant, but current listing is not treated as adoption date.",Tier 4,2026-08-09T21:28:28+00:00
M0025,Brilliant Earth,Affirm,current_provider_or_merchant_page,www.affirm.com,https://www.affirm.com/shopping/accessories,2026-08-07,,,supports_bnpl_present,Financing jewelry and watches - buy now pay later accessories | Affirm We're glad you're here! Would you like to see what Affirm offers in your region? Go to the,"Current page supports that this provider is presently associated with the merchant, but current listing is not treated as adoption date.",Tier 4,2026-08-09T21:28:28+00:00
M0026,Burlington,Sezzle,current_provider_or_merchant_page,sezzle.com,https://sezzle.com/shop/bed-and-bath/,2026-08-06,,,supports_bnpl_present,Buy Now Pay Later for Bed & Bath with Sezzle Shop Women Activewear Clothing Jewelry & Accessories Shoes Swimwear Men Clothing Jewe,"Current page supports that this provider is presently associated with the merchant, but current listing is not treated as adoption date.",Tier 4,2026-08-09T21:28:28+00:00
M0026,Burlington,Sezzle,current_provider_or_merchant_page,sezzle.com,https://sezzle.com/shop/cosmetics/,2026-08-06,,,supports_bnpl_present,Buy Now Pay Later at cosmetics | Pay in 4 Shop Women Activewear Clothing Jewelry & Accessories Shoes Swimwear Men Clothing Jewelry,"Current page supports that this provider is presently associated with the merchant, but current listing is not treated as adoption date.",Tier 4,2026-08-09T21:28:28+00:00
M0026,Burlington,Sezzle,wayback_cdx_provider_directory,Internet Archive CDX,https://sezzle.com/shop/cosmetics/,,https://web.archive.org/web/20241003163243/https://sezzle.com/shop/cosmetics/,2024-10-03,supports_bnpl_present,Provider-specific URL first archived on 2024-10-03: https://sezzle.com/shop/cosmetics/,Provider-directory/listing URL observed in Wayback. Not used as exact adoption date without operational launch evidence.,Tier 4,2026-08-09T21:28:28+00:00
M0026,Burlington,Sezzle,current_provider_or_merchant_page,sezzle.com,https://sezzle.com/shop/furniture-and-decor/,2026-08-06,,,supports_bnpl_present,Buy Now Pay Later for Furniture & Decor with Sezzle Shop Women Activewear Clothing Jewelry & Accessories Shoes Swimwear Men Clothi,"Current page supports that this provider is presently associated with the merchant, but current listing is not treated as adoption date.",Tier 4,2026-08-09T21:28:28+00:00
M0027,Canon,Klarna,current_provider_or_merchant_page,www.klarna.com,https://www.klarna.com/us/store/497061c2-dbec-4ea9-ab74-21d0598809b5/canon/pay-with-klarna/,,,,supports_bnpl_present,Buy now pay later at Canon - Pay in 4 | Klarna For shoppers For business Discover Klarna Shop App Help Show more Sign in Klarna ∕,"Current page supports that this provider is presently associated with the merchant, but current listing is not treated as adoption date.",Tier 4,2026-08-09T21:28:28+00:00
M0027,Canon,Klarna,current_provider_or_merchant_page,www.klarna.com,https://www.klarna.com/us/shopping/t/1/TV-Audio/,,,,supports_bnpl_present,Compare TV & Audio Prices on Klarna For shoppers For business Discover Klarna Shop App Help Show more Sign in Klarna / Shopping / All categories / TV & Audio T,"Current page supports that this provider is presently associated with the merchant, but current listing is not treated as adoption date.",Tier 4,2026-08-09T21:28:28+00:00
M0027,Canon,Klarna,wayback_cdx_provider_directory,Internet Archive CDX,https://www.klarna.com/us/shopping/t/1/TV-Audio/,,https://web.archive.org/web/20221002221314/https://www.klarna.com/us/shopping/t/1/TV-Audio/,2022-10-02,supports_bnpl_present,Provider-specific URL first archived on 2022-10-02: https://www.klarna.com/us/shopping/t/1/TV-Audio/,Provider-directory/listing URL observed in Wayback. Not used as exact adoption date without operational launch evidence.,Tier 4,2026-08-09T21:28:28+00:00
M0027,Canon,Klarna,current_provider_or_merchant_page,www.klarna.com,https://www.klarna.com/us/shopping/t/17/Photography/,,,,supports_bnpl_present,Compare Photography Prices on Klarna For shoppers For business Discover Klarna Shop App Help Show more Sign in Klarna / Shopping / All categories / Photography,"Current page supports that this provider is presently associated with the merchant, but current listing is not treated as adoption date.",Tier 4,2026-08-09T21:28:28+00:00
M0027,Canon,Klarna,wayback_cdx_provider_directory,Internet Archive CDX,https://www.klarna.com/us/shopping/t/17/Photography/,,https://web.archive.org/web/20220924102034/https://www.klarna.com/us/shopping/t/17/Photography/,2022-09-24,supports_bnpl_present,Provider-specific URL first archived on 2022-09-24: https://www.klarna.com/us/shopping/t/17/Photography/,Provider-directory/listing URL observed in Wayback. Not used as exact adoption date without operational launch evidence.,Tier 4,2026-08-09T21:28:28+00:00
M0027,Canon,Klarna,current_webpage_error,www.usa.canon.com,https://www.usa.canon.com,,,,inconclusive,<HTTPError 403: 'Forbidden'>,Technical error; not interpreted as evidence of BNPL absence.,technical_log,2026-08-09T21:28:28+00:00
M0027,Canon,Zip,current_provider_or_merchant_page,zip.co,https://zip.co/us/shop/appliances-electronics,,,,supports_bnpl_present,"Buy Now, Pay Later Electronics | Zip Skip to main content Customers Business For Business How it works Shop stores Shop categories Insights Help Products Solutions","Current page supports that this provider is presently associated with the merchant, but current listing is not treated as adoption date.",Tier 4,2026-08-09T21:28:28+00:00
M0027,Canon,Zip,current_external_bnpl_page,zip.co,https://zip.co/us/shop/appliances-electronics,,,,supports_bnpl_present,".S. purchases, and certain merchant, product, goods and service restrictions apply. All loans subject to credit approval. © 2026 'Quadpay', 'Zip', the 'Q Logo' and 'Zip' Logos, and all tag lines used in conjunction therewith including 'Any Store Split in 4' an",Current page mentions a BNPL-like provider outside the five-platform sample; timing still requires review.,Tier 2,2026-08-09T21:28:28+00:00
M0027,Canon,Zip,wayback_cdx_provider_directory,Internet Archive CDX,https://zip.co/us/shop/appliances-electronics,,https://web.archive.org/web/20210921224524/https://zip.co/us/shop/appliances-electronics,2021-09-21,supports_bnpl_present,Provider-specific URL first archived on 2021-09-21: https://zip.co/us/shop/appliances-electronics,Provider-directory/listing URL observed in Wayback. Not used as exact adoption date without operational launch evidence.,Tier 4,2026-08-09T21:28:28+00:00
M0027,Canon,Zip,current_webpage_error,www.usa.canon.com,https://www.usa.canon.com,,,,inconclusive,<HTTPError 403: 'Forbidden'>,Technical error; not interpreted as evidence of BNPL absence.,technical_log,2026-08-09T21:28:28+00:00
M0028,Cato,Klarna,current_provider_or_merchant_page,www.klarna.com,https://www.klarna.com/us/store/9f9b6268-9ce3-4c1a-800e-b8a6efe4b92b/cato/pay-with-klarna/,,,,supports_bnpl_present,Buy now pay later at Cato - Pay in 4 | Klarna For shoppers For business Discover Klarna Shop App Help Show more Sign in Klarna ∕ S,"Current page supports that this provider is presently associated with the merchant, but current listing is not treated as adoption date.",Tier 4,2026-08-09T21:28:28+00:00
M0028,Cato,Klarna,current_provider_or_merchant_page,www.klarna.com,https://www.klarna.com/us/shopping/t/141/Clothing-Accessories/,,,,supports_bnpl_present,Compare Clothing & Accessories Prices on Klarna For shoppers For business Discover Klarna Shop App Help Show more Sign in Klarna / Shopping / All categories / Clothing & A,"Current page supports that this provider is presently associated with the merchant, but current listing is not treated as adoption date.",Tier 4,2026-08-09T21:28:28+00:00
M0028,Cato,Klarna,wayback_cdx_provider_directory,Internet Archive CDX,https://www.klarna.com/us/shopping/t/141/Clothing-Accessories/,,https://web.archive.org/web/20220924101952/https://www.klarna.com/us/shopping/t/141/Clothing-Accessories/,2022-09-24,supports_bnpl_present,Provider-specific URL first archived on 2022-09-24: https://www.klarna.com/us/shopping/t/141/Clothing-Accessories/,Provider-directory/listing URL observed in Wayback. Not used as exact adoption date without operational launch evidence.,Tier 4,2026-08-09T21:28:28+00:00
M0028,Cato,Sezzle,current_provider_or_merchant_page,sezzle.com,https://sezzle.com/shop/womens-clothing/,2026-08-06,,,supports_bnpl_present,Buy Now Pay Later for Women's Clothing with Sezzle Shop Women Activewear Clothing Jewelry & Accessories Shoes Swimwear Men Clothin,"Current page supports that this provider is presently associated with the merchant, but current listing is not treated as adoption date.",Tier 4,2026-08-09T21:28:28+00:00
M0028,Cato,Sezzle,current_provider_or_merchant_page,sezzle.com,https://sezzle.com/shop/womens-jewelry-and-accessories/,2026-08-06,,,supports_bnpl_present,Buy Now Pay Later for Women's Jewelry & Accessories with Sezzle Shop Women Activewear Clothing Jewelry & Accessories Shoes Swimwea,"Current page supports that this provider is presently associated with the merchant, but current listing is not treated as adoption date.",Tier 4,2026-08-09T21:28:28+00:00
M0028,Cato,Sezzle,current_provider_or_merchant_page,sezzle.com,https://sezzle.com/shop/womens-shoes/,2026-08-06,,,supports_bnpl_present,Buy Now Pay Later for Women's Shoes with Sezzle Shop Women Activewear Clothing Jewelry & Accessories Shoes Swimwear Men Clothing J,"Current page supports that this provider is presently associated with the merchant, but current listing is not treated as adoption date.",Tier 4,2026-08-09T21:28:28+00:00
M0029,Chewy,Klarna,current_provider_or_merchant_page,www.klarna.com,https://www.klarna.com/us/store/dfa63c76-2b4b-46d2-9825-a7658d574467/chewy/pay-with-klarna/,,,,supports_bnpl_present,Buy now pay later at Chewy - Pay in 4 | Klarna For shoppers For business Discover Klarna Shop App Help Show more Sign in Klarna ∕,"Current page supports that this provider is presently associated with the merchant, but current listing is not treated as adoption date.",Tier 4,2026-08-09T21:28:28+00:00
M0029,Chewy,Klarna,wayback_cdx_provider_directory,Internet Archive CDX,https://www.klarna.com/us/store/dfa63c76-2b4b-46d2-9825-a7658d574467/chewy/pay-with-klarna/,,https://web.archive.org/web/20250109030028/https://www.klarna.com/us/store/dfa63c76-2b4b-46d2-9825-a7658d574467/chewy/pay-with-klarna/,2025-01-09,supports_bnpl_present,Provider-specific URL first archived on 2025-01-09: https://www.klarna.com/us/store/dfa63c76-2b4b-46d2-9825-a7658d574467/chewy/pay-with-klarna/,Provider-directory/listing URL observed in Wayback. Not used as exact adoption date without operational launch evidence.,Tier 4,2026-08-09T21:28:28+00:00
M0029,Chewy,Klarna,current_provider_or_merchant_page,www.klarna.com,https://www.klarna.com/us/shopping/t/14/Kitchen-Appliances/,,,,supports_bnpl_present,Compare Kitchen Appliances Prices on Klarna For shoppers For business Discover Klarna Shop App Help Show more Sign in Klarna / Shopping / All categories / Home & Appli,"Current page supports that this provider is presently associated with the merchant, but current listing is not treated as adoption date.",Tier 4,2026-08-09T21:28:28+00:00
M0029,Chewy,Klarna,current_provider_or_merchant_page,www.klarna.com,https://www.klarna.com/us/shopping/t/1424/Garden-Patio/,,,,supports_bnpl_present,Compare Garden & Patio Prices on Klarna For shoppers For business Discover Klarna Shop App Help Show more Sign in Klarna / Shopping / All categories / Garden & Pat,"Current page supports that this provider is presently associated with the merchant, but current listing is not treated as adoption date.",Tier 4,2026-08-09T21:28:28+00:00
M0029,Chewy,Klarna,current_generic_bnpl_page,www.chewy.com,https://www.chewy.com,,,,supports_bnpl_present,"\""rollout-440214-10598021931\"",\""experimentIds\"":[],\""variables\"":[]},{\""id\"":\""440764\"",\""key\"":\""2025_07_CHECKOUT_PAYMENT_PAYPALBNPL\"",\""rolloutId\"":\""rollout-440764-10598021931\"",\""experimentIds\"":[],\""variables\"":[]},{\""id\"":\""440885\"",\""key\"":\""2025_06_DE",Current page mentions generic BNPL/installments language; provider and timing require manual review.,Tier 2,2026-08-09T21:28:28+00:00
M0029,Chewy,Zip,current_provider_or_merchant_page,zip.co,https://zip.co/us/shop/pets,,,,supports_bnpl_present,"Buy Now, Pay Later Pet Supplies | Zip Skip to main content Customers Business For Business How it works Shop stores Shop categories Insights Help Products Solutions","Current page supports that this provider is presently associated with the merchant, but current listing is not treated as adoption date.",Tier 4,2026-08-09T21:28:28+00:00
M0029,Chewy,Zip,current_external_bnpl_page,zip.co,https://zip.co/us/shop/pets,,,,supports_bnpl_present,".S. purchases, and certain merchant, product, goods and service restrictions apply. All loans subject to credit approval. © 2026 'Quadpay', 'Zip', the 'Q Logo' and 'Zip' Logos, and all tag lines used in conjunction therewith including 'Any Store Split in 4' an",Current page mentions a BNPL-like provider outside the five-platform sample; timing still requires review.,Tier 2,2026-08-09T21:28:28+00:00
M0029,Chewy,Zip,wayback_cdx_provider_directory,Internet Archive CDX,https://zip.co/us/shop/pets,,https://web.archive.org/web/20210921232701/https://zip.co/us/shop/pets,2021-09-21,supports_bnpl_present,Provider-specific URL first archived on 2021-09-21: https://zip.co/us/shop/pets,Provider-directory/listing URL observed in Wayback. Not used as exact adoption date without operational launch evidence.,Tier 4,2026-08-09T21:28:28+00:00
M0029,Chewy,Zip,current_provider_or_merchant_page,zip.co,https://zip.co/us/shop/shop-all,,,,supports_bnpl_present,"Buy Now, Pay Later Clothing, Shoes, Electronics | Zip Skip to main content Customers Business For Business How it works Shop stores Shop categories Insights Help Products Solutions","Current page supports that this provider is presently associated with the merchant, but current listing is not treated as adoption date.",Tier 4,2026-08-09T21:28:28+00:00
M0029,Chewy,Zip,current_external_bnpl_page,zip.co,https://zip.co/us/shop/shop-all,,,,supports_bnpl_present,".S. purchases, and certain merchant, product, goods and service restrictions apply. All loans subject to credit approval. © 2026 'Quadpay', 'Zip', the 'Q Logo' and 'Zip' Logos, and all tag lines used in conjunction therewith including 'Any Store Split in 4' an",Current page mentions a BNPL-like provider outside the five-platform sample; timing still requires review.,Tier 2,2026-08-09T21:28:28+00:00
M0029,Chewy,Zip,wayback_cdx_provider_directory,Internet Archive CDX,https://zip.co/us/shop/shop-all,,https://web.archive.org/web/20210921002020/https://zip.co/us/shop/shop-all,2021-09-21,supports_bnpl_present,Provider-specific URL first archived on 2021-09-21: https://zip.co/us/shop/shop-all,Provider-directory/listing URL observed in Wayback. Not used as exact adoption date without operational launch evidence.,Tier 4,2026-08-09T21:28:28+00:00
M0029,Chewy,Zip,current_generic_bnpl_page,www.chewy.com,https://www.chewy.com,,,,supports_bnpl_present,"\""rollout-440214-10598021931\"",\""experimentIds\"":[],\""variables\"":[]},{\""id\"":\""440764\"",\""key\"":\""2025_07_CHECKOUT_PAYMENT_PAYPALBNPL\"",\""rolloutId\"":\""rollout-440764-10598021931\"",\""experimentIds\"":[],\""variables\"":[]},{\""id\"":\""440885\"",\""key\"":\""2025_06_DE",Current page mentions generic BNPL/installments language; provider and timing require manual review.,Tier 2,2026-08-09T21:28:28+00:00
M0029,Chewy,Sezzle,current_provider_or_merchant_page,sezzle.com,https://sezzle.com/shop/pets/,2026-08-06,,,supports_bnpl_present,Buy Now Pay Later for Pets with Sezzle Shop Women Activewear Clothing Jewelry & Accessories Shoes Swimwear Men Clothing Jewelry &,"Current page supports that this provider is presently associated with the merchant, but current listing is not treated as adoption date.",Tier 4,2026-08-09T21:28:28+00:00
M0029,Chewy,Sezzle,current_generic_bnpl_page,www.chewy.com,https://www.chewy.com,,,,supports_bnpl_present,"\""rollout-440214-10598021931\"",\""experimentIds\"":[],\""variables\"":[]},{\""id\"":\""440764\"",\""key\"":\""2025_07_CHECKOUT_PAYMENT_PAYPALBNPL\"",\""rolloutId\"":\""rollout-440764-10598021931\"",\""experimentIds\"":[],\""variables\"":[]},{\""id\"":\""440885\"",\""key\"":\""2025_06_DE",Current page mentions generic BNPL/installments language; provider and timing require manual review.,Tier 2,2026-08-09T21:28:28+00:00
M0030,Columbia,Klarna,current_provider_or_merchant_page,www.klarna.com,https://www.klarna.com/us/store/5ee42bab-67fc-480f-8fa4-a74ea8a07a2a/columbia/pay-with-klarna/,,,,supports_bnpl_present,Buy now pay later at Columbia - Pay in 4 | Klarna For shoppers For business Discover Klarna Shop App Help Show more Sign in Klarna,"Current page supports that this provider is presently associated with the merchant, but current listing is not treated as adoption date.",Tier 4,2026-08-09T21:28:28+00:00
M0030,Columbia,Klarna,current_provider_or_merchant_page,www.klarna.com,https://www.klarna.com/us/shopping/t/141/Clothing-Accessories/,,,,supports_bnpl_present,Compare Clothing & Accessories Prices on Klarna For shoppers For business Discover Klarna Shop App Help Show more Sign in Klarna / Shopping / All categories / Clothing & A,"Current page supports that this provider is presently associated with the merchant, but current listing is not treated as adoption date.",Tier 4,2026-08-09T21:28:28+00:00
M0030,Columbia,Klarna,wayback_cdx_provider_directory,Internet Archive CDX,https://www.klarna.com/us/shopping/t/141/Clothing-Accessories/,,https://web.archive.org/web/20220924101952/https://www.klarna.com/us/shopping/t/141/Clothing-Accessories/,2022-09-24,supports_bnpl_present,Provider-specific URL first archived on 2022-09-24: https://www.klarna.com/us/shopping/t/141/Clothing-Accessories/,Provider-directory/listing URL observed in Wayback. Not used as exact adoption date without operational launch evidence.,Tier 4,2026-08-09T21:28:28+00:00
M0030,Columbia,Klarna,current_provider_or_merchant_page,www.columbia.com,https://www.columbia.com,,,,supports_bnpl_present,ce.com dotomi.com doubleclick.net dstillery.com e.cquotient.com edge.curalate.com edge.fullstory.com *.emjcd.com emjcd.com evt-na.klarnaservices.com facebook.com facebook.net fast.fonts.net *.feedmagnet.com feedmagnet.com fit-predictor.net fls.doubleclick.net,"Current page supports that this provider is presently associated with the merchant, but current listing is not treated as adoption date.",Tier 1,2026-08-09T21:28:28+00:00
M0030,Columbia,Sezzle,current_provider_or_merchant_page,sezzle.com,https://sezzle.com/shop/mens-clothing/,2026-08-06,,,supports_bnpl_present,Buy Now Pay Later for Men's Clothing with Sezzle Shop Women Activewear Clothing Jewelry & Accessories Shoes Swimwear Men Clothing,"Current page supports that this provider is presently associated with the merchant, but current listing is not treated as adoption date.",Tier 4,2026-08-09T21:28:28+00:00
M0030,Columbia,Sezzle,current_provider_or_merchant_page,sezzle.com,https://sezzle.com/shop/mens-shoes/,2026-08-06,,,supports_bnpl_present,Buy Now Pay Later for Men's Shoes with Sezzle Shop Women Activewear Clothing Jewelry & Accessories Shoes Swimwear Men Clothing Jew,"Current page supports that this provider is presently associated with the merchant, but current listing is not treated as adoption date.",Tier 4,2026-08-09T21:28:28+00:00
M0030,Columbia,Sezzle,current_provider_or_merchant_page,sezzle.com,https://sezzle.com/shop/outdoor/,2026-08-06,,,supports_bnpl_present,Buy Now Pay Later for Outdoors with Sezzle Shop Women Activewear Clothing Jewelry & Accessories Shoes Swimwear Men Clothing Jewelr,"Current page supports that this provider is presently associated with the merchant, but current listing is not treated as adoption date.",Tier 4,2026-08-09T21:28:28+00:00
M0031,Columbia Sportswear,Zip,current_provider_or_merchant_page,zip.co,https://zip.co/us/shop/fitness,,,,supports_bnpl_present,"Buy Now, Pay Later Fitness Equipment, Classes, & Gear | Zip Skip to main content Customers Business For Business How it works Shop stores Shop categories Insights Help Products Solutions","Current page supports that this provider is presently associated with the merchant, but current listing is not treated as adoption date.",Tier 4,2026-08-09T21:28:28+00:00
M0031,Columbia Sportswear,Zip,current_external_bnpl_page,zip.co,https://zip.co/us/shop/fitness,,,,supports_bnpl_present,".S. purchases, and certain merchant, product, goods and service restrictions apply. All loans subject to credit approval. © 2026 'Quadpay', 'Zip', the 'Q Logo' and 'Zip' Logos, and all tag lines used in conjunction therewith including 'Any Store Split in 4' an",Current page mentions a BNPL-like provider outside the five-platform sample; timing still requires review.,Tier 2,2026-08-09T21:28:28+00:00
M0031,Columbia Sportswear,Zip,wayback_cdx_provider_directory,Internet Archive CDX,https://zip.co/us/shop/fitness,,https://web.archive.org/web/20220625141752/https://zip.co/us/shop/fitness,2022-06-25,supports_bnpl_present,Provider-specific URL first archived on 2022-06-25: https://zip.co/us/shop/fitness,Provider-directory/listing URL observed in Wayback. Not used as exact adoption date without operational launch evidence.,Tier 4,2026-08-09T21:28:28+00:00
M0031,Columbia Sportswear,Zip,current_provider_or_merchant_page,www.columbia.com,https://www.columbia.com,,,,supports_bnpl_present,"true,""softLaunchCookieName"":""softLaunchCheckout"",""softLaunchDurationSeconds"":3600,""softLaunchAllEmployees"":false}},""orderTrack"":{""zipCodeValidation"":true},""returns"":{""returnZipCodeValidation"":true},""callCenter"":{""pwaEnabled"":false},""account"":{""orderHistory"":{""","Current page supports that this provider is presently associated with the merchant, but current listing is not treated as adoption date.",Tier 1,2026-08-09T21:28:28+00:00
M0032,Costco Wholesale,Klarna,current_provider_or_merchant_page,www.klarna.com,https://www.klarna.com/us/store/fa2fe3be-2992-42f4-9748-fe6f6f894fbd/costco-wholesale/pay-with-klarna/,,,,supports_bnpl_present,Buy now pay later at Costco Wholesale - Pay in 4 | Klarna For shoppers For business Discover Klarna Shop App Help Show more Sign i,"Current page supports that this provider is presently associated with the merchant, but current listing is not treated as adoption date.",Tier 4,2026-08-09T21:28:28+00:00
M0032,Costco Wholesale,Klarna,wayback_cdx_provider_directory,Internet Archive CDX,https://www.klarna.com/us/store/fa2fe3be-2992-42f4-9748-fe6f6f894fbd/costco-wholesale/pay-with-klarna/,,https://web.archive.org/web/20250120090839/https://www.klarna.com/us/store/fa2fe3be-2992-42f4-9748-fe6f6f894fbd/costco-wholesale/pay-with-klarna/,2025-01-20,supports_bnpl_present,Provider-specific URL first archived on 2025-01-20: https://www.klarna.com/us/store/fa2fe3be-2992-42f4-9748-fe6f6f894fbd/costco-wholesale/pay-with-klarna/,Provider-directory/listing URL observed in Wayback. Not used as exact adoption date without operational launch evidence.,Tier 4,2026-08-09T21:28:28+00:00
M0032,Costco Wholesale,Klarna,current_provider_or_merchant_page,www.klarna.com,https://www.klarna.com/us/shopping/t/1493/Toys-Hobbies/,,,,supports_bnpl_present,Compare Toys & Hobbies Prices on Klarna For shoppers For business Discover Klarna Shop App Help Show more Sign in Klarna / Shopping / All categories / Toys & Hobbi,"Current page supports that this provider is presently associated with the merchant, but current listing is not treated as adoption date.",Tier 4,2026-08-09T21:28:28+00:00
M0032,Costco Wholesale,Klarna,wayback_cdx_provider_directory,Internet Archive CDX,https://www.klarna.com/us/shopping/t/1493/Toys-Hobbies/,,https://web.archive.org/web/20220924101958/https://www.klarna.com/us/shopping/t/1493/Toys-Hobbies/,2022-09-24,supports_bnpl_present,Provider-specific URL first archived on 2022-09-24: https://www.klarna.com/us/shopping/t/1493/Toys-Hobbies/,Provider-directory/listing URL observed in Wayback. Not used as exact adoption date without operational launch evidence.,Tier 4,2026-08-09T21:28:28+00:00
M0032,Costco Wholesale,Klarna,current_provider_or_merchant_page,www.klarna.com,https://www.klarna.com/us/shopping/t/35/Kids-Family/,,,,supports_bnpl_present,Compare Kids & Family Prices on Klarna For shoppers For business Discover Klarna Shop App Help Show more Sign in Klarna / Shopping / All categories / Kids & Famil,"Current page supports that this provider is presently associated with the merchant, but current listing is not treated as adoption date.",Tier 4,2026-08-09T21:28:28+00:00
M0032,Costco Wholesale,Klarna,wayback_cdx_provider_directory,Internet Archive CDX,https://www.klarna.com/us/shopping/t/35/Kids-Family/,,https://web.archive.org/web/20220924102041/https://www.klarna.com/us/shopping/t/35/Kids-Family/,2022-09-24,supports_bnpl_present,Provider-specific URL first archived on 2022-09-24: https://www.klarna.com/us/shopping/t/35/Kids-Family/,Provider-directory/listing URL observed in Wayback. Not used as exact adoption date without operational launch evidence.,Tier 4,2026-08-09T21:28:28+00:00
M0033,Coursera,Zip,current_provider_or_merchant_page,zip.co,https://zip.co/us/shop/education,,,,supports_bnpl_present,"Buy Now, Pay Later Books & Online Courses | Zip Skip to main content Customers Business For Business How it works Shop stores Shop categories Insights Help Products Solutions","Current page supports that this provider is presently associated with the merchant, but current listing is not treated as adoption date.",Tier 4,2026-08-09T21:28:28+00:00
M0033,Coursera,Zip,current_external_bnpl_page,zip.co,https://zip.co/us/shop/education,,,,supports_bnpl_present,".S. purchases, and certain merchant, product, goods and service restrictions apply. All loans subject to credit approval. © 2026 'Quadpay', 'Zip', the 'Q Logo' and 'Zip' Logos, and all tag lines used in conjunction therewith including 'Any Store Split in 4' an",Current page mentions a BNPL-like provider outside the five-platform sample; timing still requires review.,Tier 2,2026-08-09T21:28:28+00:00
M0033,Coursera,Zip,wayback_cdx_provider_directory,Internet Archive CDX,https://zip.co/us/shop/education,,https://web.archive.org/web/20210923095214/https://zip.co/us/shop/education,2021-09-23,supports_bnpl_present,Provider-specific URL first archived on 2021-09-23: https://zip.co/us/shop/education,Provider-directory/listing URL observed in Wayback. Not used as exact adoption date without operational launch evidence.,Tier 4,2026-08-09T21:28:28+00:00
M0034,Cricut,Klarna,current_provider_or_merchant_page,www.klarna.com,https://www.klarna.com/us/store/aa8f6585-fa19-46f4-bd24-b4532e609614/cricut/pay-with-klarna/,,,,supports_bnpl_present,Buy now pay later at Cricut - Pay in 4 | Klarna For shoppers For business Discover Klarna Shop App Help Show more Sign in Klarna ∕,"Current page supports that this provider is presently associated with the merchant, but current listing is not treated as adoption date.",Tier 4,2026-08-09T21:28:28+00:00
M0034,Cricut,Klarna,current_provider_or_merchant_page,www.klarna.com,https://www.klarna.com/us/shopping/t/1/TV-Audio/,,,,supports_bnpl_present,Compare TV & Audio Prices on Klarna For shoppers For business Discover Klarna Shop App Help Show more Sign in Klarna / Shopping / All categories / TV & Audio T,"Current page supports that this provider is presently associated with the merchant, but current listing is not treated as adoption date.",Tier 4,2026-08-09T21:28:28+00:00
M0034,Cricut,Klarna,wayback_cdx_provider_directory,Internet Archive CDX,https://www.klarna.com/us/shopping/t/1/TV-Audio/,,https://web.archive.org/web/20221002221314/https://www.klarna.com/us/shopping/t/1/TV-Audio/,2022-10-02,supports_bnpl_present,Provider-specific URL first archived on 2022-10-02: https://www.klarna.com/us/shopping/t/1/TV-Audio/,Provider-directory/listing URL observed in Wayback. Not used as exact adoption date without operational launch evidence.,Tier 4,2026-08-09T21:28:28+00:00
M0034,Cricut,Klarna,current_provider_or_merchant_page,www.klarna.com,https://www.klarna.com/us/shopping/t/17/Photography/,,,,supports_bnpl_present,Compare Photography Prices on Klarna For shoppers For business Discover Klarna Shop App Help Show more Sign in Klarna / Shopping / All categories / Photography,"Current page supports that this provider is presently associated with the merchant, but current listing is not treated as adoption date.",Tier 4,2026-08-09T21:28:28+00:00
M0034,Cricut,Klarna,wayback_cdx_provider_directory,Internet Archive CDX,https://www.klarna.com/us/shopping/t/17/Photography/,,https://web.archive.org/web/20220924102034/https://www.klarna.com/us/shopping/t/17/Photography/,2022-09-24,supports_bnpl_present,Provider-specific URL first archived on 2022-09-24: https://www.klarna.com/us/shopping/t/17/Photography/,Provider-directory/listing URL observed in Wayback. Not used as exact adoption date without operational launch evidence.,Tier 4,2026-08-09T21:28:28+00:00
M0035,Carter's,Klarna,current_provider_or_merchant_page,www.klarna.com,https://www.klarna.com/us/store/855df2d8-6884-42a2-8159-e99d7df65a65/carter-s/pay-with-klarna/,,,,supports_bnpl_present,Buy now pay later at Carter's - Pay in 4 | Klarna For shoppers For business Discover Klarna Shop App Help Show more Sign in Klarna,"Current page supports that this provider is presently associated with the merchant, but current listing is not treated as adoption date.",Tier 4,2026-08-09T21:28:28+00:00
M0035,Carter's,Klarna,current_provider_or_merchant_page,www.klarna.com,https://www.klarna.com/us/shopping/t/141/Clothing-Accessories/,,,,supports_bnpl_present,Compare Clothing & Accessories Prices on Klarna For shoppers For business Discover Klarna Shop App Help Show more Sign in Klarna / Shopping / All categories / Clothing & A,"Current page supports that this provider is presently associated with the merchant, but current listing is not treated as adoption date.",Tier 4,2026-08-09T21:28:28+00:00
M0035,Carter's,Klarna,wayback_cdx_provider_directory,Internet Archive CDX,https://www.klarna.com/us/shopping/t/141/Clothing-Accessories/,,https://web.archive.org/web/20220924101952/https://www.klarna.com/us/shopping/t/141/Clothing-Accessories/,2022-09-24,supports_bnpl_present,Provider-specific URL first archived on 2022-09-24: https://www.klarna.com/us/shopping/t/141/Clothing-Accessories/,Provider-directory/listing URL observed in Wayback. Not used as exact adoption date without operational launch evidence.,Tier 4,2026-08-09T21:28:28+00:00
M0035,Carter's,Klarna,current_webpage_error,www.carters.com,https://www.carters.com,,,,inconclusive,<HTTPError 403: 'Forbidden'>,Technical error; not interpreted as evidence of BNPL absence.,technical_log,2026-08-09T21:28:28+00:00
M0035,Carter's,Afterpay,current_provider_or_merchant_page,www.afterpay.com,https://www.afterpay.com/en-US/categories/kids,,,,supports_bnpl_present,Kids & Baby on Afterpay - Buy now pay later with Afterpay How Afterpay works All Categories For retailers Get the app Get $15 off No suggestions,"Current page supports that this provider is presently associated with the merchant, but current listing is not treated as adoption date.",Tier 4,2026-08-09T21:28:28+00:00
M0035,Carter's,Afterpay,current_webpage_error,www.carters.com,https://www.carters.com,,,,inconclusive,<HTTPError 403: 'Forbidden'>,Technical error; not interpreted as evidence of BNPL absence.,technical_log,2026-08-09T21:28:28+00:00
M0035,Carter's,Zip,current_provider_or_merchant_page,zip.co,https://zip.co/us/shop/kids-babies,,,,supports_bnpl_present,"Buy Now, Pay Later Kids' Clothing | Zip Skip to main content Customers Business For Business How it works Shop stores Shop categories Insights Help Products Solutions","Current page supports that this provider is presently associated with the merchant, but current listing is not treated as adoption date.",Tier 4,2026-08-09T21:28:28+00:00
M0035,Carter's,Zip,current_external_bnpl_page,zip.co,https://zip.co/us/shop/kids-babies,,,,supports_bnpl_present,".S. purchases, and certain merchant, product, goods and service restrictions apply. All loans subject to credit approval. © 2026 'Quadpay', 'Zip', the 'Q Logo' and 'Zip' Logos, and all tag lines used in conjunction therewith including 'Any Store Split in 4' an",Current page mentions a BNPL-like provider outside the five-platform sample; timing still requires review.,Tier 2,2026-08-09T21:28:28+00:00
M0035,Carter's,Zip,current_webpage_error,www.carters.com,https://www.carters.com,,,,inconclusive,<HTTPError 403: 'Forbidden'>,Technical error; not interpreted as evidence of BNPL absence.,technical_log,2026-08-09T21:28:28+00:00
M0036,OshKosh,Afterpay,current_provider_or_merchant_page,www.afterpay.com,https://www.afterpay.com/en-US/categories/kids,,,,supports_bnpl_present,Kids & Baby on Afterpay - Buy now pay later with Afterpay How Afterpay works All Categories For retailers Get the app Get $15 off No suggestions,"Current page supports that this provider is presently associated with the merchant, but current listing is not treated as adoption date.",Tier 4,2026-08-09T21:28:28+00:00
M0036,OshKosh,Afterpay,current_webpage_error,www.carters.com,https://www.carters.com,,,,inconclusive,<HTTPError 403: 'Forbidden'>,Technical error; not interpreted as evidence of BNPL absence.,technical_log,2026-08-09T21:28:28+00:00
M0037,Crocs,Klarna,current_provider_or_merchant_page,www.klarna.com,https://www.klarna.com/us/store/85449b84-2b2d-4690-ac1a-653f8d712db4/crocs/pay-with-klarna/,,,,supports_bnpl_present,Buy now pay later at Crocs - Pay in 4 | Klarna For shoppers For business Discover Klarna Shop App Help Show more Sign in Klarna ∕,"Current page supports that this provider is presently associated with the merchant, but current listing is not treated as adoption date.",Tier 4,2026-08-09T21:28:28+00:00
M0037,Crocs,Klarna,current_provider_or_merchant_page,www.klarna.com,https://www.klarna.com/us/shopping/t/141/Clothing-Accessories/,,,,supports_bnpl_present,Compare Clothing & Accessories Prices on Klarna For shoppers For business Discover Klarna Shop App Help Show more Sign in Klarna / Shopping / All categories / Clothing & A,"Current page supports that this provider is presently associated with the merchant, but current listing is not treated as adoption date.",Tier 4,2026-08-09T21:28:28+00:00
M0037,Crocs,Klarna,wayback_cdx_provider_directory,Internet Archive CDX,https://www.klarna.com/us/shopping/t/141/Clothing-Accessories/,,https://web.archive.org/web/20220924101952/https://www.klarna.com/us/shopping/t/141/Clothing-Accessories/,2022-09-24,supports_bnpl_present,Provider-specific URL first archived on 2022-09-24: https://www.klarna.com/us/shopping/t/141/Clothing-Accessories/,Provider-directory/listing URL observed in Wayback. Not used as exact adoption date without operational launch evidence.,Tier 4,2026-08-09T21:28:28+00:00
M0037,Crocs,Klarna,current_webpage_error,www.crocs.com,https://www.crocs.com,,,,inconclusive,<HTTPError 429: 'Too Many Requests'>,Technical error; not interpreted as evidence of BNPL absence.,technical_log,2026-08-09T21:28:28+00:00
M0037,Crocs,Afterpay,current_provider_or_merchant_page,www.afterpay.com,https://www.afterpay.com/en-US/categories/kids,,,,supports_bnpl_present,Kids & Baby on Afterpay - Buy now pay later with Afterpay How Afterpay works All Categories For retailers Get the app Get $15 off No suggestions,"Current page supports that this provider is presently associated with the merchant, but current listing is not treated as adoption date.",Tier 4,2026-08-09T21:28:28+00:00
M0037,Crocs,Afterpay,current_provider_or_merchant_page,www.afterpay.com,https://www.afterpay.com/en-US/categories/womens-clothing,,,,supports_bnpl_present,Fashion on Afterpay - Buy now pay later with Afterpay How Afterpay works All Categories For retailers Get the app Get $15 off No suggestions,"Current page supports that this provider is presently associated with the merchant, but current listing is not treated as adoption date.",Tier 4,2026-08-09T21:28:28+00:00
M0037,Crocs,Afterpay,wayback_cdx_provider_directory,Internet Archive CDX,https://www.afterpay.com/en-US/categories/womens-clothing,,https://web.archive.org/web/20251127160840/https://www.afterpay.com/en-US/categories/womens-clothing,2025-11-27,supports_bnpl_present,Provider-specific URL first archived on 2025-11-27: https://www.afterpay.com/en-US/categories/womens-clothing,Provider-directory/listing URL observed in Wayback. Not used as exact adoption date without operational launch evidence.,Tier 4,2026-08-09T21:28:28+00:00
M0037,Crocs,Afterpay,current_webpage_error,www.crocs.com,https://www.crocs.com,,,,inconclusive,<HTTPError 429: 'Too Many Requests'>,Technical error; not interpreted as evidence of BNPL absence.,technical_log,2026-08-09T21:28:28+00:00
M0037,Crocs,Zip,current_provider_or_merchant_page,zip.co,https://zip.co/us/shop/shoes,,,,supports_bnpl_present,"Buy Now, Pay Later Shoes | Zip Skip to main content Customers Business For Business How it works Shop stores Shop categories Insights Help Products Solutions","Current page supports that this provider is presently associated with the merchant, but current listing is not treated as adoption date.",Tier 4,2026-08-09T21:28:28+00:00
M0037,Crocs,Zip,current_external_bnpl_page,zip.co,https://zip.co/us/shop/shoes,,,,supports_bnpl_present,".S. purchases, and certain merchant, product, goods and service restrictions apply. All loans subject to credit approval. © 2026 'Quadpay', 'Zip', the 'Q Logo' and 'Zip' Logos, and all tag lines used in conjunction therewith including 'Any Store Split in 4' an",Current page mentions a BNPL-like provider outside the five-platform sample; timing still requires review.,Tier 2,2026-08-09T21:28:28+00:00
M0037,Crocs,Zip,current_webpage_error,www.crocs.com,https://www.crocs.com,,,,inconclusive,<HTTPError 429: 'Too Many Requests'>,Technical error; not interpreted as evidence of BNPL absence.,technical_log,2026-08-09T21:28:28+00:00
M0038,Torrid,Klarna,current_provider_or_merchant_page,www.klarna.com,https://www.klarna.com/us/store/1a0408d3-baa5-467b-acf8-8ce88f05deaa/torrid/pay-with-klarna/,,,,supports_bnpl_present,Buy now pay later at Torrid - Pay in 4 | Klarna For shoppers For business Discover Klarna Shop App Help Show more Sign in Klarna ∕,"Current page supports that this provider is presently associated with the merchant, but current listing is not treated as adoption date.",Tier 4,2026-08-09T21:28:28+00:00
M0038,Torrid,Klarna,current_provider_or_merchant_page,www.klarna.com,https://www.klarna.com/us/shopping/t/141/Clothing-Accessories/,,,,supports_bnpl_present,Compare Clothing & Accessories Prices on Klarna For shoppers For business Discover Klarna Shop App Help Show more Sign in Klarna / Shopping / All categories / Clothing & A,"Current page supports that this provider is presently associated with the merchant, but current listing is not treated as adoption date.",Tier 4,2026-08-09T21:28:28+00:00
M0038,Torrid,Klarna,wayback_cdx_provider_directory,Internet Archive CDX,https://www.klarna.com/us/shopping/t/141/Clothing-Accessories/,,https://web.archive.org/web/20220924101952/https://www.klarna.com/us/shopping/t/141/Clothing-Accessories/,2022-09-24,supports_bnpl_present,Provider-specific URL first archived on 2022-09-24: https://www.klarna.com/us/shopping/t/141/Clothing-Accessories/,Provider-directory/listing URL observed in Wayback. Not used as exact adoption date without operational launch evidence.,Tier 4,2026-08-09T21:28:28+00:00
M0039,DoorDash,Zip,current_provider_or_merchant_page,zip.co,https://zip.co/us/shop/food-beverage,,,,supports_bnpl_present,"Buy Now, Pay Later Food & Groceries | Zip Skip to main content Customers Business For Business How it works Shop stores Shop categories Insights Help Products Solutions","Current page supports that this provider is presently associated with the merchant, but current listing is not treated as adoption date.",Tier 4,2026-08-09T21:28:28+00:00
M0039,DoorDash,Zip,current_external_bnpl_page,zip.co,https://zip.co/us/shop/food-beverage,,,,supports_bnpl_present,".S. purchases, and certain merchant, product, goods and service restrictions apply. All loans subject to credit approval. © 2026 'Quadpay', 'Zip', the 'Q Logo' and 'Zip' Logos, and all tag lines used in conjunction therewith including 'Any Store Split in 4' an",Current page mentions a BNPL-like provider outside the five-platform sample; timing still requires review.,Tier 2,2026-08-09T21:28:28+00:00
M0039,DoorDash,Zip,current_provider_or_merchant_page,zip.co,https://zip.co/us/shop/shop-all,,,,supports_bnpl_present,"Buy Now, Pay Later Clothing, Shoes, Electronics | Zip Skip to main content Customers Business For Business How it works Shop stores Shop categories Insights Help Products Solutions","Current page supports that this provider is presently associated with the merchant, but current listing is not treated as adoption date.",Tier 4,2026-08-09T21:28:28+00:00
M0039,DoorDash,Zip,current_external_bnpl_page,zip.co,https://zip.co/us/shop/shop-all,,,,supports_bnpl_present,".S. purchases, and certain merchant, product, goods and service restrictions apply. All loans subject to credit approval. © 2026 'Quadpay', 'Zip', the 'Q Logo' and 'Zip' Logos, and all tag lines used in conjunction therewith including 'Any Store Split in 4' an",Current page mentions a BNPL-like provider outside the five-platform sample; timing still requires review.,Tier 2,2026-08-09T21:28:28+00:00
M0039,DoorDash,Zip,wayback_cdx_provider_directory,Internet Archive CDX,https://zip.co/us/shop/shop-all,,https://web.archive.org/web/20210921002020/https://zip.co/us/shop/shop-all,2021-09-21,supports_bnpl_present,Provider-specific URL first archived on 2021-09-21: https://zip.co/us/shop/shop-all,Provider-directory/listing URL observed in Wayback. Not used as exact adoption date without operational launch evidence.,Tier 4,2026-08-09T21:28:28+00:00
M0039,DoorDash,Zip,current_webpage_error,www.doordash.com,https://www.doordash.com,,,,inconclusive,<HTTPError 403: 'Forbidden'>,Technical error; not interpreted as evidence of BNPL absence.,technical_log,2026-08-09T21:28:28+00:00
M0040,Dillard's,Klarna,current_provider_or_merchant_page,www.klarna.com,https://www.klarna.com/us/store/831bf4b1-d438-4d5c-982a-a48f006d7b1f/dillard-s/pay-with-klarna/,,,,supports_bnpl_present,Buy now pay later at Dillard's - Pay in 4 | Klarna For shoppers For business Discover Klarna Shop App Help Show more Sign in Klarn,"Current page supports that this provider is presently associated with the merchant, but current listing is not treated as adoption date.",Tier 4,2026-08-09T21:28:28+00:00
M0040,Dillard's,Klarna,current_provider_or_merchant_page,www.klarna.com,https://www.klarna.com/us/shopping/t/141/Clothing-Accessories/,,,,supports_bnpl_present,Compare Clothing & Accessories Prices on Klarna For shoppers For business Discover Klarna Shop App Help Show more Sign in Klarna / Shopping / All categories / Clothing & A,"Current page supports that this provider is presently associated with the merchant, but current listing is not treated as adoption date.",Tier 4,2026-08-09T21:28:28+00:00
M0040,Dillard's,Klarna,wayback_cdx_provider_directory,Internet Archive CDX,https://www.klarna.com/us/shopping/t/141/Clothing-Accessories/,,https://web.archive.org/web/20220924101952/https://www.klarna.com/us/shopping/t/141/Clothing-Accessories/,2022-09-24,supports_bnpl_present,Provider-specific URL first archived on 2022-09-24: https://www.klarna.com/us/shopping/t/141/Clothing-Accessories/,Provider-directory/listing URL observed in Wayback. Not used as exact adoption date without operational launch evidence.,Tier 4,2026-08-09T21:28:28+00:00
M0040,Dillard's,Afterpay,current_provider_or_merchant_page,www.afterpay.com,https://www.afterpay.com/en-US/categories/beauty,,,,supports_bnpl_present,Beauty on Afterpay - Buy now pay later with Afterpay How Afterpay works All Categories For retailers Get the app Get $15 off No suggestions,"Current page supports that this provider is presently associated with the merchant, but current listing is not treated as adoption date.",Tier 4,2026-08-09T21:28:28+00:00
M0040,Dillard's,Afterpay,current_provider_or_merchant_page,www.afterpay.com,https://www.afterpay.com/en-US/categories/home,,,,supports_bnpl_present,Home on Afterpay - Buy now pay later with Afterpay How Afterpay works All Categories For retailers Get the app Get $15 off No suggestions,"Current page supports that this provider is presently associated with the merchant, but current listing is not treated as adoption date.",Tier 4,2026-08-09T21:28:28+00:00
M0040,Dillard's,Afterpay,wayback_cdx_provider_directory,Internet Archive CDX,https://www.afterpay.com/en-US/categories/home,,https://web.archive.org/web/20210614120033/https://www.afterpay.com/en-US/categories/home,2021-06-14,supports_bnpl_present,Provider-specific URL first archived on 2021-06-14: https://www.afterpay.com/en-US/categories/home,Provider-directory/listing URL observed in Wayback. Not used as exact adoption date without operational launch evidence.,Tier 4,2026-08-09T21:28:28+00:00
M0040,Dillard's,Afterpay,current_provider_or_merchant_page,www.afterpay.com,https://www.afterpay.com/en-US/categories/kids,,,,supports_bnpl_present,Kids & Baby on Afterpay - Buy now pay later with Afterpay How Afterpay works All Categories For retailers Get the app Get $15 off No suggestions,"Current page supports that this provider is presently associated with the merchant, but current listing is not treated as adoption date.",Tier 4,2026-08-09T21:28:28+00:00
M0041,HOKA,Klarna,current_provider_or_merchant_page,www.klarna.com,https://www.klarna.com/us/store/3e55a9cb-1385-4a66-ad4f-7a4c242bdef8/hoka/pay-with-klarna/,,,,supports_bnpl_present,Buy now pay later at HOKA - Pay in 4 | Klarna For shoppers For business Discover Klarna Shop App Help Show more Sign in Klarna ∕ S,"Current page supports that this provider is presently associated with the merchant, but current listing is not treated as adoption date.",Tier 4,2026-08-09T21:28:28+00:00
M0041,HOKA,Klarna,current_provider_or_merchant_page,www.klarna.com,https://www.klarna.com/us/shopping/t/27/Sports-Outdoor/,,,,supports_bnpl_present,Compare Sports & Outdoor Prices on Klarna For shoppers For business Discover Klarna Shop App Help Show more Sign in Klarna / Shopping / All categories / Sports & Out,"Current page supports that this provider is presently associated with the merchant, but current listing is not treated as adoption date.",Tier 4,2026-08-09T21:28:28+00:00
M0042,UGG,Affirm,current_provider_or_merchant_page,www.affirm.com,https://www.affirm.com/shopping/shoes,2026-08-07,,,supports_bnpl_present,"Buy now pay later shoes, sneakers, boots financing | Affirm We're glad you're here! Would you like to see what Affirm offers in yo","Current page supports that this provider is presently associated with the merchant, but current listing is not treated as adoption date.",Tier 4,2026-08-09T21:28:28+00:00
M0042,UGG,Affirm,current_webpage_error,www.ugg.com,https://www.ugg.com,,,,inconclusive,<HTTPError 403: ''>,Technical error; not interpreted as evidence of BNPL absence.,technical_log,2026-08-09T21:28:28+00:00
M0042,UGG,Klarna,current_provider_or_merchant_page,www.klarna.com,https://www.klarna.com/us/store/52d537f3-0871-4ccd-ba12-9d4a806a5802/ugg/pay-with-klarna/,,,,supports_bnpl_present,Buy now pay later at UGG - Pay in 4 | Klarna For shoppers For business Discover Klarna Shop App Help Show more Sign in Klarna ∕ St,"Current page supports that this provider is presently associated with the merchant, but current listing is not treated as adoption date.",Tier 4,2026-08-09T21:28:28+00:00
M0042,UGG,Klarna,wayback_cdx_provider_directory,Internet Archive CDX,https://www.klarna.com/us/store/52d537f3-0871-4ccd-ba12-9d4a806a5802/ugg/pay-with-klarna/,,https://web.archive.org/web/20241218173612/https://www.klarna.com/us/store/52d537f3-0871-4ccd-ba12-9d4a806a5802/ugg/pay-with-klarna/,2024-12-18,supports_bnpl_present,Provider-specific URL first archived on 2024-12-18: https://www.klarna.com/us/store/52d537f3-0871-4ccd-ba12-9d4a806a5802/ugg/pay-with-klarna/,Provider-directory/listing URL observed in Wayback. Not used as exact adoption date without operational launch evidence.,Tier 4,2026-08-09T21:28:28+00:00
M0042,UGG,Klarna,current_provider_or_merchant_page,www.klarna.com,https://www.klarna.com/us/shopping/t/141/Clothing-Accessories/,,,,supports_bnpl_present,Compare Clothing & Accessories Prices on Klarna For shoppers For business Discover Klarna Shop App Help Show more Sign in Klarna / Shopping / All categories / Clothing & A,"Current page supports that this provider is presently associated with the merchant, but current listing is not treated as adoption date.",Tier 4,2026-08-09T21:28:28+00:00
M0042,UGG,Klarna,wayback_cdx_provider_directory,Internet Archive CDX,https://www.klarna.com/us/shopping/t/141/Clothing-Accessories/,,https://web.archive.org/web/20220924101952/https://www.klarna.com/us/shopping/t/141/Clothing-Accessories/,2022-09-24,supports_bnpl_present,Provider-specific URL first archived on 2022-09-24: https://www.klarna.com/us/shopping/t/141/Clothing-Accessories/,Provider-directory/listing URL observed in Wayback. Not used as exact adoption date without operational launch evidence.,Tier 4,2026-08-09T21:28:28+00:00
M0042,UGG,Klarna,current_webpage_error,www.ugg.com,https://www.ugg.com,,,,inconclusive,<HTTPError 403: ''>,Technical error; not interpreted as evidence of BNPL absence.,technical_log,2026-08-09T21:28:28+00:00
M0042,UGG,Afterpay,current_provider_or_merchant_page,www.afterpay.com,https://www.afterpay.com/en-US/categories/womens-clothing,,,,supports_bnpl_present,Fashion on Afterpay - Buy now pay later with Afterpay How Afterpay works All Categories For retailers Get the app Get $15 off No suggestions,"Current page supports that this provider is presently associated with the merchant, but current listing is not treated as adoption date.",Tier 4,2026-08-09T21:28:28+00:00
M0042,UGG,Afterpay,wayback_cdx_provider_directory,Internet Archive CDX,https://www.afterpay.com/en-US/categories/womens-clothing,,https://web.archive.org/web/20251127160840/https://www.afterpay.com/en-US/categories/womens-clothing,2025-11-27,supports_bnpl_present,Provider-specific URL first archived on 2025-11-27: https://www.afterpay.com/en-US/categories/womens-clothing,Provider-directory/listing URL observed in Wayback. Not used as exact adoption date without operational launch evidence.,Tier 4,2026-08-09T21:28:28+00:00
M0042,UGG,Afterpay,current_webpage_error,www.ugg.com,https://www.ugg.com,,,,inconclusive,<HTTPError 403: ''>,Technical error; not interpreted as evidence of BNPL absence.,technical_log,2026-08-09T21:28:28+00:00
M0043,Dollar General,Klarna,current_provider_or_merchant_page,www.klarna.com,https://www.klarna.com/us/store/d7255215-b8c2-410b-a7d7-f619bb84ff15/dollar-general/pay-with-klarna/,,,,supports_bnpl_present,Buy now pay later at Dollar General - Pay in 4 | Klarna For shoppers For business Discover Klarna Shop App Help Show more Sign in,"Current page supports that this provider is presently associated with the merchant, but current listing is not treated as adoption date.",Tier 4,2026-08-09T21:28:28+00:00
M0043,Dollar General,Klarna,current_provider_or_merchant_page,www.klarna.com,https://www.klarna.com/us/shopping/t/1493/Toys-Hobbies/,,,,supports_bnpl_present,Compare Toys & Hobbies Prices on Klarna For shoppers For business Discover Klarna Shop App Help Show more Sign in Klarna / Shopping / All categories / Toys & Hobbi,"Current page supports that this provider is presently associated with the merchant, but current listing is not treated as adoption date.",Tier 4,2026-08-09T21:28:28+00:00
M0043,Dollar General,Klarna,wayback_cdx_provider_directory,Internet Archive CDX,https://www.klarna.com/us/shopping/t/1493/Toys-Hobbies/,,https://web.archive.org/web/20220924101958/https://www.klarna.com/us/shopping/t/1493/Toys-Hobbies/,2022-09-24,supports_bnpl_present,Provider-specific URL first archived on 2022-09-24: https://www.klarna.com/us/shopping/t/1493/Toys-Hobbies/,Provider-directory/listing URL observed in Wayback. Not used as exact adoption date without operational launch evidence.,Tier 4,2026-08-09T21:28:28+00:00
M0043,Dollar General,Klarna,current_provider_or_merchant_page,www.klarna.com,https://www.klarna.com/us/shopping/t/35/Kids-Family/,,,,supports_bnpl_present,Compare Kids & Family Prices on Klarna For shoppers For business Discover Klarna Shop App Help Show more Sign in Klarna / Shopping / All categories / Kids & Famil,"Current page supports that this provider is presently associated with the merchant, but current listing is not treated as adoption date.",Tier 4,2026-08-09T21:28:28+00:00
M0043,Dollar General,Klarna,wayback_cdx_provider_directory,Internet Archive CDX,https://www.klarna.com/us/shopping/t/35/Kids-Family/,,https://web.archive.org/web/20220924102041/https://www.klarna.com/us/shopping/t/35/Kids-Family/,2022-09-24,supports_bnpl_present,Provider-specific URL first archived on 2022-09-24: https://www.klarna.com/us/shopping/t/35/Kids-Family/,Provider-directory/listing URL observed in Wayback. Not used as exact adoption date without operational launch evidence.,Tier 4,2026-08-09T21:28:28+00:00
M0044,Dick's Sporting Goods,Klarna,current_provider_or_merchant_page,www.klarna.com,https://www.klarna.com/us/store/eddcab29-5311-4d0b-bbb9-2e1f73f10f87/dick-s-sporting-goods/pay-with-klarna/,,,,supports_bnpl_present,Buy now pay later at Dick's Sporting Goods - Pay in 4 | Klarna For shoppers For business Discover Klarna Shop App Help Show more S,"Current page supports that this provider is presently associated with the merchant, but current listing is not treated as adoption date.",Tier 4,2026-08-09T21:28:28+00:00
M0044,Dick's Sporting Goods,Klarna,current_provider_or_merchant_page,www.klarna.com,https://www.klarna.com/us/shopping/t/27/Sports-Outdoor/,,,,supports_bnpl_present,Compare Sports & Outdoor Prices on Klarna For shoppers For business Discover Klarna Shop App Help Show more Sign in Klarna / Shopping / All categories / Sports & Out,"Current page supports that this provider is presently associated with the merchant, but current listing is not treated as adoption date.",Tier 4,2026-08-09T21:28:28+00:00
M0044,Dick's Sporting Goods,Klarna,current_webpage_error,www.dickssportinggoods.com,https://www.dickssportinggoods.com,,,,inconclusive,<HTTPError 403: 'Forbidden'>,Technical error; not interpreted as evidence of BNPL absence.,technical_log,2026-08-09T21:28:28+00:00
M0044,Dick's Sporting Goods,Afterpay,current_provider_or_merchant_page,www.afterpay.com,https://www.afterpay.com/en-US/categories/mens-clothing,,,,supports_bnpl_present,Men's clothing on Afterpay - Buy now pay later with Afterpay How Afterpay works All Categories For retailers Get the app Get $15 off No suggestions,"Current page supports that this provider is presently associated with the merchant, but current listing is not treated as adoption date.",Tier 4,2026-08-09T21:28:28+00:00
M0044,Dick's Sporting Goods,Afterpay,wayback_cdx_provider_directory,Internet Archive CDX,https://www.afterpay.com/en-US/categories/mens-clothing,,https://web.archive.org/web/20260226210648/https://www.afterpay.com/en-US/categories/mens-clothing,2026-02-26,supports_bnpl_present,Provider-specific URL first archived on 2026-02-26: https://www.afterpay.com/en-US/categories/mens-clothing,Provider-directory/listing URL observed in Wayback. Not used as exact adoption date without operational launch evidence.,Tier 4,2026-08-09T21:28:28+00:00
M0044,Dick's Sporting Goods,Afterpay,current_webpage_error,www.dickssportinggoods.com,https://www.dickssportinggoods.com,,,,inconclusive,<HTTPError 403: 'Forbidden'>,Technical error; not interpreted as evidence of BNPL absence.,technical_log,2026-08-09T21:28:28+00:00
M0045,eBay,Affirm,current_provider_or_merchant_page,www.affirm.com,https://www.affirm.com/shopping/electronics,2026-08-07,,,supports_bnpl_present,"Buy now pay later electronics - Laptop, iPhone financing | Affirm We're glad you're here! Would you like to see what Affirm offers","Current page supports that this provider is presently associated with the merchant, but current listing is not treated as adoption date.",Tier 4,2026-08-09T21:28:28+00:00
M0045,eBay,Affirm,wayback_cdx_provider_directory,Internet Archive CDX,https://www.affirm.com/shopping/electronics,,https://web.archive.org/web/20201129081111/https://www.affirm.com/shopping/electronics,2020-11-29,supports_bnpl_present,Provider-specific URL first archived on 2020-11-29: https://www.affirm.com/shopping/electronics,Provider-directory/listing URL observed in Wayback. Not used as exact adoption date without operational launch evidence.,Tier 4,2026-08-09T21:28:28+00:00
M0045,eBay,Klarna,current_provider_or_merchant_page,www.klarna.com,https://www.klarna.com/us/store/408afedd-3b68-47f1-88ea-bdc853d6087a/ebay/pay-with-klarna/,,,,supports_bnpl_present,Buy now pay later at eBay - Pay in 4 | Klarna For shoppers For business Discover Klarna Shop App Help Show more Sign in Klarna ∕ S,"Current page supports that this provider is presently associated with the merchant, but current listing is not treated as adoption date.",Tier 4,2026-08-09T21:28:28+00:00
M0045,eBay,Klarna,current_provider_or_merchant_page,www.klarna.com,https://www.klarna.com/us/shopping/t/1493/Toys-Hobbies/,,,,supports_bnpl_present,Compare Toys & Hobbies Prices on Klarna For shoppers For business Discover Klarna Shop App Help Show more Sign in Klarna / Shopping / All categories / Toys & Hobbi,"Current page supports that this provider is presently associated with the merchant, but current listing is not treated as adoption date.",Tier 4,2026-08-09T21:28:28+00:00
M0045,eBay,Klarna,wayback_cdx_provider_directory,Internet Archive CDX,https://www.klarna.com/us/shopping/t/1493/Toys-Hobbies/,,https://web.archive.org/web/20220924101958/https://www.klarna.com/us/shopping/t/1493/Toys-Hobbies/,2022-09-24,supports_bnpl_present,Provider-specific URL first archived on 2022-09-24: https://www.klarna.com/us/shopping/t/1493/Toys-Hobbies/,Provider-directory/listing URL observed in Wayback. Not used as exact adoption date without operational launch evidence.,Tier 4,2026-08-09T21:28:28+00:00
M0045,eBay,Klarna,current_provider_or_merchant_page,www.klarna.com,https://www.klarna.com/us/shopping/t/35/Kids-Family/,,,,supports_bnpl_present,Compare Kids & Family Prices on Klarna For shoppers For business Discover Klarna Shop App Help Show more Sign in Klarna / Shopping / All categories / Kids & Famil,"Current page supports that this provider is presently associated with the merchant, but current listing is not treated as adoption date.",Tier 4,2026-08-09T21:28:28+00:00
M0045,eBay,Klarna,wayback_cdx_provider_directory,Internet Archive CDX,https://www.klarna.com/us/shopping/t/35/Kids-Family/,,https://web.archive.org/web/20220924102041/https://www.klarna.com/us/shopping/t/35/Kids-Family/,2022-09-24,supports_bnpl_present,Provider-specific URL first archived on 2022-09-24: https://www.klarna.com/us/shopping/t/35/Kids-Family/,Provider-directory/listing URL observed in Wayback. Not used as exact adoption date without operational launch evidence.,Tier 4,2026-08-09T21:28:28+00:00
M0045,eBay,Zip,current_provider_or_merchant_page,zip.co,https://zip.co/us/shop/appliances-electronics,,,,supports_bnpl_present,"Buy Now, Pay Later Electronics | Zip Skip to main content Customers Business For Business How it works Shop stores Shop categories Insights Help Products Solutions","Current page supports that this provider is presently associated with the merchant, but current listing is not treated as adoption date.",Tier 4,2026-08-09T21:28:28+00:00
M0045,eBay,Zip,current_external_bnpl_page,zip.co,https://zip.co/us/shop/appliances-electronics,,,,supports_bnpl_present,".S. purchases, and certain merchant, product, goods and service restrictions apply. All loans subject to credit approval. © 2026 'Quadpay', 'Zip', the 'Q Logo' and 'Zip' Logos, and all tag lines used in conjunction therewith including 'Any Store Split in 4' an",Current page mentions a BNPL-like provider outside the five-platform sample; timing still requires review.,Tier 2,2026-08-09T21:28:28+00:00
M0045,eBay,Zip,wayback_cdx_provider_directory,Internet Archive CDX,https://zip.co/us/shop/appliances-electronics,,https://web.archive.org/web/20210921224524/https://zip.co/us/shop/appliances-electronics,2021-09-21,supports_bnpl_present,Provider-specific URL first archived on 2021-09-21: https://zip.co/us/shop/appliances-electronics,Provider-directory/listing URL observed in Wayback. Not used as exact adoption date without operational launch evidence.,Tier 4,2026-08-09T21:28:28+00:00
M0045,eBay,Zip,current_provider_or_merchant_page,zip.co,https://zip.co/us/shop/shop-all,,,,supports_bnpl_present,"Buy Now, Pay Later Clothing, Shoes, Electronics | Zip Skip to main content Customers Business For Business How it works Shop stores Shop categories Insights Help Products Solutions","Current page supports that this provider is presently associated with the merchant, but current listing is not treated as adoption date.",Tier 4,2026-08-09T21:28:28+00:00
M0045,eBay,Zip,current_external_bnpl_page,zip.co,https://zip.co/us/shop/shop-all,,,,supports_bnpl_present,".S. purchases, and certain merchant, product, goods and service restrictions apply. All loans subject to credit approval. © 2026 'Quadpay', 'Zip', the 'Q Logo' and 'Zip' Logos, and all tag lines used in conjunction therewith including 'Any Store Split in 4' an",Current page mentions a BNPL-like provider outside the five-platform sample; timing still requires review.,Tier 2,2026-08-09T21:28:28+00:00
M0045,eBay,Zip,wayback_cdx_provider_directory,Internet Archive CDX,https://zip.co/us/shop/shop-all,,https://web.archive.org/web/20210921002020/https://zip.co/us/shop/shop-all,2021-09-21,supports_bnpl_present,Provider-specific URL first archived on 2021-09-21: https://zip.co/us/shop/shop-all,Provider-directory/listing URL observed in Wayback. Not used as exact adoption date without operational launch evidence.,Tier 4,2026-08-09T21:28:28+00:00
M0045,eBay,Sezzle,current_provider_or_merchant_page,sezzle.com,https://sezzle.com/shop/pets/,2026-08-06,,,supports_bnpl_present,Buy Now Pay Later for Pets with Sezzle Shop Women Activewear Clothing Jewelry & Accessories Shoes Swimwear Men Clothing Jewelry &,"Current page supports that this provider is presently associated with the merchant, but current listing is not treated as adoption date.",Tier 4,2026-08-09T21:28:28+00:00
M0045,eBay,Sezzle,current_provider_or_merchant_page,sezzle.com,https://sezzle.com/shop/toys-and-games/,2026-08-06,,,supports_bnpl_present,Buy Now Pay Later for Toys & Games with Sezzle Shop Women Activewear Clothing Jewelry & Accessories Shoes Swimwear Men Clothing Je,"Current page supports that this provider is presently associated with the merchant, but current listing is not treated as adoption date.",Tier 4,2026-08-09T21:28:28+00:00
M0046,Estee Lauder,Klarna,current_provider_or_merchant_page,www.klarna.com,https://www.klarna.com/us/store/2c359c15-bf63-46b4-b960-81ebf5f13a7d/estee-lauder/pay-with-klarna/,,,,supports_bnpl_present,Buy now pay later at Estee Lauder - Pay in 4 | Klarna For shoppers For business Discover Klarna Shop App Help Show more Sign in Kl,"Current page supports that this provider is presently associated with the merchant, but current listing is not treated as adoption date.",Tier 4,2026-08-09T21:28:28+00:00
M0046,Estee Lauder,Klarna,current_provider_or_merchant_page,www.klarna.com,https://www.klarna.com/us/shopping/t/10/Health-Beauty/,,,,supports_bnpl_present,Compare Health & Beauty Prices on Klarna For shoppers For business Discover Klarna Shop App Help Show more Sign in Klarna / Shopping / All categories / Health & Bea,"Current page supports that this provider is presently associated with the merchant, but current listing is not treated as adoption date.",Tier 4,2026-08-09T21:28:28+00:00
M0046,Estee Lauder,Klarna,wayback_cdx_provider_directory,Internet Archive CDX,https://www.klarna.com/us/shopping/t/10/Health-Beauty/,,https://web.archive.org/web/20220917161909/https://www.klarna.com/us/shopping/t/10/Health-Beauty/,2022-09-17,supports_bnpl_present,Provider-specific URL first archived on 2022-09-17: https://www.klarna.com/us/shopping/t/10/Health-Beauty/,Provider-directory/listing URL observed in Wayback. Not used as exact adoption date without operational launch evidence.,Tier 4,2026-08-09T21:28:28+00:00
M0046,Estee Lauder,Klarna,current_webpage_error,www.esteelauder.com,https://www.esteelauder.com,,,,inconclusive,<HTTPError 403: 'Forbidden'>,Technical error; not interpreted as evidence of BNPL absence.,technical_log,2026-08-09T21:28:28+00:00
M0046,Estee Lauder,Sezzle,current_provider_or_merchant_page,sezzle.com,https://sezzle.com/shop/cosmetics/,2026-08-06,,,supports_bnpl_present,Buy Now Pay Later at cosmetics | Pay in 4 Shop Women Activewear Clothing Jewelry & Accessories Shoes Swimwear Men Clothing Jewelry,"Current page supports that this provider is presently associated with the merchant, but current listing is not treated as adoption date.",Tier 4,2026-08-09T21:28:28+00:00
M0046,Estee Lauder,Sezzle,wayback_cdx_provider_directory,Internet Archive CDX,https://sezzle.com/shop/cosmetics/,,https://web.archive.org/web/20241003163243/https://sezzle.com/shop/cosmetics/,2024-10-03,supports_bnpl_present,Provider-specific URL first archived on 2024-10-03: https://sezzle.com/shop/cosmetics/,Provider-directory/listing URL observed in Wayback. Not used as exact adoption date without operational launch evidence.,Tier 4,2026-08-09T21:28:28+00:00
M0046,Estee Lauder,Sezzle,current_provider_or_merchant_page,sezzle.com,https://sezzle.com/shop/self-care/,2026-08-06,,,supports_bnpl_present,Buy Now Pay Later for Self Care with Sezzle Shop Women Activewear Clothing Jewelry & Accessories Shoes Swimwear Men Clothing Jewel,"Current page supports that this provider is presently associated with the merchant, but current listing is not treated as adoption date.",Tier 4,2026-08-09T21:28:28+00:00
M0046,Estee Lauder,Sezzle,current_webpage_error,www.esteelauder.com,https://www.esteelauder.com,,,,inconclusive,<HTTPError 403: 'Forbidden'>,Technical error; not interpreted as evidence of BNPL absence.,technical_log,2026-08-09T21:28:28+00:00
M0047,Etsy,Klarna,current_provider_or_merchant_page,www.klarna.com,https://www.klarna.com/us/store/d7bbf2a2-b244-42e4-9f30-e85191a50206/etsy/pay-with-klarna/,,,,supports_bnpl_present,Buy now pay later at Etsy - Pay in 4 | Klarna For shoppers For business Discover Klarna Shop App Help Show more Sign in Klarna ∕ S,"Current page supports that this provider is presently associated with the merchant, but current listing is not treated as adoption date.",Tier 4,2026-08-09T21:28:28+00:00
M0047,Etsy,Klarna,current_provider_or_merchant_page,www.klarna.com,https://www.klarna.com/us/shopping/t/1493/Toys-Hobbies/,,,,supports_bnpl_present,Compare Toys & Hobbies Prices on Klarna For shoppers For business Discover Klarna Shop App Help Show more Sign in Klarna / Shopping / All categories / Toys & Hobbi,"Current page supports that this provider is presently associated with the merchant, but current listing is not treated as adoption date.",Tier 4,2026-08-09T21:28:28+00:00
M0047,Etsy,Klarna,wayback_cdx_provider_directory,Internet Archive CDX,https://www.klarna.com/us/shopping/t/1493/Toys-Hobbies/,,https://web.archive.org/web/20220924101958/https://www.klarna.com/us/shopping/t/1493/Toys-Hobbies/,2022-09-24,supports_bnpl_present,Provider-specific URL first archived on 2022-09-24: https://www.klarna.com/us/shopping/t/1493/Toys-Hobbies/,Provider-directory/listing URL observed in Wayback. Not used as exact adoption date without operational launch evidence.,Tier 4,2026-08-09T21:28:28+00:00
M0047,Etsy,Klarna,current_provider_or_merchant_page,www.klarna.com,https://www.klarna.com/us/shopping/t/35/Kids-Family/,,,,supports_bnpl_present,Compare Kids & Family Prices on Klarna For shoppers For business Discover Klarna Shop App Help Show more Sign in Klarna / Shopping / All categories / Kids & Famil,"Current page supports that this provider is presently associated with the merchant, but current listing is not treated as adoption date.",Tier 4,2026-08-09T21:28:28+00:00
M0047,Etsy,Klarna,wayback_cdx_provider_directory,Internet Archive CDX,https://www.klarna.com/us/shopping/t/35/Kids-Family/,,https://web.archive.org/web/20220924102041/https://www.klarna.com/us/shopping/t/35/Kids-Family/,2022-09-24,supports_bnpl_present,Provider-specific URL first archived on 2022-09-24: https://www.klarna.com/us/shopping/t/35/Kids-Family/,Provider-directory/listing URL observed in Wayback. Not used as exact adoption date without operational launch evidence.,Tier 4,2026-08-09T21:28:28+00:00
M0047,Etsy,Klarna,current_webpage_error,www.etsy.com,https://www.etsy.com,,,,inconclusive,<HTTPError 403: 'Forbidden'>,Technical error; not interpreted as evidence of BNPL absence.,technical_log,2026-08-09T21:28:28+00:00
M0047,Etsy,Zip,current_provider_or_merchant_page,zip.co,https://zip.co/us/shop/home-furniture,,,,supports_bnpl_present,"Buy Now, Pay Later Furniture | Zip Skip to main content Customers Business For Business How it works Shop stores Shop categories Insights Help Products Solutions","Current page supports that this provider is presently associated with the merchant, but current listing is not treated as adoption date.",Tier 4,2026-08-09T21:28:28+00:00
M0047,Etsy,Zip,current_external_bnpl_page,zip.co,https://zip.co/us/shop/home-furniture,,,,supports_bnpl_present,".S. purchases, and certain merchant, product, goods and service restrictions apply. All loans subject to credit approval. © 2026 'Quadpay', 'Zip', the 'Q Logo' and 'Zip' Logos, and all tag lines used in conjunction therewith including 'Any Store Split in 4' an",Current page mentions a BNPL-like provider outside the five-platform sample; timing still requires review.,Tier 2,2026-08-09T21:28:28+00:00
M0047,Etsy,Zip,current_provider_or_merchant_page,zip.co,https://zip.co/us/shop/jewelry-accessories,,,,supports_bnpl_present,"Buy Now, Pay Later Jewelry | Zip Skip to main content Customers Business For Business How it works Shop stores Shop categories Insights Help Products Solutions","Current page supports that this provider is presently associated with the merchant, but current listing is not treated as adoption date.",Tier 4,2026-08-09T21:28:28+00:00
M0047,Etsy,Zip,current_external_bnpl_page,zip.co,https://zip.co/us/shop/jewelry-accessories,,,,supports_bnpl_present,".S. purchases, and certain merchant, product, goods and service restrictions apply. All loans subject to credit approval. © 2026 'Quadpay', 'Zip', the 'Q Logo' and 'Zip' Logos, and all tag lines used in conjunction therewith including 'Any Store Split in 4' an",Current page mentions a BNPL-like provider outside the five-platform sample; timing still requires review.,Tier 2,2026-08-09T21:28:28+00:00
M0047,Etsy,Zip,current_webpage_error,www.etsy.com,https://www.etsy.com,,,,inconclusive,<HTTPError 403: 'Forbidden'>,Technical error; not interpreted as evidence of BNPL absence.,technical_log,2026-08-09T21:28:28+00:00
M0048,Expedia,Afterpay,current_provider_or_merchant_page,www.afterpay.com,https://www.afterpay.com/en-US/categories/tickets,,,,supports_bnpl_present,Entertainment on Afterpay - Buy now pay later with Afterpay How Afterpay works All Categories For retailers Get the app Get $15 off No suggestions,"Current page supports that this provider is presently associated with the merchant, but current listing is not treated as adoption date.",Tier 4,2026-08-09T21:28:28+00:00
M0048,Expedia,Afterpay,current_provider_or_merchant_page,www.afterpay.com,https://www.afterpay.com/en-US/categories/travel,,,,supports_bnpl_present,Travel on Afterpay - Buy now pay later with Afterpay How Afterpay works All Categories For retailers Get the app Get $15 off No suggestions,"Current page supports that this provider is presently associated with the merchant, but current listing is not treated as adoption date.",Tier 4,2026-08-09T21:28:28+00:00
M0048,Expedia,Afterpay,current_webpage_error,www.expedia.com,https://www.expedia.com,,,,inconclusive,<HTTPError 429: 'Too Many Requests'>,Technical error; not interpreted as evidence of BNPL absence.,technical_log,2026-08-09T21:28:28+00:00
M0048,Expedia,Zip,current_provider_or_merchant_page,zip.co,https://zip.co/us/shop/flights,,,,supports_bnpl_present,"Buy Now, Pay Later Flights | Zip Skip to main content Customers Business For Business How it works Shop stores Shop categories Insights Help Products Solutions","Current page supports that this provider is presently associated with the merchant, but current listing is not treated as adoption date.",Tier 4,2026-08-09T21:28:28+00:00
M0048,Expedia,Zip,current_external_bnpl_page,zip.co,https://zip.co/us/shop/flights,,,,supports_bnpl_present,".S. purchases, and certain merchant, product, goods and service restrictions apply. All loans subject to credit approval. © 2026 'Quadpay', 'Zip', the 'Q Logo' and 'Zip' Logos, and all tag lines used in conjunction therewith including 'Any Store Split in 4' an",Current page mentions a BNPL-like provider outside the five-platform sample; timing still requires review.,Tier 2,2026-08-09T21:28:28+00:00
M0048,Expedia,Zip,current_provider_or_merchant_page,zip.co,https://zip.co/us/shop/hotels,,,,supports_bnpl_present,"Buy Now, Pay Later Hotels | Zip Skip to main content Customers Business For Business How it works Shop stores Shop categories Insights Help Products Solutions","Current page supports that this provider is presently associated with the merchant, but current listing is not treated as adoption date.",Tier 4,2026-08-09T21:28:28+00:00
M0048,Expedia,Zip,current_external_bnpl_page,zip.co,https://zip.co/us/shop/hotels,,,,supports_bnpl_present,".S. purchases, and certain merchant, product, goods and service restrictions apply. All loans subject to credit approval. © 2026 'Quadpay', 'Zip', the 'Q Logo' and 'Zip' Logos, and all tag lines used in conjunction therewith including 'Any Store Split in 4' an",Current page mentions a BNPL-like provider outside the five-platform sample; timing still requires review.,Tier 2,2026-08-09T21:28:28+00:00
M0048,Expedia,Zip,wayback_cdx_provider_directory,Internet Archive CDX,https://zip.co/us/shop/hotels,,https://web.archive.org/web/20220625144641/https://zip.co/us/shop/hotels,2022-06-25,supports_bnpl_present,Provider-specific URL first archived on 2022-06-25: https://zip.co/us/shop/hotels,Provider-directory/listing URL observed in Wayback. Not used as exact adoption date without operational launch evidence.,Tier 4,2026-08-09T21:28:28+00:00
M0048,Expedia,Zip,current_provider_or_merchant_page,zip.co,https://zip.co/us/shop/travel-entertainment,,,,supports_bnpl_present,Buy Now Pay Later for Travel | Zip Skip to main content Customers Business For Business How it works Shop stores Shop categories I,"Current page supports that this provider is presently associated with the merchant, but current listing is not treated as adoption date.",Tier 4,2026-08-09T21:28:28+00:00
M0048,Expedia,Zip,current_external_bnpl_page,zip.co,https://zip.co/us/shop/travel-entertainment,,,,supports_bnpl_present,".S. purchases, and certain merchant, product, goods and service restrictions apply. All loans subject to credit approval. © 2026 'Quadpay', 'Zip', the 'Q Logo' and 'Zip' Logos, and all tag lines used in conjunction therewith including 'Any Store Split in 4' an",Current page mentions a BNPL-like provider outside the five-platform sample; timing still requires review.,Tier 2,2026-08-09T21:28:28+00:00
M0048,Expedia,Zip,wayback_cdx_provider_directory,Internet Archive CDX,https://zip.co/us/shop/travel-entertainment,,https://web.archive.org/web/20210921222020/https://zip.co/us/shop/travel-entertainment,2021-09-21,supports_bnpl_present,Provider-specific URL first archived on 2021-09-21: https://zip.co/us/shop/travel-entertainment,Provider-directory/listing URL observed in Wayback. Not used as exact adoption date without operational launch evidence.,Tier 4,2026-08-09T21:28:28+00:00
M0048,Expedia,Zip,current_webpage_error,www.expedia.com,https://www.expedia.com,,,,inconclusive,<HTTPError 429: 'Too Many Requests'>,Technical error; not interpreted as evidence of BNPL absence.,technical_log,2026-08-09T21:28:28+00:00
M0049,Vrbo,Affirm,current_provider_or_merchant_page,www.affirm.com,https://www.affirm.com/shopping/events-experiences,2026-08-07,,,supports_bnpl_present,"Buy now pay later event tickets, experiences, and more | Affirm We're glad you're here! Would you like to see what Affirm offers i","Current page supports that this provider is presently associated with the merchant, but current listing is not treated as adoption date.",Tier 4,2026-08-09T21:28:28+00:00
M0049,Vrbo,Affirm,current_provider_or_merchant_page,www.affirm.com,https://www.affirm.com/shopping/travel,2026-08-07,,,supports_bnpl_present,"Flights, travel, and vacation payment plans - travel financing | Affirm We're glad you're here! Would you like to see what Affirm offers in your region? Go to the page Stay here Skip to main cont","Current page supports that this provider is presently associated with the merchant, but current listing is not treated as adoption date.",Tier 4,2026-08-09T21:28:28+00:00
M0049,Vrbo,Affirm,wayback_cdx_provider_directory,Internet Archive CDX,https://www.affirm.com/shopping/travel,,https://web.archive.org/web/20201129065824/https://www.affirm.com/shopping/travel,2020-11-29,supports_bnpl_present,Provider-specific URL first archived on 2020-11-29: https://www.affirm.com/shopping/travel,Provider-directory/listing URL observed in Wayback. Not used as exact adoption date without operational launch evidence.,Tier 4,2026-08-09T21:28:28+00:00
M0049,Vrbo,Affirm,current_webpage_error,vrbo.com,https://vrbo.com,,,,inconclusive,<HTTPError 429: 'Too Many Requests'>,Technical error; not interpreted as evidence of BNPL absence.,technical_log,2026-08-09T21:28:28+00:00
M0049,Vrbo,Zip,current_provider_or_merchant_page,zip.co,https://zip.co/us/shop/hotels,,,,supports_bnpl_present,"Buy Now, Pay Later Hotels | Zip Skip to main content Customers Business For Business How it works Shop stores Shop categories Insights Help Products Solutions","Current page supports that this provider is presently associated with the merchant, but current listing is not treated as adoption date.",Tier 4,2026-08-09T21:28:28+00:00
M0049,Vrbo,Zip,current_external_bnpl_page,zip.co,https://zip.co/us/shop/hotels,,,,supports_bnpl_present,".S. purchases, and certain merchant, product, goods and service restrictions apply. All loans subject to credit approval. © 2026 'Quadpay', 'Zip', the 'Q Logo' and 'Zip' Logos, and all tag lines used in conjunction therewith including 'Any Store Split in 4' an",Current page mentions a BNPL-like provider outside the five-platform sample; timing still requires review.,Tier 2,2026-08-09T21:28:28+00:00
M0049,Vrbo,Zip,wayback_cdx_provider_directory,Internet Archive CDX,https://zip.co/us/shop/hotels,,https://web.archive.org/web/20220625144641/https://zip.co/us/shop/hotels,2022-06-25,supports_bnpl_present,Provider-specific URL first archived on 2022-06-25: https://zip.co/us/shop/hotels,Provider-directory/listing URL observed in Wayback. Not used as exact adoption date without operational launch evidence.,Tier 4,2026-08-09T21:28:28+00:00
M0049,Vrbo,Zip,current_provider_or_merchant_page,zip.co,https://zip.co/us/shop/travel-entertainment,,,,supports_bnpl_present,Buy Now Pay Later for Travel | Zip Skip to main content Customers Business For Business How it works Shop stores Shop categories I,"Current page supports that this provider is presently associated with the merchant, but current listing is not treated as adoption date.",Tier 4,2026-08-09T21:28:28+00:00
M0049,Vrbo,Zip,current_external_bnpl_page,zip.co,https://zip.co/us/shop/travel-entertainment,,,,supports_bnpl_present,".S. purchases, and certain merchant, product, goods and service restrictions apply. All loans subject to credit approval. © 2026 'Quadpay', 'Zip', the 'Q Logo' and 'Zip' Logos, and all tag lines used in conjunction therewith including 'Any Store Split in 4' an",Current page mentions a BNPL-like provider outside the five-platform sample; timing still requires review.,Tier 2,2026-08-09T21:28:28+00:00
M0049,Vrbo,Zip,wayback_cdx_provider_directory,Internet Archive CDX,https://zip.co/us/shop/travel-entertainment,,https://web.archive.org/web/20210921222020/https://zip.co/us/shop/travel-entertainment,2021-09-21,supports_bnpl_present,Provider-specific URL first archived on 2021-09-21: https://zip.co/us/shop/travel-entertainment,Provider-directory/listing URL observed in Wayback. Not used as exact adoption date without operational launch evidence.,Tier 4,2026-08-09T21:28:28+00:00
M0049,Vrbo,Zip,current_webpage_error,vrbo.com,https://vrbo.com,,,,inconclusive,<HTTPError 429: 'Too Many Requests'>,Technical error; not interpreted as evidence of BNPL absence.,technical_log,2026-08-09T21:28:28+00:00
M0050,FIGS,Klarna,current_provider_or_merchant_page,www.klarna.com,https://www.klarna.com/us/store/a45301fd-3c0c-4709-b41b-1ce308161a75/figs/pay-with-klarna/,,,,supports_bnpl_present,Buy now pay later at FIGS - Pay in 4 | Klarna For shoppers For business Discover Klarna Shop App Help Show more Sign in Klarna ∕ S,"Current page supports that this provider is presently associated with the merchant, but current listing is not treated as adoption date.",Tier 4,2026-08-09T21:28:28+00:00
M0050,FIGS,Klarna,current_provider_or_merchant_page,www.klarna.com,https://www.klarna.com/us/shopping/t/141/Clothing-Accessories/,,,,supports_bnpl_present,Compare Clothing & Accessories Prices on Klarna For shoppers For business Discover Klarna Shop App Help Show more Sign in Klarna / Shopping / All categories / Clothing & A,"Current page supports that this provider is presently associated with the merchant, but current listing is not treated as adoption date.",Tier 4,2026-08-09T21:28:28+00:00
M0050,FIGS,Klarna,wayback_cdx_provider_directory,Internet Archive CDX,https://www.klarna.com/us/shopping/t/141/Clothing-Accessories/,,https://web.archive.org/web/20220924101952/https://www.klarna.com/us/shopping/t/141/Clothing-Accessories/,2022-09-24,supports_bnpl_present,Provider-specific URL first archived on 2022-09-24: https://www.klarna.com/us/shopping/t/141/Clothing-Accessories/,Provider-directory/listing URL observed in Wayback. Not used as exact adoption date without operational launch evidence.,Tier 4,2026-08-09T21:28:28+00:00
M0051,Five Below,Klarna,current_provider_or_merchant_page,www.klarna.com,https://www.klarna.com/us/store/6a3b424c-6aa5-49e9-9ff3-38276cc3d25b/five-below/pay-with-klarna/,,,,supports_bnpl_present,Buy now pay later at Five Below - Pay in 4 | Klarna For shoppers For business Discover Klarna Shop App Help Show more Sign in Klar,"Current page supports that this provider is presently associated with the merchant, but current listing is not treated as adoption date.",Tier 4,2026-08-09T21:28:28+00:00
M0051,Five Below,Klarna,current_provider_or_merchant_page,www.klarna.com,https://www.klarna.com/us/shopping/t/14/Kitchen-Appliances/,,,,supports_bnpl_present,Compare Kitchen Appliances Prices on Klarna For shoppers For business Discover Klarna Shop App Help Show more Sign in Klarna / Shopping / All categories / Home & Appli,"Current page supports that this provider is presently associated with the merchant, but current listing is not treated as adoption date.",Tier 4,2026-08-09T21:28:28+00:00
M0051,Five Below,Klarna,current_provider_or_merchant_page,www.klarna.com,https://www.klarna.com/us/shopping/t/1424/Garden-Patio/,,,,supports_bnpl_present,Compare Garden & Patio Prices on Klarna For shoppers For business Discover Klarna Shop App Help Show more Sign in Klarna / Shopping / All categories / Garden & Pat,"Current page supports that this provider is presently associated with the merchant, but current listing is not treated as adoption date.",Tier 4,2026-08-09T21:28:28+00:00
M0052,1-800-flowers.com,Klarna,current_provider_or_merchant_page,www.klarna.com,https://www.klarna.com/us/store/f4c05e69-eaa8-4a2d-a8ed-5b64f51af1a2/1-800-flowers.com/pay-with-klarna/,,,,supports_bnpl_present,Buy now pay later at 1-800-flowers.com - Pay in 4 | Klarna For shoppers For business Discover Klarna Shop App Help Show more Sign,"Current page supports that this provider is presently associated with the merchant, but current listing is not treated as adoption date.",Tier 4,2026-08-09T21:28:28+00:00
M0052,1-800-flowers.com,Klarna,current_provider_or_merchant_page,www.klarna.com,https://www.klarna.com/us/shopping/t/14/Kitchen-Appliances/,,,,supports_bnpl_present,Compare Kitchen Appliances Prices on Klarna For shoppers For business Discover Klarna Shop App Help Show more Sign in Klarna / Shopping / All categories / Home & Appli,"Current page supports that this provider is presently associated with the merchant, but current listing is not treated as adoption date.",Tier 4,2026-08-09T21:28:28+00:00
M0052,1-800-flowers.com,Klarna,current_provider_or_merchant_page,www.klarna.com,https://www.klarna.com/us/shopping/t/1424/Garden-Patio/,,,,supports_bnpl_present,Compare Garden & Patio Prices on Klarna For shoppers For business Discover Klarna Shop App Help Show more Sign in Klarna / Shopping / All categories / Garden & Pat,"Current page supports that this provider is presently associated with the merchant, but current listing is not treated as adoption date.",Tier 4,2026-08-09T21:28:28+00:00
M0053,Funko,Afterpay,current_provider_or_merchant_page,www.afterpay.com,https://www.afterpay.com/en-US/categories/mens-clothing,,,,supports_bnpl_present,Men's clothing on Afterpay - Buy now pay later with Afterpay How Afterpay works All Categories For retailers Get the app Get $15 off No suggestions,"Current page supports that this provider is presently associated with the merchant, but current listing is not treated as adoption date.",Tier 4,2026-08-09T21:28:28+00:00
M0053,Funko,Afterpay,wayback_cdx_provider_directory,Internet Archive CDX,https://www.afterpay.com/en-US/categories/mens-clothing,,https://web.archive.org/web/20260226210648/https://www.afterpay.com/en-US/categories/mens-clothing,2026-02-26,supports_bnpl_present,Provider-specific URL first archived on 2026-02-26: https://www.afterpay.com/en-US/categories/mens-clothing,Provider-directory/listing URL observed in Wayback. Not used as exact adoption date without operational launch evidence.,Tier 4,2026-08-09T21:28:28+00:00
M0053,Funko,Afterpay,current_provider_or_merchant_page,www.afterpay.com,https://www.afterpay.com/en-US/categories/womens-clothing,,,,supports_bnpl_present,Fashion on Afterpay - Buy now pay later with Afterpay How Afterpay works All Categories For retailers Get the app Get $15 off No suggestions,"Current page supports that this provider is presently associated with the merchant, but current listing is not treated as adoption date.",Tier 4,2026-08-09T21:28:28+00:00
M0053,Funko,Afterpay,wayback_cdx_provider_directory,Internet Archive CDX,https://www.afterpay.com/en-US/categories/womens-clothing,,https://web.archive.org/web/20251127160840/https://www.afterpay.com/en-US/categories/womens-clothing,2025-11-27,supports_bnpl_present,Provider-specific URL first archived on 2025-11-27: https://www.afterpay.com/en-US/categories/womens-clothing,Provider-directory/listing URL observed in Wayback. Not used as exact adoption date without operational launch evidence.,Tier 4,2026-08-09T21:28:28+00:00
M0053,Funko,Zip,current_provider_or_merchant_page,zip.co,https://zip.co/us/shop/education,,,,supports_bnpl_present,"Buy Now, Pay Later Books & Online Courses | Zip Skip to main content Customers Business For Business How it works Shop stores Shop categories Insights Help Products Solutions","Current page supports that this provider is presently associated with the merchant, but current listing is not treated as adoption date.",Tier 4,2026-08-09T21:28:28+00:00
M0053,Funko,Zip,current_external_bnpl_page,zip.co,https://zip.co/us/shop/education,,,,supports_bnpl_present,".S. purchases, and certain merchant, product, goods and service restrictions apply. All loans subject to credit approval. © 2026 'Quadpay', 'Zip', the 'Q Logo' and 'Zip' Logos, and all tag lines used in conjunction therewith including 'Any Store Split in 4' an",Current page mentions a BNPL-like provider outside the five-platform sample; timing still requires review.,Tier 2,2026-08-09T21:28:28+00:00
M0053,Funko,Zip,wayback_cdx_provider_directory,Internet Archive CDX,https://zip.co/us/shop/education,,https://web.archive.org/web/20210923095214/https://zip.co/us/shop/education,2021-09-23,supports_bnpl_present,Provider-specific URL first archived on 2021-09-23: https://zip.co/us/shop/education,Provider-directory/listing URL observed in Wayback. Not used as exact adoption date without operational launch evidence.,Tier 4,2026-08-09T21:28:28+00:00
M0053,Funko,Sezzle,current_provider_or_merchant_page,sezzle.com,https://sezzle.com/shop/toys-and-games/,2026-08-06,,,supports_bnpl_present,Buy Now Pay Later for Toys & Games with Sezzle Shop Women Activewear Clothing Jewelry & Accessories Shoes Swimwear Men Clothing Je,"Current page supports that this provider is presently associated with the merchant, but current listing is not treated as adoption date.",Tier 4,2026-08-09T21:28:28+00:00
M0054,Fossil,Klarna,current_provider_or_merchant_page,www.klarna.com,https://www.klarna.com/us/store/2e218495-cea3-4a71-9eac-8486aff199e0/fossil-group/pay-with-klarna/,,,,supports_bnpl_present,Buy now pay later at Fossil Group - Pay in 4 | Klarna For shoppers For business Discover Klarna Shop App Help Show more Sign in Kl,"Current page supports that this provider is presently associated with the merchant, but current listing is not treated as adoption date.",Tier 4,2026-08-09T21:28:28+00:00
M0054,Fossil,Klarna,current_provider_or_merchant_page,www.klarna.com,https://www.klarna.com/us/shopping/t/141/Clothing-Accessories/,,,,supports_bnpl_present,Compare Clothing & Accessories Prices on Klarna For shoppers For business Discover Klarna Shop App Help Show more Sign in Klarna / Shopping / All categories / Clothing & A,"Current page supports that this provider is presently associated with the merchant, but current listing is not treated as adoption date.",Tier 4,2026-08-09T21:28:28+00:00
M0054,Fossil,Klarna,wayback_cdx_provider_directory,Internet Archive CDX,https://www.klarna.com/us/shopping/t/141/Clothing-Accessories/,,https://web.archive.org/web/20220924101952/https://www.klarna.com/us/shopping/t/141/Clothing-Accessories/,2022-09-24,supports_bnpl_present,Provider-specific URL first archived on 2022-09-24: https://www.klarna.com/us/shopping/t/141/Clothing-Accessories/,Provider-directory/listing URL observed in Wayback. Not used as exact adoption date without operational launch evidence.,Tier 4,2026-08-09T21:28:28+00:00
M0054,Fossil,Klarna,current_webpage_error,www.fossil.com,https://www.fossil.com,,,,inconclusive,<HTTPError 403: 'Forbidden'>,Technical error; not interpreted as evidence of BNPL absence.,technical_log,2026-08-09T21:28:28+00:00
M0054,Fossil,Zip,current_provider_or_merchant_page,zip.co,https://zip.co/us/shop/jewelry-accessories,,,,supports_bnpl_present,"Buy Now, Pay Later Jewelry | Zip Skip to main content Customers Business For Business How it works Shop stores Shop categories Insights Help Products Solutions","Current page supports that this provider is presently associated with the merchant, but current listing is not treated as adoption date.",Tier 4,2026-08-09T21:28:28+00:00
M0054,Fossil,Zip,current_external_bnpl_page,zip.co,https://zip.co/us/shop/jewelry-accessories,,,,supports_bnpl_present,".S. purchases, and certain merchant, product, goods and service restrictions apply. All loans subject to credit approval. © 2026 'Quadpay', 'Zip', the 'Q Logo' and 'Zip' Logos, and all tag lines used in conjunction therewith including 'Any Store Split in 4' an",Current page mentions a BNPL-like provider outside the five-platform sample; timing still requires review.,Tier 2,2026-08-09T21:28:28+00:00
M0054,Fossil,Zip,current_webpage_error,www.fossil.com,https://www.fossil.com,,,,inconclusive,<HTTPError 403: 'Forbidden'>,Technical error; not interpreted as evidence of BNPL absence.,technical_log,2026-08-09T21:28:28+00:00
M0055,Fiverr,Zip,current_provider_or_merchant_page,zip.co,https://zip.co/us/shop/education,,,,supports_bnpl_present,"Buy Now, Pay Later Books & Online Courses | Zip Skip to main content Customers Business For Business How it works Shop stores Shop categories Insights Help Products Solutions","Current page supports that this provider is presently associated with the merchant, but current listing is not treated as adoption date.",Tier 4,2026-08-09T21:28:28+00:00
M0055,Fiverr,Zip,current_external_bnpl_page,zip.co,https://zip.co/us/shop/education,,,,supports_bnpl_present,".S. purchases, and certain merchant, product, goods and service restrictions apply. All loans subject to credit approval. © 2026 'Quadpay', 'Zip', the 'Q Logo' and 'Zip' Logos, and all tag lines used in conjunction therewith including 'Any Store Split in 4' an",Current page mentions a BNPL-like provider outside the five-platform sample; timing still requires review.,Tier 2,2026-08-09T21:28:28+00:00
M0055,Fiverr,Zip,wayback_cdx_provider_directory,Internet Archive CDX,https://zip.co/us/shop/education,,https://web.archive.org/web/20210923095214/https://zip.co/us/shop/education,2021-09-23,supports_bnpl_present,Provider-specific URL first archived on 2021-09-23: https://zip.co/us/shop/education,Provider-directory/listing URL observed in Wayback. Not used as exact adoption date without operational launch evidence.,Tier 4,2026-08-09T21:28:28+00:00
M0055,Fiverr,Zip,current_webpage_error,fiverr.com,https://fiverr.com,,,,inconclusive,<HTTPError 403: 'Forbidden'>,Technical error; not interpreted as evidence of BNPL absence.,technical_log,2026-08-09T21:28:28+00:00
M0056,Athleta,Klarna,current_provider_or_merchant_page,www.klarna.com,https://www.klarna.com/us/store/96739f06-fd93-426d-821e-d44b537e9f14/athleta/pay-with-klarna/,,,,supports_bnpl_present,Buy now pay later at Athleta - Pay in 4 | Klarna For shoppers For business Discover Klarna Shop App Help Show more Sign in Klarna,"Current page supports that this provider is presently associated with the merchant, but current listing is not treated as adoption date.",Tier 4,2026-08-09T21:28:28+00:00
M0056,Athleta,Klarna,current_provider_or_merchant_page,www.klarna.com,https://www.klarna.com/us/shopping/t/141/Clothing-Accessories/,,,,supports_bnpl_present,Compare Clothing & Accessories Prices on Klarna For shoppers For business Discover Klarna Shop App Help Show more Sign in Klarna / Shopping / All categories / Clothing & A,"Current page supports that this provider is presently associated with the merchant, but current listing is not treated as adoption date.",Tier 4,2026-08-09T21:28:28+00:00
M0056,Athleta,Klarna,wayback_cdx_provider_directory,Internet Archive CDX,https://www.klarna.com/us/shopping/t/141/Clothing-Accessories/,,https://web.archive.org/web/20220924101952/https://www.klarna.com/us/shopping/t/141/Clothing-Accessories/,2022-09-24,supports_bnpl_present,Provider-specific URL first archived on 2022-09-24: https://www.klarna.com/us/shopping/t/141/Clothing-Accessories/,Provider-directory/listing URL observed in Wayback. Not used as exact adoption date without operational launch evidence.,Tier 4,2026-08-09T21:28:28+00:00
M0056,Athleta,Afterpay,current_provider_or_merchant_page,www.afterpay.com,https://www.afterpay.com/en-US/categories/health,,,,supports_bnpl_present,Health & Wellness on Afterpay - Buy now pay later with Afterpay How Afterpay works All Categories For retailers Get the app Get $15 off No suggestions,"Current page supports that this provider is presently associated with the merchant, but current listing is not treated as adoption date.",Tier 4,2026-08-09T21:28:28+00:00
M0056,Athleta,Afterpay,current_provider_or_merchant_page,www.afterpay.com,https://www.afterpay.com/en-US/categories/kids,,,,supports_bnpl_present,Kids & Baby on Afterpay - Buy now pay later with Afterpay How Afterpay works All Categories For retailers Get the app Get $15 off No suggestions,"Current page supports that this provider is presently associated with the merchant, but current listing is not treated as adoption date.",Tier 4,2026-08-09T21:28:28+00:00
M0056,Athleta,Afterpay,current_provider_or_merchant_page,www.afterpay.com,https://www.afterpay.com/en-US/categories/womens-clothing,,,,supports_bnpl_present,Fashion on Afterpay - Buy now pay later with Afterpay How Afterpay works All Categories For retailers Get the app Get $15 off No suggestions,"Current page supports that this provider is presently associated with the merchant, but current listing is not treated as adoption date.",Tier 4,2026-08-09T21:28:28+00:00
M0056,Athleta,Afterpay,wayback_cdx_provider_directory,Internet Archive CDX,https://www.afterpay.com/en-US/categories/womens-clothing,,https://web.archive.org/web/20251127160840/https://www.afterpay.com/en-US/categories/womens-clothing,2025-11-27,supports_bnpl_present,Provider-specific URL first archived on 2025-11-27: https://www.afterpay.com/en-US/categories/womens-clothing,Provider-directory/listing URL observed in Wayback. Not used as exact adoption date without operational launch evidence.,Tier 4,2026-08-09T21:28:28+00:00
M0056,Athleta,Sezzle,current_provider_or_merchant_page,sezzle.com,https://sezzle.com/shop/mens-clothing/,2026-08-06,,,supports_bnpl_present,Buy Now Pay Later for Men's Clothing with Sezzle Shop Women Activewear Clothing Jewelry & Accessories Shoes Swimwear Men Clothing,"Current page supports that this provider is presently associated with the merchant, but current listing is not treated as adoption date.",Tier 4,2026-08-09T21:28:28+00:00
M0056,Athleta,Sezzle,current_provider_or_merchant_page,sezzle.com,https://sezzle.com/shop/womens-activewear/,2026-08-06,,,supports_bnpl_present,Buy Now Pay Later for Women's Activewear with Sezzle Shop Women Activewear Clothing Jewelry & Accessories Shoes Swimwear Men Cloth,"Current page supports that this provider is presently associated with the merchant, but current listing is not treated as adoption date.",Tier 4,2026-08-09T21:28:28+00:00
M0056,Athleta,Sezzle,current_provider_or_merchant_page,sezzle.com,https://sezzle.com/shop/womens-shoes/,2026-08-06,,,supports_bnpl_present,Buy Now Pay Later for Women's Shoes with Sezzle Shop Women Activewear Clothing Jewelry & Accessories Shoes Swimwear Men Clothing J,"Current page supports that this provider is presently associated with the merchant, but current listing is not treated as adoption date.",Tier 4,2026-08-09T21:28:28+00:00
M0057,Banana Republic,Klarna,current_provider_or_merchant_page,www.klarna.com,https://www.klarna.com/us/store/f8443e51-f3c8-48bd-8896-8537c36deff6/banana-republic/pay-with-klarna/,,,,supports_bnpl_present,Buy now pay later at Banana Republic - Pay in 4 | Klarna For shoppers For business Discover Klarna Shop App Help Show more Sign in,"Current page supports that this provider is presently associated with the merchant, but current listing is not treated as adoption date.",Tier 4,2026-08-09T21:28:28+00:00
M0057,Banana Republic,Klarna,current_provider_or_merchant_page,www.klarna.com,https://www.klarna.com/us/shopping/t/141/Clothing-Accessories/,,,,supports_bnpl_present,Compare Clothing & Accessories Prices on Klarna For shoppers For business Discover Klarna Shop App Help Show more Sign in Klarna / Shopping / All categories / Clothing & A,"Current page supports that this provider is presently associated with the merchant, but current listing is not treated as adoption date.",Tier 4,2026-08-09T21:28:28+00:00
M0057,Banana Republic,Klarna,wayback_cdx_provider_directory,Internet Archive CDX,https://www.klarna.com/us/shopping/t/141/Clothing-Accessories/,,https://web.archive.org/web/20220924101952/https://www.klarna.com/us/shopping/t/141/Clothing-Accessories/,2022-09-24,supports_bnpl_present,Provider-specific URL first archived on 2022-09-24: https://www.klarna.com/us/shopping/t/141/Clothing-Accessories/,Provider-directory/listing URL observed in Wayback. Not used as exact adoption date without operational launch evidence.,Tier 4,2026-08-09T21:28:28+00:00
M0057,Banana Republic,Afterpay,current_provider_or_merchant_page,www.afterpay.com,https://www.afterpay.com/en-US/categories/mens-clothing,,,,supports_bnpl_present,Men's clothing on Afterpay - Buy now pay later with Afterpay How Afterpay works All Categories For retailers Get the app Get $15 off No suggestions,"Current page supports that this provider is presently associated with the merchant, but current listing is not treated as adoption date.",Tier 4,2026-08-09T21:28:28+00:00
M0057,Banana Republic,Afterpay,wayback_cdx_provider_directory,Internet Archive CDX,https://www.afterpay.com/en-US/categories/mens-clothing,,https://web.archive.org/web/20260226210648/https://www.afterpay.com/en-US/categories/mens-clothing,2026-02-26,supports_bnpl_present,Provider-specific URL first archived on 2026-02-26: https://www.afterpay.com/en-US/categories/mens-clothing,Provider-directory/listing URL observed in Wayback. Not used as exact adoption date without operational launch evidence.,Tier 4,2026-08-09T21:28:28+00:00
M0057,Banana Republic,Afterpay,current_provider_or_merchant_page,www.afterpay.com,https://www.afterpay.com/en-US/categories/womens-clothing,,,,supports_bnpl_present,Fashion on Afterpay - Buy now pay later with Afterpay How Afterpay works All Categories For retailers Get the app Get $15 off No suggestions,"Current page supports that this provider is presently associated with the merchant, but current listing is not treated as adoption date.",Tier 4,2026-08-09T21:28:28+00:00
M0057,Banana Republic,Afterpay,wayback_cdx_provider_directory,Internet Archive CDX,https://www.afterpay.com/en-US/categories/womens-clothing,,https://web.archive.org/web/20251127160840/https://www.afterpay.com/en-US/categories/womens-clothing,2025-11-27,supports_bnpl_present,Provider-specific URL first archived on 2025-11-27: https://www.afterpay.com/en-US/categories/womens-clothing,Provider-directory/listing URL observed in Wayback. Not used as exact adoption date without operational launch evidence.,Tier 4,2026-08-09T21:28:28+00:00
M0058,Gap,Klarna,current_provider_or_merchant_page,www.klarna.com,https://www.klarna.com/us/store/def7d8fe-7fff-43a3-8f9e-ee646a8a0d63/gap/pay-with-klarna/,,,,supports_bnpl_present,Buy now pay later at Gap - Pay in 4 | Klarna For shoppers For business Discover Klarna Shop App Help Show more Sign in Klarna ∕ St,"Current page supports that this provider is presently associated with the merchant, but current listing is not treated as adoption date.",Tier 4,2026-08-09T21:28:28+00:00
M0058,Gap,Klarna,current_provider_or_merchant_page,www.klarna.com,https://www.klarna.com/us/shopping/t/141/Clothing-Accessories/,,,,supports_bnpl_present,Compare Clothing & Accessories Prices on Klarna For shoppers For business Discover Klarna Shop App Help Show more Sign in Klarna / Shopping / All categories / Clothing & A,"Current page supports that this provider is presently associated with the merchant, but current listing is not treated as adoption date.",Tier 4,2026-08-09T21:28:28+00:00
M0058,Gap,Klarna,wayback_cdx_provider_directory,Internet Archive CDX,https://www.klarna.com/us/shopping/t/141/Clothing-Accessories/,,https://web.archive.org/web/20220924101952/https://www.klarna.com/us/shopping/t/141/Clothing-Accessories/,2022-09-24,supports_bnpl_present,Provider-specific URL first archived on 2022-09-24: https://www.klarna.com/us/shopping/t/141/Clothing-Accessories/,Provider-directory/listing URL observed in Wayback. Not used as exact adoption date without operational launch evidence.,Tier 4,2026-08-09T21:28:28+00:00
M0058,Gap,Afterpay,current_provider_or_merchant_page,www.afterpay.com,https://www.afterpay.com/en-US/categories/kids,,,,supports_bnpl_present,Kids & Baby on Afterpay - Buy now pay later with Afterpay How Afterpay works All Categories For retailers Get the app Get $15 off No suggestions,"Current page supports that this provider is presently associated with the merchant, but current listing is not treated as adoption date.",Tier 4,2026-08-09T21:28:28+00:00
M0058,Gap,Afterpay,current_provider_or_merchant_page,www.afterpay.com,https://www.afterpay.com/en-US/categories/mens-clothing,,,,supports_bnpl_present,Men's clothing on Afterpay - Buy now pay later with Afterpay How Afterpay works All Categories For retailers Get the app Get $15 off No suggestions,"Current page supports that this provider is presently associated with the merchant, but current listing is not treated as adoption date.",Tier 4,2026-08-09T21:28:28+00:00
M0058,Gap,Afterpay,wayback_cdx_provider_directory,Internet Archive CDX,https://www.afterpay.com/en-US/categories/mens-clothing,,https://web.archive.org/web/20260226210648/https://www.afterpay.com/en-US/categories/mens-clothing,2026-02-26,supports_bnpl_present,Provider-specific URL first archived on 2026-02-26: https://www.afterpay.com/en-US/categories/mens-clothing,Provider-directory/listing URL observed in Wayback. Not used as exact adoption date without operational launch evidence.,Tier 4,2026-08-09T21:28:28+00:00
M0058,Gap,Afterpay,current_provider_or_merchant_page,www.afterpay.com,https://www.afterpay.com/en-US/categories/womens-clothing,,,,supports_bnpl_present,Fashion on Afterpay - Buy now pay later with Afterpay How Afterpay works All Categories For retailers Get the app Get $15 off No suggestions,"Current page supports that this provider is presently associated with the merchant, but current listing is not treated as adoption date.",Tier 4,2026-08-09T21:28:28+00:00
M0058,Gap,Afterpay,wayback_cdx_provider_directory,Internet Archive CDX,https://www.afterpay.com/en-US/categories/womens-clothing,,https://web.archive.org/web/20251127160840/https://www.afterpay.com/en-US/categories/womens-clothing,2025-11-27,supports_bnpl_present,Provider-specific URL first archived on 2025-11-27: https://www.afterpay.com/en-US/categories/womens-clothing,Provider-directory/listing URL observed in Wayback. Not used as exact adoption date without operational launch evidence.,Tier 4,2026-08-09T21:28:28+00:00
M0059,Gap Factory,Afterpay,current_provider_or_merchant_page,www.afterpay.com,https://www.afterpay.com/en-US/categories/kids,,,,supports_bnpl_present,Kids & Baby on Afterpay - Buy now pay later with Afterpay How Afterpay works All Categories For retailers Get the app Get $15 off No suggestions,"Current page supports that this provider is presently associated with the merchant, but current listing is not treated as adoption date.",Tier 4,2026-08-09T21:28:28+00:00
M0059,Gap Factory,Afterpay,current_provider_or_merchant_page,www.afterpay.com,https://www.afterpay.com/en-US/categories/mens-clothing,,,,supports_bnpl_present,Men's clothing on Afterpay - Buy now pay later with Afterpay How Afterpay works All Categories For retailers Get the app Get $15 off No suggestions,"Current page supports that this provider is presently associated with the merchant, but current listing is not treated as adoption date.",Tier 4,2026-08-09T21:28:28+00:00
M0059,Gap Factory,Afterpay,wayback_cdx_provider_directory,Internet Archive CDX,https://www.afterpay.com/en-US/categories/mens-clothing,,https://web.archive.org/web/20260226210648/https://www.afterpay.com/en-US/categories/mens-clothing,2026-02-26,supports_bnpl_present,Provider-specific URL first archived on 2026-02-26: https://www.afterpay.com/en-US/categories/mens-clothing,Provider-directory/listing URL observed in Wayback. Not used as exact adoption date without operational launch evidence.,Tier 4,2026-08-09T21:28:28+00:00
M0059,Gap Factory,Afterpay,current_provider_or_merchant_page,www.afterpay.com,https://www.afterpay.com/en-US/categories/womens-clothing,,,,supports_bnpl_present,Fashion on Afterpay - Buy now pay later with Afterpay How Afterpay works All Categories For retailers Get the app Get $15 off No suggestions,"Current page supports that this provider is presently associated with the merchant, but current listing is not treated as adoption date.",Tier 4,2026-08-09T21:28:28+00:00
M0059,Gap Factory,Afterpay,wayback_cdx_provider_directory,Internet Archive CDX,https://www.afterpay.com/en-US/categories/womens-clothing,,https://web.archive.org/web/20251127160840/https://www.afterpay.com/en-US/categories/womens-clothing,2025-11-27,supports_bnpl_present,Provider-specific URL first archived on 2025-11-27: https://www.afterpay.com/en-US/categories/womens-clothing,Provider-directory/listing URL observed in Wayback. Not used as exact adoption date without operational launch evidence.,Tier 4,2026-08-09T21:28:28+00:00
M0059,Gap Factory,Sezzle,current_provider_or_merchant_page,sezzle.com,https://sezzle.com/shop/mens-clothing/,2026-08-06,,,supports_bnpl_present,Buy Now Pay Later for Men's Clothing with Sezzle Shop Women Activewear Clothing Jewelry & Accessories Shoes Swimwear Men Clothing,"Current page supports that this provider is presently associated with the merchant, but current listing is not treated as adoption date.",Tier 4,2026-08-09T21:28:28+00:00
M0059,Gap Factory,Sezzle,current_provider_or_merchant_page,sezzle.com,https://sezzle.com/shop/womens-clothing/,2026-08-06,,,supports_bnpl_present,Buy Now Pay Later for Women's Clothing with Sezzle Shop Women Activewear Clothing Jewelry & Accessories Shoes Swimwear Men Clothin,"Current page supports that this provider is presently associated with the merchant, but current listing is not treated as adoption date.",Tier 4,2026-08-09T21:28:28+00:00
M0059,Gap Factory,Sezzle,current_provider_or_merchant_page,sezzle.com,https://sezzle.com/shop/womens-jewelry-and-accessories/,2026-08-06,,,supports_bnpl_present,Buy Now Pay Later for Women's Jewelry & Accessories with Sezzle Shop Women Activewear Clothing Jewelry & Accessories Shoes Swimwea,"Current page supports that this provider is presently associated with the merchant, but current listing is not treated as adoption date.",Tier 4,2026-08-09T21:28:28+00:00
M0060,Old Navy,Affirm,current_provider_or_merchant_page,www.affirm.com,https://www.affirm.com/shopping/apparel,2026-08-07,,,supports_bnpl_present,Buy now pay later men's and women's clothing | Affirm We're glad you're here! Would you like to see what Affirm offers in your reg,"Current page supports that this provider is presently associated with the merchant, but current listing is not treated as adoption date.",Tier 4,2026-08-09T21:28:28+00:00
M0060,Old Navy,Klarna,current_provider_or_merchant_page,www.klarna.com,https://www.klarna.com/us/store/835360b7-2eb3-47b7-9332-929cca52ee10/old-navy/pay-with-klarna/,,,,supports_bnpl_present,Buy now pay later at Old Navy - Pay in 4 | Klarna For shoppers For business Discover Klarna Shop App Help Show more Sign in Klarna,"Current page supports that this provider is presently associated with the merchant, but current listing is not treated as adoption date.",Tier 4,2026-08-09T21:28:28+00:00
M0060,Old Navy,Klarna,current_provider_or_merchant_page,www.klarna.com,https://www.klarna.com/us/shopping/t/141/Clothing-Accessories/,,,,supports_bnpl_present,Compare Clothing & Accessories Prices on Klarna For shoppers For business Discover Klarna Shop App Help Show more Sign in Klarna / Shopping / All categories / Clothing & A,"Current page supports that this provider is presently associated with the merchant, but current listing is not treated as adoption date.",Tier 4,2026-08-09T21:28:28+00:00
M0060,Old Navy,Klarna,wayback_cdx_provider_directory,Internet Archive CDX,https://www.klarna.com/us/shopping/t/141/Clothing-Accessories/,,https://web.archive.org/web/20220924101952/https://www.klarna.com/us/shopping/t/141/Clothing-Accessories/,2022-09-24,supports_bnpl_present,Provider-specific URL first archived on 2022-09-24: https://www.klarna.com/us/shopping/t/141/Clothing-Accessories/,Provider-directory/listing URL observed in Wayback. Not used as exact adoption date without operational launch evidence.,Tier 4,2026-08-09T21:28:28+00:00
M0060,Old Navy,Afterpay,current_provider_or_merchant_page,www.afterpay.com,https://www.afterpay.com/en-US/categories/kids,,,,supports_bnpl_present,Kids & Baby on Afterpay - Buy now pay later with Afterpay How Afterpay works All Categories For retailers Get the app Get $15 off No suggestions,"Current page supports that this provider is presently associated with the merchant, but current listing is not treated as adoption date.",Tier 4,2026-08-09T21:28:28+00:00
M0060,Old Navy,Afterpay,current_provider_or_merchant_page,www.afterpay.com,https://www.afterpay.com/en-US/categories/mens-clothing,,,,supports_bnpl_present,Men's clothing on Afterpay - Buy now pay later with Afterpay How Afterpay works All Categories For retailers Get the app Get $15 off No suggestions,"Current page supports that this provider is presently associated with the merchant, but current listing is not treated as adoption date.",Tier 4,2026-08-09T21:28:28+00:00
M0060,Old Navy,Afterpay,wayback_cdx_provider_directory,Internet Archive CDX,https://www.afterpay.com/en-US/categories/mens-clothing,,https://web.archive.org/web/20260226210648/https://www.afterpay.com/en-US/categories/mens-clothing,2026-02-26,supports_bnpl_present,Provider-specific URL first archived on 2026-02-26: https://www.afterpay.com/en-US/categories/mens-clothing,Provider-directory/listing URL observed in Wayback. Not used as exact adoption date without operational launch evidence.,Tier 4,2026-08-09T21:28:28+00:00
M0060,Old Navy,Afterpay,current_provider_or_merchant_page,www.afterpay.com,https://www.afterpay.com/en-US/categories/womens-clothing,,,,supports_bnpl_present,Fashion on Afterpay - Buy now pay later with Afterpay How Afterpay works All Categories For retailers Get the app Get $15 off No suggestions,"Current page supports that this provider is presently associated with the merchant, but current listing is not treated as adoption date.",Tier 4,2026-08-09T21:28:28+00:00
M0060,Old Navy,Afterpay,wayback_cdx_provider_directory,Internet Archive CDX,https://www.afterpay.com/en-US/categories/womens-clothing,,https://web.archive.org/web/20251127160840/https://www.afterpay.com/en-US/categories/womens-clothing,2025-11-27,supports_bnpl_present,Provider-specific URL first archived on 2025-11-27: https://www.afterpay.com/en-US/categories/womens-clothing,Provider-directory/listing URL observed in Wayback. Not used as exact adoption date without operational launch evidence.,Tier 4,2026-08-09T21:28:28+00:00
M0060,Old Navy,Sezzle,current_provider_or_merchant_page,sezzle.com,https://sezzle.com/shop/mens-clothing/,2026-08-06,,,supports_bnpl_present,Buy Now Pay Later for Men's Clothing with Sezzle Shop Women Activewear Clothing Jewelry & Accessories Shoes Swimwear Men Clothing,"Current page supports that this provider is presently associated with the merchant, but current listing is not treated as adoption date.",Tier 4,2026-08-09T21:28:28+00:00
M0060,Old Navy,Sezzle,current_provider_or_merchant_page,sezzle.com,https://sezzle.com/shop/mens-shoes/,2026-08-06,,,supports_bnpl_present,Buy Now Pay Later for Men's Shoes with Sezzle Shop Women Activewear Clothing Jewelry & Accessories Shoes Swimwear Men Clothing Jew,"Current page supports that this provider is presently associated with the merchant, but current listing is not treated as adoption date.",Tier 4,2026-08-09T21:28:28+00:00
M0060,Old Navy,Sezzle,current_provider_or_merchant_page,sezzle.com,https://sezzle.com/shop/womens-activewear/,2026-08-06,,,supports_bnpl_present,Buy Now Pay Later for Women's Activewear with Sezzle Shop Women Activewear Clothing Jewelry & Accessories Shoes Swimwear Men Cloth,"Current page supports that this provider is presently associated with the merchant, but current listing is not treated as adoption date.",Tier 4,2026-08-09T21:28:28+00:00
M0061,GameStop,Klarna,current_provider_or_merchant_page,www.klarna.com,https://www.klarna.com/us/store/1509bbff-1e92-4f60-ae63-178c6032f4eb/gamestop/pay-with-klarna/,,,,supports_bnpl_present,Buy now pay later at GameStop - Pay in 4 | Klarna For shoppers For business Discover Klarna Shop App Help Show more Sign in Klarna,"Current page supports that this provider is presently associated with the merchant, but current listing is not treated as adoption date.",Tier 4,2026-08-09T21:28:28+00:00
M0061,GameStop,Klarna,current_provider_or_merchant_page,www.klarna.com,https://www.klarna.com/us/shopping/t/1/TV-Audio/,,,,supports_bnpl_present,Compare TV & Audio Prices on Klarna For shoppers For business Discover Klarna Shop App Help Show more Sign in Klarna / Shopping / All categories / TV & Audio T,"Current page supports that this provider is presently associated with the merchant, but current listing is not treated as adoption date.",Tier 4,2026-08-09T21:28:28+00:00
M0061,GameStop,Klarna,wayback_cdx_provider_directory,Internet Archive CDX,https://www.klarna.com/us/shopping/t/1/TV-Audio/,,https://web.archive.org/web/20221002221314/https://www.klarna.com/us/shopping/t/1/TV-Audio/,2022-10-02,supports_bnpl_present,Provider-specific URL first archived on 2022-10-02: https://www.klarna.com/us/shopping/t/1/TV-Audio/,Provider-directory/listing URL observed in Wayback. Not used as exact adoption date without operational launch evidence.,Tier 4,2026-08-09T21:28:28+00:00
M0061,GameStop,Klarna,current_provider_or_merchant_page,www.klarna.com,https://www.klarna.com/us/shopping/t/17/Photography/,,,,supports_bnpl_present,Compare Photography Prices on Klarna For shoppers For business Discover Klarna Shop App Help Show more Sign in Klarna / Shopping / All categories / Photography,"Current page supports that this provider is presently associated with the merchant, but current listing is not treated as adoption date.",Tier 4,2026-08-09T21:28:28+00:00
M0061,GameStop,Klarna,wayback_cdx_provider_directory,Internet Archive CDX,https://www.klarna.com/us/shopping/t/17/Photography/,,https://web.archive.org/web/20220924102034/https://www.klarna.com/us/shopping/t/17/Photography/,2022-09-24,supports_bnpl_present,Provider-specific URL first archived on 2022-09-24: https://www.klarna.com/us/shopping/t/17/Photography/,Provider-directory/listing URL observed in Wayback. Not used as exact adoption date without operational launch evidence.,Tier 4,2026-08-09T21:28:28+00:00
M0061,GameStop,Klarna,current_webpage_error,www.gamestop.com,https://www.gamestop.com,,,,inconclusive,<HTTPError 403: 'Forbidden'>,Technical error; not interpreted as evidence of BNPL absence.,technical_log,2026-08-09T21:28:28+00:00
M0061,GameStop,Zip,current_provider_or_merchant_page,zip.co,https://zip.co/us/shop/appliances-electronics,,,,supports_bnpl_present,"Buy Now, Pay Later Electronics | Zip Skip to main content Customers Business For Business How it works Shop stores Shop categories Insights Help Products Solutions","Current page supports that this provider is presently associated with the merchant, but current listing is not treated as adoption date.",Tier 4,2026-08-09T21:28:28+00:00
M0061,GameStop,Zip,current_external_bnpl_page,zip.co,https://zip.co/us/shop/appliances-electronics,,,,supports_bnpl_present,".S. purchases, and certain merchant, product, goods and service restrictions apply. All loans subject to credit approval. © 2026 'Quadpay', 'Zip', the 'Q Logo' and 'Zip' Logos, and all tag lines used in conjunction therewith including 'Any Store Split in 4' an",Current page mentions a BNPL-like provider outside the five-platform sample; timing still requires review.,Tier 2,2026-08-09T21:28:28+00:00
M0061,GameStop,Zip,wayback_cdx_provider_directory,Internet Archive CDX,https://zip.co/us/shop/appliances-electronics,,https://web.archive.org/web/20210921224524/https://zip.co/us/shop/appliances-electronics,2021-09-21,supports_bnpl_present,Provider-specific URL first archived on 2021-09-21: https://zip.co/us/shop/appliances-electronics,Provider-directory/listing URL observed in Wayback. Not used as exact adoption date without operational launch evidence.,Tier 4,2026-08-09T21:28:28+00:00
M0061,GameStop,Zip,current_provider_or_merchant_page,zip.co,https://zip.co/us/shop/shop-all,,,,supports_bnpl_present,"Buy Now, Pay Later Clothing, Shoes, Electronics | Zip Skip to main content Customers Business For Business How it works Shop stores Shop categories Insights Help Products Solutions","Current page supports that this provider is presently associated with the merchant, but current listing is not treated as adoption date.",Tier 4,2026-08-09T21:28:28+00:00
M0061,GameStop,Zip,current_external_bnpl_page,zip.co,https://zip.co/us/shop/shop-all,,,,supports_bnpl_present,".S. purchases, and certain merchant, product, goods and service restrictions apply. All loans subject to credit approval. © 2026 'Quadpay', 'Zip', the 'Q Logo' and 'Zip' Logos, and all tag lines used in conjunction therewith including 'Any Store Split in 4' an",Current page mentions a BNPL-like provider outside the five-platform sample; timing still requires review.,Tier 2,2026-08-09T21:28:28+00:00
M0061,GameStop,Zip,wayback_cdx_provider_directory,Internet Archive CDX,https://zip.co/us/shop/shop-all,,https://web.archive.org/web/20210921002020/https://zip.co/us/shop/shop-all,2021-09-21,supports_bnpl_present,Provider-specific URL first archived on 2021-09-21: https://zip.co/us/shop/shop-all,Provider-directory/listing URL observed in Wayback. Not used as exact adoption date without operational launch evidence.,Tier 4,2026-08-09T21:28:28+00:00
M0061,GameStop,Zip,current_webpage_error,www.gamestop.com,https://www.gamestop.com,,,,inconclusive,<HTTPError 403: 'Forbidden'>,Technical error; not interpreted as evidence of BNPL absence.,technical_log,2026-08-09T21:28:28+00:00
M0062,Canada Goose,Affirm,current_provider_or_merchant_page,www.affirm.com,https://www.affirm.com/shopping/apparel,2026-08-07,,,supports_bnpl_present,Buy now pay later men's and women's clothing | Affirm We're glad you're here! Would you like to see what Affirm offers in your reg,"Current page supports that this provider is presently associated with the merchant, but current listing is not treated as adoption date.",Tier 4,2026-08-09T21:28:28+00:00
M0062,Canada Goose,Affirm,current_webpage_error,www.canadagoose.com,https://www.canadagoose.com,,,,inconclusive,<HTTPError 429: 'Too Many Requests'>,Technical error; not interpreted as evidence of BNPL absence.,technical_log,2026-08-09T21:28:28+00:00
M0062,Canada Goose,Sezzle,current_provider_or_merchant_page,sezzle.com,https://sezzle.com/shop/mens-clothing/,2026-08-06,,,supports_bnpl_present,Buy Now Pay Later for Men's Clothing with Sezzle Shop Women Activewear Clothing Jewelry & Accessories Shoes Swimwear Men Clothing,"Current page supports that this provider is presently associated with the merchant, but current listing is not treated as adoption date.",Tier 4,2026-08-09T21:28:28+00:00
M0062,Canada Goose,Sezzle,current_provider_or_merchant_page,sezzle.com,https://sezzle.com/shop/outdoor/,2026-08-06,,,supports_bnpl_present,Buy Now Pay Later for Outdoors with Sezzle Shop Women Activewear Clothing Jewelry & Accessories Shoes Swimwear Men Clothing Jewelr,"Current page supports that this provider is presently associated with the merchant, but current listing is not treated as adoption date.",Tier 4,2026-08-09T21:28:28+00:00
M0062,Canada Goose,Sezzle,current_provider_or_merchant_page,sezzle.com,https://sezzle.com/shop/womens-clothing/,2026-08-06,,,supports_bnpl_present,Buy Now Pay Later for Women's Clothing with Sezzle Shop Women Activewear Clothing Jewelry & Accessories Shoes Swimwear Men Clothin,"Current page supports that this provider is presently associated with the merchant, but current listing is not treated as adoption date.",Tier 4,2026-08-09T21:28:28+00:00
M0062,Canada Goose,Sezzle,current_webpage_error,www.canadagoose.com,https://www.canadagoose.com,,,,inconclusive,<HTTPError 429: 'Too Many Requests'>,Technical error; not interpreted as evidence of BNPL absence.,technical_log,2026-08-09T21:28:28+00:00
M0063,Georgia Power Company,Zip,current_provider_or_merchant_page,zip.co,https://zip.co/us/shop/bills,,,,supports_bnpl_present,Pay your Bills with Zip in easy installments | Zip Skip to main content Customers Business For Business How it works Shop stores Shop categories Insig,"Current page supports that this provider is presently associated with the merchant, but current listing is not treated as adoption date.",Tier 4,2026-08-09T21:28:28+00:00
M0063,Georgia Power Company,Zip,current_external_bnpl_page,zip.co,https://zip.co/us/shop/bills,,,,supports_bnpl_present,".S. purchases, and certain merchant, product, goods and service restrictions apply. All loans subject to credit approval. © 2026 'Quadpay', 'Zip', the 'Q Logo' and 'Zip' Logos, and all tag lines used in conjunction therewith including 'Any Store Split in 4' an",Current page mentions a BNPL-like provider outside the five-platform sample; timing still requires review.,Tier 2,2026-08-09T21:28:28+00:00
M0063,Georgia Power Company,Zip,wayback_cdx_provider_directory,Internet Archive CDX,https://zip.co/us/shop/bills,,https://web.archive.org/web/20211109131115/https://zip.co/us/shop/bills,2021-11-09,supports_bnpl_present,Provider-specific URL first archived on 2021-11-09: https://zip.co/us/shop/bills,Provider-directory/listing URL observed in Wayback. Not used as exact adoption date without operational launch evidence.,Tier 4,2026-08-09T21:28:28+00:00
M0064,GoPro,Klarna,current_provider_or_merchant_page,www.klarna.com,https://www.klarna.com/us/store/5e42fd48-2930-42e4-a7de-a1fda33813e3/gopro/pay-with-klarna/,,,,supports_bnpl_present,Buy now pay later at GoPro - Pay in 4 | Klarna For shoppers For business Discover Klarna Shop App Help Show more Sign in Klarna ∕,"Current page supports that this provider is presently associated with the merchant, but current listing is not treated as adoption date.",Tier 4,2026-08-09T21:28:28+00:00
M0064,GoPro,Klarna,current_provider_or_merchant_page,www.klarna.com,https://www.klarna.com/us/shopping/t/1/TV-Audio/,,,,supports_bnpl_present,Compare TV & Audio Prices on Klarna For shoppers For business Discover Klarna Shop App Help Show more Sign in Klarna / Shopping / All categories / TV & Audio T,"Current page supports that this provider is presently associated with the merchant, but current listing is not treated as adoption date.",Tier 4,2026-08-09T21:28:28+00:00
M0064,GoPro,Klarna,wayback_cdx_provider_directory,Internet Archive CDX,https://www.klarna.com/us/shopping/t/1/TV-Audio/,,https://web.archive.org/web/20221002221314/https://www.klarna.com/us/shopping/t/1/TV-Audio/,2022-10-02,supports_bnpl_present,Provider-specific URL first archived on 2022-10-02: https://www.klarna.com/us/shopping/t/1/TV-Audio/,Provider-directory/listing URL observed in Wayback. Not used as exact adoption date without operational launch evidence.,Tier 4,2026-08-09T21:28:28+00:00
M0064,GoPro,Klarna,current_provider_or_merchant_page,www.klarna.com,https://www.klarna.com/us/shopping/t/17/Photography/,,,,supports_bnpl_present,Compare Photography Prices on Klarna For shoppers For business Discover Klarna Shop App Help Show more Sign in Klarna / Shopping / All categories / Photography,"Current page supports that this provider is presently associated with the merchant, but current listing is not treated as adoption date.",Tier 4,2026-08-09T21:28:28+00:00
M0064,GoPro,Klarna,wayback_cdx_provider_directory,Internet Archive CDX,https://www.klarna.com/us/shopping/t/17/Photography/,,https://web.archive.org/web/20220924102034/https://www.klarna.com/us/shopping/t/17/Photography/,2022-09-24,supports_bnpl_present,Provider-specific URL first archived on 2022-09-24: https://www.klarna.com/us/shopping/t/17/Photography/,Provider-directory/listing URL observed in Wayback. Not used as exact adoption date without operational launch evidence.,Tier 4,2026-08-09T21:28:28+00:00
M0065,Garmin,Klarna,current_provider_or_merchant_page,www.klarna.com,https://www.klarna.com/us/store/70f0b0a0-3431-4015-9ccb-fbf09eb3c2ad/garmin/pay-with-klarna/,,,,supports_bnpl_present,Buy now pay later at Garmin - Pay in 4 | Klarna For shoppers For business Discover Klarna Shop App Help Show more Sign in Klarna ∕,"Current page supports that this provider is presently associated with the merchant, but current listing is not treated as adoption date.",Tier 4,2026-08-09T21:28:28+00:00
M0065,Garmin,Klarna,current_provider_or_merchant_page,www.klarna.com,https://www.klarna.com/us/shopping/t/1/TV-Audio/,,,,supports_bnpl_present,Compare TV & Audio Prices on Klarna For shoppers For business Discover Klarna Shop App Help Show more Sign in Klarna / Shopping / All categories / TV & Audio T,"Current page supports that this provider is presently associated with the merchant, but current listing is not treated as adoption date.",Tier 4,2026-08-09T21:28:28+00:00
M0065,Garmin,Klarna,wayback_cdx_provider_directory,Internet Archive CDX,https://www.klarna.com/us/shopping/t/1/TV-Audio/,,https://web.archive.org/web/20221002221314/https://www.klarna.com/us/shopping/t/1/TV-Audio/,2022-10-02,supports_bnpl_present,Provider-specific URL first archived on 2022-10-02: https://www.klarna.com/us/shopping/t/1/TV-Audio/,Provider-directory/listing URL observed in Wayback. Not used as exact adoption date without operational launch evidence.,Tier 4,2026-08-09T21:28:28+00:00
M0065,Garmin,Klarna,current_provider_or_merchant_page,www.klarna.com,https://www.klarna.com/us/shopping/t/17/Photography/,,,,supports_bnpl_present,Compare Photography Prices on Klarna For shoppers For business Discover Klarna Shop App Help Show more Sign in Klarna / Shopping / All categories / Photography,"Current page supports that this provider is presently associated with the merchant, but current listing is not treated as adoption date.",Tier 4,2026-08-09T21:28:28+00:00
M0065,Garmin,Klarna,wayback_cdx_provider_directory,Internet Archive CDX,https://www.klarna.com/us/shopping/t/17/Photography/,,https://web.archive.org/web/20220924102034/https://www.klarna.com/us/shopping/t/17/Photography/,2022-09-24,supports_bnpl_present,Provider-specific URL first archived on 2022-09-24: https://www.klarna.com/us/shopping/t/17/Photography/,Provider-directory/listing URL observed in Wayback. Not used as exact adoption date without operational launch evidence.,Tier 4,2026-08-09T21:28:28+00:00
M0066,Groupon,Affirm,current_provider_or_merchant_page,www.affirm.com,https://www.affirm.com/shopping/events-experiences,2026-08-07,,,supports_bnpl_present,"Buy now pay later event tickets, experiences, and more | Affirm We're glad you're here! Would you like to see what Affirm offers i","Current page supports that this provider is presently associated with the merchant, but current listing is not treated as adoption date.",Tier 4,2026-08-09T21:28:28+00:00
M0066,Groupon,Klarna,current_provider_or_merchant_page,www.klarna.com,https://www.klarna.com/us/store/9f090c89-5a0b-459f-91f0-51c14d21ade2/groupon/pay-with-klarna/,,,,supports_bnpl_present,Buy now pay later at Groupon - Pay in 4 | Klarna For shoppers For business Discover Klarna Shop App Help Show more Sign in Klarna,"Current page supports that this provider is presently associated with the merchant, but current listing is not treated as adoption date.",Tier 4,2026-08-09T21:28:28+00:00
M0066,Groupon,Klarna,current_provider_or_merchant_page,www.klarna.com,https://www.klarna.com/us/shopping/t/1493/Toys-Hobbies/,,,,supports_bnpl_present,Compare Toys & Hobbies Prices on Klarna For shoppers For business Discover Klarna Shop App Help Show more Sign in Klarna / Shopping / All categories / Toys & Hobbi,"Current page supports that this provider is presently associated with the merchant, but current listing is not treated as adoption date.",Tier 4,2026-08-09T21:28:28+00:00
M0066,Groupon,Klarna,wayback_cdx_provider_directory,Internet Archive CDX,https://www.klarna.com/us/shopping/t/1493/Toys-Hobbies/,,https://web.archive.org/web/20220924101958/https://www.klarna.com/us/shopping/t/1493/Toys-Hobbies/,2022-09-24,supports_bnpl_present,Provider-specific URL first archived on 2022-09-24: https://www.klarna.com/us/shopping/t/1493/Toys-Hobbies/,Provider-directory/listing URL observed in Wayback. Not used as exact adoption date without operational launch evidence.,Tier 4,2026-08-09T21:28:28+00:00
M0066,Groupon,Klarna,current_provider_or_merchant_page,www.klarna.com,https://www.klarna.com/us/shopping/t/35/Kids-Family/,,,,supports_bnpl_present,Compare Kids & Family Prices on Klarna For shoppers For business Discover Klarna Shop App Help Show more Sign in Klarna / Shopping / All categories / Kids & Famil,"Current page supports that this provider is presently associated with the merchant, but current listing is not treated as adoption date.",Tier 4,2026-08-09T21:28:28+00:00
M0066,Groupon,Klarna,wayback_cdx_provider_directory,Internet Archive CDX,https://www.klarna.com/us/shopping/t/35/Kids-Family/,,https://web.archive.org/web/20220924102041/https://www.klarna.com/us/shopping/t/35/Kids-Family/,2022-09-24,supports_bnpl_present,Provider-specific URL first archived on 2022-09-24: https://www.klarna.com/us/shopping/t/35/Kids-Family/,Provider-directory/listing URL observed in Wayback. Not used as exact adoption date without operational launch evidence.,Tier 4,2026-08-09T21:28:28+00:00
M0067,Goodyear Tire,Affirm,current_provider_or_merchant_page,www.affirm.com,https://www.affirm.com/shopping/auto,2026-08-07,,,supports_bnpl_present,"Buy now pay later auto parts, tires, car audio | Affirm We're glad you're here! Would you like to see what Affirm offers in your r","Current page supports that this provider is presently associated with the merchant, but current listing is not treated as adoption date.",Tier 4,2026-08-09T21:28:28+00:00
M0068,The Home Depot,Affirm,current_provider_or_merchant_page,www.affirm.com,https://www.affirm.com/shopping/home-and-furniture,2026-08-07,,,supports_bnpl_present,Furniture & mattress financing - buy now pay later | Affirm We're glad you're here! Would you like to see what Affirm offers in your region? Go to the page Stay he,"Current page supports that this provider is presently associated with the merchant, but current listing is not treated as adoption date.",Tier 4,2026-08-09T21:28:28+00:00
M0068,The Home Depot,Affirm,wayback_cdx_provider_directory,Internet Archive CDX,https://www.affirm.com/shopping/home-and-furniture,,https://web.archive.org/web/20201129073945/https://www.affirm.com/shopping/home-and-furniture,2020-11-29,supports_bnpl_present,Provider-specific URL first archived on 2020-11-29: https://www.affirm.com/shopping/home-and-furniture,Provider-directory/listing URL observed in Wayback. Not used as exact adoption date without operational launch evidence.,Tier 4,2026-08-09T21:28:28+00:00
M0068,The Home Depot,Affirm,current_webpage_error,www.homedepot.com,https://www.homedepot.com,,,,inconclusive,<HTTPError 403: 'Forbidden'>,Technical error; not interpreted as evidence of BNPL absence.,technical_log,2026-08-09T21:28:28+00:00
M0068,The Home Depot,Klarna,current_provider_or_merchant_page,www.klarna.com,https://www.klarna.com/us/store/513328ec-cf54-44fc-9a14-2dd05d6f106a/the-home-depot/pay-with-klarna/,,,,supports_bnpl_present,Buy now pay later at The Home Depot - Pay in 4 | Klarna For shoppers For business Discover Klarna Shop App Help Show more Sign in,"Current page supports that this provider is presently associated with the merchant, but current listing is not treated as adoption date.",Tier 4,2026-08-09T21:28:28+00:00
M0068,The Home Depot,Klarna,current_provider_or_merchant_page,www.klarna.com,https://www.klarna.com/us/shopping/t/14/Kitchen-Appliances/,,,,supports_bnpl_present,Compare Kitchen Appliances Prices on Klarna For shoppers For business Discover Klarna Shop App Help Show more Sign in Klarna / Shopping / All categories / Home & Appli,"Current page supports that this provider is presently associated with the merchant, but current listing is not treated as adoption date.",Tier 4,2026-08-09T21:28:28+00:00
M0068,The Home Depot,Klarna,current_provider_or_merchant_page,www.klarna.com,https://www.klarna.com/us/shopping/t/1424/Garden-Patio/,,,,supports_bnpl_present,Compare Garden & Patio Prices on Klarna For shoppers For business Discover Klarna Shop App Help Show more Sign in Klarna / Shopping / All categories / Garden & Pat,"Current page supports that this provider is presently associated with the merchant, but current listing is not treated as adoption date.",Tier 4,2026-08-09T21:28:28+00:00
M0068,The Home Depot,Klarna,current_webpage_error,www.homedepot.com,https://www.homedepot.com,,,,inconclusive,<HTTPError 403: 'Forbidden'>,Technical error; not interpreted as evidence of BNPL absence.,technical_log,2026-08-09T21:28:28+00:00
M0068,The Home Depot,Zip,current_provider_or_merchant_page,zip.co,https://zip.co/us/shop/home-furniture,,,,supports_bnpl_present,"Buy Now, Pay Later Furniture | Zip Skip to main content Customers Business For Business How it works Shop stores Shop categories Insights Help Products Solutions","Current page supports that this provider is presently associated with the merchant, but current listing is not treated as adoption date.",Tier 4,2026-08-09T21:28:28+00:00
M0068,The Home Depot,Zip,current_external_bnpl_page,zip.co,https://zip.co/us/shop/home-furniture,,,,supports_bnpl_present,".S. purchases, and certain merchant, product, goods and service restrictions apply. All loans subject to credit approval. © 2026 'Quadpay', 'Zip', the 'Q Logo' and 'Zip' Logos, and all tag lines used in conjunction therewith including 'Any Store Split in 4' an",Current page mentions a BNPL-like provider outside the five-platform sample; timing still requires review.,Tier 2,2026-08-09T21:28:28+00:00
M0068,The Home Depot,Zip,current_webpage_error,www.homedepot.com,https://www.homedepot.com,,,,inconclusive,<HTTPError 403: 'Forbidden'>,Technical error; not interpreted as evidence of BNPL absence.,technical_log,2026-08-09T21:28:28+00:00
M0068,The Home Depot,Sezzle,current_provider_or_merchant_page,sezzle.com,https://sezzle.com/shop/bed-and-bath/,2026-08-06,,,supports_bnpl_present,Buy Now Pay Later for Bed & Bath with Sezzle Shop Women Activewear Clothing Jewelry & Accessories Shoes Swimwear Men Clothing Jewe,"Current page supports that this provider is presently associated with the merchant, but current listing is not treated as adoption date.",Tier 4,2026-08-09T21:28:28+00:00
M0068,The Home Depot,Sezzle,current_provider_or_merchant_page,sezzle.com,https://sezzle.com/shop/furniture-and-decor/,2026-08-06,,,supports_bnpl_present,Buy Now Pay Later for Furniture & Decor with Sezzle Shop Women Activewear Clothing Jewelry & Accessories Shoes Swimwear Men Clothi,"Current page supports that this provider is presently associated with the merchant, but current listing is not treated as adoption date.",Tier 4,2026-08-09T21:28:28+00:00
M0068,The Home Depot,Sezzle,current_provider_or_merchant_page,sezzle.com,https://sezzle.com/shop/outdoor-and-seasonal/,2026-08-06,,,supports_bnpl_present,Buy Now Pay Later for Outdoor & Seasonal with Sezzle Shop Women Activewear Clothing Jewelry & Accessories Shoes Swimwear Men Cloth,"Current page supports that this provider is presently associated with the merchant, but current listing is not treated as adoption date.",Tier 4,2026-08-09T21:28:28+00:00
M0068,The Home Depot,Sezzle,current_webpage_error,www.homedepot.com,https://www.homedepot.com,,,,inconclusive,<HTTPError 403: 'Forbidden'>,Technical error; not interpreted as evidence of BNPL absence.,technical_log,2026-08-09T21:28:28+00:00
M0069,Harley-Davidson,Klarna,current_provider_or_merchant_page,www.klarna.com,https://www.klarna.com/us/store/cf3e2eff-b396-4098-88bf-890f5be11aba/harley-davidson/pay-with-klarna/,,,,supports_bnpl_present,Buy now pay later at Harley-Davidson - Pay in 4 | Klarna For shoppers For business Discover Klarna Shop App Help Show more Sign in,"Current page supports that this provider is presently associated with the merchant, but current listing is not treated as adoption date.",Tier 4,2026-08-09T21:28:28+00:00
M0069,Harley-Davidson,Klarna,current_provider_or_merchant_page,www.klarna.com,https://www.klarna.com/us/shopping/t/27/Sports-Outdoor/,,,,supports_bnpl_present,Compare Sports & Outdoor Prices on Klarna For shoppers For business Discover Klarna Shop App Help Show more Sign in Klarna / Shopping / All categories / Sports & Out,"Current page supports that this provider is presently associated with the merchant, but current listing is not treated as adoption date.",Tier 4,2026-08-09T21:28:28+00:00
M0070,HP,Klarna,current_provider_or_merchant_page,www.klarna.com,https://www.klarna.com/us/store/2e67efdc-d9da-4bdd-af35-68ab1bef55a2/hp/pay-with-klarna/,,,,supports_bnpl_present,Buy now pay later at HP - Pay in 4 | Klarna For shoppers For business Discover Klarna Shop App Help Show more Sign in Klarna ∕ Sto,"Current page supports that this provider is presently associated with the merchant, but current listing is not treated as adoption date.",Tier 4,2026-08-09T21:28:28+00:00
M0070,HP,Klarna,current_provider_or_merchant_page,www.klarna.com,https://www.klarna.com/us/shopping/t/1/TV-Audio/,,,,supports_bnpl_present,Compare TV & Audio Prices on Klarna For shoppers For business Discover Klarna Shop App Help Show more Sign in Klarna / Shopping / All categories / TV & Audio T,"Current page supports that this provider is presently associated with the merchant, but current listing is not treated as adoption date.",Tier 4,2026-08-09T21:28:28+00:00
M0070,HP,Klarna,wayback_cdx_provider_directory,Internet Archive CDX,https://www.klarna.com/us/shopping/t/1/TV-Audio/,,https://web.archive.org/web/20221002221314/https://www.klarna.com/us/shopping/t/1/TV-Audio/,2022-10-02,supports_bnpl_present,Provider-specific URL first archived on 2022-10-02: https://www.klarna.com/us/shopping/t/1/TV-Audio/,Provider-directory/listing URL observed in Wayback. Not used as exact adoption date without operational launch evidence.,Tier 4,2026-08-09T21:28:28+00:00
M0070,HP,Klarna,current_provider_or_merchant_page,www.klarna.com,https://www.klarna.com/us/shopping/t/17/Photography/,,,,supports_bnpl_present,Compare Photography Prices on Klarna For shoppers For business Discover Klarna Shop App Help Show more Sign in Klarna / Shopping / All categories / Photography,"Current page supports that this provider is presently associated with the merchant, but current listing is not treated as adoption date.",Tier 4,2026-08-09T21:28:28+00:00
M0070,HP,Klarna,wayback_cdx_provider_directory,Internet Archive CDX,https://www.klarna.com/us/shopping/t/17/Photography/,,https://web.archive.org/web/20220924102034/https://www.klarna.com/us/shopping/t/17/Photography/,2022-09-24,supports_bnpl_present,Provider-specific URL first archived on 2022-09-24: https://www.klarna.com/us/shopping/t/17/Photography/,Provider-directory/listing URL observed in Wayback. Not used as exact adoption date without operational launch evidence.,Tier 4,2026-08-09T21:28:28+00:00
M0070,HP,Sezzle,current_provider_or_merchant_page,sezzle.com,https://sezzle.com/shop/toys-and-games/,2026-08-06,,,supports_bnpl_present,Buy Now Pay Later for Toys & Games with Sezzle Shop Women Activewear Clothing Jewelry & Accessories Shoes Swimwear Men Clothing Je,"Current page supports that this provider is presently associated with the merchant, but current listing is not treated as adoption date.",Tier 4,2026-08-09T21:28:28+00:00
M0071,Invitation Homes,Zip,current_provider_or_merchant_page,zip.co,https://zip.co/us/shop/bills,,,,supports_bnpl_present,Pay your Bills with Zip in easy installments | Zip Skip to main content Customers Business For Business How it works Shop stores Shop categories Insig,"Current page supports that this provider is presently associated with the merchant, but current listing is not treated as adoption date.",Tier 4,2026-08-09T21:28:28+00:00
M0071,Invitation Homes,Zip,current_external_bnpl_page,zip.co,https://zip.co/us/shop/bills,,,,supports_bnpl_present,".S. purchases, and certain merchant, product, goods and service restrictions apply. All loans subject to credit approval. © 2026 'Quadpay', 'Zip', the 'Q Logo' and 'Zip' Logos, and all tag lines used in conjunction therewith including 'Any Store Split in 4' an",Current page mentions a BNPL-like provider outside the five-platform sample; timing still requires review.,Tier 2,2026-08-09T21:28:28+00:00
M0071,Invitation Homes,Zip,wayback_cdx_provider_directory,Internet Archive CDX,https://zip.co/us/shop/bills,,https://web.archive.org/web/20211109131115/https://zip.co/us/shop/bills,2021-11-09,supports_bnpl_present,Provider-specific URL first archived on 2021-11-09: https://zip.co/us/shop/bills,Provider-directory/listing URL observed in Wayback. Not used as exact adoption date without operational launch evidence.,Tier 4,2026-08-09T21:28:28+00:00
M0071,Invitation Homes,Zip,current_provider_or_merchant_page,www.invitationhomes.com,https://www.invitationhomes.com,,,,supports_bnpl_present,"to application Help Center Contact Us Login / Sign up Pay Rent Maintenance Live freer. Lease a house. Search by city, street, or zip code* A lease that comes with more More value Updated homes Smart Home technology High-speed internet and streaming apps More","Current page supports that this provider is presently associated with the merchant, but current listing is not treated as adoption date.",Tier 1,2026-08-09T21:28:28+00:00
M0072,J. Jill,Klarna,current_provider_or_merchant_page,www.klarna.com,https://www.klarna.com/us/store/b439e8ca-4499-4851-a191-ab2f61e439a3/j.-jill/pay-with-klarna/,,,,supports_bnpl_present,Buy now pay later at J. Jill - Pay in 4 | Klarna For shoppers For business Discover Klarna Shop App Help Show more Sign in Klarna,"Current page supports that this provider is presently associated with the merchant, but current listing is not treated as adoption date.",Tier 4,2026-08-09T21:28:28+00:00
M0072,J. Jill,Klarna,current_provider_or_merchant_page,www.klarna.com,https://www.klarna.com/us/shopping/t/141/Clothing-Accessories/,,,,supports_bnpl_present,Compare Clothing & Accessories Prices on Klarna For shoppers For business Discover Klarna Shop App Help Show more Sign in Klarna / Shopping / All categories / Clothing & A,"Current page supports that this provider is presently associated with the merchant, but current listing is not treated as adoption date.",Tier 4,2026-08-09T21:28:28+00:00
M0072,J. Jill,Klarna,wayback_cdx_provider_directory,Internet Archive CDX,https://www.klarna.com/us/shopping/t/141/Clothing-Accessories/,,https://web.archive.org/web/20220924101952/https://www.klarna.com/us/shopping/t/141/Clothing-Accessories/,2022-09-24,supports_bnpl_present,Provider-specific URL first archived on 2022-09-24: https://www.klarna.com/us/shopping/t/141/Clothing-Accessories/,Provider-directory/listing URL observed in Wayback. Not used as exact adoption date without operational launch evidence.,Tier 4,2026-08-09T21:28:28+00:00
M0073,Kohl's,Affirm,current_provider_or_merchant_page,www.affirm.com,https://www.affirm.com/shopping/accessories,2026-08-07,,,supports_bnpl_present,Financing jewelry and watches - buy now pay later accessories | Affirm We're glad you're here! Would you like to see what Affirm offers in your region? Go to the,"Current page supports that this provider is presently associated with the merchant, but current listing is not treated as adoption date.",Tier 4,2026-08-09T21:28:28+00:00
M0073,Kohl's,Affirm,current_provider_or_merchant_page,www.affirm.com,https://www.affirm.com/shopping/apparel,2026-08-07,,,supports_bnpl_present,Buy now pay later men's and women's clothing | Affirm We're glad you're here! Would you like to see what Affirm offers in your reg,"Current page supports that this provider is presently associated with the merchant, but current listing is not treated as adoption date.",Tier 4,2026-08-09T21:28:28+00:00
M0073,Kohl's,Affirm,current_webpage_error,kohls.com,https://kohls.com,,,,inconclusive,<HTTPError 403: 'Forbidden'>,Technical error; not interpreted as evidence of BNPL absence.,technical_log,2026-08-09T21:28:28+00:00
M0073,Kohl's,Klarna,current_provider_or_merchant_page,www.klarna.com,https://www.klarna.com/us/store/be117bcf-b3e9-456b-8c5d-7ebe76e7ea8e/kohl-s/pay-with-klarna/,,,,supports_bnpl_present,Buy now pay later at Kohl's - Pay in 4 | Klarna For shoppers For business Discover Klarna Shop App Help Show more Sign in Klarna ∕,"Current page supports that this provider is presently associated with the merchant, but current listing is not treated as adoption date.",Tier 4,2026-08-09T21:28:28+00:00
M0073,Kohl's,Klarna,current_provider_or_merchant_page,www.klarna.com,https://www.klarna.com/us/shopping/t/14/Kitchen-Appliances/,,,,supports_bnpl_present,Compare Kitchen Appliances Prices on Klarna For shoppers For business Discover Klarna Shop App Help Show more Sign in Klarna / Shopping / All categories / Home & Appli,"Current page supports that this provider is presently associated with the merchant, but current listing is not treated as adoption date.",Tier 4,2026-08-09T21:28:28+00:00
M0073,Kohl's,Klarna,current_provider_or_merchant_page,www.klarna.com,https://www.klarna.com/us/shopping/t/1424/Garden-Patio/,,,,supports_bnpl_present,Compare Garden & Patio Prices on Klarna For shoppers For business Discover Klarna Shop App Help Show more Sign in Klarna / Shopping / All categories / Garden & Pat,"Current page supports that this provider is presently associated with the merchant, but current listing is not treated as adoption date.",Tier 4,2026-08-09T21:28:28+00:00
M0073,Kohl's,Klarna,current_webpage_error,kohls.com,https://kohls.com,,,,inconclusive,<HTTPError 403: 'Forbidden'>,Technical error; not interpreted as evidence of BNPL absence.,technical_log,2026-08-09T21:28:28+00:00
M0073,Kohl's,Zip,current_provider_or_merchant_page,zip.co,https://zip.co/us/shop/home-furniture,,,,supports_bnpl_present,"Buy Now, Pay Later Furniture | Zip Skip to main content Customers Business For Business How it works Shop stores Shop categories Insights Help Products Solutions","Current page supports that this provider is presently associated with the merchant, but current listing is not treated as adoption date.",Tier 4,2026-08-09T21:28:28+00:00
M0073,Kohl's,Zip,current_external_bnpl_page,zip.co,https://zip.co/us/shop/home-furniture,,,,supports_bnpl_present,".S. purchases, and certain merchant, product, goods and service restrictions apply. All loans subject to credit approval. © 2026 'Quadpay', 'Zip', the 'Q Logo' and 'Zip' Logos, and all tag lines used in conjunction therewith including 'Any Store Split in 4' an",Current page mentions a BNPL-like provider outside the five-platform sample; timing still requires review.,Tier 2,2026-08-09T21:28:28+00:00
M0073,Kohl's,Zip,current_provider_or_merchant_page,zip.co,https://zip.co/us/shop/jewelry-accessories,,,,supports_bnpl_present,"Buy Now, Pay Later Jewelry | Zip Skip to main content Customers Business For Business How it works Shop stores Shop categories Insights Help Products Solutions","Current page supports that this provider is presently associated with the merchant, but current listing is not treated as adoption date.",Tier 4,2026-08-09T21:28:28+00:00
M0073,Kohl's,Zip,current_external_bnpl_page,zip.co,https://zip.co/us/shop/jewelry-accessories,,,,supports_bnpl_present,".S. purchases, and certain merchant, product, goods and service restrictions apply. All loans subject to credit approval. © 2026 'Quadpay', 'Zip', the 'Q Logo' and 'Zip' Logos, and all tag lines used in conjunction therewith including 'Any Store Split in 4' an",Current page mentions a BNPL-like provider outside the five-platform sample; timing still requires review.,Tier 2,2026-08-09T21:28:28+00:00
M0073,Kohl's,Zip,current_webpage_error,kohls.com,https://kohls.com,,,,inconclusive,<HTTPError 403: 'Forbidden'>,Technical error; not interpreted as evidence of BNPL absence.,technical_log,2026-08-09T21:28:28+00:00
M0073,Kohl's,Sezzle,current_provider_or_merchant_page,sezzle.com,https://sezzle.com/shop/bed-and-bath/,2026-08-06,,,supports_bnpl_present,Buy Now Pay Later for Bed & Bath with Sezzle Shop Women Activewear Clothing Jewelry & Accessories Shoes Swimwear Men Clothing Jewe,"Current page supports that this provider is presently associated with the merchant, but current listing is not treated as adoption date.",Tier 4,2026-08-09T21:28:28+00:00
M0073,Kohl's,Sezzle,current_provider_or_merchant_page,sezzle.com,https://sezzle.com/shop/furniture-and-decor/,2026-08-06,,,supports_bnpl_present,Buy Now Pay Later for Furniture & Decor with Sezzle Shop Women Activewear Clothing Jewelry & Accessories Shoes Swimwear Men Clothi,"Current page supports that this provider is presently associated with the merchant, but current listing is not treated as adoption date.",Tier 4,2026-08-09T21:28:28+00:00
M0073,Kohl's,Sezzle,current_provider_or_merchant_page,sezzle.com,https://sezzle.com/shop/mens-clothing/,2026-08-06,,,supports_bnpl_present,Buy Now Pay Later for Men's Clothing with Sezzle Shop Women Activewear Clothing Jewelry & Accessories Shoes Swimwear Men Clothing,"Current page supports that this provider is presently associated with the merchant, but current listing is not treated as adoption date.",Tier 4,2026-08-09T21:28:28+00:00
M0073,Kohl's,Sezzle,current_webpage_error,kohls.com,https://kohls.com,,,,inconclusive,<HTTPError 403: 'Forbidden'>,Technical error; not interpreted as evidence of BNPL absence.,technical_log,2026-08-09T21:28:28+00:00
M0074,Lands' End,Klarna,current_provider_or_merchant_page,www.klarna.com,https://www.klarna.com/us/store/eb0478ed-8ceb-4e30-b7a1-8b00db9886b6/lands-end/pay-with-klarna/,,,,supports_bnpl_present,Buy now pay later at Lands' End - Pay in 4 | Klarna For shoppers For business Discover Klarna Shop App Help Show more Sign in Klar,"Current page supports that this provider is presently associated with the merchant, but current listing is not treated as adoption date.",Tier 4,2026-08-09T21:28:28+00:00
M0074,Lands' End,Klarna,current_provider_or_merchant_page,www.klarna.com,https://www.klarna.com/us/shopping/t/141/Clothing-Accessories/,,,,supports_bnpl_present,Compare Clothing & Accessories Prices on Klarna For shoppers For business Discover Klarna Shop App Help Show more Sign in Klarna / Shopping / All categories / Clothing & A,"Current page supports that this provider is presently associated with the merchant, but current listing is not treated as adoption date.",Tier 4,2026-08-09T21:28:28+00:00
M0074,Lands' End,Klarna,wayback_cdx_provider_directory,Internet Archive CDX,https://www.klarna.com/us/shopping/t/141/Clothing-Accessories/,,https://web.archive.org/web/20220924101952/https://www.klarna.com/us/shopping/t/141/Clothing-Accessories/,2022-09-24,supports_bnpl_present,Provider-specific URL first archived on 2022-09-24: https://www.klarna.com/us/shopping/t/141/Clothing-Accessories/,Provider-directory/listing URL observed in Wayback. Not used as exact adoption date without operational launch evidence.,Tier 4,2026-08-09T21:28:28+00:00
M0074,Lands' End,Sezzle,current_provider_or_merchant_page,sezzle.com,https://sezzle.com/shop/bed-and-bath/,2026-08-06,,,supports_bnpl_present,Buy Now Pay Later for Bed & Bath with Sezzle Shop Women Activewear Clothing Jewelry & Accessories Shoes Swimwear Men Clothing Jewe,"Current page supports that this provider is presently associated with the merchant, but current listing is not treated as adoption date.",Tier 4,2026-08-09T21:28:28+00:00
M0074,Lands' End,Sezzle,current_provider_or_merchant_page,sezzle.com,https://sezzle.com/shop/mens-clothing/,2026-08-06,,,supports_bnpl_present,Buy Now Pay Later for Men's Clothing with Sezzle Shop Women Activewear Clothing Jewelry & Accessories Shoes Swimwear Men Clothing,"Current page supports that this provider is presently associated with the merchant, but current listing is not treated as adoption date.",Tier 4,2026-08-09T21:28:28+00:00
M0074,Lands' End,Sezzle,current_provider_or_merchant_page,sezzle.com,https://sezzle.com/shop/mens-shoes/,2026-08-06,,,supports_bnpl_present,Buy Now Pay Later for Men's Shoes with Sezzle Shop Women Activewear Clothing Jewelry & Accessories Shoes Swimwear Men Clothing Jew,"Current page supports that this provider is presently associated with the merchant, but current listing is not treated as adoption date.",Tier 4,2026-08-09T21:28:28+00:00
M0075,Light in the box,Klarna,current_provider_or_merchant_page,www.klarna.com,https://www.klarna.com/us/store/508730b3-11be-478d-82bd-526c8642ea32/lightinthebox/pay-with-klarna/,,,,supports_bnpl_present,Buy now pay later at Lightinthebox - Pay in 4 | Klarna For shoppers For business Discover Klarna Shop App Help Show more Sign in K,"Current page supports that this provider is presently associated with the merchant, but current listing is not treated as adoption date.",Tier 4,2026-08-09T21:28:28+00:00
M0075,Light in the box,Klarna,current_provider_or_merchant_page,www.klarna.com,https://www.klarna.com/us/shopping/t/1493/Toys-Hobbies/,,,,supports_bnpl_present,Compare Toys & Hobbies Prices on Klarna For shoppers For business Discover Klarna Shop App Help Show more Sign in Klarna / Shopping / All categories / Toys & Hobbi,"Current page supports that this provider is presently associated with the merchant, but current listing is not treated as adoption date.",Tier 4,2026-08-09T21:28:28+00:00
M0075,Light in the box,Klarna,wayback_cdx_provider_directory,Internet Archive CDX,https://www.klarna.com/us/shopping/t/1493/Toys-Hobbies/,,https://web.archive.org/web/20220924101958/https://www.klarna.com/us/shopping/t/1493/Toys-Hobbies/,2022-09-24,supports_bnpl_present,Provider-specific URL first archived on 2022-09-24: https://www.klarna.com/us/shopping/t/1493/Toys-Hobbies/,Provider-directory/listing URL observed in Wayback. Not used as exact adoption date without operational launch evidence.,Tier 4,2026-08-09T21:28:28+00:00
M0075,Light in the box,Klarna,current_provider_or_merchant_page,www.klarna.com,https://www.klarna.com/us/shopping/t/35/Kids-Family/,,,,supports_bnpl_present,Compare Kids & Family Prices on Klarna For shoppers For business Discover Klarna Shop App Help Show more Sign in Klarna / Shopping / All categories / Kids & Famil,"Current page supports that this provider is presently associated with the merchant, but current listing is not treated as adoption date.",Tier 4,2026-08-09T21:28:28+00:00
M0075,Light in the box,Klarna,wayback_cdx_provider_directory,Internet Archive CDX,https://www.klarna.com/us/shopping/t/35/Kids-Family/,,https://web.archive.org/web/20220924102041/https://www.klarna.com/us/shopping/t/35/Kids-Family/,2022-09-24,supports_bnpl_present,Provider-specific URL first archived on 2022-09-24: https://www.klarna.com/us/shopping/t/35/Kids-Family/,Provider-directory/listing URL observed in Wayback. Not used as exact adoption date without operational launch evidence.,Tier 4,2026-08-09T21:28:28+00:00
M0075,Light in the box,Klarna,current_webpage_error,www.lightinthebox.com,https://www.lightinthebox.com,,,,inconclusive,<HTTPError 403: 'Forbidden'>,Technical error; not interpreted as evidence of BNPL absence.,technical_log,2026-08-09T21:28:28+00:00
M0075,Light in the box,Afterpay,current_provider_or_merchant_page,www.afterpay.com,https://www.afterpay.com/en-US/categories/home,,,,supports_bnpl_present,Home on Afterpay - Buy now pay later with Afterpay How Afterpay works All Categories For retailers Get the app Get $15 off No suggestions,"Current page supports that this provider is presently associated with the merchant, but current listing is not treated as adoption date.",Tier 4,2026-08-09T21:28:28+00:00
M0075,Light in the box,Afterpay,wayback_cdx_provider_directory,Internet Archive CDX,https://www.afterpay.com/en-US/categories/home,,https://web.archive.org/web/20210614120033/https://www.afterpay.com/en-US/categories/home,2021-06-14,supports_bnpl_present,Provider-specific URL first archived on 2021-06-14: https://www.afterpay.com/en-US/categories/home,Provider-directory/listing URL observed in Wayback. Not used as exact adoption date without operational launch evidence.,Tier 4,2026-08-09T21:28:28+00:00
M0075,Light in the box,Afterpay,current_provider_or_merchant_page,www.afterpay.com,https://www.afterpay.com/en-US/categories/kids,,,,supports_bnpl_present,Kids & Baby on Afterpay - Buy now pay later with Afterpay How Afterpay works All Categories For retailers Get the app Get $15 off No suggestions,"Current page supports that this provider is presently associated with the merchant, but current listing is not treated as adoption date.",Tier 4,2026-08-09T21:28:28+00:00
M0075,Light in the box,Afterpay,current_provider_or_merchant_page,www.afterpay.com,https://www.afterpay.com/en-US/categories/mens-clothing,,,,supports_bnpl_present,Men's clothing on Afterpay - Buy now pay later with Afterpay How Afterpay works All Categories For retailers Get the app Get $15 off No suggestions,"Current page supports that this provider is presently associated with the merchant, but current listing is not treated as adoption date.",Tier 4,2026-08-09T21:28:28+00:00
M0075,Light in the box,Afterpay,wayback_cdx_provider_directory,Internet Archive CDX,https://www.afterpay.com/en-US/categories/mens-clothing,,https://web.archive.org/web/20260226210648/https://www.afterpay.com/en-US/categories/mens-clothing,2026-02-26,supports_bnpl_present,Provider-specific URL first archived on 2026-02-26: https://www.afterpay.com/en-US/categories/mens-clothing,Provider-directory/listing URL observed in Wayback. Not used as exact adoption date without operational launch evidence.,Tier 4,2026-08-09T21:28:28+00:00
M0075,Light in the box,Afterpay,current_webpage_error,www.lightinthebox.com,https://www.lightinthebox.com,,,,inconclusive,<HTTPError 403: 'Forbidden'>,Technical error; not interpreted as evidence of BNPL absence.,technical_log,2026-08-09T21:28:28+00:00
M0075,Light in the box,Sezzle,current_provider_or_merchant_page,sezzle.com,https://sezzle.com/shop/pets/,2026-08-06,,,supports_bnpl_present,Buy Now Pay Later for Pets with Sezzle Shop Women Activewear Clothing Jewelry & Accessories Shoes Swimwear Men Clothing Jewelry &,"Current page supports that this provider is presently associated with the merchant, but current listing is not treated as adoption date.",Tier 4,2026-08-09T21:28:28+00:00
M0075,Light in the box,Sezzle,current_provider_or_merchant_page,sezzle.com,https://sezzle.com/shop/toys-and-games/,2026-08-06,,,supports_bnpl_present,Buy Now Pay Later for Toys & Games with Sezzle Shop Women Activewear Clothing Jewelry & Accessories Shoes Swimwear Men Clothing Je,"Current page supports that this provider is presently associated with the merchant, but current listing is not treated as adoption date.",Tier 4,2026-08-09T21:28:28+00:00
M0075,Light in the box,Sezzle,current_webpage_error,www.lightinthebox.com,https://www.lightinthebox.com,,,,inconclusive,<HTTPError 403: 'Forbidden'>,Technical error; not interpreted as evidence of BNPL absence.,technical_log,2026-08-09T21:28:28+00:00
M0076,Lemonade,Zip,current_provider_or_merchant_page,zip.co,https://zip.co/us/shop/bills,,,,supports_bnpl_present,Pay your Bills with Zip in easy installments | Zip Skip to main content Customers Business For Business How it works Shop stores Shop categories Insig,"Current page supports that this provider is presently associated with the merchant, but current listing is not treated as adoption date.",Tier 4,2026-08-09T21:28:28+00:00
M0076,Lemonade,Zip,current_external_bnpl_page,zip.co,https://zip.co/us/shop/bills,,,,supports_bnpl_present,".S. purchases, and certain merchant, product, goods and service restrictions apply. All loans subject to credit approval. © 2026 'Quadpay', 'Zip', the 'Q Logo' and 'Zip' Logos, and all tag lines used in conjunction therewith including 'Any Store Split in 4' an",Current page mentions a BNPL-like provider outside the five-platform sample; timing still requires review.,Tier 2,2026-08-09T21:28:28+00:00
M0076,Lemonade,Zip,wayback_cdx_provider_directory,Internet Archive CDX,https://zip.co/us/shop/bills,,https://web.archive.org/web/20211109131115/https://zip.co/us/shop/bills,2021-11-09,supports_bnpl_present,Provider-specific URL first archived on 2021-11-09: https://zip.co/us/shop/bills,Provider-directory/listing URL observed in Wayback. Not used as exact adoption date without operational launch evidence.,Tier 4,2026-08-09T21:28:28+00:00
M0077,Logitech,Affirm,current_provider_or_merchant_page,www.affirm.com,https://www.affirm.com/shopping/electronics,2026-08-07,,,supports_bnpl_present,"Buy now pay later electronics - Laptop, iPhone financing | Affirm We're glad you're here! Would you like to see what Affirm offers","Current page supports that this provider is presently associated with the merchant, but current listing is not treated as adoption date.",Tier 4,2026-08-09T21:28:28+00:00
M0077,Logitech,Affirm,wayback_cdx_provider_directory,Internet Archive CDX,https://www.affirm.com/shopping/electronics,,https://web.archive.org/web/20201129081111/https://www.affirm.com/shopping/electronics,2020-11-29,supports_bnpl_present,Provider-specific URL first archived on 2020-11-29: https://www.affirm.com/shopping/electronics,Provider-directory/listing URL observed in Wayback. Not used as exact adoption date without operational launch evidence.,Tier 4,2026-08-09T21:28:28+00:00
M0077,Logitech,Klarna,current_provider_or_merchant_page,www.klarna.com,https://www.klarna.com/us/store/f464b977-439a-401f-9466-2b3fc396b04d/logitech/pay-with-klarna/,,,,supports_bnpl_present,Buy now pay later at Logitech - Pay in 4 | Klarna For shoppers For business Discover Klarna Shop App Help Show more Sign in Klarna,"Current page supports that this provider is presently associated with the merchant, but current listing is not treated as adoption date.",Tier 4,2026-08-09T21:28:28+00:00
M0077,Logitech,Klarna,current_provider_or_merchant_page,www.klarna.com,https://www.klarna.com/us/shopping/t/1/TV-Audio/,,,,supports_bnpl_present,Compare TV & Audio Prices on Klarna For shoppers For business Discover Klarna Shop App Help Show more Sign in Klarna / Shopping / All categories / TV & Audio T,"Current page supports that this provider is presently associated with the merchant, but current listing is not treated as adoption date.",Tier 4,2026-08-09T21:28:28+00:00
M0077,Logitech,Klarna,wayback_cdx_provider_directory,Internet Archive CDX,https://www.klarna.com/us/shopping/t/1/TV-Audio/,,https://web.archive.org/web/20221002221314/https://www.klarna.com/us/shopping/t/1/TV-Audio/,2022-10-02,supports_bnpl_present,Provider-specific URL first archived on 2022-10-02: https://www.klarna.com/us/shopping/t/1/TV-Audio/,Provider-directory/listing URL observed in Wayback. Not used as exact adoption date without operational launch evidence.,Tier 4,2026-08-09T21:28:28+00:00
M0077,Logitech,Klarna,current_provider_or_merchant_page,www.klarna.com,https://www.klarna.com/us/shopping/t/17/Photography/,,,,supports_bnpl_present,Compare Photography Prices on Klarna For shoppers For business Discover Klarna Shop App Help Show more Sign in Klarna / Shopping / All categories / Photography,"Current page supports that this provider is presently associated with the merchant, but current listing is not treated as adoption date.",Tier 4,2026-08-09T21:28:28+00:00
M0077,Logitech,Klarna,wayback_cdx_provider_directory,Internet Archive CDX,https://www.klarna.com/us/shopping/t/17/Photography/,,https://web.archive.org/web/20220924102034/https://www.klarna.com/us/shopping/t/17/Photography/,2022-09-24,supports_bnpl_present,Provider-specific URL first archived on 2022-09-24: https://www.klarna.com/us/shopping/t/17/Photography/,Provider-directory/listing URL observed in Wayback. Not used as exact adoption date without operational launch evidence.,Tier 4,2026-08-09T21:28:28+00:00
M0077,Logitech,Klarna,current_provider_or_merchant_page,www.logitech.com,https://www.logitech.com,,,,supports_bnpl_present,"payment options, easy returns, and access to exclusive offers only on logitech.com. Buy now, pay later Pay at your own pace with Klarna payment plans. Get what you love, choose how you pay. Free shipping Enjoy free standard shipping on all orders over $29. St","Current page supports that this provider is presently associated with the merchant, but current listing is not treated as adoption date.",Tier 1,2026-08-09T21:28:28+00:00
M0077,Logitech,Zip,current_provider_or_merchant_page,zip.co,https://zip.co/us/shop/appliances-electronics,,,,supports_bnpl_present,"Buy Now, Pay Later Electronics | Zip Skip to main content Customers Business For Business How it works Shop stores Shop categories Insights Help Products Solutions","Current page supports that this provider is presently associated with the merchant, but current listing is not treated as adoption date.",Tier 4,2026-08-09T21:28:28+00:00
M0077,Logitech,Zip,current_external_bnpl_page,zip.co,https://zip.co/us/shop/appliances-electronics,,,,supports_bnpl_present,".S. purchases, and certain merchant, product, goods and service restrictions apply. All loans subject to credit approval. © 2026 'Quadpay', 'Zip', the 'Q Logo' and 'Zip' Logos, and all tag lines used in conjunction therewith including 'Any Store Split in 4' an",Current page mentions a BNPL-like provider outside the five-platform sample; timing still requires review.,Tier 2,2026-08-09T21:28:28+00:00
M0077,Logitech,Zip,wayback_cdx_provider_directory,Internet Archive CDX,https://zip.co/us/shop/appliances-electronics,,https://web.archive.org/web/20210921224524/https://zip.co/us/shop/appliances-electronics,2021-09-21,supports_bnpl_present,Provider-specific URL first archived on 2021-09-21: https://zip.co/us/shop/appliances-electronics,Provider-directory/listing URL observed in Wayback. Not used as exact adoption date without operational launch evidence.,Tier 4,2026-08-09T21:28:28+00:00
M0078,Lovesac,Klarna,current_provider_or_merchant_page,www.klarna.com,https://www.klarna.com/us/store/01383336-eeaa-44c6-87a3-f8bc5f5b7b48/lovesac/pay-with-klarna/,,,,supports_bnpl_present,Buy now pay later at Lovesac - Pay in 4 | Klarna For shoppers For business Discover Klarna Shop App Help Show more Sign in Klarna,"Current page supports that this provider is presently associated with the merchant, but current listing is not treated as adoption date.",Tier 4,2026-08-09T21:28:28+00:00
M0078,Lovesac,Klarna,current_provider_or_merchant_page,www.klarna.com,https://www.klarna.com/us/shopping/t/14/Kitchen-Appliances/,,,,supports_bnpl_present,Compare Kitchen Appliances Prices on Klarna For shoppers For business Discover Klarna Shop App Help Show more Sign in Klarna / Shopping / All categories / Home & Appli,"Current page supports that this provider is presently associated with the merchant, but current listing is not treated as adoption date.",Tier 4,2026-08-09T21:28:28+00:00
M0078,Lovesac,Klarna,current_provider_or_merchant_page,www.klarna.com,https://www.klarna.com/us/shopping/t/1424/Garden-Patio/,,,,supports_bnpl_present,Compare Garden & Patio Prices on Klarna For shoppers For business Discover Klarna Shop App Help Show more Sign in Klarna / Shopping / All categories / Garden & Pat,"Current page supports that this provider is presently associated with the merchant, but current listing is not treated as adoption date.",Tier 4,2026-08-09T21:28:28+00:00
M0079,Lowe's,Klarna,current_provider_or_merchant_page,www.klarna.com,https://www.klarna.com/us/store/d635653e-6528-4c0f-9533-856d952bd140/lowe-s/pay-with-klarna/,,,,supports_bnpl_present,Buy now pay later at Lowe's - Pay in 4 | Klarna For shoppers For business Discover Klarna Shop App Help Show more Sign in Klarna ∕,"Current page supports that this provider is presently associated with the merchant, but current listing is not treated as adoption date.",Tier 4,2026-08-09T21:28:28+00:00
M0079,Lowe's,Klarna,current_provider_or_merchant_page,www.klarna.com,https://www.klarna.com/us/shopping/t/14/Kitchen-Appliances/,,,,supports_bnpl_present,Compare Kitchen Appliances Prices on Klarna For shoppers For business Discover Klarna Shop App Help Show more Sign in Klarna / Shopping / All categories / Home & Appli,"Current page supports that this provider is presently associated with the merchant, but current listing is not treated as adoption date.",Tier 4,2026-08-09T21:28:28+00:00
M0079,Lowe's,Klarna,current_provider_or_merchant_page,www.klarna.com,https://www.klarna.com/us/shopping/t/1424/Garden-Patio/,,,,supports_bnpl_present,Compare Garden & Patio Prices on Klarna For shoppers For business Discover Klarna Shop App Help Show more Sign in Klarna / Shopping / All categories / Garden & Pat,"Current page supports that this provider is presently associated with the merchant, but current listing is not treated as adoption date.",Tier 4,2026-08-09T21:28:28+00:00
M0079,Lowe's,Zip,current_provider_or_merchant_page,zip.co,https://zip.co/us/shop/home-furniture,,,,supports_bnpl_present,"Buy Now, Pay Later Furniture | Zip Skip to main content Customers Business For Business How it works Shop stores Shop categories Insights Help Products Solutions","Current page supports that this provider is presently associated with the merchant, but current listing is not treated as adoption date.",Tier 4,2026-08-09T21:28:28+00:00
M0079,Lowe's,Zip,current_external_bnpl_page,zip.co,https://zip.co/us/shop/home-furniture,,,,supports_bnpl_present,".S. purchases, and certain merchant, product, goods and service restrictions apply. All loans subject to credit approval. © 2026 'Quadpay', 'Zip', the 'Q Logo' and 'Zip' Logos, and all tag lines used in conjunction therewith including 'Any Store Split in 4' an",Current page mentions a BNPL-like provider outside the five-platform sample; timing still requires review.,Tier 2,2026-08-09T21:28:28+00:00
M0079,Lowe's,Sezzle,current_provider_or_merchant_page,sezzle.com,https://sezzle.com/shop/bed-and-bath/,2026-08-06,,,supports_bnpl_present,Buy Now Pay Later for Bed & Bath with Sezzle Shop Women Activewear Clothing Jewelry & Accessories Shoes Swimwear Men Clothing Jewe,"Current page supports that this provider is presently associated with the merchant, but current listing is not treated as adoption date.",Tier 4,2026-08-09T21:28:28+00:00
M0079,Lowe's,Sezzle,current_provider_or_merchant_page,sezzle.com,https://sezzle.com/shop/outdoor-and-seasonal/,2026-08-06,,,supports_bnpl_present,Buy Now Pay Later for Outdoor & Seasonal with Sezzle Shop Women Activewear Clothing Jewelry & Accessories Shoes Swimwear Men Cloth,"Current page supports that this provider is presently associated with the merchant, but current listing is not treated as adoption date.",Tier 4,2026-08-09T21:28:28+00:00
M0080,lululemon,Affirm,current_provider_or_merchant_page,www.affirm.com,https://www.affirm.com/shopping/apparel,2026-08-07,,,supports_bnpl_present,Buy now pay later men's and women's clothing | Affirm We're glad you're here! Would you like to see what Affirm offers in your reg,"Current page supports that this provider is presently associated with the merchant, but current listing is not treated as adoption date.",Tier 4,2026-08-09T21:28:28+00:00
M0080,lululemon,Affirm,current_provider_or_merchant_page,www.affirm.com,https://www.affirm.com/shopping/fitness-and-gear,2026-08-07,,,supports_bnpl_present,"Finance Peloton, treadmills, bikes - Buy Now Pay Later | Affirm We're glad you're here! Would you like to see what Affirm offers in your region? Go to the page Stay he","Current page supports that this provider is presently associated with the merchant, but current listing is not treated as adoption date.",Tier 4,2026-08-09T21:28:28+00:00
M0080,lululemon,Affirm,current_webpage_error,shop.lululemon.com,https://shop.lululemon.com,,,,inconclusive,TimeoutError('The read operation timed out'),Technical error; not interpreted as evidence of BNPL absence.,technical_log,2026-08-09T21:28:28+00:00
M0080,lululemon,Klarna,current_provider_or_merchant_page,www.klarna.com,https://www.klarna.com/us/store/f58c1e7d-0c40-4d7f-9faa-3a65b41f71d9/lululemon/pay-with-klarna/,,,,supports_bnpl_present,https://www.klarna.com/us/store/f58c1e7d-0c40-4d7f-9faa-3a65b41f71d9/lululemon/pay-with-klarna/,"Current page supports that this provider is presently associated with the merchant, but current listing is not treated as adoption date.",Tier 4,2026-08-09T21:28:28+00:00
M0080,lululemon,Klarna,current_provider_or_merchant_page,www.klarna.com,https://www.klarna.com/us/shopping/t/27/Sports-Outdoor/,,,,supports_bnpl_present,Compare Sports & Outdoor Prices on Klarna For shoppers For business Discover Klarna Shop App Help Show more Sign in Klarna / Shopping / All categories / Sports & Out,"Current page supports that this provider is presently associated with the merchant, but current listing is not treated as adoption date.",Tier 4,2026-08-09T21:28:28+00:00
M0080,lululemon,Klarna,current_webpage_error,shop.lululemon.com,https://shop.lululemon.com,,,,inconclusive,TimeoutError('The read operation timed out'),Technical error; not interpreted as evidence of BNPL absence.,technical_log,2026-08-09T21:28:28+00:00
M0080,lululemon,Afterpay,current_provider_or_merchant_page,www.afterpay.com,https://www.afterpay.com/en-US/categories/mens-clothing,,,,supports_bnpl_present,Men's clothing on Afterpay - Buy now pay later with Afterpay How Afterpay works All Categories For retailers Get the app Get $15 off No suggestions,"Current page supports that this provider is presently associated with the merchant, but current listing is not treated as adoption date.",Tier 4,2026-08-09T21:28:28+00:00
M0080,lululemon,Afterpay,wayback_cdx_provider_directory,Internet Archive CDX,https://www.afterpay.com/en-US/categories/mens-clothing,,https://web.archive.org/web/20260226210648/https://www.afterpay.com/en-US/categories/mens-clothing,2026-02-26,supports_bnpl_present,Provider-specific URL first archived on 2026-02-26: https://www.afterpay.com/en-US/categories/mens-clothing,Provider-directory/listing URL observed in Wayback. Not used as exact adoption date without operational launch evidence.,Tier 4,2026-08-09T21:28:28+00:00
M0080,lululemon,Afterpay,current_provider_or_merchant_page,www.afterpay.com,https://www.afterpay.com/en-US/categories/womens-clothing,,,,supports_bnpl_present,Fashion on Afterpay - Buy now pay later with Afterpay How Afterpay works All Categories For retailers Get the app Get $15 off No suggestions,"Current page supports that this provider is presently associated with the merchant, but current listing is not treated as adoption date.",Tier 4,2026-08-09T21:28:28+00:00
M0080,lululemon,Afterpay,wayback_cdx_provider_directory,Internet Archive CDX,https://www.afterpay.com/en-US/categories/womens-clothing,,https://web.archive.org/web/20251127160840/https://www.afterpay.com/en-US/categories/womens-clothing,2025-11-27,supports_bnpl_present,Provider-specific URL first archived on 2025-11-27: https://www.afterpay.com/en-US/categories/womens-clothing,Provider-directory/listing URL observed in Wayback. Not used as exact adoption date without operational launch evidence.,Tier 4,2026-08-09T21:28:28+00:00
M0080,lululemon,Afterpay,current_webpage_error,shop.lululemon.com,https://shop.lululemon.com,,,,inconclusive,TimeoutError('The read operation timed out'),Technical error; not interpreted as evidence of BNPL absence.,technical_log,2026-08-09T21:28:28+00:00
M0080,lululemon,Zip,current_provider_or_merchant_page,zip.co,https://zip.co/us/shop/sports-outdoors,,,,supports_bnpl_present,"Buy Now, Pay Later Sports Gear & Outdoors Equipment | Zip Skip to main content Customers Business For Business How it works Shop stores Shop categories Insights Help Products Solutions","Current page supports that this provider is presently associated with the merchant, but current listing is not treated as adoption date.",Tier 4,2026-08-09T21:28:28+00:00
M0080,lululemon,Zip,current_external_bnpl_page,zip.co,https://zip.co/us/shop/sports-outdoors,,,,supports_bnpl_present,".S. purchases, and certain merchant, product, goods and service restrictions apply. All loans subject to credit approval. © 2026 'Quadpay', 'Zip', the 'Q Logo' and 'Zip' Logos, and all tag lines used in conjunction therewith including 'Any Store Split in 4' an",Current page mentions a BNPL-like provider outside the five-platform sample; timing still requires review.,Tier 2,2026-08-09T21:28:28+00:00
M0080,lululemon,Zip,current_webpage_error,shop.lululemon.com,https://shop.lululemon.com,,,,inconclusive,TimeoutError('The read operation timed out'),Technical error; not interpreted as evidence of BNPL absence.,technical_log,2026-08-09T21:28:28+00:00
M0080,lululemon,Sezzle,current_provider_or_merchant_page,sezzle.com,https://sezzle.com/shop/fitness/,2026-08-06,,,supports_bnpl_present,Buy Now Pay Later for Fitness with Sezzle Shop Women Activewear Clothing Jewelry & Accessories Shoes Swimwear Men Clothing Jewelry,"Current page supports that this provider is presently associated with the merchant, but current listing is not treated as adoption date.",Tier 4,2026-08-09T21:28:28+00:00
M0080,lululemon,Sezzle,current_provider_or_merchant_page,sezzle.com,https://sezzle.com/shop/womens-activewear/,2026-08-06,,,supports_bnpl_present,Buy Now Pay Later for Women's Activewear with Sezzle Shop Women Activewear Clothing Jewelry & Accessories Shoes Swimwear Men Cloth,"Current page supports that this provider is presently associated with the merchant, but current listing is not treated as adoption date.",Tier 4,2026-08-09T21:28:28+00:00
M0080,lululemon,Sezzle,current_provider_or_merchant_page,sezzle.com,https://sezzle.com/shop/womens-clothing/,2026-08-06,,,supports_bnpl_present,Buy Now Pay Later for Women's Clothing with Sezzle Shop Women Activewear Clothing Jewelry & Accessories Shoes Swimwear Men Clothin,"Current page supports that this provider is presently associated with the merchant, but current listing is not treated as adoption date.",Tier 4,2026-08-09T21:28:28+00:00
M0080,lululemon,Sezzle,current_webpage_error,shop.lululemon.com,https://shop.lululemon.com,,,,inconclusive,TimeoutError('The read operation timed out'),Technical error; not interpreted as evidence of BNPL absence.,technical_log,2026-08-09T21:28:28+00:00
M0081,Bloomingdale's,Affirm,current_provider_or_merchant_page,www.affirm.com,https://www.affirm.com/shopping/accessories,2026-08-07,,,supports_bnpl_present,Financing jewelry and watches - buy now pay later accessories | Affirm We're glad you're here! Would you like to see what Affirm offers in your region? Go to the,"Current page supports that this provider is presently associated with the merchant, but current listing is not treated as adoption date.",Tier 4,2026-08-09T21:28:28+00:00
M0081,Bloomingdale's,Affirm,current_provider_or_merchant_page,www.affirm.com,https://www.affirm.com/shopping/apparel,2026-08-07,,,supports_bnpl_present,Buy now pay later men's and women's clothing | Affirm We're glad you're here! Would you like to see what Affirm offers in your reg,"Current page supports that this provider is presently associated with the merchant, but current listing is not treated as adoption date.",Tier 4,2026-08-09T21:28:28+00:00
M0081,Bloomingdale's,Affirm,current_provider_or_merchant_page,www.affirm.com,https://www.affirm.com/shopping/shoes,2026-08-07,,,supports_bnpl_present,"Buy now pay later shoes, sneakers, boots financing | Affirm We're glad you're here! Would you like to see what Affirm offers in yo","Current page supports that this provider is presently associated with the merchant, but current listing is not treated as adoption date.",Tier 4,2026-08-09T21:28:28+00:00
M0081,Bloomingdale's,Affirm,current_webpage_error,www.bloomingdales.com,https://www.bloomingdales.com,,,,inconclusive,<HTTPError 403: 'Forbidden'>,Technical error; not interpreted as evidence of BNPL absence.,technical_log,2026-08-09T21:28:28+00:00
M0081,Bloomingdale's,Klarna,current_provider_or_merchant_page,www.klarna.com,https://www.klarna.com/us/store/0b1f7c63-cb19-4ede-a5aa-5624db881b5a/bloomingdale-s/pay-with-klarna/,,,,supports_bnpl_present,https://www.klarna.com/us/store/0b1f7c63-cb19-4ede-a5aa-5624db881b5a/bloomingdale-s/pay-with-klarna/,"Current page supports that this provider is presently associated with the merchant, but current listing is not treated as adoption date.",Tier 4,2026-08-09T21:28:28+00:00
M0081,Bloomingdale's,Klarna,current_provider_or_merchant_page,www.klarna.com,https://www.klarna.com/us/shopping/t/141/Clothing-Accessories/,,,,supports_bnpl_present,Compare Clothing & Accessories Prices on Klarna For shoppers For business Discover Klarna Shop App Help Show more Sign in Klarna / Shopping / All categories / Clothing & A,"Current page supports that this provider is presently associated with the merchant, but current listing is not treated as adoption date.",Tier 4,2026-08-09T21:28:28+00:00
M0081,Bloomingdale's,Klarna,wayback_cdx_provider_directory,Internet Archive CDX,https://www.klarna.com/us/shopping/t/141/Clothing-Accessories/,,https://web.archive.org/web/20220924101952/https://www.klarna.com/us/shopping/t/141/Clothing-Accessories/,2022-09-24,supports_bnpl_present,Provider-specific URL first archived on 2022-09-24: https://www.klarna.com/us/shopping/t/141/Clothing-Accessories/,Provider-directory/listing URL observed in Wayback. Not used as exact adoption date without operational launch evidence.,Tier 4,2026-08-09T21:28:28+00:00
M0081,Bloomingdale's,Klarna,current_webpage_error,www.bloomingdales.com,https://www.bloomingdales.com,,,,inconclusive,<HTTPError 403: 'Forbidden'>,Technical error; not interpreted as evidence of BNPL absence.,technical_log,2026-08-09T21:28:28+00:00
M0081,Bloomingdale's,Zip,current_provider_or_merchant_page,zip.co,https://zip.co/us/shop/shoes,,,,supports_bnpl_present,"Buy Now, Pay Later Shoes | Zip Skip to main content Customers Business For Business How it works Shop stores Shop categories Insights Help Products Solutions","Current page supports that this provider is presently associated with the merchant, but current listing is not treated as adoption date.",Tier 4,2026-08-09T21:28:28+00:00
M0081,Bloomingdale's,Zip,current_external_bnpl_page,zip.co,https://zip.co/us/shop/shoes,,,,supports_bnpl_present,".S. purchases, and certain merchant, product, goods and service restrictions apply. All loans subject to credit approval. © 2026 'Quadpay', 'Zip', the 'Q Logo' and 'Zip' Logos, and all tag lines used in conjunction therewith including 'Any Store Split in 4' an",Current page mentions a BNPL-like provider outside the five-platform sample; timing still requires review.,Tier 2,2026-08-09T21:28:28+00:00
M0081,Bloomingdale's,Zip,current_webpage_error,www.bloomingdales.com,https://www.bloomingdales.com,,,,inconclusive,<HTTPError 403: 'Forbidden'>,Technical error; not interpreted as evidence of BNPL absence.,technical_log,2026-08-09T21:28:28+00:00
M0082,Macy's,Affirm,current_provider_or_merchant_page,www.affirm.com,https://www.affirm.com/shopping/accessories,2026-08-07,,,supports_bnpl_present,Financing jewelry and watches - buy now pay later accessories | Affirm We're glad you're here! Would you like to see what Affirm offers in your region? Go to the,"Current page supports that this provider is presently associated with the merchant, but current listing is not treated as adoption date.",Tier 4,2026-08-09T21:28:28+00:00
M0082,Macy's,Affirm,current_provider_or_merchant_page,www.affirm.com,https://www.affirm.com/shopping/shoes,2026-08-07,,,supports_bnpl_present,"Buy now pay later shoes, sneakers, boots financing | Affirm We're glad you're here! Would you like to see what Affirm offers in yo","Current page supports that this provider is presently associated with the merchant, but current listing is not treated as adoption date.",Tier 4,2026-08-09T21:28:28+00:00
M0082,Macy's,Affirm,current_webpage_error,www.macys.com,https://www.macys.com,,,,inconclusive,<HTTPError 403: 'Forbidden'>,Technical error; not interpreted as evidence of BNPL absence.,technical_log,2026-08-09T21:28:28+00:00
M0082,Macy's,Klarna,current_provider_or_merchant_page,www.klarna.com,https://www.klarna.com/us/store/824f7b51-33b8-44c7-9409-0961965d8f48/macy-s/pay-with-klarna/,,,,supports_bnpl_present,https://www.klarna.com/us/store/824f7b51-33b8-44c7-9409-0961965d8f48/macy-s/pay-with-klarna/,"Current page supports that this provider is presently associated with the merchant, but current listing is not treated as adoption date.",Tier 4,2026-08-09T21:28:28+00:00
M0082,Macy's,Klarna,current_provider_or_merchant_page,www.klarna.com,https://www.klarna.com/us/shopping/t/141/Clothing-Accessories/,,,,supports_bnpl_present,Compare Clothing & Accessories Prices on Klarna For shoppers For business Discover Klarna Shop App Help Show more Sign in Klarna / Shopping / All categories / Clothing & A,"Current page supports that this provider is presently associated with the merchant, but current listing is not treated as adoption date.",Tier 4,2026-08-09T21:28:28+00:00
M0082,Macy's,Klarna,wayback_cdx_provider_directory,Internet Archive CDX,https://www.klarna.com/us/shopping/t/141/Clothing-Accessories/,,https://web.archive.org/web/20220924101952/https://www.klarna.com/us/shopping/t/141/Clothing-Accessories/,2022-09-24,supports_bnpl_present,Provider-specific URL first archived on 2022-09-24: https://www.klarna.com/us/shopping/t/141/Clothing-Accessories/,Provider-directory/listing URL observed in Wayback. Not used as exact adoption date without operational launch evidence.,Tier 4,2026-08-09T21:28:28+00:00
M0082,Macy's,Klarna,current_webpage_error,www.macys.com,https://www.macys.com,,,,inconclusive,<HTTPError 403: 'Forbidden'>,Technical error; not interpreted as evidence of BNPL absence.,technical_log,2026-08-09T21:28:28+00:00
M0082,Macy's,Sezzle,current_provider_or_merchant_page,sezzle.com,https://sezzle.com/shop/bed-and-bath/,2026-08-06,,,supports_bnpl_present,Buy Now Pay Later for Bed & Bath with Sezzle Shop Women Activewear Clothing Jewelry & Accessories Shoes Swimwear Men Clothing Jewe,"Current page supports that this provider is presently associated with the merchant, but current listing is not treated as adoption date.",Tier 4,2026-08-09T21:28:28+00:00
M0082,Macy's,Sezzle,current_provider_or_merchant_page,sezzle.com,https://sezzle.com/shop/furniture-and-decor/,2026-08-06,,,supports_bnpl_present,Buy Now Pay Later for Furniture & Decor with Sezzle Shop Women Activewear Clothing Jewelry & Accessories Shoes Swimwear Men Clothi,"Current page supports that this provider is presently associated with the merchant, but current listing is not treated as adoption date.",Tier 4,2026-08-09T21:28:28+00:00
M0082,Macy's,Sezzle,current_webpage_error,www.macys.com,https://www.macys.com,,,,inconclusive,<HTTPError 403: 'Forbidden'>,Technical error; not interpreted as evidence of BNPL absence.,technical_log,2026-08-09T21:28:28+00:00
M0083,Marriott,Zip,current_provider_or_merchant_page,zip.co,https://zip.co/us/shop/hotels,,,,supports_bnpl_present,"Buy Now, Pay Later Hotels | Zip Skip to main content Customers Business For Business How it works Shop stores Shop categories Insights Help Products Solutions","Current page supports that this provider is presently associated with the merchant, but current listing is not treated as adoption date.",Tier 4,2026-08-09T21:28:28+00:00
M0083,Marriott,Zip,current_external_bnpl_page,zip.co,https://zip.co/us/shop/hotels,,,,supports_bnpl_present,".S. purchases, and certain merchant, product, goods and service restrictions apply. All loans subject to credit approval. © 2026 'Quadpay', 'Zip', the 'Q Logo' and 'Zip' Logos, and all tag lines used in conjunction therewith including 'Any Store Split in 4' an",Current page mentions a BNPL-like provider outside the five-platform sample; timing still requires review.,Tier 2,2026-08-09T21:28:28+00:00
M0083,Marriott,Zip,wayback_cdx_provider_directory,Internet Archive CDX,https://zip.co/us/shop/hotels,,https://web.archive.org/web/20220625144641/https://zip.co/us/shop/hotels,2022-06-25,supports_bnpl_present,Provider-specific URL first archived on 2022-06-25: https://zip.co/us/shop/hotels,Provider-directory/listing URL observed in Wayback. Not used as exact adoption date without operational launch evidence.,Tier 4,2026-08-09T21:28:28+00:00
M0083,Marriott,Zip,current_webpage_error,www.marriott.com,https://www.marriott.com,,,,inconclusive,<HTTPError 403: 'Forbidden'>,Technical error; not interpreted as evidence of BNPL absence.,technical_log,2026-08-09T21:28:28+00:00
M0084,Microsoft Store,Klarna,current_provider_or_merchant_page,www.klarna.com,https://www.klarna.com/us/store/1ab704f1-9c33-4449-979a-eb14e490aa30/microsoft-store/pay-with-klarna/,,,,supports_bnpl_present,https://www.klarna.com/us/store/1ab704f1-9c33-4449-979a-eb14e490aa30/microsoft-store/pay-with-klarna/,"Current page supports that this provider is presently associated with the merchant, but current listing is not treated as adoption date.",Tier 4,2026-08-09T21:28:28+00:00
M0084,Microsoft Store,Klarna,current_provider_or_merchant_page,www.klarna.com,https://www.klarna.com/us/shopping/t/1/TV-Audio/,,,,supports_bnpl_present,Compare TV & Audio Prices on Klarna For shoppers For business Discover Klarna Shop App Help Show more Sign in Klarna / Shopping / All categories / TV & Audio T,"Current page supports that this provider is presently associated with the merchant, but current listing is not treated as adoption date.",Tier 4,2026-08-09T21:28:28+00:00
M0084,Microsoft Store,Klarna,wayback_cdx_provider_directory,Internet Archive CDX,https://www.klarna.com/us/shopping/t/1/TV-Audio/,,https://web.archive.org/web/20221002221314/https://www.klarna.com/us/shopping/t/1/TV-Audio/,2022-10-02,supports_bnpl_present,Provider-specific URL first archived on 2022-10-02: https://www.klarna.com/us/shopping/t/1/TV-Audio/,Provider-directory/listing URL observed in Wayback. Not used as exact adoption date without operational launch evidence.,Tier 4,2026-08-09T21:28:28+00:00
M0084,Microsoft Store,Klarna,current_provider_or_merchant_page,www.klarna.com,https://www.klarna.com/us/shopping/t/17/Photography/,,,,supports_bnpl_present,Compare Photography Prices on Klarna For shoppers For business Discover Klarna Shop App Help Show more Sign in Klarna / Shopping / All categories / Photography,"Current page supports that this provider is presently associated with the merchant, but current listing is not treated as adoption date.",Tier 4,2026-08-09T21:28:28+00:00
M0084,Microsoft Store,Klarna,wayback_cdx_provider_directory,Internet Archive CDX,https://www.klarna.com/us/shopping/t/17/Photography/,,https://web.archive.org/web/20220924102034/https://www.klarna.com/us/shopping/t/17/Photography/,2022-09-24,supports_bnpl_present,Provider-specific URL first archived on 2022-09-24: https://www.klarna.com/us/shopping/t/17/Photography/,Provider-directory/listing URL observed in Wayback. Not used as exact adoption date without operational launch evidence.,Tier 4,2026-08-09T21:28:28+00:00
M0085,Converse,Klarna,current_provider_or_merchant_page,www.klarna.com,https://www.klarna.com/us/store/978af580-5a60-4ed7-9c54-63d1fdc22523/converse/pay-with-klarna/,,,,supports_bnpl_present,https://www.klarna.com/us/store/978af580-5a60-4ed7-9c54-63d1fdc22523/converse/pay-with-klarna/,"Current page supports that this provider is presently associated with the merchant, but current listing is not treated as adoption date.",Tier 4,2026-08-09T21:28:28+00:00
M0085,Converse,Klarna,current_provider_or_merchant_page,www.klarna.com,https://www.klarna.com/us/shopping/t/141/Clothing-Accessories/,,,,supports_bnpl_present,Compare Clothing & Accessories Prices on Klarna For shoppers For business Discover Klarna Shop App Help Show more Sign in Klarna / Shopping / All categories / Clothing & A,"Current page supports that this provider is presently associated with the merchant, but current listing is not treated as adoption date.",Tier 4,2026-08-09T21:28:28+00:00
M0085,Converse,Klarna,wayback_cdx_provider_directory,Internet Archive CDX,https://www.klarna.com/us/shopping/t/141/Clothing-Accessories/,,https://web.archive.org/web/20220924101952/https://www.klarna.com/us/shopping/t/141/Clothing-Accessories/,2022-09-24,supports_bnpl_present,Provider-specific URL first archived on 2022-09-24: https://www.klarna.com/us/shopping/t/141/Clothing-Accessories/,Provider-directory/listing URL observed in Wayback. Not used as exact adoption date without operational launch evidence.,Tier 4,2026-08-09T21:28:28+00:00
M0085,Converse,Klarna,current_webpage_error,www.converse.com,https://www.converse.com,,,,inconclusive,<HTTPError 403: 'Forbidden'>,Technical error; not interpreted as evidence of BNPL absence.,technical_log,2026-08-09T21:28:28+00:00
M0085,Converse,Zip,current_provider_or_merchant_page,zip.co,https://zip.co/us/shop/shoes,,,,supports_bnpl_present,"Buy Now, Pay Later Shoes | Zip Skip to main content Customers Business For Business How it works Shop stores Shop categories Insights Help Products Solutions","Current page supports that this provider is presently associated with the merchant, but current listing is not treated as adoption date.",Tier 4,2026-08-09T21:28:28+00:00
M0085,Converse,Zip,current_external_bnpl_page,zip.co,https://zip.co/us/shop/shoes,,,,supports_bnpl_present,".S. purchases, and certain merchant, product, goods and service restrictions apply. All loans subject to credit approval. © 2026 'Quadpay', 'Zip', the 'Q Logo' and 'Zip' Logos, and all tag lines used in conjunction therewith including 'Any Store Split in 4' an",Current page mentions a BNPL-like provider outside the five-platform sample; timing still requires review.,Tier 2,2026-08-09T21:28:28+00:00
M0085,Converse,Zip,current_webpage_error,www.converse.com,https://www.converse.com,,,,inconclusive,<HTTPError 403: 'Forbidden'>,Technical error; not interpreted as evidence of BNPL absence.,technical_log,2026-08-09T21:28:28+00:00
M0086,Nike,Affirm,current_provider_or_merchant_page,www.affirm.com,https://www.affirm.com/shopping/fitness-and-gear,2026-08-07,,,supports_bnpl_present,"Finance Peloton, treadmills, bikes - Buy Now Pay Later | Affirm We're glad you're here! Would you like to see what Affirm offers in your region? Go to the page Stay he","Current page supports that this provider is presently associated with the merchant, but current listing is not treated as adoption date.",Tier 4,2026-08-09T21:28:28+00:00
M0086,Nike,Affirm,current_provider_or_merchant_page,www.affirm.com,https://www.affirm.com/shopping/shoes,2026-08-07,,,supports_bnpl_present,"Buy now pay later shoes, sneakers, boots financing | Affirm We're glad you're here! Would you like to see what Affirm offers in yo","Current page supports that this provider is presently associated with the merchant, but current listing is not treated as adoption date.",Tier 4,2026-08-09T21:28:28+00:00
M0086,Nike,Klarna,current_provider_or_merchant_page,www.klarna.com,https://www.klarna.com/us/store/a873ff40-0eb1-4cd1-aea1-7e9cc0ce883d/nike/pay-with-klarna/,,,,supports_bnpl_present,https://www.klarna.com/us/store/a873ff40-0eb1-4cd1-aea1-7e9cc0ce883d/nike/pay-with-klarna/,"Current page supports that this provider is presently associated with the merchant, but current listing is not treated as adoption date.",Tier 4,2026-08-09T21:28:28+00:00
M0086,Nike,Klarna,wayback_cdx_provider_directory,Internet Archive CDX,https://www.klarna.com/us/store/a873ff40-0eb1-4cd1-aea1-7e9cc0ce883d/nike/pay-with-klarna/,,https://web.archive.org/web/20241218173912/https://www.klarna.com/us/store/a873ff40-0eb1-4cd1-aea1-7e9cc0ce883d/nike/pay-with-klarna/,2024-12-18,supports_bnpl_present,Provider-specific URL first archived on 2024-12-18: https://www.klarna.com/us/store/a873ff40-0eb1-4cd1-aea1-7e9cc0ce883d/nike/pay-with-klarna/,Provider-directory/listing URL observed in Wayback. Not used as exact adoption date without operational launch evidence.,Tier 4,2026-08-09T21:28:28+00:00
M0086,Nike,Klarna,current_provider_or_merchant_page,www.klarna.com,https://www.klarna.com/us/shopping/t/27/Sports-Outdoor/,,,,supports_bnpl_present,Compare Sports & Outdoor Prices on Klarna For shoppers For business Discover Klarna Shop App Help Show more Sign in Klarna / Shopping / All categories / Sports & Out,"Current page supports that this provider is presently associated with the merchant, but current listing is not treated as adoption date.",Tier 4,2026-08-09T21:28:28+00:00
M0086,Nike,Zip,current_provider_or_merchant_page,zip.co,https://zip.co/us/shop/kids-babies,,,,supports_bnpl_present,"Buy Now, Pay Later Kids' Clothing | Zip Skip to main content Customers Business For Business How it works Shop stores Shop categories Insights Help Products Solutions","Current page supports that this provider is presently associated with the merchant, but current listing is not treated as adoption date.",Tier 4,2026-08-09T21:28:28+00:00
M0086,Nike,Zip,current_external_bnpl_page,zip.co,https://zip.co/us/shop/kids-babies,,,,supports_bnpl_present,".S. purchases, and certain merchant, product, goods and service restrictions apply. All loans subject to credit approval. © 2026 'Quadpay', 'Zip', the 'Q Logo' and 'Zip' Logos, and all tag lines used in conjunction therewith including 'Any Store Split in 4' an",Current page mentions a BNPL-like provider outside the five-platform sample; timing still requires review.,Tier 2,2026-08-09T21:28:28+00:00
M0086,Nike,Zip,current_provider_or_merchant_page,zip.co,https://zip.co/us/shop/shoes,,,,supports_bnpl_present,"Buy Now, Pay Later Shoes | Zip Skip to main content Customers Business For Business How it works Shop stores Shop categories Insights Help Products Solutions","Current page supports that this provider is presently associated with the merchant, but current listing is not treated as adoption date.",Tier 4,2026-08-09T21:28:28+00:00
M0086,Nike,Zip,current_external_bnpl_page,zip.co,https://zip.co/us/shop/shoes,,,,supports_bnpl_present,".S. purchases, and certain merchant, product, goods and service restrictions apply. All loans subject to credit approval. © 2026 'Quadpay', 'Zip', the 'Q Logo' and 'Zip' Logos, and all tag lines used in conjunction therewith including 'Any Store Split in 4' an",Current page mentions a BNPL-like provider outside the five-platform sample; timing still requires review.,Tier 2,2026-08-09T21:28:28+00:00
M0086,Nike,Zip,current_provider_or_merchant_page,zip.co,https://zip.co/us/shop/shop-all,,,,supports_bnpl_present,"Buy Now, Pay Later Clothing, Shoes, Electronics | Zip Skip to main content Customers Business For Business How it works Shop stores Shop categories Insights Help Products Solutions","Current page supports that this provider is presently associated with the merchant, but current listing is not treated as adoption date.",Tier 4,2026-08-09T21:28:28+00:00
M0086,Nike,Zip,current_external_bnpl_page,zip.co,https://zip.co/us/shop/shop-all,,,,supports_bnpl_present,".S. purchases, and certain merchant, product, goods and service restrictions apply. All loans subject to credit approval. © 2026 'Quadpay', 'Zip', the 'Q Logo' and 'Zip' Logos, and all tag lines used in conjunction therewith including 'Any Store Split in 4' an",Current page mentions a BNPL-like provider outside the five-platform sample; timing still requires review.,Tier 2,2026-08-09T21:28:28+00:00
M0086,Nike,Zip,wayback_cdx_provider_directory,Internet Archive CDX,https://zip.co/us/shop/shop-all,,https://web.archive.org/web/20210921002020/https://zip.co/us/shop/shop-all,2021-09-21,supports_bnpl_present,Provider-specific URL first archived on 2021-09-21: https://zip.co/us/shop/shop-all,Provider-directory/listing URL observed in Wayback. Not used as exact adoption date without operational launch evidence.,Tier 4,2026-08-09T21:28:28+00:00
M0086,Nike,Sezzle,current_provider_or_merchant_page,sezzle.com,https://sezzle.com/shop/mens-clothing/,2026-08-06,,,supports_bnpl_present,Buy Now Pay Later for Men's Clothing with Sezzle Shop Women Activewear Clothing Jewelry & Accessories Shoes Swimwear Men Clothing,"Current page supports that this provider is presently associated with the merchant, but current listing is not treated as adoption date.",Tier 4,2026-08-09T21:28:28+00:00
M0086,Nike,Sezzle,current_provider_or_merchant_page,sezzle.com,https://sezzle.com/shop/mens-shoes/,2026-08-06,,,supports_bnpl_present,Buy Now Pay Later for Men's Shoes with Sezzle Shop Women Activewear Clothing Jewelry & Accessories Shoes Swimwear Men Clothing Jew,"Current page supports that this provider is presently associated with the merchant, but current listing is not treated as adoption date.",Tier 4,2026-08-09T21:28:28+00:00
M0086,Nike,Sezzle,current_provider_or_merchant_page,sezzle.com,https://sezzle.com/shop/womens-activewear/,2026-08-06,,,supports_bnpl_present,Buy Now Pay Later for Women's Activewear with Sezzle Shop Women Activewear Clothing Jewelry & Accessories Shoes Swimwear Men Cloth,"Current page supports that this provider is presently associated with the merchant, but current listing is not treated as adoption date.",Tier 4,2026-08-09T21:28:28+00:00
M0087,Nelnet,Zip,current_provider_or_merchant_page,zip.co,https://zip.co/us/shop/bills,,,,supports_bnpl_present,Pay your Bills with Zip in easy installments | Zip Skip to main content Customers Business For Business How it works Shop stores Shop categories Insig,"Current page supports that this provider is presently associated with the merchant, but current listing is not treated as adoption date.",Tier 4,2026-08-09T21:28:28+00:00
M0087,Nelnet,Zip,current_external_bnpl_page,zip.co,https://zip.co/us/shop/bills,,,,supports_bnpl_present,".S. purchases, and certain merchant, product, goods and service restrictions apply. All loans subject to credit approval. © 2026 'Quadpay', 'Zip', the 'Q Logo' and 'Zip' Logos, and all tag lines used in conjunction therewith including 'Any Store Split in 4' an",Current page mentions a BNPL-like provider outside the five-platform sample; timing still requires review.,Tier 2,2026-08-09T21:28:28+00:00
M0087,Nelnet,Zip,wayback_cdx_provider_directory,Internet Archive CDX,https://zip.co/us/shop/bills,,https://web.archive.org/web/20211109131115/https://zip.co/us/shop/bills,2021-11-09,supports_bnpl_present,Provider-specific URL first archived on 2021-11-09: https://zip.co/us/shop/bills,Provider-directory/listing URL observed in Wayback. Not used as exact adoption date without operational launch evidence.,Tier 4,2026-08-09T21:28:28+00:00
M0088,NVIDIA,Klarna,current_provider_or_merchant_page,www.klarna.com,https://www.klarna.com/us/store/72bdfe34-20bf-400d-b817-8a16886a9124/nvidia/pay-with-klarna/,,,,supports_bnpl_present,https://www.klarna.com/us/store/72bdfe34-20bf-400d-b817-8a16886a9124/nvidia/pay-with-klarna/,"Current page supports that this provider is presently associated with the merchant, but current listing is not treated as adoption date.",Tier 4,2026-08-09T21:28:28+00:00
M0088,NVIDIA,Klarna,current_provider_or_merchant_page,www.klarna.com,https://www.klarna.com/us/shopping/t/1/TV-Audio/,,,,supports_bnpl_present,Compare TV & Audio Prices on Klarna For shoppers For business Discover Klarna Shop App Help Show more Sign in Klarna / Shopping / All categories / TV & Audio T,"Current page supports that this provider is presently associated with the merchant, but current listing is not treated as adoption date.",Tier 4,2026-08-09T21:28:28+00:00
M0088,NVIDIA,Klarna,wayback_cdx_provider_directory,Internet Archive CDX,https://www.klarna.com/us/shopping/t/1/TV-Audio/,,https://web.archive.org/web/20221002221314/https://www.klarna.com/us/shopping/t/1/TV-Audio/,2022-10-02,supports_bnpl_present,Provider-specific URL first archived on 2022-10-02: https://www.klarna.com/us/shopping/t/1/TV-Audio/,Provider-directory/listing URL observed in Wayback. Not used as exact adoption date without operational launch evidence.,Tier 4,2026-08-09T21:28:28+00:00
M0088,NVIDIA,Klarna,current_provider_or_merchant_page,www.klarna.com,https://www.klarna.com/us/shopping/t/17/Photography/,,,,supports_bnpl_present,Compare Photography Prices on Klarna For shoppers For business Discover Klarna Shop App Help Show more Sign in Klarna / Shopping / All categories / Photography,"Current page supports that this provider is presently associated with the merchant, but current listing is not treated as adoption date.",Tier 4,2026-08-09T21:28:28+00:00
M0088,NVIDIA,Klarna,wayback_cdx_provider_directory,Internet Archive CDX,https://www.klarna.com/us/shopping/t/17/Photography/,,https://web.archive.org/web/20220924102034/https://www.klarna.com/us/shopping/t/17/Photography/,2022-09-24,supports_bnpl_present,Provider-specific URL first archived on 2022-09-24: https://www.klarna.com/us/shopping/t/17/Photography/,Provider-directory/listing URL observed in Wayback. Not used as exact adoption date without operational launch evidence.,Tier 4,2026-08-09T21:28:28+00:00
M0089,Graco,Afterpay,current_provider_or_merchant_page,www.afterpay.com,https://www.afterpay.com/en-US/categories/kids,,,,supports_bnpl_present,Kids & Baby on Afterpay - Buy now pay later with Afterpay How Afterpay works All Categories For retailers Get the app Get $15 off No suggestions,"Current page supports that this provider is presently associated with the merchant, but current listing is not treated as adoption date.",Tier 4,2026-08-09T21:28:28+00:00
M0089,Graco,Afterpay,current_webpage_error,www.gracobaby.com,https://www.gracobaby.com,,,,inconclusive,<HTTPError 403: 'Forbidden'>,Technical error; not interpreted as evidence of BNPL absence.,technical_log,2026-08-09T21:28:28+00:00
M0089,Graco,Zip,current_provider_or_merchant_page,zip.co,https://zip.co/us/shop/kids-babies,,,,supports_bnpl_present,"Buy Now, Pay Later Kids' Clothing | Zip Skip to main content Customers Business For Business How it works Shop stores Shop categories Insights Help Products Solutions","Current page supports that this provider is presently associated with the merchant, but current listing is not treated as adoption date.",Tier 4,2026-08-09T21:28:28+00:00
M0089,Graco,Zip,current_external_bnpl_page,zip.co,https://zip.co/us/shop/kids-babies,,,,supports_bnpl_present,".S. purchases, and certain merchant, product, goods and service restrictions apply. All loans subject to credit approval. © 2026 'Quadpay', 'Zip', the 'Q Logo' and 'Zip' Logos, and all tag lines used in conjunction therewith including 'Any Store Split in 4' an",Current page mentions a BNPL-like provider outside the five-platform sample; timing still requires review.,Tier 2,2026-08-09T21:28:28+00:00
M0089,Graco,Zip,current_webpage_error,www.gracobaby.com,https://www.gracobaby.com,,,,inconclusive,<HTTPError 403: 'Forbidden'>,Technical error; not interpreted as evidence of BNPL absence.,technical_log,2026-08-09T21:28:28+00:00
M0090,On,Affirm,current_provider_or_merchant_page,www.affirm.com,https://www.affirm.com/shopping/shoes,2026-08-07,,,supports_bnpl_present,"Buy now pay later shoes, sneakers, boots financing | Affirm We're glad you're here! Would you like to see what Affirm offers in yo","Current page supports that this provider is presently associated with the merchant, but current listing is not treated as adoption date.",Tier 4,2026-08-09T21:28:28+00:00
M0090,On,Klarna,current_provider_or_merchant_page,www.klarna.com,https://www.klarna.com/us/store/e828d457-8e13-4138-a6e0-e6639fa431a7/on/pay-with-klarna/,,,,supports_bnpl_present,https://www.klarna.com/us/store/e828d457-8e13-4138-a6e0-e6639fa431a7/on/pay-with-klarna/,"Current page supports that this provider is presently associated with the merchant, but current listing is not treated as adoption date.",Tier 4,2026-08-09T21:28:28+00:00
M0090,On,Klarna,current_provider_or_merchant_page,www.klarna.com,https://www.klarna.com/us/shopping/t/27/Sports-Outdoor/,,,,supports_bnpl_present,Compare Sports & Outdoor Prices on Klarna For shoppers For business Discover Klarna Shop App Help Show more Sign in Klarna / Shopping / All categories / Sports & Out,"Current page supports that this provider is presently associated with the merchant, but current listing is not treated as adoption date.",Tier 4,2026-08-09T21:28:28+00:00
M0091,The Children's Place,Klarna,current_provider_or_merchant_page,www.klarna.com,https://www.klarna.com/us/store/ef88db8a-5932-4841-8dd9-b7f1abb86c81/the-children-s-place/pay-with-klarna/,,,,supports_bnpl_present,https://www.klarna.com/us/store/ef88db8a-5932-4841-8dd9-b7f1abb86c81/the-children-s-place/pay-with-klarna/,"Current page supports that this provider is presently associated with the merchant, but current listing is not treated as adoption date.",Tier 4,2026-08-09T21:28:28+00:00
M0091,The Children's Place,Klarna,current_provider_or_merchant_page,www.klarna.com,https://www.klarna.com/us/shopping/t/141/Clothing-Accessories/,,,,supports_bnpl_present,Compare Clothing & Accessories Prices on Klarna For shoppers For business Discover Klarna Shop App Help Show more Sign in Klarna / Shopping / All categories / Clothing & A,"Current page supports that this provider is presently associated with the merchant, but current listing is not treated as adoption date.",Tier 4,2026-08-09T21:28:28+00:00
M0091,The Children's Place,Klarna,wayback_cdx_provider_directory,Internet Archive CDX,https://www.klarna.com/us/shopping/t/141/Clothing-Accessories/,,https://web.archive.org/web/20220924101952/https://www.klarna.com/us/shopping/t/141/Clothing-Accessories/,2022-09-24,supports_bnpl_present,Provider-specific URL first archived on 2022-09-24: https://www.klarna.com/us/shopping/t/141/Clothing-Accessories/,Provider-directory/listing URL observed in Wayback. Not used as exact adoption date without operational launch evidence.,Tier 4,2026-08-09T21:28:28+00:00
M0091,The Children's Place,Afterpay,current_provider_or_merchant_page,www.afterpay.com,https://www.afterpay.com/en-US/categories/kids,,,,supports_bnpl_present,Kids & Baby on Afterpay - Buy now pay later with Afterpay How Afterpay works All Categories For retailers Get the app Get $15 off No suggestions,"Current page supports that this provider is presently associated with the merchant, but current listing is not treated as adoption date.",Tier 4,2026-08-09T21:28:28+00:00
M0091,The Children's Place,Afterpay,current_provider_or_merchant_page,www.afterpay.com,https://www.afterpay.com/en-US/categories/womens-clothing,,,,supports_bnpl_present,Fashion on Afterpay - Buy now pay later with Afterpay How Afterpay works All Categories For retailers Get the app Get $15 off No suggestions,"Current page supports that this provider is presently associated with the merchant, but current listing is not treated as adoption date.",Tier 4,2026-08-09T21:28:28+00:00
M0091,The Children's Place,Afterpay,wayback_cdx_provider_directory,Internet Archive CDX,https://www.afterpay.com/en-US/categories/womens-clothing,,https://web.archive.org/web/20251127160840/https://www.afterpay.com/en-US/categories/womens-clothing,2025-11-27,supports_bnpl_present,Provider-specific URL first archived on 2025-11-27: https://www.afterpay.com/en-US/categories/womens-clothing,Provider-directory/listing URL observed in Wayback. Not used as exact adoption date without operational launch evidence.,Tier 4,2026-08-09T21:28:28+00:00
M0091,The Children's Place,Afterpay,current_provider_or_merchant_page,www.childrensplace.com,https://www.childrensplace.com,,,,supports_bnpl_present,"_KEY"":""caNlwTIEq1lCh8evkOdmRt91XkHX65qfVPNbGjvWArNJk"",""APPLE_PAY_MERCHANT_IDENTIFIER"":""merchant.com.childrensplace.tcp-ios.prod"",""AFTERPAY_API_URL"":""https:\/\/api.us-sandbox.afterpay.com"",""BV_SHARED_SECRET_KEY"":""Fca3yih00AVeVDFvmaDwnwlWM"",""BV_SHARED_KEY"":""Fca3","Current page supports that this provider is presently associated with the merchant, but current listing is not treated as adoption date.",Tier 1,2026-08-09T21:28:28+00:00
M0091,The Children's Place,Zip,current_provider_or_merchant_page,zip.co,https://zip.co/us/shop/kids-babies,,,,supports_bnpl_present,"Buy Now, Pay Later Kids' Clothing | Zip Skip to main content Customers Business For Business How it works Shop stores Shop categories Insights Help Products Solutions","Current page supports that this provider is presently associated with the merchant, but current listing is not treated as adoption date.",Tier 4,2026-08-09T21:28:28+00:00
M0091,The Children's Place,Zip,current_external_bnpl_page,zip.co,https://zip.co/us/shop/kids-babies,,,,supports_bnpl_present,".S. purchases, and certain merchant, product, goods and service restrictions apply. All loans subject to credit approval. © 2026 'Quadpay', 'Zip', the 'Q Logo' and 'Zip' Logos, and all tag lines used in conjunction therewith including 'Any Store Split in 4' an",Current page mentions a BNPL-like provider outside the five-platform sample; timing still requires review.,Tier 2,2026-08-09T21:28:28+00:00
M0091,The Children's Place,Zip,current_provider_or_merchant_page,www.childrensplace.com,https://www.childrensplace.com,,,,supports_bnpl_present,"tings"":false,""maxItemErrorDisplayed"":false,""largeProductImagesLoading"":false,""shouldRedirectBackTo"":false,""maxItemError"":false,""isZipError"":null,""cartItemLargeImagesViewer"":{""opened"":false,""currentIndex"":0,""itemId"":"""",""productId"":""""},""isNonCachedDataLoaded"":fa","Current page supports that this provider is presently associated with the merchant, but current listing is not treated as adoption date.",Tier 1,2026-08-09T21:28:28+00:00
M0092,CarParts.com,Zip,current_provider_or_merchant_page,zip.co,https://zip.co/us/shop/sports-outdoors,,,,supports_bnpl_present,"Buy Now, Pay Later Sports Gear & Outdoors Equipment | Zip Skip to main content Customers Business For Business How it works Shop stores Shop categories Insights Help Products Solutions","Current page supports that this provider is presently associated with the merchant, but current listing is not treated as adoption date.",Tier 4,2026-08-09T21:28:28+00:00
M0092,CarParts.com,Zip,current_external_bnpl_page,zip.co,https://zip.co/us/shop/sports-outdoors,,,,supports_bnpl_present,".S. purchases, and certain merchant, product, goods and service restrictions apply. All loans subject to credit approval. © 2026 'Quadpay', 'Zip', the 'Q Logo' and 'Zip' Logos, and all tag lines used in conjunction therewith including 'Any Store Split in 4' an",Current page mentions a BNPL-like provider outside the five-platform sample; timing still requires review.,Tier 2,2026-08-09T21:28:28+00:00
M0093,QVC,Klarna,current_provider_or_merchant_page,www.klarna.com,https://www.klarna.com/us/store/714c1ed5-9e46-4d01-8c59-f580d9c8c650/qvc/pay-with-klarna/,,,,supports_bnpl_present,https://www.klarna.com/us/store/714c1ed5-9e46-4d01-8c59-f580d9c8c650/qvc/pay-with-klarna/,"Current page supports that this provider is presently associated with the merchant, but current listing is not treated as adoption date.",Tier 4,2026-08-09T21:28:28+00:00
M0093,QVC,Klarna,current_provider_or_merchant_page,www.klarna.com,https://www.klarna.com/us/shopping/t/1493/Toys-Hobbies/,,,,supports_bnpl_present,Compare Toys & Hobbies Prices on Klarna For shoppers For business Discover Klarna Shop App Help Show more Sign in Klarna / Shopping / All categories / Toys & Hobbi,"Current page supports that this provider is presently associated with the merchant, but current listing is not treated as adoption date.",Tier 4,2026-08-09T21:28:28+00:00
M0093,QVC,Klarna,wayback_cdx_provider_directory,Internet Archive CDX,https://www.klarna.com/us/shopping/t/1493/Toys-Hobbies/,,https://web.archive.org/web/20220924101958/https://www.klarna.com/us/shopping/t/1493/Toys-Hobbies/,2022-09-24,supports_bnpl_present,Provider-specific URL first archived on 2022-09-24: https://www.klarna.com/us/shopping/t/1493/Toys-Hobbies/,Provider-directory/listing URL observed in Wayback. Not used as exact adoption date without operational launch evidence.,Tier 4,2026-08-09T21:28:28+00:00
M0093,QVC,Klarna,current_provider_or_merchant_page,www.klarna.com,https://www.klarna.com/us/shopping/t/35/Kids-Family/,,,,supports_bnpl_present,Compare Kids & Family Prices on Klarna For shoppers For business Discover Klarna Shop App Help Show more Sign in Klarna / Shopping / All categories / Kids & Famil,"Current page supports that this provider is presently associated with the merchant, but current listing is not treated as adoption date.",Tier 4,2026-08-09T21:28:28+00:00
M0093,QVC,Klarna,wayback_cdx_provider_directory,Internet Archive CDX,https://www.klarna.com/us/shopping/t/35/Kids-Family/,,https://web.archive.org/web/20220924102041/https://www.klarna.com/us/shopping/t/35/Kids-Family/,2022-09-24,supports_bnpl_present,Provider-specific URL first archived on 2022-09-24: https://www.klarna.com/us/shopping/t/35/Kids-Family/,Provider-directory/listing URL observed in Wayback. Not used as exact adoption date without operational launch evidence.,Tier 4,2026-08-09T21:28:28+00:00
M0093,QVC,Klarna,current_webpage_error,www.qvc.com,https://www.qvc.com,,,,inconclusive,"<HTTPError 418: ""I'm a teapot"">",Technical error; not interpreted as evidence of BNPL absence.,technical_log,2026-08-09T21:28:28+00:00
M0093,QVC,Zip,current_provider_or_merchant_page,zip.co,https://zip.co/us/shop/home-furniture,,,,supports_bnpl_present,"Buy Now, Pay Later Furniture | Zip Skip to main content Customers Business For Business How it works Shop stores Shop categories Insights Help Products Solutions","Current page supports that this provider is presently associated with the merchant, but current listing is not treated as adoption date.",Tier 4,2026-08-09T21:28:28+00:00
M0093,QVC,Zip,current_external_bnpl_page,zip.co,https://zip.co/us/shop/home-furniture,,,,supports_bnpl_present,".S. purchases, and certain merchant, product, goods and service restrictions apply. All loans subject to credit approval. © 2026 'Quadpay', 'Zip', the 'Q Logo' and 'Zip' Logos, and all tag lines used in conjunction therewith including 'Any Store Split in 4' an",Current page mentions a BNPL-like provider outside the five-platform sample; timing still requires review.,Tier 2,2026-08-09T21:28:28+00:00
M0093,QVC,Zip,current_webpage_error,www.qvc.com,https://www.qvc.com,,,,inconclusive,"<HTTPError 418: ""I'm a teapot"">",Technical error; not interpreted as evidence of BNPL absence.,technical_log,2026-08-09T21:28:28+00:00
M0094,ROBLOX,Sezzle,current_provider_or_merchant_page,sezzle.com,https://sezzle.com/shop/toys-and-games/,2026-08-06,,,supports_bnpl_present,Buy Now Pay Later for Toys & Games with Sezzle Shop Women Activewear Clothing Jewelry & Accessories Shoes Swimwear Men Clothing Je,"Current page supports that this provider is presently associated with the merchant, but current listing is not treated as adoption date.",Tier 4,2026-08-09T21:28:28+00:00
M0095,Royal Caribbean,Affirm,current_provider_or_merchant_page,www.affirm.com,https://www.affirm.com/shopping/travel,2026-08-07,,,supports_bnpl_present,"Flights, travel, and vacation payment plans - travel financing | Affirm We're glad you're here! Would you like to see what Affirm offers in your region? Go to the page Stay here Skip to main cont","Current page supports that this provider is presently associated with the merchant, but current listing is not treated as adoption date.",Tier 4,2026-08-09T21:28:28+00:00
M0095,Royal Caribbean,Affirm,wayback_cdx_provider_directory,Internet Archive CDX,https://www.affirm.com/shopping/travel,,https://web.archive.org/web/20201129065824/https://www.affirm.com/shopping/travel,2020-11-29,supports_bnpl_present,Provider-specific URL first archived on 2020-11-29: https://www.affirm.com/shopping/travel,Provider-directory/listing URL observed in Wayback. Not used as exact adoption date without operational launch evidence.,Tier 4,2026-08-09T21:28:28+00:00
M0095,Royal Caribbean,Zip,current_provider_or_merchant_page,zip.co,https://zip.co/us/shop/travel-entertainment,,,,supports_bnpl_present,Buy Now Pay Later for Travel | Zip Skip to main content Customers Business For Business How it works Shop stores Shop categories I,"Current page supports that this provider is presently associated with the merchant, but current listing is not treated as adoption date.",Tier 4,2026-08-09T21:28:28+00:00
M0095,Royal Caribbean,Zip,current_external_bnpl_page,zip.co,https://zip.co/us/shop/travel-entertainment,,,,supports_bnpl_present,".S. purchases, and certain merchant, product, goods and service restrictions apply. All loans subject to credit approval. © 2026 'Quadpay', 'Zip', the 'Q Logo' and 'Zip' Logos, and all tag lines used in conjunction therewith including 'Any Store Split in 4' an",Current page mentions a BNPL-like provider outside the five-platform sample; timing still requires review.,Tier 2,2026-08-09T21:28:28+00:00
M0095,Royal Caribbean,Zip,wayback_cdx_provider_directory,Internet Archive CDX,https://zip.co/us/shop/travel-entertainment,,https://web.archive.org/web/20210921222020/https://zip.co/us/shop/travel-entertainment,2021-09-21,supports_bnpl_present,Provider-specific URL first archived on 2021-09-21: https://zip.co/us/shop/travel-entertainment,Provider-directory/listing URL observed in Wayback. Not used as exact adoption date without operational launch evidence.,Tier 4,2026-08-09T21:28:28+00:00
M0096,Reformation,Afterpay,current_provider_or_merchant_page,www.afterpay.com,https://www.afterpay.com/en-US/categories/womens-clothing,,,,supports_bnpl_present,Fashion on Afterpay - Buy now pay later with Afterpay How Afterpay works All Categories For retailers Get the app Get $15 off No suggestions,"Current page supports that this provider is presently associated with the merchant, but current listing is not treated as adoption date.",Tier 4,2026-08-09T21:28:28+00:00
M0096,Reformation,Afterpay,wayback_cdx_provider_directory,Internet Archive CDX,https://www.afterpay.com/en-US/categories/womens-clothing,,https://web.archive.org/web/20251127160840/https://www.afterpay.com/en-US/categories/womens-clothing,2025-11-27,supports_bnpl_present,Provider-specific URL first archived on 2025-11-27: https://www.afterpay.com/en-US/categories/womens-clothing,Provider-directory/listing URL observed in Wayback. Not used as exact adoption date without operational launch evidence.,Tier 4,2026-08-09T21:28:28+00:00
M0097,Ralph Lauren,Afterpay,current_provider_or_merchant_page,www.afterpay.com,https://www.afterpay.com/en-US/categories/mens-clothing,,,,supports_bnpl_present,Men's clothing on Afterpay - Buy now pay later with Afterpay How Afterpay works All Categories For retailers Get the app Get $15 off No suggestions,"Current page supports that this provider is presently associated with the merchant, but current listing is not treated as adoption date.",Tier 4,2026-08-09T21:28:28+00:00
M0097,Ralph Lauren,Afterpay,wayback_cdx_provider_directory,Internet Archive CDX,https://www.afterpay.com/en-US/categories/mens-clothing,,https://web.archive.org/web/20260226210648/https://www.afterpay.com/en-US/categories/mens-clothing,2026-02-26,supports_bnpl_present,Provider-specific URL first archived on 2026-02-26: https://www.afterpay.com/en-US/categories/mens-clothing,Provider-directory/listing URL observed in Wayback. Not used as exact adoption date without operational launch evidence.,Tier 4,2026-08-09T21:28:28+00:00
M0097,Ralph Lauren,Afterpay,current_provider_or_merchant_page,www.afterpay.com,https://www.afterpay.com/en-US/categories/womens-clothing,,,,supports_bnpl_present,Fashion on Afterpay - Buy now pay later with Afterpay How Afterpay works All Categories For retailers Get the app Get $15 off No suggestions,"Current page supports that this provider is presently associated with the merchant, but current listing is not treated as adoption date.",Tier 4,2026-08-09T21:28:28+00:00
M0097,Ralph Lauren,Afterpay,wayback_cdx_provider_directory,Internet Archive CDX,https://www.afterpay.com/en-US/categories/womens-clothing,,https://web.archive.org/web/20251127160840/https://www.afterpay.com/en-US/categories/womens-clothing,2025-11-27,supports_bnpl_present,Provider-specific URL first archived on 2025-11-27: https://www.afterpay.com/en-US/categories/womens-clothing,Provider-directory/listing URL observed in Wayback. Not used as exact adoption date without operational launch evidence.,Tier 4,2026-08-09T21:28:28+00:00
M0097,Ralph Lauren,Afterpay,current_webpage_error,www.ralphlauren.com,https://www.ralphlauren.com,,,,inconclusive,"URLError(SSLCertVerificationError(1, '[SSL: CERTIFICATE_VERIFY_FAILED] certificate verify failed: unable to get local issuer certificate (_ssl.c:1010)'))",Technical error; not interpreted as evidence of BNPL absence.,technical_log,2026-08-09T21:28:28+00:00
M0098,Roku,Sezzle,current_provider_or_merchant_page,sezzle.com,https://sezzle.com/shop/toys-and-games/,2026-08-06,,,supports_bnpl_present,Buy Now Pay Later for Toys & Games with Sezzle Shop Women Activewear Clothing Jewelry & Accessories Shoes Swimwear Men Clothing Je,"Current page supports that this provider is presently associated with the merchant, but current listing is not treated as adoption date.",Tier 4,2026-08-09T21:28:28+00:00
M0099,REVOLVE,Afterpay,current_provider_or_merchant_page,www.afterpay.com,https://www.afterpay.com/en-US/categories/womens-clothing,,,,supports_bnpl_present,Fashion on Afterpay - Buy now pay later with Afterpay How Afterpay works All Categories For retailers Get the app Get $15 off No suggestions,"Current page supports that this provider is presently associated with the merchant, but current listing is not treated as adoption date.",Tier 4,2026-08-09T21:28:28+00:00
M0099,REVOLVE,Afterpay,wayback_cdx_provider_directory,Internet Archive CDX,https://www.afterpay.com/en-US/categories/womens-clothing,,https://web.archive.org/web/20251127160840/https://www.afterpay.com/en-US/categories/womens-clothing,2025-11-27,supports_bnpl_present,Provider-specific URL first archived on 2025-11-27: https://www.afterpay.com/en-US/categories/womens-clothing,Provider-directory/listing URL observed in Wayback. Not used as exact adoption date without operational launch evidence.,Tier 4,2026-08-09T21:28:28+00:00
M0099,REVOLVE,Afterpay,current_webpage_error,www.revolve.com,https://www.revolve.com,,,,inconclusive,TimeoutError('The read operation timed out'),Technical error; not interpreted as evidence of BNPL absence.,technical_log,2026-08-09T21:28:28+00:00
M0099,REVOLVE,Zip,current_provider_or_merchant_page,zip.co,https://zip.co/us/shop/jewelry-accessories,,,,supports_bnpl_present,"Buy Now, Pay Later Jewelry | Zip Skip to main content Customers Business For Business How it works Shop stores Shop categories Insights Help Products Solutions","Current page supports that this provider is presently associated with the merchant, but current listing is not treated as adoption date.",Tier 4,2026-08-09T21:28:28+00:00
M0099,REVOLVE,Zip,current_external_bnpl_page,zip.co,https://zip.co/us/shop/jewelry-accessories,,,,supports_bnpl_present,".S. purchases, and certain merchant, product, goods and service restrictions apply. All loans subject to credit approval. © 2026 'Quadpay', 'Zip', the 'Q Logo' and 'Zip' Logos, and all tag lines used in conjunction therewith including 'Any Store Split in 4' an",Current page mentions a BNPL-like provider outside the five-platform sample; timing still requires review.,Tier 2,2026-08-09T21:28:28+00:00
M0099,REVOLVE,Zip,current_webpage_error,www.revolve.com,https://www.revolve.com,,,,inconclusive,TimeoutError('The read operation timed out'),Technical error; not interpreted as evidence of BNPL absence.,technical_log,2026-08-09T21:28:28+00:00
M0099,REVOLVE,Sezzle,current_provider_or_merchant_page,sezzle.com,https://sezzle.com/shop/mens-clothing/,2026-08-06,,,supports_bnpl_present,Buy Now Pay Later for Men's Clothing with Sezzle Shop Women Activewear Clothing Jewelry & Accessories Shoes Swimwear Men Clothing,"Current page supports that this provider is presently associated with the merchant, but current listing is not treated as adoption date.",Tier 4,2026-08-09T21:28:28+00:00
M0099,REVOLVE,Sezzle,current_provider_or_merchant_page,sezzle.com,https://sezzle.com/shop/mens-jewelry-and-accessories/,2026-08-06,,,supports_bnpl_present,Buy Now Pay Later for Men's Jewelry & Accessories with Sezzle Shop Women Activewear Clothing Jewelry & Accessories Shoes Swimwear,"Current page supports that this provider is presently associated with the merchant, but current listing is not treated as adoption date.",Tier 4,2026-08-09T21:28:28+00:00
M0099,REVOLVE,Sezzle,current_provider_or_merchant_page,sezzle.com,https://sezzle.com/shop/mens-shoes/,2026-08-06,,,supports_bnpl_present,Buy Now Pay Later for Men's Shoes with Sezzle Shop Women Activewear Clothing Jewelry & Accessories Shoes Swimwear Men Clothing Jew,"Current page supports that this provider is presently associated with the merchant, but current listing is not treated as adoption date.",Tier 4,2026-08-09T21:28:28+00:00
M0099,REVOLVE,Sezzle,current_webpage_error,www.revolve.com,https://www.revolve.com,,,,inconclusive,TimeoutError('The read operation timed out'),Technical error; not interpreted as evidence of BNPL absence.,technical_log,2026-08-09T21:28:28+00:00
M0100,Sally Beauty,Klarna,current_provider_or_merchant_page,www.klarna.com,https://www.klarna.com/us/store/ef5a6c6e-b8d7-42cb-8e06-ae18727da361/sally-beauty/pay-with-klarna/,,,,supports_bnpl_present,https://www.klarna.com/us/store/ef5a6c6e-b8d7-42cb-8e06-ae18727da361/sally-beauty/pay-with-klarna/,"Current page supports that this provider is presently associated with the merchant, but current listing is not treated as adoption date.",Tier 4,2026-08-09T21:28:28+00:00
M0100,Sally Beauty,Klarna,current_provider_or_merchant_page,www.klarna.com,https://www.klarna.com/us/shopping/t/10/Health-Beauty/,,,,supports_bnpl_present,Compare Health & Beauty Prices on Klarna For shoppers For business Discover Klarna Shop App Help Show more Sign in Klarna / Shopping / All categories / Health & Bea,"Current page supports that this provider is presently associated with the merchant, but current listing is not treated as adoption date.",Tier 4,2026-08-09T21:28:28+00:00
M0100,Sally Beauty,Klarna,wayback_cdx_provider_directory,Internet Archive CDX,https://www.klarna.com/us/shopping/t/10/Health-Beauty/,,https://web.archive.org/web/20220917161909/https://www.klarna.com/us/shopping/t/10/Health-Beauty/,2022-09-17,supports_bnpl_present,Provider-specific URL first archived on 2022-09-17: https://www.klarna.com/us/shopping/t/10/Health-Beauty/,Provider-directory/listing URL observed in Wayback. Not used as exact adoption date without operational launch evidence.,Tier 4,2026-08-09T21:28:28+00:00
M0101,Scholastic,Zip,current_provider_or_merchant_page,zip.co,https://zip.co/us/shop/education,,,,supports_bnpl_present,"Buy Now, Pay Later Books & Online Courses | Zip Skip to main content Customers Business For Business How it works Shop stores Shop categories Insights Help Products Solutions","Current page supports that this provider is presently associated with the merchant, but current listing is not treated as adoption date.",Tier 4,2026-08-09T21:28:28+00:00
M0101,Scholastic,Zip,current_external_bnpl_page,zip.co,https://zip.co/us/shop/education,,,,supports_bnpl_present,".S. purchases, and certain merchant, product, goods and service restrictions apply. All loans subject to credit approval. © 2026 'Quadpay', 'Zip', the 'Q Logo' and 'Zip' Logos, and all tag lines used in conjunction therewith including 'Any Store Split in 4' an",Current page mentions a BNPL-like provider outside the five-platform sample; timing still requires review.,Tier 2,2026-08-09T21:28:28+00:00
M0101,Scholastic,Zip,wayback_cdx_provider_directory,Internet Archive CDX,https://zip.co/us/shop/education,,https://web.archive.org/web/20210923095214/https://zip.co/us/shop/education,2021-09-23,supports_bnpl_present,Provider-specific URL first archived on 2021-09-23: https://zip.co/us/shop/education,Provider-directory/listing URL observed in Wayback. Not used as exact adoption date without operational launch evidence.,Tier 4,2026-08-09T21:28:28+00:00
M0101,Scholastic,Zip,current_provider_or_merchant_page,zip.co,https://zip.co/us/shop/kids-babies,,,,supports_bnpl_present,"Buy Now, Pay Later Kids' Clothing | Zip Skip to main content Customers Business For Business How it works Shop stores Shop categories Insights Help Products Solutions","Current page supports that this provider is presently associated with the merchant, but current listing is not treated as adoption date.",Tier 4,2026-08-09T21:28:28+00:00
M0101,Scholastic,Zip,current_external_bnpl_page,zip.co,https://zip.co/us/shop/kids-babies,,,,supports_bnpl_present,".S. purchases, and certain merchant, product, goods and service restrictions apply. All loans subject to credit approval. © 2026 'Quadpay', 'Zip', the 'Q Logo' and 'Zip' Logos, and all tag lines used in conjunction therewith including 'Any Store Split in 4' an",Current page mentions a BNPL-like provider outside the five-platform sample; timing still requires review.,Tier 2,2026-08-09T21:28:28+00:00
M0102,Vivid Seats,Affirm,current_provider_or_merchant_page,www.affirm.com,https://www.affirm.com/shopping/events-experiences,2026-08-07,,,supports_bnpl_present,"Buy now pay later event tickets, experiences, and more | Affirm We're glad you're here! Would you like to see what Affirm offers i","Current page supports that this provider is presently associated with the merchant, but current listing is not treated as adoption date.",Tier 4,2026-08-09T21:28:28+00:00
M0102,Vivid Seats,Zip,current_provider_or_merchant_page,zip.co,https://zip.co/us/shop/travel-entertainment,,,,supports_bnpl_present,Buy Now Pay Later for Travel | Zip Skip to main content Customers Business For Business How it works Shop stores Shop categories I,"Current page supports that this provider is presently associated with the merchant, but current listing is not treated as adoption date.",Tier 4,2026-08-09T21:28:28+00:00
M0102,Vivid Seats,Zip,current_external_bnpl_page,zip.co,https://zip.co/us/shop/travel-entertainment,,,,supports_bnpl_present,".S. purchases, and certain merchant, product, goods and service restrictions apply. All loans subject to credit approval. © 2026 'Quadpay', 'Zip', the 'Q Logo' and 'Zip' Logos, and all tag lines used in conjunction therewith including 'Any Store Split in 4' an",Current page mentions a BNPL-like provider outside the five-platform sample; timing still requires review.,Tier 2,2026-08-09T21:28:28+00:00
M0102,Vivid Seats,Zip,wayback_cdx_provider_directory,Internet Archive CDX,https://zip.co/us/shop/travel-entertainment,,https://web.archive.org/web/20210921222020/https://zip.co/us/shop/travel-entertainment,2021-09-21,supports_bnpl_present,Provider-specific URL first archived on 2021-09-21: https://zip.co/us/shop/travel-entertainment,Provider-directory/listing URL observed in Wayback. Not used as exact adoption date without operational launch evidence.,Tier 4,2026-08-09T21:28:28+00:00
M0103,Stitch Fix,Afterpay,current_provider_or_merchant_page,www.afterpay.com,https://www.afterpay.com/en-US/categories/mens-clothing,,,,supports_bnpl_present,Men's clothing on Afterpay - Buy now pay later with Afterpay How Afterpay works All Categories For retailers Get the app Get $15 off No suggestions,"Current page supports that this provider is presently associated with the merchant, but current listing is not treated as adoption date.",Tier 4,2026-08-09T21:28:28+00:00
M0103,Stitch Fix,Afterpay,wayback_cdx_provider_directory,Internet Archive CDX,https://www.afterpay.com/en-US/categories/mens-clothing,,https://web.archive.org/web/20260226210648/https://www.afterpay.com/en-US/categories/mens-clothing,2026-02-26,supports_bnpl_present,Provider-specific URL first archived on 2026-02-26: https://www.afterpay.com/en-US/categories/mens-clothing,Provider-directory/listing URL observed in Wayback. Not used as exact adoption date without operational launch evidence.,Tier 4,2026-08-09T21:28:28+00:00
M0103,Stitch Fix,Afterpay,current_provider_or_merchant_page,www.afterpay.com,https://www.afterpay.com/en-US/categories/womens-clothing,,,,supports_bnpl_present,Fashion on Afterpay - Buy now pay later with Afterpay How Afterpay works All Categories For retailers Get the app Get $15 off No suggestions,"Current page supports that this provider is presently associated with the merchant, but current listing is not treated as adoption date.",Tier 4,2026-08-09T21:28:28+00:00
M0103,Stitch Fix,Afterpay,wayback_cdx_provider_directory,Internet Archive CDX,https://www.afterpay.com/en-US/categories/womens-clothing,,https://web.archive.org/web/20251127160840/https://www.afterpay.com/en-US/categories/womens-clothing,2025-11-27,supports_bnpl_present,Provider-specific URL first archived on 2025-11-27: https://www.afterpay.com/en-US/categories/womens-clothing,Provider-directory/listing URL observed in Wayback. Not used as exact adoption date without operational launch evidence.,Tier 4,2026-08-09T21:28:28+00:00
M0103,Stitch Fix,Afterpay,current_provider_or_merchant_page,www.stitchfix.com,https://www.stitchfix.com,,,,supports_bnpl_present,"ix order). Make your own picks, or let us do the shopping and get time back. Learn more about family accounts here . How do I use Buy Now Pay Later options? For eligible Fix and Freestyle purchases, we offer flexible Buy Now Pay Later options through our partn","Current page supports that this provider is presently associated with the merchant, but current listing is not treated as adoption date.",Tier 1,2026-08-09T21:28:28+00:00
M0104,SiriusXM,Zip,current_provider_or_merchant_page,zip.co,https://zip.co/us/shop/bills,,,,supports_bnpl_present,Pay your Bills with Zip in easy installments | Zip Skip to main content Customers Business For Business How it works Shop stores Shop categories Insig,"Current page supports that this provider is presently associated with the merchant, but current listing is not treated as adoption date.",Tier 4,2026-08-09T21:28:28+00:00
M0104,SiriusXM,Zip,current_external_bnpl_page,zip.co,https://zip.co/us/shop/bills,,,,supports_bnpl_present,".S. purchases, and certain merchant, product, goods and service restrictions apply. All loans subject to credit approval. © 2026 'Quadpay', 'Zip', the 'Q Logo' and 'Zip' Logos, and all tag lines used in conjunction therewith including 'Any Store Split in 4' an",Current page mentions a BNPL-like provider outside the five-platform sample; timing still requires review.,Tier 2,2026-08-09T21:28:28+00:00
M0104,SiriusXM,Zip,wayback_cdx_provider_directory,Internet Archive CDX,https://zip.co/us/shop/bills,,https://web.archive.org/web/20211109131115/https://zip.co/us/shop/bills,2021-11-09,supports_bnpl_present,Provider-specific URL first archived on 2021-11-09: https://zip.co/us/shop/bills,Provider-directory/listing URL observed in Wayback. Not used as exact adoption date without operational launch evidence.,Tier 4,2026-08-09T21:28:28+00:00
M0105,Samsonite,Zip,current_provider_or_merchant_page,zip.co,https://zip.co/us/shop/travel-entertainment,,,,supports_bnpl_present,Buy Now Pay Later for Travel | Zip Skip to main content Customers Business For Business How it works Shop stores Shop categories I,"Current page supports that this provider is presently associated with the merchant, but current listing is not treated as adoption date.",Tier 4,2026-08-09T21:28:28+00:00
M0105,Samsonite,Zip,current_external_bnpl_page,zip.co,https://zip.co/us/shop/travel-entertainment,,,,supports_bnpl_present,".S. purchases, and certain merchant, product, goods and service restrictions apply. All loans subject to credit approval. © 2026 'Quadpay', 'Zip', the 'Q Logo' and 'Zip' Logos, and all tag lines used in conjunction therewith including 'Any Store Split in 4' an",Current page mentions a BNPL-like provider outside the five-platform sample; timing still requires review.,Tier 2,2026-08-09T21:28:28+00:00
M0105,Samsonite,Zip,wayback_cdx_provider_directory,Internet Archive CDX,https://zip.co/us/shop/travel-entertainment,,https://web.archive.org/web/20210921222020/https://zip.co/us/shop/travel-entertainment,2021-09-21,supports_bnpl_present,Provider-specific URL first archived on 2021-09-21: https://zip.co/us/shop/travel-entertainment,Provider-directory/listing URL observed in Wayback. Not used as exact adoption date without operational launch evidence.,Tier 4,2026-08-09T21:28:28+00:00
M0105,Samsonite,Sezzle,current_provider_or_merchant_page,sezzle.com,https://sezzle.com/shop/mens-jewelry-and-accessories/,2026-08-06,,,supports_bnpl_present,Buy Now Pay Later for Men's Jewelry & Accessories with Sezzle Shop Women Activewear Clothing Jewelry & Accessories Shoes Swimwear,"Current page supports that this provider is presently associated with the merchant, but current listing is not treated as adoption date.",Tier 4,2026-08-09T21:28:28+00:00
M0105,Samsonite,Sezzle,current_provider_or_merchant_page,sezzle.com,https://sezzle.com/shop/womens-jewelry-and-accessories/,2026-08-06,,,supports_bnpl_present,Buy Now Pay Later for Women's Jewelry & Accessories with Sezzle Shop Women Activewear Clothing Jewelry & Accessories Shoes Swimwea,"Current page supports that this provider is presently associated with the merchant, but current listing is not treated as adoption date.",Tier 4,2026-08-09T21:28:28+00:00
M0106,SharkNinja,Affirm,current_provider_or_merchant_page,www.affirm.com,https://www.affirm.com/shopping/electronics,2026-08-07,,,supports_bnpl_present,"Buy now pay later electronics - Laptop, iPhone financing | Affirm We're glad you're here! Would you like to see what Affirm offers","Current page supports that this provider is presently associated with the merchant, but current listing is not treated as adoption date.",Tier 4,2026-08-09T21:28:28+00:00
M0106,SharkNinja,Affirm,wayback_cdx_provider_directory,Internet Archive CDX,https://www.affirm.com/shopping/electronics,,https://web.archive.org/web/20201129081111/https://www.affirm.com/shopping/electronics,2020-11-29,supports_bnpl_present,Provider-specific URL first archived on 2020-11-29: https://www.affirm.com/shopping/electronics,Provider-directory/listing URL observed in Wayback. Not used as exact adoption date without operational launch evidence.,Tier 4,2026-08-09T21:28:28+00:00
M0106,SharkNinja,Affirm,current_provider_or_merchant_page,www.affirm.com,https://www.affirm.com/shopping/home-and-furniture,2026-08-07,,,supports_bnpl_present,Furniture & mattress financing - buy now pay later | Affirm We're glad you're here! Would you like to see what Affirm offers in your region? Go to the page Stay he,"Current page supports that this provider is presently associated with the merchant, but current listing is not treated as adoption date.",Tier 4,2026-08-09T21:28:28+00:00
M0106,SharkNinja,Affirm,wayback_cdx_provider_directory,Internet Archive CDX,https://www.affirm.com/shopping/home-and-furniture,,https://web.archive.org/web/20201129073945/https://www.affirm.com/shopping/home-and-furniture,2020-11-29,supports_bnpl_present,Provider-specific URL first archived on 2020-11-29: https://www.affirm.com/shopping/home-and-furniture,Provider-directory/listing URL observed in Wayback. Not used as exact adoption date without operational launch evidence.,Tier 4,2026-08-09T21:28:28+00:00
M0107,Sonos,Affirm,current_provider_or_merchant_page,www.affirm.com,https://www.affirm.com/shopping/electronics,2026-08-07,,,supports_bnpl_present,"Buy now pay later electronics - Laptop, iPhone financing | Affirm We're glad you're here! Would you like to see what Affirm offers","Current page supports that this provider is presently associated with the merchant, but current listing is not treated as adoption date.",Tier 4,2026-08-09T21:28:28+00:00
M0107,Sonos,Affirm,wayback_cdx_provider_directory,Internet Archive CDX,https://www.affirm.com/shopping/electronics,,https://web.archive.org/web/20201129081111/https://www.affirm.com/shopping/electronics,2020-11-29,supports_bnpl_present,Provider-specific URL first archived on 2020-11-29: https://www.affirm.com/shopping/electronics,Provider-directory/listing URL observed in Wayback. Not used as exact adoption date without operational launch evidence.,Tier 4,2026-08-09T21:28:28+00:00
M0107,Sonos,Affirm,current_webpage_error,www.sonos.com,https://www.sonos.com,,,,inconclusive,<HTTPError 403: 'Forbidden'>,Technical error; not interpreted as evidence of BNPL absence.,technical_log,2026-08-09T21:28:28+00:00
M0107,Sonos,Klarna,current_provider_or_merchant_page,www.klarna.com,https://www.klarna.com/us/store/88864f2f-2eb0-4027-b46b-1ec836268549/sonos/pay-with-klarna/,,,,supports_bnpl_present,https://www.klarna.com/us/store/88864f2f-2eb0-4027-b46b-1ec836268549/sonos/pay-with-klarna/,"Current page supports that this provider is presently associated with the merchant, but current listing is not treated as adoption date.",Tier 4,2026-08-09T21:28:28+00:00
M0107,Sonos,Klarna,current_provider_or_merchant_page,www.klarna.com,https://www.klarna.com/us/shopping/t/1/TV-Audio/,,,,supports_bnpl_present,Compare TV & Audio Prices on Klarna For shoppers For business Discover Klarna Shop App Help Show more Sign in Klarna / Shopping / All categories / TV & Audio T,"Current page supports that this provider is presently associated with the merchant, but current listing is not treated as adoption date.",Tier 4,2026-08-09T21:28:28+00:00
M0107,Sonos,Klarna,wayback_cdx_provider_directory,Internet Archive CDX,https://www.klarna.com/us/shopping/t/1/TV-Audio/,,https://web.archive.org/web/20221002221314/https://www.klarna.com/us/shopping/t/1/TV-Audio/,2022-10-02,supports_bnpl_present,Provider-specific URL first archived on 2022-10-02: https://www.klarna.com/us/shopping/t/1/TV-Audio/,Provider-directory/listing URL observed in Wayback. Not used as exact adoption date without operational launch evidence.,Tier 4,2026-08-09T21:28:28+00:00
M0107,Sonos,Klarna,current_provider_or_merchant_page,www.klarna.com,https://www.klarna.com/us/shopping/t/17/Photography/,,,,supports_bnpl_present,Compare Photography Prices on Klarna For shoppers For business Discover Klarna Shop App Help Show more Sign in Klarna / Shopping / All categories / Photography,"Current page supports that this provider is presently associated with the merchant, but current listing is not treated as adoption date.",Tier 4,2026-08-09T21:28:28+00:00
M0107,Sonos,Klarna,wayback_cdx_provider_directory,Internet Archive CDX,https://www.klarna.com/us/shopping/t/17/Photography/,,https://web.archive.org/web/20220924102034/https://www.klarna.com/us/shopping/t/17/Photography/,2022-09-24,supports_bnpl_present,Provider-specific URL first archived on 2022-09-24: https://www.klarna.com/us/shopping/t/17/Photography/,Provider-directory/listing URL observed in Wayback. Not used as exact adoption date without operational launch evidence.,Tier 4,2026-08-09T21:28:28+00:00
M0107,Sonos,Klarna,current_webpage_error,www.sonos.com,https://www.sonos.com,,,,inconclusive,<HTTPError 403: 'Forbidden'>,Technical error; not interpreted as evidence of BNPL absence.,technical_log,2026-08-09T21:28:28+00:00
M0107,Sonos,Zip,current_provider_or_merchant_page,zip.co,https://zip.co/us/shop/appliances-electronics,,,,supports_bnpl_present,"Buy Now, Pay Later Electronics | Zip Skip to main content Customers Business For Business How it works Shop stores Shop categories Insights Help Products Solutions","Current page supports that this provider is presently associated with the merchant, but current listing is not treated as adoption date.",Tier 4,2026-08-09T21:28:28+00:00
M0107,Sonos,Zip,current_external_bnpl_page,zip.co,https://zip.co/us/shop/appliances-electronics,,,,supports_bnpl_present,".S. purchases, and certain merchant, product, goods and service restrictions apply. All loans subject to credit approval. © 2026 'Quadpay', 'Zip', the 'Q Logo' and 'Zip' Logos, and all tag lines used in conjunction therewith including 'Any Store Split in 4' an",Current page mentions a BNPL-like provider outside the five-platform sample; timing still requires review.,Tier 2,2026-08-09T21:28:28+00:00
M0107,Sonos,Zip,wayback_cdx_provider_directory,Internet Archive CDX,https://zip.co/us/shop/appliances-electronics,,https://web.archive.org/web/20210921224524/https://zip.co/us/shop/appliances-electronics,2021-09-21,supports_bnpl_present,Provider-specific URL first archived on 2021-09-21: https://zip.co/us/shop/appliances-electronics,Provider-directory/listing URL observed in Wayback. Not used as exact adoption date without operational launch evidence.,Tier 4,2026-08-09T21:28:28+00:00
M0107,Sonos,Zip,current_webpage_error,www.sonos.com,https://www.sonos.com,,,,inconclusive,<HTTPError 403: 'Forbidden'>,Technical error; not interpreted as evidence of BNPL absence.,technical_log,2026-08-09T21:28:28+00:00
M0108,Sony,Klarna,current_provider_or_merchant_page,www.klarna.com,https://www.klarna.com/us/store/32259fe2-0206-491c-8828-d553e08475ee/sony/pay-with-klarna/,,,,supports_bnpl_present,https://www.klarna.com/us/store/32259fe2-0206-491c-8828-d553e08475ee/sony/pay-with-klarna/,"Current page supports that this provider is presently associated with the merchant, but current listing is not treated as adoption date.",Tier 4,2026-08-09T21:28:28+00:00
M0108,Sony,Klarna,current_provider_or_merchant_page,www.klarna.com,https://www.klarna.com/us/shopping/t/1/TV-Audio/,,,,supports_bnpl_present,Compare TV & Audio Prices on Klarna For shoppers For business Discover Klarna Shop App Help Show more Sign in Klarna / Shopping / All categories / TV & Audio T,"Current page supports that this provider is presently associated with the merchant, but current listing is not treated as adoption date.",Tier 4,2026-08-09T21:28:28+00:00
M0108,Sony,Klarna,wayback_cdx_provider_directory,Internet Archive CDX,https://www.klarna.com/us/shopping/t/1/TV-Audio/,,https://web.archive.org/web/20221002221314/https://www.klarna.com/us/shopping/t/1/TV-Audio/,2022-10-02,supports_bnpl_present,Provider-specific URL first archived on 2022-10-02: https://www.klarna.com/us/shopping/t/1/TV-Audio/,Provider-directory/listing URL observed in Wayback. Not used as exact adoption date without operational launch evidence.,Tier 4,2026-08-09T21:28:28+00:00
M0108,Sony,Klarna,current_provider_or_merchant_page,www.klarna.com,https://www.klarna.com/us/shopping/t/17/Photography/,,,,supports_bnpl_present,Compare Photography Prices on Klarna For shoppers For business Discover Klarna Shop App Help Show more Sign in Klarna / Shopping / All categories / Photography,"Current page supports that this provider is presently associated with the merchant, but current listing is not treated as adoption date.",Tier 4,2026-08-09T21:28:28+00:00
M0108,Sony,Klarna,wayback_cdx_provider_directory,Internet Archive CDX,https://www.klarna.com/us/shopping/t/17/Photography/,,https://web.archive.org/web/20220924102034/https://www.klarna.com/us/shopping/t/17/Photography/,2022-09-24,supports_bnpl_present,Provider-specific URL first archived on 2022-09-24: https://www.klarna.com/us/shopping/t/17/Photography/,Provider-directory/listing URL observed in Wayback. Not used as exact adoption date without operational launch evidence.,Tier 4,2026-08-09T21:28:28+00:00
M0109,Spectrum,Klarna,current_provider_or_merchant_page,www.klarna.com,https://www.klarna.com/us/store/4ad96f24-9f03-4f38-b701-859d16a630a5/spectrum/pay-with-klarna/,,,,supports_bnpl_present,https://www.klarna.com/us/store/4ad96f24-9f03-4f38-b701-859d16a630a5/spectrum/pay-with-klarna/,"Current page supports that this provider is presently associated with the merchant, but current listing is not treated as adoption date.",Tier 4,2026-08-09T21:28:28+00:00
M0109,Spectrum,Klarna,current_provider_or_merchant_page,www.klarna.com,https://www.klarna.com/us/shopping/t/10/Health-Beauty/,,,,supports_bnpl_present,Compare Health & Beauty Prices on Klarna For shoppers For business Discover Klarna Shop App Help Show more Sign in Klarna / Shopping / All categories / Health & Bea,"Current page supports that this provider is presently associated with the merchant, but current listing is not treated as adoption date.",Tier 4,2026-08-09T21:28:28+00:00
M0109,Spectrum,Klarna,wayback_cdx_provider_directory,Internet Archive CDX,https://www.klarna.com/us/shopping/t/10/Health-Beauty/,,https://web.archive.org/web/20220917161909/https://www.klarna.com/us/shopping/t/10/Health-Beauty/,2022-09-17,supports_bnpl_present,Provider-specific URL first archived on 2022-09-17: https://www.klarna.com/us/shopping/t/10/Health-Beauty/,Provider-directory/listing URL observed in Wayback. Not used as exact adoption date without operational launch evidence.,Tier 4,2026-08-09T21:28:28+00:00
M0109,Spectrum,Klarna,current_webpage_error,www.spectrum.com,https://www.spectrum.com,,,,inconclusive,TimeoutError('The read operation timed out'),Technical error; not interpreted as evidence of BNPL absence.,technical_log,2026-08-09T21:28:28+00:00
M0109,Spectrum,Zip,current_provider_or_merchant_page,zip.co,https://zip.co/us/shop/bills,,,,supports_bnpl_present,Pay your Bills with Zip in easy installments | Zip Skip to main content Customers Business For Business How it works Shop stores Shop categories Insig,"Current page supports that this provider is presently associated with the merchant, but current listing is not treated as adoption date.",Tier 4,2026-08-09T21:28:28+00:00
M0109,Spectrum,Zip,current_external_bnpl_page,zip.co,https://zip.co/us/shop/bills,,,,supports_bnpl_present,".S. purchases, and certain merchant, product, goods and service restrictions apply. All loans subject to credit approval. © 2026 'Quadpay', 'Zip', the 'Q Logo' and 'Zip' Logos, and all tag lines used in conjunction therewith including 'Any Store Split in 4' an",Current page mentions a BNPL-like provider outside the five-platform sample; timing still requires review.,Tier 2,2026-08-09T21:28:28+00:00
M0109,Spectrum,Zip,wayback_cdx_provider_directory,Internet Archive CDX,https://zip.co/us/shop/bills,,https://web.archive.org/web/20211109131115/https://zip.co/us/shop/bills,2021-11-09,supports_bnpl_present,Provider-specific URL first archived on 2021-11-09: https://zip.co/us/shop/bills,Provider-directory/listing URL observed in Wayback. Not used as exact adoption date without operational launch evidence.,Tier 4,2026-08-09T21:28:28+00:00
M0109,Spectrum,Zip,current_provider_or_merchant_page,zip.co,https://zip.co/us/shop/shop-all,,,,supports_bnpl_present,"Buy Now, Pay Later Clothing, Shoes, Electronics | Zip Skip to main content Customers Business For Business How it works Shop stores Shop categories Insights Help Products Solutions","Current page supports that this provider is presently associated with the merchant, but current listing is not treated as adoption date.",Tier 4,2026-08-09T21:28:28+00:00
M0109,Spectrum,Zip,current_external_bnpl_page,zip.co,https://zip.co/us/shop/shop-all,,,,supports_bnpl_present,".S. purchases, and certain merchant, product, goods and service restrictions apply. All loans subject to credit approval. © 2026 'Quadpay', 'Zip', the 'Q Logo' and 'Zip' Logos, and all tag lines used in conjunction therewith including 'Any Store Split in 4' an",Current page mentions a BNPL-like provider outside the five-platform sample; timing still requires review.,Tier 2,2026-08-09T21:28:28+00:00
M0109,Spectrum,Zip,wayback_cdx_provider_directory,Internet Archive CDX,https://zip.co/us/shop/shop-all,,https://web.archive.org/web/20210921002020/https://zip.co/us/shop/shop-all,2021-09-21,supports_bnpl_present,Provider-specific URL first archived on 2021-09-21: https://zip.co/us/shop/shop-all,Provider-directory/listing URL observed in Wayback. Not used as exact adoption date without operational launch evidence.,Tier 4,2026-08-09T21:28:28+00:00
M0109,Spectrum,Zip,current_webpage_error,www.spectrum.com,https://www.spectrum.com,,,,inconclusive,TimeoutError('The read operation timed out'),Technical error; not interpreted as evidence of BNPL absence.,technical_log,2026-08-09T21:28:28+00:00
M0110,Sportsman's Warehouse,Sezzle,current_provider_or_merchant_page,sezzle.com,https://sezzle.com/shop/mens-clothing/,2026-08-06,,,supports_bnpl_present,Buy Now Pay Later for Men's Clothing with Sezzle Shop Women Activewear Clothing Jewelry & Accessories Shoes Swimwear Men Clothing,"Current page supports that this provider is presently associated with the merchant, but current listing is not treated as adoption date.",Tier 4,2026-08-09T21:28:28+00:00
M0110,Sportsman's Warehouse,Sezzle,current_provider_or_merchant_page,sezzle.com,https://sezzle.com/shop/mens-shoes/,2026-08-06,,,supports_bnpl_present,Buy Now Pay Later for Men's Shoes with Sezzle Shop Women Activewear Clothing Jewelry & Accessories Shoes Swimwear Men Clothing Jew,"Current page supports that this provider is presently associated with the merchant, but current listing is not treated as adoption date.",Tier 4,2026-08-09T21:28:28+00:00
M0110,Sportsman's Warehouse,Sezzle,current_provider_or_merchant_page,sezzle.com,https://sezzle.com/shop/outdoor-and-seasonal/,2026-08-06,,,supports_bnpl_present,Buy Now Pay Later for Outdoor & Seasonal with Sezzle Shop Women Activewear Clothing Jewelry & Accessories Shoes Swimwear Men Cloth,"Current page supports that this provider is presently associated with the merchant, but current listing is not treated as adoption date.",Tier 4,2026-08-09T21:28:28+00:00
M0110,Sportsman's Warehouse,Sezzle,current_webpage_error,www.sportsmans.com,https://www.sportsmans.com,,,,inconclusive,<HTTPError 403: 'Forbidden'>,Technical error; not interpreted as evidence of BNPL absence.,technical_log,2026-08-09T21:28:28+00:00
M0111,StubHub,Affirm,current_provider_or_merchant_page,www.affirm.com,https://www.affirm.com/shopping/events-experiences,2026-08-07,,,supports_bnpl_present,"Buy now pay later event tickets, experiences, and more | Affirm We're glad you're here! Would you like to see what Affirm offers i","Current page supports that this provider is presently associated with the merchant, but current listing is not treated as adoption date.",Tier 4,2026-08-09T21:28:28+00:00
M0111,StubHub,Affirm,current_webpage_error,afterpaytiles.ampxdirect.com,https://afterpaytiles.ampxdirect.com,,,,inconclusive,"URLError(gaierror(8, 'nodename nor servname provided, or not known'))",Technical error; not interpreted as evidence of BNPL absence.,technical_log,2026-08-09T21:28:28+00:00
M0111,StubHub,Klarna,current_provider_or_merchant_page,www.klarna.com,https://www.klarna.com/us/store/aeb86d68-e13c-4415-b23d-d721e246b1b0/stubhub/pay-with-klarna/,,,,supports_bnpl_present,https://www.klarna.com/us/store/aeb86d68-e13c-4415-b23d-d721e246b1b0/stubhub/pay-with-klarna/,"Current page supports that this provider is presently associated with the merchant, but current listing is not treated as adoption date.",Tier 4,2026-08-09T21:28:28+00:00
M0111,StubHub,Klarna,current_provider_or_merchant_page,www.klarna.com,https://www.klarna.com/us/shopping/t/1493/Toys-Hobbies/,,,,supports_bnpl_present,Compare Toys & Hobbies Prices on Klarna For shoppers For business Discover Klarna Shop App Help Show more Sign in Klarna / Shopping / All categories / Toys & Hobbi,"Current page supports that this provider is presently associated with the merchant, but current listing is not treated as adoption date.",Tier 4,2026-08-09T21:28:28+00:00
M0111,StubHub,Klarna,wayback_cdx_provider_directory,Internet Archive CDX,https://www.klarna.com/us/shopping/t/1493/Toys-Hobbies/,,https://web.archive.org/web/20220924101958/https://www.klarna.com/us/shopping/t/1493/Toys-Hobbies/,2022-09-24,supports_bnpl_present,Provider-specific URL first archived on 2022-09-24: https://www.klarna.com/us/shopping/t/1493/Toys-Hobbies/,Provider-directory/listing URL observed in Wayback. Not used as exact adoption date without operational launch evidence.,Tier 4,2026-08-09T21:28:28+00:00
M0111,StubHub,Klarna,current_provider_or_merchant_page,www.klarna.com,https://www.klarna.com/us/shopping/t/35/Kids-Family/,,,,supports_bnpl_present,Compare Kids & Family Prices on Klarna For shoppers For business Discover Klarna Shop App Help Show more Sign in Klarna / Shopping / All categories / Kids & Famil,"Current page supports that this provider is presently associated with the merchant, but current listing is not treated as adoption date.",Tier 4,2026-08-09T21:28:28+00:00
M0111,StubHub,Klarna,wayback_cdx_provider_directory,Internet Archive CDX,https://www.klarna.com/us/shopping/t/35/Kids-Family/,,https://web.archive.org/web/20220924102041/https://www.klarna.com/us/shopping/t/35/Kids-Family/,2022-09-24,supports_bnpl_present,Provider-specific URL first archived on 2022-09-24: https://www.klarna.com/us/shopping/t/35/Kids-Family/,Provider-directory/listing URL observed in Wayback. Not used as exact adoption date without operational launch evidence.,Tier 4,2026-08-09T21:28:28+00:00
M0111,StubHub,Klarna,current_webpage_error,afterpaytiles.ampxdirect.com,https://afterpaytiles.ampxdirect.com,,,,inconclusive,"URLError(gaierror(8, 'nodename nor servname provided, or not known'))",Technical error; not interpreted as evidence of BNPL absence.,technical_log,2026-08-09T21:28:28+00:00
M0111,StubHub,Afterpay,current_provider_or_merchant_page,www.afterpay.com,https://www.afterpay.com/en-US/categories/tickets,,,,supports_bnpl_present,Entertainment on Afterpay - Buy now pay later with Afterpay How Afterpay works All Categories For retailers Get the app Get $15 off No suggestions,"Current page supports that this provider is presently associated with the merchant, but current listing is not treated as adoption date.",Tier 4,2026-08-09T21:28:28+00:00
M0111,StubHub,Afterpay,current_webpage_error,afterpaytiles.ampxdirect.com,https://afterpaytiles.ampxdirect.com,,,,inconclusive,"URLError(gaierror(8, 'nodename nor servname provided, or not known'))",Technical error; not interpreted as evidence of BNPL absence.,technical_log,2026-08-09T21:28:28+00:00
M0112,AT&T,Zip,current_provider_or_merchant_page,zip.co,https://zip.co/us/shop/appliances-electronics,,,,supports_bnpl_present,"Buy Now, Pay Later Electronics | Zip Skip to main content Customers Business For Business How it works Shop stores Shop categories Insights Help Products Solutions","Current page supports that this provider is presently associated with the merchant, but current listing is not treated as adoption date.",Tier 4,2026-08-09T21:28:28+00:00
M0112,AT&T,Zip,current_external_bnpl_page,zip.co,https://zip.co/us/shop/appliances-electronics,,,,supports_bnpl_present,".S. purchases, and certain merchant, product, goods and service restrictions apply. All loans subject to credit approval. © 2026 'Quadpay', 'Zip', the 'Q Logo' and 'Zip' Logos, and all tag lines used in conjunction therewith including 'Any Store Split in 4' an",Current page mentions a BNPL-like provider outside the five-platform sample; timing still requires review.,Tier 2,2026-08-09T21:28:28+00:00
M0112,AT&T,Zip,wayback_cdx_provider_directory,Internet Archive CDX,https://zip.co/us/shop/appliances-electronics,,https://web.archive.org/web/20210921224524/https://zip.co/us/shop/appliances-electronics,2021-09-21,supports_bnpl_present,Provider-specific URL first archived on 2021-09-21: https://zip.co/us/shop/appliances-electronics,Provider-directory/listing URL observed in Wayback. Not used as exact adoption date without operational launch evidence.,Tier 4,2026-08-09T21:28:28+00:00
M0112,AT&T,Zip,current_provider_or_merchant_page,zip.co,https://zip.co/us/shop/bills,,,,supports_bnpl_present,Pay your Bills with Zip in easy installments | Zip Skip to main content Customers Business For Business How it works Shop stores Shop categories Insig,"Current page supports that this provider is presently associated with the merchant, but current listing is not treated as adoption date.",Tier 4,2026-08-09T21:28:28+00:00
M0112,AT&T,Zip,current_external_bnpl_page,zip.co,https://zip.co/us/shop/bills,,,,supports_bnpl_present,".S. purchases, and certain merchant, product, goods and service restrictions apply. All loans subject to credit approval. © 2026 'Quadpay', 'Zip', the 'Q Logo' and 'Zip' Logos, and all tag lines used in conjunction therewith including 'Any Store Split in 4' an",Current page mentions a BNPL-like provider outside the five-platform sample; timing still requires review.,Tier 2,2026-08-09T21:28:28+00:00
M0112,AT&T,Zip,wayback_cdx_provider_directory,Internet Archive CDX,https://zip.co/us/shop/bills,,https://web.archive.org/web/20211109131115/https://zip.co/us/shop/bills,2021-11-09,supports_bnpl_present,Provider-specific URL first archived on 2021-11-09: https://zip.co/us/shop/bills,Provider-directory/listing URL observed in Wayback. Not used as exact adoption date without operational launch evidence.,Tier 4,2026-08-09T21:28:28+00:00
M0112,AT&T,Zip,current_provider_or_merchant_page,zip.co,https://zip.co/us/shop/phones,,,,supports_bnpl_present,"Buy Now, Pay Later Phones | Zip Skip to main content Customers Business For Business How it works Shop stores Shop categories Insights Help Products Solutions","Current page supports that this provider is presently associated with the merchant, but current listing is not treated as adoption date.",Tier 4,2026-08-09T21:28:28+00:00
M0112,AT&T,Zip,current_external_bnpl_page,zip.co,https://zip.co/us/shop/phones,,,,supports_bnpl_present,".S. purchases, and certain merchant, product, goods and service restrictions apply. All loans subject to credit approval. © 2026 'Quadpay', 'Zip', the 'Q Logo' and 'Zip' Logos, and all tag lines used in conjunction therewith including 'Any Store Split in 4' an",Current page mentions a BNPL-like provider outside the five-platform sample; timing still requires review.,Tier 2,2026-08-09T21:28:28+00:00
M0112,AT&T,Zip,wayback_cdx_provider_directory,Internet Archive CDX,https://zip.co/us/shop/phones,,https://web.archive.org/web/20220625140916/https://zip.co/us/shop/phones,2022-06-25,supports_bnpl_present,Provider-specific URL first archived on 2022-06-25: https://zip.co/us/shop/phones,Provider-directory/listing URL observed in Wayback. Not used as exact adoption date without operational launch evidence.,Tier 4,2026-08-09T21:28:28+00:00
M0113,Turtle Beach,Sezzle,current_provider_or_merchant_page,sezzle.com,https://sezzle.com/shop/toys-and-games/,2026-08-06,,,supports_bnpl_present,Buy Now Pay Later for Toys & Games with Sezzle Shop Women Activewear Clothing Jewelry & Accessories Shoes Swimwear Men Clothing Je,"Current page supports that this provider is presently associated with the merchant, but current listing is not treated as adoption date.",Tier 4,2026-08-09T21:28:28+00:00
M0114,Trip.com,Affirm,current_provider_or_merchant_page,www.affirm.com,https://www.affirm.com/shopping/travel,2026-08-07,,,supports_bnpl_present,"Flights, travel, and vacation payment plans - travel financing | Affirm We're glad you're here! Would you like to see what Affirm offers in your region? Go to the page Stay here Skip to main cont","Current page supports that this provider is presently associated with the merchant, but current listing is not treated as adoption date.",Tier 4,2026-08-09T21:28:28+00:00
M0114,Trip.com,Affirm,wayback_cdx_provider_directory,Internet Archive CDX,https://www.affirm.com/shopping/travel,,https://web.archive.org/web/20201129065824/https://www.affirm.com/shopping/travel,2020-11-29,supports_bnpl_present,Provider-specific URL first archived on 2020-11-29: https://www.affirm.com/shopping/travel,Provider-directory/listing URL observed in Wayback. Not used as exact adoption date without operational launch evidence.,Tier 4,2026-08-09T21:28:28+00:00
M0114,Trip.com,Zip,current_provider_or_merchant_page,zip.co,https://zip.co/us/shop/hotels,,,,supports_bnpl_present,"Buy Now, Pay Later Hotels | Zip Skip to main content Customers Business For Business How it works Shop stores Shop categories Insights Help Products Solutions","Current page supports that this provider is presently associated with the merchant, but current listing is not treated as adoption date.",Tier 4,2026-08-09T21:28:28+00:00
M0114,Trip.com,Zip,current_external_bnpl_page,zip.co,https://zip.co/us/shop/hotels,,,,supports_bnpl_present,".S. purchases, and certain merchant, product, goods and service restrictions apply. All loans subject to credit approval. © 2026 'Quadpay', 'Zip', the 'Q Logo' and 'Zip' Logos, and all tag lines used in conjunction therewith including 'Any Store Split in 4' an",Current page mentions a BNPL-like provider outside the five-platform sample; timing still requires review.,Tier 2,2026-08-09T21:28:28+00:00
M0114,Trip.com,Zip,wayback_cdx_provider_directory,Internet Archive CDX,https://zip.co/us/shop/hotels,,https://web.archive.org/web/20220625144641/https://zip.co/us/shop/hotels,2022-06-25,supports_bnpl_present,Provider-specific URL first archived on 2022-06-25: https://zip.co/us/shop/hotels,Provider-directory/listing URL observed in Wayback. Not used as exact adoption date without operational launch evidence.,Tier 4,2026-08-09T21:28:28+00:00
M0114,Trip.com,Zip,current_provider_or_merchant_page,zip.co,https://zip.co/us/shop/travel-entertainment,,,,supports_bnpl_present,Buy Now Pay Later for Travel | Zip Skip to main content Customers Business For Business How it works Shop stores Shop categories I,"Current page supports that this provider is presently associated with the merchant, but current listing is not treated as adoption date.",Tier 4,2026-08-09T21:28:28+00:00
M0114,Trip.com,Zip,current_external_bnpl_page,zip.co,https://zip.co/us/shop/travel-entertainment,,,,supports_bnpl_present,".S. purchases, and certain merchant, product, goods and service restrictions apply. All loans subject to credit approval. © 2026 'Quadpay', 'Zip', the 'Q Logo' and 'Zip' Logos, and all tag lines used in conjunction therewith including 'Any Store Split in 4' an",Current page mentions a BNPL-like provider outside the five-platform sample; timing still requires review.,Tier 2,2026-08-09T21:28:28+00:00
M0114,Trip.com,Zip,wayback_cdx_provider_directory,Internet Archive CDX,https://zip.co/us/shop/travel-entertainment,,https://web.archive.org/web/20210921222020/https://zip.co/us/shop/travel-entertainment,2021-09-21,supports_bnpl_present,Provider-specific URL first archived on 2021-09-21: https://zip.co/us/shop/travel-entertainment,Provider-directory/listing URL observed in Wayback. Not used as exact adoption date without operational launch evidence.,Tier 4,2026-08-09T21:28:28+00:00
M0115,ThredUp,Klarna,current_provider_or_merchant_page,www.klarna.com,https://www.klarna.com/us/store/171a484e-abdb-43b2-8309-f830c91addfd/thredup/pay-with-klarna/,,,,supports_bnpl_present,https://www.klarna.com/us/store/171a484e-abdb-43b2-8309-f830c91addfd/thredup/pay-with-klarna/,"Current page supports that this provider is presently associated with the merchant, but current listing is not treated as adoption date.",Tier 4,2026-08-09T21:28:28+00:00
M0115,ThredUp,Klarna,current_provider_or_merchant_page,www.klarna.com,https://www.klarna.com/us/shopping/t/141/Clothing-Accessories/,,,,supports_bnpl_present,Compare Clothing & Accessories Prices on Klarna For shoppers For business Discover Klarna Shop App Help Show more Sign in Klarna / Shopping / All categories / Clothing & A,"Current page supports that this provider is presently associated with the merchant, but current listing is not treated as adoption date.",Tier 4,2026-08-09T21:28:28+00:00
M0115,ThredUp,Klarna,wayback_cdx_provider_directory,Internet Archive CDX,https://www.klarna.com/us/shopping/t/141/Clothing-Accessories/,,https://web.archive.org/web/20220924101952/https://www.klarna.com/us/shopping/t/141/Clothing-Accessories/,2022-09-24,supports_bnpl_present,Provider-specific URL first archived on 2022-09-24: https://www.klarna.com/us/shopping/t/141/Clothing-Accessories/,Provider-directory/listing URL observed in Wayback. Not used as exact adoption date without operational launch evidence.,Tier 4,2026-08-09T21:28:28+00:00
M0115,ThredUp,Klarna,current_webpage_error,www.thredup.com,https://www.thredup.com,,,,inconclusive,<HTTPError 403: 'Forbidden'>,Technical error; not interpreted as evidence of BNPL absence.,technical_log,2026-08-09T21:28:28+00:00
M0115,ThredUp,Afterpay,current_provider_or_merchant_page,www.afterpay.com,https://www.afterpay.com/en-US/categories/kids,,,,supports_bnpl_present,Kids & Baby on Afterpay - Buy now pay later with Afterpay How Afterpay works All Categories For retailers Get the app Get $15 off No suggestions,"Current page supports that this provider is presently associated with the merchant, but current listing is not treated as adoption date.",Tier 4,2026-08-09T21:28:28+00:00
M0115,ThredUp,Afterpay,current_provider_or_merchant_page,www.afterpay.com,https://www.afterpay.com/en-US/categories/mens-clothing,,,,supports_bnpl_present,Men's clothing on Afterpay - Buy now pay later with Afterpay How Afterpay works All Categories For retailers Get the app Get $15 off No suggestions,"Current page supports that this provider is presently associated with the merchant, but current listing is not treated as adoption date.",Tier 4,2026-08-09T21:28:28+00:00
M0115,ThredUp,Afterpay,wayback_cdx_provider_directory,Internet Archive CDX,https://www.afterpay.com/en-US/categories/mens-clothing,,https://web.archive.org/web/20260226210648/https://www.afterpay.com/en-US/categories/mens-clothing,2026-02-26,supports_bnpl_present,Provider-specific URL first archived on 2026-02-26: https://www.afterpay.com/en-US/categories/mens-clothing,Provider-directory/listing URL observed in Wayback. Not used as exact adoption date without operational launch evidence.,Tier 4,2026-08-09T21:28:28+00:00
M0115,ThredUp,Afterpay,current_provider_or_merchant_page,www.afterpay.com,https://www.afterpay.com/en-US/categories/womens-clothing,,,,supports_bnpl_present,Fashion on Afterpay - Buy now pay later with Afterpay How Afterpay works All Categories For retailers Get the app Get $15 off No suggestions,"Current page supports that this provider is presently associated with the merchant, but current listing is not treated as adoption date.",Tier 4,2026-08-09T21:28:28+00:00
M0115,ThredUp,Afterpay,wayback_cdx_provider_directory,Internet Archive CDX,https://www.afterpay.com/en-US/categories/womens-clothing,,https://web.archive.org/web/20251127160840/https://www.afterpay.com/en-US/categories/womens-clothing,2025-11-27,supports_bnpl_present,Provider-specific URL first archived on 2025-11-27: https://www.afterpay.com/en-US/categories/womens-clothing,Provider-directory/listing URL observed in Wayback. Not used as exact adoption date without operational launch evidence.,Tier 4,2026-08-09T21:28:28+00:00
M0115,ThredUp,Afterpay,current_webpage_error,www.thredup.com,https://www.thredup.com,,,,inconclusive,<HTTPError 403: 'Forbidden'>,Technical error; not interpreted as evidence of BNPL absence.,technical_log,2026-08-09T21:28:28+00:00
M0116,Target,Affirm,current_provider_or_merchant_page,www.affirm.com,https://www.affirm.com/shopping/apparel,2026-08-07,,,supports_bnpl_present,Buy now pay later men's and women's clothing | Affirm We're glad you're here! Would you like to see what Affirm offers in your reg,"Current page supports that this provider is presently associated with the merchant, but current listing is not treated as adoption date.",Tier 4,2026-08-09T21:28:28+00:00
M0116,Target,Affirm,current_provider_or_merchant_page,www.affirm.com,https://www.affirm.com/shopping/electronics,2026-08-07,,,supports_bnpl_present,"Buy now pay later electronics - Laptop, iPhone financing | Affirm We're glad you're here! Would you like to see what Affirm offers","Current page supports that this provider is presently associated with the merchant, but current listing is not treated as adoption date.",Tier 4,2026-08-09T21:28:28+00:00
M0116,Target,Affirm,wayback_cdx_provider_directory,Internet Archive CDX,https://www.affirm.com/shopping/electronics,,https://web.archive.org/web/20201129081111/https://www.affirm.com/shopping/electronics,2020-11-29,supports_bnpl_present,Provider-specific URL first archived on 2020-11-29: https://www.affirm.com/shopping/electronics,Provider-directory/listing URL observed in Wayback. Not used as exact adoption date without operational launch evidence.,Tier 4,2026-08-09T21:28:28+00:00
M0116,Target,Affirm,current_provider_or_merchant_page,www.affirm.com,https://www.affirm.com/shopping/home-and-furniture,2026-08-07,,,supports_bnpl_present,Furniture & mattress financing - buy now pay later | Affirm We're glad you're here! Would you like to see what Affirm offers in your region? Go to the page Stay he,"Current page supports that this provider is presently associated with the merchant, but current listing is not treated as adoption date.",Tier 4,2026-08-09T21:28:28+00:00
M0116,Target,Affirm,wayback_cdx_provider_directory,Internet Archive CDX,https://www.affirm.com/shopping/home-and-furniture,,https://web.archive.org/web/20201129073945/https://www.affirm.com/shopping/home-and-furniture,2020-11-29,supports_bnpl_present,Provider-specific URL first archived on 2020-11-29: https://www.affirm.com/shopping/home-and-furniture,Provider-directory/listing URL observed in Wayback. Not used as exact adoption date without operational launch evidence.,Tier 4,2026-08-09T21:28:28+00:00
M0116,Target,Klarna,current_provider_or_merchant_page,www.klarna.com,https://www.klarna.com/us/store/ef647377-cfb7-4b18-aa3a-5fd85dc1118c/target/pay-with-klarna/,,,,supports_bnpl_present,https://www.klarna.com/us/store/ef647377-cfb7-4b18-aa3a-5fd85dc1118c/target/pay-with-klarna/,"Current page supports that this provider is presently associated with the merchant, but current listing is not treated as adoption date.",Tier 4,2026-08-09T21:28:28+00:00
M0116,Target,Klarna,wayback_cdx_provider_directory,Internet Archive CDX,https://www.klarna.com/us/store/ef647377-cfb7-4b18-aa3a-5fd85dc1118c/target/pay-with-klarna/,,https://web.archive.org/web/20241223033806/https://www.klarna.com/us/store/ef647377-cfb7-4b18-aa3a-5fd85dc1118c/target/pay-with-klarna/,2024-12-23,supports_bnpl_present,Provider-specific URL first archived on 2024-12-23: https://www.klarna.com/us/store/ef647377-cfb7-4b18-aa3a-5fd85dc1118c/target/pay-with-klarna/,Provider-directory/listing URL observed in Wayback. Not used as exact adoption date without operational launch evidence.,Tier 4,2026-08-09T21:28:28+00:00
M0116,Target,Klarna,current_provider_or_merchant_page,www.klarna.com,https://www.klarna.com/us/shopping/t/1493/Toys-Hobbies/,,,,supports_bnpl_present,Compare Toys & Hobbies Prices on Klarna For shoppers For business Discover Klarna Shop App Help Show more Sign in Klarna / Shopping / All categories / Toys & Hobbi,"Current page supports that this provider is presently associated with the merchant, but current listing is not treated as adoption date.",Tier 4,2026-08-09T21:28:28+00:00
M0116,Target,Klarna,wayback_cdx_provider_directory,Internet Archive CDX,https://www.klarna.com/us/shopping/t/1493/Toys-Hobbies/,,https://web.archive.org/web/20220924101958/https://www.klarna.com/us/shopping/t/1493/Toys-Hobbies/,2022-09-24,supports_bnpl_present,Provider-specific URL first archived on 2022-09-24: https://www.klarna.com/us/shopping/t/1493/Toys-Hobbies/,Provider-directory/listing URL observed in Wayback. Not used as exact adoption date without operational launch evidence.,Tier 4,2026-08-09T21:28:28+00:00
M0116,Target,Klarna,current_provider_or_merchant_page,www.klarna.com,https://www.klarna.com/us/shopping/t/35/Kids-Family/,,,,supports_bnpl_present,Compare Kids & Family Prices on Klarna For shoppers For business Discover Klarna Shop App Help Show more Sign in Klarna / Shopping / All categories / Kids & Famil,"Current page supports that this provider is presently associated with the merchant, but current listing is not treated as adoption date.",Tier 4,2026-08-09T21:28:28+00:00
M0116,Target,Klarna,wayback_cdx_provider_directory,Internet Archive CDX,https://www.klarna.com/us/shopping/t/35/Kids-Family/,,https://web.archive.org/web/20220924102041/https://www.klarna.com/us/shopping/t/35/Kids-Family/,2022-09-24,supports_bnpl_present,Provider-specific URL first archived on 2022-09-24: https://www.klarna.com/us/shopping/t/35/Kids-Family/,Provider-directory/listing URL observed in Wayback. Not used as exact adoption date without operational launch evidence.,Tier 4,2026-08-09T21:28:28+00:00
M0116,Target,Zip,current_provider_or_merchant_page,zip.co,https://zip.co/us/shop/appliances-electronics,,,,supports_bnpl_present,"Buy Now, Pay Later Electronics | Zip Skip to main content Customers Business For Business How it works Shop stores Shop categories Insights Help Products Solutions","Current page supports that this provider is presently associated with the merchant, but current listing is not treated as adoption date.",Tier 4,2026-08-09T21:28:28+00:00
M0116,Target,Zip,current_external_bnpl_page,zip.co,https://zip.co/us/shop/appliances-electronics,,,,supports_bnpl_present,".S. purchases, and certain merchant, product, goods and service restrictions apply. All loans subject to credit approval. © 2026 'Quadpay', 'Zip', the 'Q Logo' and 'Zip' Logos, and all tag lines used in conjunction therewith including 'Any Store Split in 4' an",Current page mentions a BNPL-like provider outside the five-platform sample; timing still requires review.,Tier 2,2026-08-09T21:28:28+00:00
M0116,Target,Zip,wayback_cdx_provider_directory,Internet Archive CDX,https://zip.co/us/shop/appliances-electronics,,https://web.archive.org/web/20210921224524/https://zip.co/us/shop/appliances-electronics,2021-09-21,supports_bnpl_present,Provider-specific URL first archived on 2021-09-21: https://zip.co/us/shop/appliances-electronics,Provider-directory/listing URL observed in Wayback. Not used as exact adoption date without operational launch evidence.,Tier 4,2026-08-09T21:28:28+00:00
M0116,Target,Zip,current_provider_or_merchant_page,zip.co,https://zip.co/us/shop/education,,,,supports_bnpl_present,"Buy Now, Pay Later Books & Online Courses | Zip Skip to main content Customers Business For Business How it works Shop stores Shop categories Insights Help Products Solutions","Current page supports that this provider is presently associated with the merchant, but current listing is not treated as adoption date.",Tier 4,2026-08-09T21:28:28+00:00
M0116,Target,Zip,current_external_bnpl_page,zip.co,https://zip.co/us/shop/education,,,,supports_bnpl_present,".S. purchases, and certain merchant, product, goods and service restrictions apply. All loans subject to credit approval. © 2026 'Quadpay', 'Zip', the 'Q Logo' and 'Zip' Logos, and all tag lines used in conjunction therewith including 'Any Store Split in 4' an",Current page mentions a BNPL-like provider outside the five-platform sample; timing still requires review.,Tier 2,2026-08-09T21:28:28+00:00
M0116,Target,Zip,wayback_cdx_provider_directory,Internet Archive CDX,https://zip.co/us/shop/education,,https://web.archive.org/web/20210923095214/https://zip.co/us/shop/education,2021-09-23,supports_bnpl_present,Provider-specific URL first archived on 2021-09-23: https://zip.co/us/shop/education,Provider-directory/listing URL observed in Wayback. Not used as exact adoption date without operational launch evidence.,Tier 4,2026-08-09T21:28:28+00:00
M0116,Target,Zip,current_provider_or_merchant_page,zip.co,https://zip.co/us/shop/food-beverage,,,,supports_bnpl_present,"Buy Now, Pay Later Food & Groceries | Zip Skip to main content Customers Business For Business How it works Shop stores Shop categories Insights Help Products Solutions","Current page supports that this provider is presently associated with the merchant, but current listing is not treated as adoption date.",Tier 4,2026-08-09T21:28:28+00:00
M0116,Target,Zip,current_external_bnpl_page,zip.co,https://zip.co/us/shop/food-beverage,,,,supports_bnpl_present,".S. purchases, and certain merchant, product, goods and service restrictions apply. All loans subject to credit approval. © 2026 'Quadpay', 'Zip', the 'Q Logo' and 'Zip' Logos, and all tag lines used in conjunction therewith including 'Any Store Split in 4' an",Current page mentions a BNPL-like provider outside the five-platform sample; timing still requires review.,Tier 2,2026-08-09T21:28:28+00:00
M0116,Target,Sezzle,current_provider_or_merchant_page,sezzle.com,https://sezzle.com/shop/toys-and-games/,2026-08-06,,,supports_bnpl_present,Buy Now Pay Later for Toys & Games with Sezzle Shop Women Activewear Clothing Jewelry & Accessories Shoes Swimwear Men Clothing Je,"Current page supports that this provider is presently associated with the merchant, but current listing is not treated as adoption date.",Tier 4,2026-08-09T21:28:28+00:00
M0116,Target,Sezzle,current_provider_or_merchant_page,sezzle.com,https://sezzle.com/shop/womens-shoes/,2026-08-06,,,supports_bnpl_present,Buy Now Pay Later for Women's Shoes with Sezzle Shop Women Activewear Clothing Jewelry & Accessories Shoes Swimwear Men Clothing J,"Current page supports that this provider is presently associated with the merchant, but current listing is not treated as adoption date.",Tier 4,2026-08-09T21:28:28+00:00
M0117,Tilly's,Klarna,current_provider_or_merchant_page,www.klarna.com,https://www.klarna.com/us/store/ac499013-60f9-49e4-8244-17558943db2a/tillys/pay-with-klarna/,,,,supports_bnpl_present,https://www.klarna.com/us/store/ac499013-60f9-49e4-8244-17558943db2a/tillys/pay-with-klarna/,"Current page supports that this provider is presently associated with the merchant, but current listing is not treated as adoption date.",Tier 4,2026-08-09T21:28:28+00:00
M0117,Tilly's,Klarna,current_provider_or_merchant_page,www.klarna.com,https://www.klarna.com/us/shopping/t/141/Clothing-Accessories/,,,,supports_bnpl_present,Compare Clothing & Accessories Prices on Klarna For shoppers For business Discover Klarna Shop App Help Show more Sign in Klarna / Shopping / All categories / Clothing & A,"Current page supports that this provider is presently associated with the merchant, but current listing is not treated as adoption date.",Tier 4,2026-08-09T21:28:28+00:00
M0117,Tilly's,Klarna,wayback_cdx_provider_directory,Internet Archive CDX,https://www.klarna.com/us/shopping/t/141/Clothing-Accessories/,,https://web.archive.org/web/20220924101952/https://www.klarna.com/us/shopping/t/141/Clothing-Accessories/,2022-09-24,supports_bnpl_present,Provider-specific URL first archived on 2022-09-24: https://www.klarna.com/us/shopping/t/141/Clothing-Accessories/,Provider-directory/listing URL observed in Wayback. Not used as exact adoption date without operational launch evidence.,Tier 4,2026-08-09T21:28:28+00:00
M0117,Tilly's,Klarna,current_webpage_error,www.tillys.com,https://www.tillys.com,,,,inconclusive,<HTTPError 403: 'Forbidden'>,Technical error; not interpreted as evidence of BNPL absence.,technical_log,2026-08-09T21:28:28+00:00
M0117,Tilly's,Afterpay,current_provider_or_merchant_page,www.afterpay.com,https://www.afterpay.com/en-US/categories/kids,,,,supports_bnpl_present,Kids & Baby on Afterpay - Buy now pay later with Afterpay How Afterpay works All Categories For retailers Get the app Get $15 off No suggestions,"Current page supports that this provider is presently associated with the merchant, but current listing is not treated as adoption date.",Tier 4,2026-08-09T21:28:28+00:00
M0117,Tilly's,Afterpay,current_provider_or_merchant_page,www.afterpay.com,https://www.afterpay.com/en-US/categories/mens-clothing,,,,supports_bnpl_present,Men's clothing on Afterpay - Buy now pay later with Afterpay How Afterpay works All Categories For retailers Get the app Get $15 off No suggestions,"Current page supports that this provider is presently associated with the merchant, but current listing is not treated as adoption date.",Tier 4,2026-08-09T21:28:28+00:00
M0117,Tilly's,Afterpay,wayback_cdx_provider_directory,Internet Archive CDX,https://www.afterpay.com/en-US/categories/mens-clothing,,https://web.archive.org/web/20260226210648/https://www.afterpay.com/en-US/categories/mens-clothing,2026-02-26,supports_bnpl_present,Provider-specific URL first archived on 2026-02-26: https://www.afterpay.com/en-US/categories/mens-clothing,Provider-directory/listing URL observed in Wayback. Not used as exact adoption date without operational launch evidence.,Tier 4,2026-08-09T21:28:28+00:00
M0117,Tilly's,Afterpay,current_provider_or_merchant_page,www.afterpay.com,https://www.afterpay.com/en-US/categories/womens-clothing,,,,supports_bnpl_present,Fashion on Afterpay - Buy now pay later with Afterpay How Afterpay works All Categories For retailers Get the app Get $15 off No suggestions,"Current page supports that this provider is presently associated with the merchant, but current listing is not treated as adoption date.",Tier 4,2026-08-09T21:28:28+00:00
M0117,Tilly's,Afterpay,wayback_cdx_provider_directory,Internet Archive CDX,https://www.afterpay.com/en-US/categories/womens-clothing,,https://web.archive.org/web/20251127160840/https://www.afterpay.com/en-US/categories/womens-clothing,2025-11-27,supports_bnpl_present,Provider-specific URL first archived on 2025-11-27: https://www.afterpay.com/en-US/categories/womens-clothing,Provider-directory/listing URL observed in Wayback. Not used as exact adoption date without operational launch evidence.,Tier 4,2026-08-09T21:28:28+00:00
M0117,Tilly's,Afterpay,current_webpage_error,www.tillys.com,https://www.tillys.com,,,,inconclusive,<HTTPError 403: 'Forbidden'>,Technical error; not interpreted as evidence of BNPL absence.,technical_log,2026-08-09T21:28:28+00:00
M0117,Tilly's,Sezzle,current_provider_or_merchant_page,sezzle.com,https://sezzle.com/shop/mens-clothing/,2026-08-06,,,supports_bnpl_present,Buy Now Pay Later for Men's Clothing with Sezzle Shop Women Activewear Clothing Jewelry & Accessories Shoes Swimwear Men Clothing,"Current page supports that this provider is presently associated with the merchant, but current listing is not treated as adoption date.",Tier 4,2026-08-09T21:28:28+00:00
M0117,Tilly's,Sezzle,current_provider_or_merchant_page,sezzle.com,https://sezzle.com/shop/mens-shoes/,2026-08-06,,,supports_bnpl_present,Buy Now Pay Later for Men's Shoes with Sezzle Shop Women Activewear Clothing Jewelry & Accessories Shoes Swimwear Men Clothing Jew,"Current page supports that this provider is presently associated with the merchant, but current listing is not treated as adoption date.",Tier 4,2026-08-09T21:28:28+00:00
M0117,Tilly's,Sezzle,current_provider_or_merchant_page,sezzle.com,https://sezzle.com/shop/outdoor/,2026-08-06,,,supports_bnpl_present,Buy Now Pay Later for Outdoors with Sezzle Shop Women Activewear Clothing Jewelry & Accessories Shoes Swimwear Men Clothing Jewelr,"Current page supports that this provider is presently associated with the merchant, but current listing is not treated as adoption date.",Tier 4,2026-08-09T21:28:28+00:00
M0117,Tilly's,Sezzle,current_webpage_error,www.tillys.com,https://www.tillys.com,,,,inconclusive,<HTTPError 403: 'Forbidden'>,Technical error; not interpreted as evidence of BNPL absence.,technical_log,2026-08-09T21:28:28+00:00
M0118,Coach,Affirm,current_provider_or_merchant_page,www.affirm.com,https://www.affirm.com/shopping/accessories,2026-08-07,,,supports_bnpl_present,Financing jewelry and watches - buy now pay later accessories | Affirm We're glad you're here! Would you like to see what Affirm offers in your region? Go to the,"Current page supports that this provider is presently associated with the merchant, but current listing is not treated as adoption date.",Tier 4,2026-08-09T21:28:28+00:00
M0118,Coach,Affirm,current_provider_or_merchant_page,www.affirm.com,https://www.affirm.com/shopping/apparel,2026-08-07,,,supports_bnpl_present,Buy now pay later men's and women's clothing | Affirm We're glad you're here! Would you like to see what Affirm offers in your reg,"Current page supports that this provider is presently associated with the merchant, but current listing is not treated as adoption date.",Tier 4,2026-08-09T21:28:28+00:00
M0118,Coach,Affirm,current_webpage_error,www.coach.com,https://www.coach.com,,,,inconclusive,<HTTPError 403: 'Forbidden'>,Technical error; not interpreted as evidence of BNPL absence.,technical_log,2026-08-09T21:28:28+00:00
M0118,Coach,Afterpay,current_provider_or_merchant_page,www.afterpay.com,https://www.afterpay.com/en-US/categories/womens-clothing,,,,supports_bnpl_present,Fashion on Afterpay - Buy now pay later with Afterpay How Afterpay works All Categories For retailers Get the app Get $15 off No suggestions,"Current page supports that this provider is presently associated with the merchant, but current listing is not treated as adoption date.",Tier 4,2026-08-09T21:28:28+00:00
M0118,Coach,Afterpay,wayback_cdx_provider_directory,Internet Archive CDX,https://www.afterpay.com/en-US/categories/womens-clothing,,https://web.archive.org/web/20251127160840/https://www.afterpay.com/en-US/categories/womens-clothing,2025-11-27,supports_bnpl_present,Provider-specific URL first archived on 2025-11-27: https://www.afterpay.com/en-US/categories/womens-clothing,Provider-directory/listing URL observed in Wayback. Not used as exact adoption date without operational launch evidence.,Tier 4,2026-08-09T21:28:28+00:00
M0118,Coach,Afterpay,current_webpage_error,www.coach.com,https://www.coach.com,,,,inconclusive,<HTTPError 403: 'Forbidden'>,Technical error; not interpreted as evidence of BNPL absence.,technical_log,2026-08-09T21:28:28+00:00
M0118,Coach,Zip,current_provider_or_merchant_page,zip.co,https://zip.co/us/shop/jewelry-accessories,,,,supports_bnpl_present,"Buy Now, Pay Later Jewelry | Zip Skip to main content Customers Business For Business How it works Shop stores Shop categories Insights Help Products Solutions","Current page supports that this provider is presently associated with the merchant, but current listing is not treated as adoption date.",Tier 4,2026-08-09T21:28:28+00:00
M0118,Coach,Zip,current_external_bnpl_page,zip.co,https://zip.co/us/shop/jewelry-accessories,,,,supports_bnpl_present,".S. purchases, and certain merchant, product, goods and service restrictions apply. All loans subject to credit approval. © 2026 'Quadpay', 'Zip', the 'Q Logo' and 'Zip' Logos, and all tag lines used in conjunction therewith including 'Any Store Split in 4' an",Current page mentions a BNPL-like provider outside the five-platform sample; timing still requires review.,Tier 2,2026-08-09T21:28:28+00:00
M0118,Coach,Zip,current_webpage_error,www.coach.com,https://www.coach.com,,,,inconclusive,<HTTPError 403: 'Forbidden'>,Technical error; not interpreted as evidence of BNPL absence.,technical_log,2026-08-09T21:28:28+00:00
M0119,Coach Outlet,Affirm,current_provider_or_merchant_page,www.affirm.com,https://www.affirm.com/shopping/accessories,2026-08-07,,,supports_bnpl_present,Financing jewelry and watches - buy now pay later accessories | Affirm We're glad you're here! Would you like to see what Affirm offers in your region? Go to the,"Current page supports that this provider is presently associated with the merchant, but current listing is not treated as adoption date.",Tier 4,2026-08-09T21:28:28+00:00
M0119,Coach Outlet,Affirm,current_webpage_error,www.coachoutlet.com,https://www.coachoutlet.com,,,,inconclusive,<HTTPError 403: 'Forbidden'>,Technical error; not interpreted as evidence of BNPL absence.,technical_log,2026-08-09T21:28:28+00:00
M0119,Coach Outlet,Klarna,current_provider_or_merchant_page,www.klarna.com,https://www.klarna.com/us/store/a4c90e97-c458-486a-aaaa-93db1f4de922/coach-outlet/pay-with-klarna/,,,,supports_bnpl_present,https://www.klarna.com/us/store/a4c90e97-c458-486a-aaaa-93db1f4de922/coach-outlet/pay-with-klarna/,"Current page supports that this provider is presently associated with the merchant, but current listing is not treated as adoption date.",Tier 4,2026-08-09T21:28:28+00:00
M0119,Coach Outlet,Klarna,wayback_cdx_provider_directory,Internet Archive CDX,https://www.klarna.com/us/store/a4c90e97-c458-486a-aaaa-93db1f4de922/coach-outlet/pay-with-klarna/,,https://web.archive.org/web/20241218173802/https://www.klarna.com/us/store/a4c90e97-c458-486a-aaaa-93db1f4de922/coach-outlet/pay-with-klarna/,2024-12-18,supports_bnpl_present,Provider-specific URL first archived on 2024-12-18: https://www.klarna.com/us/store/a4c90e97-c458-486a-aaaa-93db1f4de922/coach-outlet/pay-with-klarna/,Provider-directory/listing URL observed in Wayback. Not used as exact adoption date without operational launch evidence.,Tier 4,2026-08-09T21:28:28+00:00
M0119,Coach Outlet,Klarna,current_provider_or_merchant_page,www.klarna.com,https://www.klarna.com/us/shopping/t/141/Clothing-Accessories/,,,,supports_bnpl_present,Compare Clothing & Accessories Prices on Klarna For shoppers For business Discover Klarna Shop App Help Show more Sign in Klarna / Shopping / All categories / Clothing & A,"Current page supports that this provider is presently associated with the merchant, but current listing is not treated as adoption date.",Tier 4,2026-08-09T21:28:28+00:00
M0119,Coach Outlet,Klarna,wayback_cdx_provider_directory,Internet Archive CDX,https://www.klarna.com/us/shopping/t/141/Clothing-Accessories/,,https://web.archive.org/web/20220924101952/https://www.klarna.com/us/shopping/t/141/Clothing-Accessories/,2022-09-24,supports_bnpl_present,Provider-specific URL first archived on 2022-09-24: https://www.klarna.com/us/shopping/t/141/Clothing-Accessories/,Provider-directory/listing URL observed in Wayback. Not used as exact adoption date without operational launch evidence.,Tier 4,2026-08-09T21:28:28+00:00
M0119,Coach Outlet,Klarna,current_webpage_error,www.coachoutlet.com,https://www.coachoutlet.com,,,,inconclusive,<HTTPError 403: 'Forbidden'>,Technical error; not interpreted as evidence of BNPL absence.,technical_log,2026-08-09T21:28:28+00:00
M0119,Coach Outlet,Afterpay,current_provider_or_merchant_page,www.afterpay.com,https://www.afterpay.com/en-US/categories/womens-clothing,,,,supports_bnpl_present,Fashion on Afterpay - Buy now pay later with Afterpay How Afterpay works All Categories For retailers Get the app Get $15 off No suggestions,"Current page supports that this provider is presently associated with the merchant, but current listing is not treated as adoption date.",Tier 4,2026-08-09T21:28:28+00:00
M0119,Coach Outlet,Afterpay,wayback_cdx_provider_directory,Internet Archive CDX,https://www.afterpay.com/en-US/categories/womens-clothing,,https://web.archive.org/web/20251127160840/https://www.afterpay.com/en-US/categories/womens-clothing,2025-11-27,supports_bnpl_present,Provider-specific URL first archived on 2025-11-27: https://www.afterpay.com/en-US/categories/womens-clothing,Provider-directory/listing URL observed in Wayback. Not used as exact adoption date without operational launch evidence.,Tier 4,2026-08-09T21:28:28+00:00
M0119,Coach Outlet,Afterpay,current_webpage_error,www.coachoutlet.com,https://www.coachoutlet.com,,,,inconclusive,<HTTPError 403: 'Forbidden'>,Technical error; not interpreted as evidence of BNPL absence.,technical_log,2026-08-09T21:28:28+00:00
M0119,Coach Outlet,Zip,current_provider_or_merchant_page,zip.co,https://zip.co/us/shop/jewelry-accessories,,,,supports_bnpl_present,"Buy Now, Pay Later Jewelry | Zip Skip to main content Customers Business For Business How it works Shop stores Shop categories Insights Help Products Solutions","Current page supports that this provider is presently associated with the merchant, but current listing is not treated as adoption date.",Tier 4,2026-08-09T21:28:28+00:00
M0119,Coach Outlet,Zip,current_external_bnpl_page,zip.co,https://zip.co/us/shop/jewelry-accessories,,,,supports_bnpl_present,".S. purchases, and certain merchant, product, goods and service restrictions apply. All loans subject to credit approval. © 2026 'Quadpay', 'Zip', the 'Q Logo' and 'Zip' Logos, and all tag lines used in conjunction therewith including 'Any Store Split in 4' an",Current page mentions a BNPL-like provider outside the five-platform sample; timing still requires review.,Tier 2,2026-08-09T21:28:28+00:00
M0119,Coach Outlet,Zip,current_webpage_error,www.coachoutlet.com,https://www.coachoutlet.com,,,,inconclusive,<HTTPError 403: 'Forbidden'>,Technical error; not interpreted as evidence of BNPL absence.,technical_log,2026-08-09T21:28:28+00:00
M0120,Kate Spade,Affirm,current_provider_or_merchant_page,www.affirm.com,https://www.affirm.com/shopping/accessories,2026-08-07,,,supports_bnpl_present,Financing jewelry and watches - buy now pay later accessories | Affirm We're glad you're here! Would you like to see what Affirm offers in your region? Go to the,"Current page supports that this provider is presently associated with the merchant, but current listing is not treated as adoption date.",Tier 4,2026-08-09T21:28:28+00:00
M0120,Kate Spade,Affirm,current_provider_or_merchant_page,www.affirm.com,https://www.affirm.com/shopping/apparel,2026-08-07,,,supports_bnpl_present,Buy now pay later men's and women's clothing | Affirm We're glad you're here! Would you like to see what Affirm offers in your reg,"Current page supports that this provider is presently associated with the merchant, but current listing is not treated as adoption date.",Tier 4,2026-08-09T21:28:28+00:00
M0120,Kate Spade,Affirm,current_webpage_error,www.katespade.com,https://www.katespade.com,,,,inconclusive,<HTTPError 403: 'Forbidden'>,Technical error; not interpreted as evidence of BNPL absence.,technical_log,2026-08-09T21:28:28+00:00
M0120,Kate Spade,Klarna,current_provider_or_merchant_page,www.klarna.com,https://www.klarna.com/us/store/f23def2b-2501-483b-a106-9203a337acaa/kate-spade/pay-with-klarna/,,,,supports_bnpl_present,https://www.klarna.com/us/store/f23def2b-2501-483b-a106-9203a337acaa/kate-spade/pay-with-klarna/,"Current page supports that this provider is presently associated with the merchant, but current listing is not treated as adoption date.",Tier 4,2026-08-09T21:28:28+00:00
M0120,Kate Spade,Klarna,current_provider_or_merchant_page,www.klarna.com,https://www.klarna.com/us/shopping/t/141/Clothing-Accessories/,,,,supports_bnpl_present,Compare Clothing & Accessories Prices on Klarna For shoppers For business Discover Klarna Shop App Help Show more Sign in Klarna / Shopping / All categories / Clothing & A,"Current page supports that this provider is presently associated with the merchant, but current listing is not treated as adoption date.",Tier 4,2026-08-09T21:28:28+00:00
M0120,Kate Spade,Klarna,wayback_cdx_provider_directory,Internet Archive CDX,https://www.klarna.com/us/shopping/t/141/Clothing-Accessories/,,https://web.archive.org/web/20220924101952/https://www.klarna.com/us/shopping/t/141/Clothing-Accessories/,2022-09-24,supports_bnpl_present,Provider-specific URL first archived on 2022-09-24: https://www.klarna.com/us/shopping/t/141/Clothing-Accessories/,Provider-directory/listing URL observed in Wayback. Not used as exact adoption date without operational launch evidence.,Tier 4,2026-08-09T21:28:28+00:00
M0120,Kate Spade,Klarna,current_webpage_error,www.katespade.com,https://www.katespade.com,,,,inconclusive,<HTTPError 403: 'Forbidden'>,Technical error; not interpreted as evidence of BNPL absence.,technical_log,2026-08-09T21:28:28+00:00
M0120,Kate Spade,Afterpay,current_provider_or_merchant_page,www.afterpay.com,https://www.afterpay.com/en-US/categories/womens-clothing,,,,supports_bnpl_present,Fashion on Afterpay - Buy now pay later with Afterpay How Afterpay works All Categories For retailers Get the app Get $15 off No suggestions,"Current page supports that this provider is presently associated with the merchant, but current listing is not treated as adoption date.",Tier 4,2026-08-09T21:28:28+00:00
M0120,Kate Spade,Afterpay,wayback_cdx_provider_directory,Internet Archive CDX,https://www.afterpay.com/en-US/categories/womens-clothing,,https://web.archive.org/web/20251127160840/https://www.afterpay.com/en-US/categories/womens-clothing,2025-11-27,supports_bnpl_present,Provider-specific URL first archived on 2025-11-27: https://www.afterpay.com/en-US/categories/womens-clothing,Provider-directory/listing URL observed in Wayback. Not used as exact adoption date without operational launch evidence.,Tier 4,2026-08-09T21:28:28+00:00
M0120,Kate Spade,Afterpay,current_webpage_error,www.katespade.com,https://www.katespade.com,,,,inconclusive,<HTTPError 403: 'Forbidden'>,Technical error; not interpreted as evidence of BNPL absence.,technical_log,2026-08-09T21:28:28+00:00
M0120,Kate Spade,Zip,current_provider_or_merchant_page,zip.co,https://zip.co/us/shop/jewelry-accessories,,,,supports_bnpl_present,"Buy Now, Pay Later Jewelry | Zip Skip to main content Customers Business For Business How it works Shop stores Shop categories Insights Help Products Solutions","Current page supports that this provider is presently associated with the merchant, but current listing is not treated as adoption date.",Tier 4,2026-08-09T21:28:28+00:00
M0120,Kate Spade,Zip,current_external_bnpl_page,zip.co,https://zip.co/us/shop/jewelry-accessories,,,,supports_bnpl_present,".S. purchases, and certain merchant, product, goods and service restrictions apply. All loans subject to credit approval. © 2026 'Quadpay', 'Zip', the 'Q Logo' and 'Zip' Logos, and all tag lines used in conjunction therewith including 'Any Store Split in 4' an",Current page mentions a BNPL-like provider outside the five-platform sample; timing still requires review.,Tier 2,2026-08-09T21:28:28+00:00
M0120,Kate Spade,Zip,current_webpage_error,www.katespade.com,https://www.katespade.com,,,,inconclusive,<HTTPError 403: 'Forbidden'>,Technical error; not interpreted as evidence of BNPL absence.,technical_log,2026-08-09T21:28:28+00:00
M0120,Kate Spade,Sezzle,current_provider_or_merchant_page,sezzle.com,https://sezzle.com/shop/bed-and-bath/,2026-08-06,,,supports_bnpl_present,Buy Now Pay Later for Bed & Bath with Sezzle Shop Women Activewear Clothing Jewelry & Accessories Shoes Swimwear Men Clothing Jewe,"Current page supports that this provider is presently associated with the merchant, but current listing is not treated as adoption date.",Tier 4,2026-08-09T21:28:28+00:00
M0120,Kate Spade,Sezzle,current_provider_or_merchant_page,sezzle.com,https://sezzle.com/shop/cosmetics/,2026-08-06,,,supports_bnpl_present,Buy Now Pay Later at cosmetics | Pay in 4 Shop Women Activewear Clothing Jewelry & Accessories Shoes Swimwear Men Clothing Jewelry,"Current page supports that this provider is presently associated with the merchant, but current listing is not treated as adoption date.",Tier 4,2026-08-09T21:28:28+00:00
M0120,Kate Spade,Sezzle,wayback_cdx_provider_directory,Internet Archive CDX,https://sezzle.com/shop/cosmetics/,,https://web.archive.org/web/20241003163243/https://sezzle.com/shop/cosmetics/,2024-10-03,supports_bnpl_present,Provider-specific URL first archived on 2024-10-03: https://sezzle.com/shop/cosmetics/,Provider-directory/listing URL observed in Wayback. Not used as exact adoption date without operational launch evidence.,Tier 4,2026-08-09T21:28:28+00:00
M0120,Kate Spade,Sezzle,current_provider_or_merchant_page,sezzle.com,https://sezzle.com/shop/furniture-and-decor/,2026-08-06,,,supports_bnpl_present,Buy Now Pay Later for Furniture & Decor with Sezzle Shop Women Activewear Clothing Jewelry & Accessories Shoes Swimwear Men Clothi,"Current page supports that this provider is presently associated with the merchant, but current listing is not treated as adoption date.",Tier 4,2026-08-09T21:28:28+00:00
M0120,Kate Spade,Sezzle,current_webpage_error,www.katespade.com,https://www.katespade.com,,,,inconclusive,<HTTPError 403: 'Forbidden'>,Technical error; not interpreted as evidence of BNPL absence.,technical_log,2026-08-09T21:28:28+00:00
M0121,Kate Spade Outlet,Affirm,current_provider_or_merchant_page,www.affirm.com,https://www.affirm.com/shopping/accessories,2026-08-07,,,supports_bnpl_present,Financing jewelry and watches - buy now pay later accessories | Affirm We're glad you're here! Would you like to see what Affirm offers in your region? Go to the,"Current page supports that this provider is presently associated with the merchant, but current listing is not treated as adoption date.",Tier 4,2026-08-09T21:28:28+00:00
M0121,Kate Spade Outlet,Affirm,current_webpage_error,www.katespadeoutlet.com,https://www.katespadeoutlet.com,,,,inconclusive,<HTTPError 403: 'Forbidden'>,Technical error; not interpreted as evidence of BNPL absence.,technical_log,2026-08-09T21:28:28+00:00
M0121,Kate Spade Outlet,Afterpay,current_provider_or_merchant_page,www.afterpay.com,https://www.afterpay.com/en-US/categories/womens-clothing,,,,supports_bnpl_present,Fashion on Afterpay - Buy now pay later with Afterpay How Afterpay works All Categories For retailers Get the app Get $15 off No suggestions,"Current page supports that this provider is presently associated with the merchant, but current listing is not treated as adoption date.",Tier 4,2026-08-09T21:28:28+00:00
M0121,Kate Spade Outlet,Afterpay,wayback_cdx_provider_directory,Internet Archive CDX,https://www.afterpay.com/en-US/categories/womens-clothing,,https://web.archive.org/web/20251127160840/https://www.afterpay.com/en-US/categories/womens-clothing,2025-11-27,supports_bnpl_present,Provider-specific URL first archived on 2025-11-27: https://www.afterpay.com/en-US/categories/womens-clothing,Provider-directory/listing URL observed in Wayback. Not used as exact adoption date without operational launch evidence.,Tier 4,2026-08-09T21:28:28+00:00
M0121,Kate Spade Outlet,Afterpay,current_webpage_error,www.katespadeoutlet.com,https://www.katespadeoutlet.com,,,,inconclusive,<HTTPError 403: 'Forbidden'>,Technical error; not interpreted as evidence of BNPL absence.,technical_log,2026-08-09T21:28:28+00:00
M0121,Kate Spade Outlet,Zip,current_provider_or_merchant_page,zip.co,https://zip.co/us/shop/jewelry-accessories,,,,supports_bnpl_present,"Buy Now, Pay Later Jewelry | Zip Skip to main content Customers Business For Business How it works Shop stores Shop categories Insights Help Products Solutions","Current page supports that this provider is presently associated with the merchant, but current listing is not treated as adoption date.",Tier 4,2026-08-09T21:28:28+00:00
M0121,Kate Spade Outlet,Zip,current_external_bnpl_page,zip.co,https://zip.co/us/shop/jewelry-accessories,,,,supports_bnpl_present,".S. purchases, and certain merchant, product, goods and service restrictions apply. All loans subject to credit approval. © 2026 'Quadpay', 'Zip', the 'Q Logo' and 'Zip' Logos, and all tag lines used in conjunction therewith including 'Any Store Split in 4' an",Current page mentions a BNPL-like provider outside the five-platform sample; timing still requires review.,Tier 2,2026-08-09T21:28:28+00:00
M0121,Kate Spade Outlet,Zip,current_webpage_error,www.katespadeoutlet.com,https://www.katespadeoutlet.com,,,,inconclusive,<HTTPError 403: 'Forbidden'>,Technical error; not interpreted as evidence of BNPL absence.,technical_log,2026-08-09T21:28:28+00:00
M0121,Kate Spade Outlet,Sezzle,current_provider_or_merchant_page,sezzle.com,https://sezzle.com/shop/bed-and-bath/,2026-08-06,,,supports_bnpl_present,Buy Now Pay Later for Bed & Bath with Sezzle Shop Women Activewear Clothing Jewelry & Accessories Shoes Swimwear Men Clothing Jewe,"Current page supports that this provider is presently associated with the merchant, but current listing is not treated as adoption date.",Tier 4,2026-08-09T21:28:28+00:00
M0121,Kate Spade Outlet,Sezzle,current_provider_or_merchant_page,sezzle.com,https://sezzle.com/shop/cosmetics/,2026-08-06,,,supports_bnpl_present,Buy Now Pay Later at cosmetics | Pay in 4 Shop Women Activewear Clothing Jewelry & Accessories Shoes Swimwear Men Clothing Jewelry,"Current page supports that this provider is presently associated with the merchant, but current listing is not treated as adoption date.",Tier 4,2026-08-09T21:28:28+00:00
M0121,Kate Spade Outlet,Sezzle,wayback_cdx_provider_directory,Internet Archive CDX,https://sezzle.com/shop/cosmetics/,,https://web.archive.org/web/20241003163243/https://sezzle.com/shop/cosmetics/,2024-10-03,supports_bnpl_present,Provider-specific URL first archived on 2024-10-03: https://sezzle.com/shop/cosmetics/,Provider-directory/listing URL observed in Wayback. Not used as exact adoption date without operational launch evidence.,Tier 4,2026-08-09T21:28:28+00:00
M0121,Kate Spade Outlet,Sezzle,current_provider_or_merchant_page,sezzle.com,https://sezzle.com/shop/furniture-and-decor/,2026-08-06,,,supports_bnpl_present,Buy Now Pay Later for Furniture & Decor with Sezzle Shop Women Activewear Clothing Jewelry & Accessories Shoes Swimwear Men Clothi,"Current page supports that this provider is presently associated with the merchant, but current listing is not treated as adoption date.",Tier 4,2026-08-09T21:28:28+00:00
M0121,Kate Spade Outlet,Sezzle,current_webpage_error,www.katespadeoutlet.com,https://www.katespadeoutlet.com,,,,inconclusive,<HTTPError 403: 'Forbidden'>,Technical error; not interpreted as evidence of BNPL absence.,technical_log,2026-08-09T21:28:28+00:00
M0122,Tripadvisor,Zip,current_provider_or_merchant_page,zip.co,https://zip.co/us/shop/travel-entertainment,,,,supports_bnpl_present,Buy Now Pay Later for Travel | Zip Skip to main content Customers Business For Business How it works Shop stores Shop categories I,"Current page supports that this provider is presently associated with the merchant, but current listing is not treated as adoption date.",Tier 4,2026-08-09T21:28:28+00:00
M0122,Tripadvisor,Zip,current_external_bnpl_page,zip.co,https://zip.co/us/shop/travel-entertainment,,,,supports_bnpl_present,".S. purchases, and certain merchant, product, goods and service restrictions apply. All loans subject to credit approval. © 2026 'Quadpay', 'Zip', the 'Q Logo' and 'Zip' Logos, and all tag lines used in conjunction therewith including 'Any Store Split in 4' an",Current page mentions a BNPL-like provider outside the five-platform sample; timing still requires review.,Tier 2,2026-08-09T21:28:28+00:00
M0122,Tripadvisor,Zip,wayback_cdx_provider_directory,Internet Archive CDX,https://zip.co/us/shop/travel-entertainment,,https://web.archive.org/web/20210921222020/https://zip.co/us/shop/travel-entertainment,2021-09-21,supports_bnpl_present,Provider-specific URL first archived on 2021-09-21: https://zip.co/us/shop/travel-entertainment,Provider-directory/listing URL observed in Wayback. Not used as exact adoption date without operational launch evidence.,Tier 4,2026-08-09T21:28:28+00:00
M0122,Tripadvisor,Zip,current_webpage_error,www.tripadvisor.com,https://www.tripadvisor.com,,,,inconclusive,<HTTPError 403: 'Forbidden'>,Technical error; not interpreted as evidence of BNPL absence.,technical_log,2026-08-09T21:28:28+00:00
M0123,Travelers,Zip,current_provider_or_merchant_page,zip.co,https://zip.co/us/shop/bills,,,,supports_bnpl_present,Pay your Bills with Zip in easy installments | Zip Skip to main content Customers Business For Business How it works Shop stores Shop categories Insig,"Current page supports that this provider is presently associated with the merchant, but current listing is not treated as adoption date.",Tier 4,2026-08-09T21:28:28+00:00
M0123,Travelers,Zip,current_external_bnpl_page,zip.co,https://zip.co/us/shop/bills,,,,supports_bnpl_present,".S. purchases, and certain merchant, product, goods and service restrictions apply. All loans subject to credit approval. © 2026 'Quadpay', 'Zip', the 'Q Logo' and 'Zip' Logos, and all tag lines used in conjunction therewith including 'Any Store Split in 4' an",Current page mentions a BNPL-like provider outside the five-platform sample; timing still requires review.,Tier 2,2026-08-09T21:28:28+00:00
M0123,Travelers,Zip,wayback_cdx_provider_directory,Internet Archive CDX,https://zip.co/us/shop/bills,,https://web.archive.org/web/20211109131115/https://zip.co/us/shop/bills,2021-11-09,supports_bnpl_present,Provider-specific URL first archived on 2021-11-09: https://zip.co/us/shop/bills,Provider-directory/listing URL observed in Wayback. Not used as exact adoption date without operational launch evidence.,Tier 4,2026-08-09T21:28:28+00:00
M0123,Travelers,Zip,current_provider_or_merchant_page,www.travelers.com,https://www.travelers.com,,,,supports_bnpl_present,Home Auto + Condo Auto + Renters Condo Boat & Yacht Umbrella Valuable Items Landlord Wedding & Event Travel Pet Motorcycle Flood ZIP code Start a quote* ZIP code is required and must be 5-digits or call to get a quote* 1.888.695.4625 Continue a quote Find an,"Current page supports that this provider is presently associated with the merchant, but current listing is not treated as adoption date.",Tier 1,2026-08-09T21:28:28+00:00
M0124,Tractor Supply Co,Klarna,current_provider_or_merchant_page,www.klarna.com,https://www.klarna.com/us/store/05e31000-2321-49e6-8bb4-2eff3b7c86ce/tractor-supply-co/pay-with-klarna/,,,,supports_bnpl_present,https://www.klarna.com/us/store/05e31000-2321-49e6-8bb4-2eff3b7c86ce/tractor-supply-co/pay-with-klarna/,"Current page supports that this provider is presently associated with the merchant, but current listing is not treated as adoption date.",Tier 4,2026-08-09T21:28:28+00:00
M0124,Tractor Supply Co,Klarna,current_provider_or_merchant_page,www.klarna.com,https://www.klarna.com/us/shopping/t/14/Kitchen-Appliances/,,,,supports_bnpl_present,Compare Kitchen Appliances Prices on Klarna For shoppers For business Discover Klarna Shop App Help Show more Sign in Klarna / Shopping / All categories / Home & Appli,"Current page supports that this provider is presently associated with the merchant, but current listing is not treated as adoption date.",Tier 4,2026-08-09T21:28:28+00:00
M0124,Tractor Supply Co,Klarna,current_provider_or_merchant_page,www.klarna.com,https://www.klarna.com/us/shopping/t/1424/Garden-Patio/,,,,supports_bnpl_present,Compare Garden & Patio Prices on Klarna For shoppers For business Discover Klarna Shop App Help Show more Sign in Klarna / Shopping / All categories / Garden & Pat,"Current page supports that this provider is presently associated with the merchant, but current listing is not treated as adoption date.",Tier 4,2026-08-09T21:28:28+00:00
M0124,Tractor Supply Co,Klarna,current_webpage_error,www.tractorsupply.com,https://www.tractorsupply.com,,,,inconclusive,TimeoutError('The read operation timed out'),Technical error; not interpreted as evidence of BNPL absence.,technical_log,2026-08-09T21:28:28+00:00
M0124,Tractor Supply Co,Zip,current_provider_or_merchant_page,zip.co,https://zip.co/us/shop/pets,,,,supports_bnpl_present,"Buy Now, Pay Later Pet Supplies | Zip Skip to main content Customers Business For Business How it works Shop stores Shop categories Insights Help Products Solutions","Current page supports that this provider is presently associated with the merchant, but current listing is not treated as adoption date.",Tier 4,2026-08-09T21:28:28+00:00
M0124,Tractor Supply Co,Zip,current_external_bnpl_page,zip.co,https://zip.co/us/shop/pets,,,,supports_bnpl_present,".S. purchases, and certain merchant, product, goods and service restrictions apply. All loans subject to credit approval. © 2026 'Quadpay', 'Zip', the 'Q Logo' and 'Zip' Logos, and all tag lines used in conjunction therewith including 'Any Store Split in 4' an",Current page mentions a BNPL-like provider outside the five-platform sample; timing still requires review.,Tier 2,2026-08-09T21:28:28+00:00
M0124,Tractor Supply Co,Zip,wayback_cdx_provider_directory,Internet Archive CDX,https://zip.co/us/shop/pets,,https://web.archive.org/web/20210921232701/https://zip.co/us/shop/pets,2021-09-21,supports_bnpl_present,Provider-specific URL first archived on 2021-09-21: https://zip.co/us/shop/pets,Provider-directory/listing URL observed in Wayback. Not used as exact adoption date without operational launch evidence.,Tier 4,2026-08-09T21:28:28+00:00
M0124,Tractor Supply Co,Zip,current_webpage_error,www.tractorsupply.com,https://www.tractorsupply.com,,,,inconclusive,TimeoutError('The read operation timed out'),Technical error; not interpreted as evidence of BNPL absence.,technical_log,2026-08-09T21:28:28+00:00
M0125,Under Armour,Affirm,current_provider_or_merchant_page,www.affirm.com,https://www.affirm.com/shopping/apparel,2026-08-07,,,supports_bnpl_present,Buy now pay later men's and women's clothing | Affirm We're glad you're here! Would you like to see what Affirm offers in your reg,"Current page supports that this provider is presently associated with the merchant, but current listing is not treated as adoption date.",Tier 4,2026-08-09T21:28:28+00:00
M0125,Under Armour,Affirm,current_provider_or_merchant_page,www.affirm.com,https://www.affirm.com/shopping/fitness-and-gear,2026-08-07,,,supports_bnpl_present,"Finance Peloton, treadmills, bikes - Buy Now Pay Later | Affirm We're glad you're here! Would you like to see what Affirm offers in your region? Go to the page Stay he","Current page supports that this provider is presently associated with the merchant, but current listing is not treated as adoption date.",Tier 4,2026-08-09T21:28:28+00:00
M0125,Under Armour,Affirm,current_provider_or_merchant_page,www.affirm.com,https://www.affirm.com/shopping/shoes,2026-08-07,,,supports_bnpl_present,"Buy now pay later shoes, sneakers, boots financing | Affirm We're glad you're here! Would you like to see what Affirm offers in yo","Current page supports that this provider is presently associated with the merchant, but current listing is not treated as adoption date.",Tier 4,2026-08-09T21:28:28+00:00
M0125,Under Armour,Klarna,current_provider_or_merchant_page,www.klarna.com,https://www.klarna.com/us/store/dab881ca-3024-4c78-98a1-eb715ddda847/under-armour/pay-with-klarna/,,,,supports_bnpl_present,https://www.klarna.com/us/store/dab881ca-3024-4c78-98a1-eb715ddda847/under-armour/pay-with-klarna/,"Current page supports that this provider is presently associated with the merchant, but current listing is not treated as adoption date.",Tier 4,2026-08-09T21:28:28+00:00
M0125,Under Armour,Klarna,current_provider_or_merchant_page,www.klarna.com,https://www.klarna.com/us/shopping/t/27/Sports-Outdoor/,,,,supports_bnpl_present,Compare Sports & Outdoor Prices on Klarna For shoppers For business Discover Klarna Shop App Help Show more Sign in Klarna / Shopping / All categories / Sports & Out,"Current page supports that this provider is presently associated with the merchant, but current listing is not treated as adoption date.",Tier 4,2026-08-09T21:28:28+00:00
M0125,Under Armour,Zip,current_provider_or_merchant_page,zip.co,https://zip.co/us/shop/sports-outdoors,,,,supports_bnpl_present,"Buy Now, Pay Later Sports Gear & Outdoors Equipment | Zip Skip to main content Customers Business For Business How it works Shop stores Shop categories Insights Help Products Solutions","Current page supports that this provider is presently associated with the merchant, but current listing is not treated as adoption date.",Tier 4,2026-08-09T21:28:28+00:00
M0125,Under Armour,Zip,current_external_bnpl_page,zip.co,https://zip.co/us/shop/sports-outdoors,,,,supports_bnpl_present,".S. purchases, and certain merchant, product, goods and service restrictions apply. All loans subject to credit approval. © 2026 'Quadpay', 'Zip', the 'Q Logo' and 'Zip' Logos, and all tag lines used in conjunction therewith including 'Any Store Split in 4' an",Current page mentions a BNPL-like provider outside the five-platform sample; timing still requires review.,Tier 2,2026-08-09T21:28:28+00:00
M0126,Frontier,Zip,current_provider_or_merchant_page,zip.co,https://zip.co/us/shop/travel-entertainment,,,,supports_bnpl_present,Buy Now Pay Later for Travel | Zip Skip to main content Customers Business For Business How it works Shop stores Shop categories I,"Current page supports that this provider is presently associated with the merchant, but current listing is not treated as adoption date.",Tier 4,2026-08-09T21:28:28+00:00
M0126,Frontier,Zip,current_external_bnpl_page,zip.co,https://zip.co/us/shop/travel-entertainment,,,,supports_bnpl_present,".S. purchases, and certain merchant, product, goods and service restrictions apply. All loans subject to credit approval. © 2026 'Quadpay', 'Zip', the 'Q Logo' and 'Zip' Logos, and all tag lines used in conjunction therewith including 'Any Store Split in 4' an",Current page mentions a BNPL-like provider outside the five-platform sample; timing still requires review.,Tier 2,2026-08-09T21:28:28+00:00
M0126,Frontier,Zip,wayback_cdx_provider_directory,Internet Archive CDX,https://zip.co/us/shop/travel-entertainment,,https://web.archive.org/web/20210921222020/https://zip.co/us/shop/travel-entertainment,2021-09-21,supports_bnpl_present,Provider-specific URL first archived on 2021-09-21: https://zip.co/us/shop/travel-entertainment,Provider-directory/listing URL observed in Wayback. Not used as exact adoption date without operational launch evidence.,Tier 4,2026-08-09T21:28:28+00:00
M0127,Ulta,Affirm,current_provider_or_merchant_page,www.affirm.com,https://www.affirm.com/shopping/beauty-and-health,2026-08-07,,,supports_bnpl_present,"Buy Now Pay Later Hair, Health and Beauty Products | Affirm We're glad you're here! Would you like to see what Affirm offers in yo","Current page supports that this provider is presently associated with the merchant, but current listing is not treated as adoption date.",Tier 4,2026-08-09T21:28:28+00:00
M0127,Ulta,Sezzle,current_provider_or_merchant_page,sezzle.com,https://sezzle.com/shop/cosmetics/,2026-08-06,,,supports_bnpl_present,Buy Now Pay Later at cosmetics | Pay in 4 Shop Women Activewear Clothing Jewelry & Accessories Shoes Swimwear Men Clothing Jewelry,"Current page supports that this provider is presently associated with the merchant, but current listing is not treated as adoption date.",Tier 4,2026-08-09T21:28:28+00:00
M0127,Ulta,Sezzle,wayback_cdx_provider_directory,Internet Archive CDX,https://sezzle.com/shop/cosmetics/,,https://web.archive.org/web/20241003163243/https://sezzle.com/shop/cosmetics/,2024-10-03,supports_bnpl_present,Provider-specific URL first archived on 2024-10-03: https://sezzle.com/shop/cosmetics/,Provider-directory/listing URL observed in Wayback. Not used as exact adoption date without operational launch evidence.,Tier 4,2026-08-09T21:28:28+00:00
M0127,Ulta,Sezzle,current_provider_or_merchant_page,sezzle.com,https://sezzle.com/shop/hair/,2026-08-06,,,supports_bnpl_present,Buy Now Later for Hair with Sezzle Shop Women Activewear Clothing Jewelry & Accessories Shoes Swimwear Men Clothing Jewelry & Accessories Shoes Baby & Kids Ba,"Current page supports that this provider is presently associated with the merchant, but current listing is not treated as adoption date.",Tier 4,2026-08-09T21:28:28+00:00
M0127,Ulta,Sezzle,current_provider_or_merchant_page,sezzle.com,https://sezzle.com/shop/self-care/,2026-08-06,,,supports_bnpl_present,Buy Now Pay Later for Self Care with Sezzle Shop Women Activewear Clothing Jewelry & Accessories Shoes Swimwear Men Clothing Jewel,"Current page supports that this provider is presently associated with the merchant, but current listing is not treated as adoption date.",Tier 4,2026-08-09T21:28:28+00:00
M0128,Ulta Beauty,Klarna,current_provider_or_merchant_page,www.klarna.com,https://www.klarna.com/us/store/03f4214e-e44a-4cf4-9299-3d6a76195012/ulta-beauty/pay-with-klarna/,,,,supports_bnpl_present,https://www.klarna.com/us/store/03f4214e-e44a-4cf4-9299-3d6a76195012/ulta-beauty/pay-with-klarna/,"Current page supports that this provider is presently associated with the merchant, but current listing is not treated as adoption date.",Tier 4,2026-08-09T21:28:28+00:00
M0128,Ulta Beauty,Klarna,current_provider_or_merchant_page,www.klarna.com,https://www.klarna.com/us/shopping/t/10/Health-Beauty/,,,,supports_bnpl_present,Compare Health & Beauty Prices on Klarna For shoppers For business Discover Klarna Shop App Help Show more Sign in Klarna / Shopping / All categories / Health & Bea,"Current page supports that this provider is presently associated with the merchant, but current listing is not treated as adoption date.",Tier 4,2026-08-09T21:28:28+00:00
M0128,Ulta Beauty,Klarna,wayback_cdx_provider_directory,Internet Archive CDX,https://www.klarna.com/us/shopping/t/10/Health-Beauty/,,https://web.archive.org/web/20220917161909/https://www.klarna.com/us/shopping/t/10/Health-Beauty/,2022-09-17,supports_bnpl_present,Provider-specific URL first archived on 2022-09-17: https://www.klarna.com/us/shopping/t/10/Health-Beauty/,Provider-directory/listing URL observed in Wayback. Not used as exact adoption date without operational launch evidence.,Tier 4,2026-08-09T21:28:28+00:00
M0128,Ulta Beauty,Afterpay,current_provider_or_merchant_page,www.afterpay.com,https://www.afterpay.com/en-US/categories/beauty,,,,supports_bnpl_present,Beauty on Afterpay - Buy now pay later with Afterpay How Afterpay works All Categories For retailers Get the app Get $15 off No suggestions,"Current page supports that this provider is presently associated with the merchant, but current listing is not treated as adoption date.",Tier 4,2026-08-09T21:28:28+00:00
M0129,Urban Outfitters,Klarna,current_provider_or_merchant_page,www.klarna.com,https://www.klarna.com/us/store/e91e5d0e-380c-4aca-b73f-83b5810e0259/urban-outfitters/pay-with-klarna/,,,,supports_bnpl_present,https://www.klarna.com/us/store/e91e5d0e-380c-4aca-b73f-83b5810e0259/urban-outfitters/pay-with-klarna/,"Current page supports that this provider is presently associated with the merchant, but current listing is not treated as adoption date.",Tier 4,2026-08-09T21:28:28+00:00
M0129,Urban Outfitters,Klarna,current_provider_or_merchant_page,www.klarna.com,https://www.klarna.com/us/shopping/t/141/Clothing-Accessories/,,,,supports_bnpl_present,Compare Clothing & Accessories Prices on Klarna For shoppers For business Discover Klarna Shop App Help Show more Sign in Klarna / Shopping / All categories / Clothing & A,"Current page supports that this provider is presently associated with the merchant, but current listing is not treated as adoption date.",Tier 4,2026-08-09T21:28:28+00:00
M0129,Urban Outfitters,Klarna,wayback_cdx_provider_directory,Internet Archive CDX,https://www.klarna.com/us/shopping/t/141/Clothing-Accessories/,,https://web.archive.org/web/20220924101952/https://www.klarna.com/us/shopping/t/141/Clothing-Accessories/,2022-09-24,supports_bnpl_present,Provider-specific URL first archived on 2022-09-24: https://www.klarna.com/us/shopping/t/141/Clothing-Accessories/,Provider-directory/listing URL observed in Wayback. Not used as exact adoption date without operational launch evidence.,Tier 4,2026-08-09T21:28:28+00:00
M0129,Urban Outfitters,Klarna,current_webpage_error,www.urbanoutfitters.com,https://www.urbanoutfitters.com,,,,inconclusive,<HTTPError 403: 'Forbidden'>,Technical error; not interpreted as evidence of BNPL absence.,technical_log,2026-08-09T21:28:28+00:00
M0129,Urban Outfitters,Afterpay,current_provider_or_merchant_page,www.afterpay.com,https://www.afterpay.com/en-US/categories/home,,,,supports_bnpl_present,Home on Afterpay - Buy now pay later with Afterpay How Afterpay works All Categories For retailers Get the app Get $15 off No suggestions,"Current page supports that this provider is presently associated with the merchant, but current listing is not treated as adoption date.",Tier 4,2026-08-09T21:28:28+00:00
M0129,Urban Outfitters,Afterpay,wayback_cdx_provider_directory,Internet Archive CDX,https://www.afterpay.com/en-US/categories/home,,https://web.archive.org/web/20210614120033/https://www.afterpay.com/en-US/categories/home,2021-06-14,supports_bnpl_present,Provider-specific URL first archived on 2021-06-14: https://www.afterpay.com/en-US/categories/home,Provider-directory/listing URL observed in Wayback. Not used as exact adoption date without operational launch evidence.,Tier 4,2026-08-09T21:28:28+00:00
M0129,Urban Outfitters,Afterpay,current_provider_or_merchant_page,www.afterpay.com,https://www.afterpay.com/en-US/categories/mens-clothing,,,,supports_bnpl_present,Men's clothing on Afterpay - Buy now pay later with Afterpay How Afterpay works All Categories For retailers Get the app Get $15 off No suggestions,"Current page supports that this provider is presently associated with the merchant, but current listing is not treated as adoption date.",Tier 4,2026-08-09T21:28:28+00:00
M0129,Urban Outfitters,Afterpay,wayback_cdx_provider_directory,Internet Archive CDX,https://www.afterpay.com/en-US/categories/mens-clothing,,https://web.archive.org/web/20260226210648/https://www.afterpay.com/en-US/categories/mens-clothing,2026-02-26,supports_bnpl_present,Provider-specific URL first archived on 2026-02-26: https://www.afterpay.com/en-US/categories/mens-clothing,Provider-directory/listing URL observed in Wayback. Not used as exact adoption date without operational launch evidence.,Tier 4,2026-08-09T21:28:28+00:00
M0129,Urban Outfitters,Afterpay,current_provider_or_merchant_page,www.afterpay.com,https://www.afterpay.com/en-US/categories/womens-clothing,,,,supports_bnpl_present,Fashion on Afterpay - Buy now pay later with Afterpay How Afterpay works All Categories For retailers Get the app Get $15 off No suggestions,"Current page supports that this provider is presently associated with the merchant, but current listing is not treated as adoption date.",Tier 4,2026-08-09T21:28:28+00:00
M0129,Urban Outfitters,Afterpay,wayback_cdx_provider_directory,Internet Archive CDX,https://www.afterpay.com/en-US/categories/womens-clothing,,https://web.archive.org/web/20251127160840/https://www.afterpay.com/en-US/categories/womens-clothing,2025-11-27,supports_bnpl_present,Provider-specific URL first archived on 2025-11-27: https://www.afterpay.com/en-US/categories/womens-clothing,Provider-directory/listing URL observed in Wayback. Not used as exact adoption date without operational launch evidence.,Tier 4,2026-08-09T21:28:28+00:00
M0129,Urban Outfitters,Afterpay,current_webpage_error,www.urbanoutfitters.com,https://www.urbanoutfitters.com,,,,inconclusive,<HTTPError 403: 'Forbidden'>,Technical error; not interpreted as evidence of BNPL absence.,technical_log,2026-08-09T21:28:28+00:00
M0129,Urban Outfitters,Zip,current_provider_or_merchant_page,zip.co,https://zip.co/us/shop/home-furniture,,,,supports_bnpl_present,"Buy Now, Pay Later Furniture | Zip Skip to main content Customers Business For Business How it works Shop stores Shop categories Insights Help Products Solutions","Current page supports that this provider is presently associated with the merchant, but current listing is not treated as adoption date.",Tier 4,2026-08-09T21:28:28+00:00
M0129,Urban Outfitters,Zip,current_external_bnpl_page,zip.co,https://zip.co/us/shop/home-furniture,,,,supports_bnpl_present,".S. purchases, and certain merchant, product, goods and service restrictions apply. All loans subject to credit approval. © 2026 'Quadpay', 'Zip', the 'Q Logo' and 'Zip' Logos, and all tag lines used in conjunction therewith including 'Any Store Split in 4' an",Current page mentions a BNPL-like provider outside the five-platform sample; timing still requires review.,Tier 2,2026-08-09T21:28:28+00:00
M0129,Urban Outfitters,Zip,current_webpage_error,www.urbanoutfitters.com,https://www.urbanoutfitters.com,,,,inconclusive,<HTTPError 403: 'Forbidden'>,Technical error; not interpreted as evidence of BNPL absence.,technical_log,2026-08-09T21:28:28+00:00
M0130,Timberland,Sezzle,current_provider_or_merchant_page,sezzle.com,https://sezzle.com/shop/mens-shoes/,2026-08-06,,,supports_bnpl_present,Buy Now Pay Later for Men's Shoes with Sezzle Shop Women Activewear Clothing Jewelry & Accessories Shoes Swimwear Men Clothing Jew,"Current page supports that this provider is presently associated with the merchant, but current listing is not treated as adoption date.",Tier 4,2026-08-09T21:28:28+00:00
M0130,Timberland,Sezzle,current_provider_or_merchant_page,sezzle.com,https://sezzle.com/shop/outdoor/,2026-08-06,,,supports_bnpl_present,Buy Now Pay Later for Outdoors with Sezzle Shop Women Activewear Clothing Jewelry & Accessories Shoes Swimwear Men Clothing Jewelr,"Current page supports that this provider is presently associated with the merchant, but current listing is not treated as adoption date.",Tier 4,2026-08-09T21:28:28+00:00
M0130,Timberland,Sezzle,current_provider_or_merchant_page,sezzle.com,https://sezzle.com/shop/sporting-goods/,2026-08-06,,,supports_bnpl_present,Buy Now Pay Later for Sporting Goods with Sezzle Shop Women Activewear Clothing Jewelry & Accessories Shoes Swimwear Men Clothing,"Current page supports that this provider is presently associated with the merchant, but current listing is not treated as adoption date.",Tier 4,2026-08-09T21:28:28+00:00
M0130,Timberland,Sezzle,current_webpage_error,www.timberland.com,https://www.timberland.com,,,,inconclusive,<HTTPError 403: 'Forbidden'>,Technical error; not interpreted as evidence of BNPL absence.,technical_log,2026-08-09T21:28:28+00:00
M0131,Vans,Zip,current_provider_or_merchant_page,zip.co,https://zip.co/us/shop/shoes,,,,supports_bnpl_present,"Buy Now, Pay Later Shoes | Zip Skip to main content Customers Business For Business How it works Shop stores Shop categories Insights Help Products Solutions","Current page supports that this provider is presently associated with the merchant, but current listing is not treated as adoption date.",Tier 4,2026-08-09T21:28:28+00:00
M0131,Vans,Zip,current_external_bnpl_page,zip.co,https://zip.co/us/shop/shoes,,,,supports_bnpl_present,".S. purchases, and certain merchant, product, goods and service restrictions apply. All loans subject to credit approval. © 2026 'Quadpay', 'Zip', the 'Q Logo' and 'Zip' Logos, and all tag lines used in conjunction therewith including 'Any Store Split in 4' an",Current page mentions a BNPL-like provider outside the five-platform sample; timing still requires review.,Tier 2,2026-08-09T21:28:28+00:00
M0131,Vans,Zip,current_provider_or_merchant_page,zip.co,https://zip.co/us/shop/shop-all,,,,supports_bnpl_present,"Buy Now, Pay Later Clothing, Shoes, Electronics | Zip Skip to main content Customers Business For Business How it works Shop stores Shop categories Insights Help Products Solutions","Current page supports that this provider is presently associated with the merchant, but current listing is not treated as adoption date.",Tier 4,2026-08-09T21:28:28+00:00
M0131,Vans,Zip,current_external_bnpl_page,zip.co,https://zip.co/us/shop/shop-all,,,,supports_bnpl_present,".S. purchases, and certain merchant, product, goods and service restrictions apply. All loans subject to credit approval. © 2026 'Quadpay', 'Zip', the 'Q Logo' and 'Zip' Logos, and all tag lines used in conjunction therewith including 'Any Store Split in 4' an",Current page mentions a BNPL-like provider outside the five-platform sample; timing still requires review.,Tier 2,2026-08-09T21:28:28+00:00
M0131,Vans,Zip,wayback_cdx_provider_directory,Internet Archive CDX,https://zip.co/us/shop/shop-all,,https://web.archive.org/web/20210921002020/https://zip.co/us/shop/shop-all,2021-09-21,supports_bnpl_present,Provider-specific URL first archived on 2021-09-21: https://zip.co/us/shop/shop-all,Provider-directory/listing URL observed in Wayback. Not used as exact adoption date without operational launch evidence.,Tier 4,2026-08-09T21:28:28+00:00
M0131,Vans,Zip,current_webpage_error,www.vans.com,https://www.vans.com,,,,inconclusive,<HTTPError 403: 'Forbidden'>,Technical error; not interpreted as evidence of BNPL absence.,technical_log,2026-08-09T21:28:28+00:00
M0131,Vans,Sezzle,current_provider_or_merchant_page,sezzle.com,https://sezzle.com/shop/mens-clothing/,2026-08-06,,,supports_bnpl_present,Buy Now Pay Later for Men's Clothing with Sezzle Shop Women Activewear Clothing Jewelry & Accessories Shoes Swimwear Men Clothing,"Current page supports that this provider is presently associated with the merchant, but current listing is not treated as adoption date.",Tier 4,2026-08-09T21:28:28+00:00
M0131,Vans,Sezzle,current_provider_or_merchant_page,sezzle.com,https://sezzle.com/shop/mens-shoes/,2026-08-06,,,supports_bnpl_present,Buy Now Pay Later for Men's Shoes with Sezzle Shop Women Activewear Clothing Jewelry & Accessories Shoes Swimwear Men Clothing Jew,"Current page supports that this provider is presently associated with the merchant, but current listing is not treated as adoption date.",Tier 4,2026-08-09T21:28:28+00:00
M0131,Vans,Sezzle,current_provider_or_merchant_page,sezzle.com,https://sezzle.com/shop/womens-clothing/,2026-08-06,,,supports_bnpl_present,Buy Now Pay Later for Women's Clothing with Sezzle Shop Women Activewear Clothing Jewelry & Accessories Shoes Swimwear Men Clothin,"Current page supports that this provider is presently associated with the merchant, but current listing is not treated as adoption date.",Tier 4,2026-08-09T21:28:28+00:00
M0131,Vans,Sezzle,current_webpage_error,www.vans.com,https://www.vans.com,,,,inconclusive,<HTTPError 403: 'Forbidden'>,Technical error; not interpreted as evidence of BNPL absence.,technical_log,2026-08-09T21:28:28+00:00
M0132,Vince,Klarna,current_provider_or_merchant_page,www.klarna.com,https://www.klarna.com/us/store/e196fd94-b251-4a81-ba4d-754fb2f3c777/vince/pay-with-klarna/,,,,supports_bnpl_present,https://www.klarna.com/us/store/e196fd94-b251-4a81-ba4d-754fb2f3c777/vince/pay-with-klarna/,"Current page supports that this provider is presently associated with the merchant, but current listing is not treated as adoption date.",Tier 4,2026-08-09T21:28:28+00:00
M0132,Vince,Klarna,current_provider_or_merchant_page,www.klarna.com,https://www.klarna.com/us/shopping/t/141/Clothing-Accessories/,,,,supports_bnpl_present,Compare Clothing & Accessories Prices on Klarna For shoppers For business Discover Klarna Shop App Help Show more Sign in Klarna / Shopping / All categories / Clothing & A,"Current page supports that this provider is presently associated with the merchant, but current listing is not treated as adoption date.",Tier 4,2026-08-09T21:28:28+00:00
M0132,Vince,Klarna,wayback_cdx_provider_directory,Internet Archive CDX,https://www.klarna.com/us/shopping/t/141/Clothing-Accessories/,,https://web.archive.org/web/20220924101952/https://www.klarna.com/us/shopping/t/141/Clothing-Accessories/,2022-09-24,supports_bnpl_present,Provider-specific URL first archived on 2022-09-24: https://www.klarna.com/us/shopping/t/141/Clothing-Accessories/,Provider-directory/listing URL observed in Wayback. Not used as exact adoption date without operational launch evidence.,Tier 4,2026-08-09T21:28:28+00:00
M0132,Vince,Afterpay,current_provider_or_merchant_page,www.afterpay.com,https://www.afterpay.com/en-US/categories/mens-clothing,,,,supports_bnpl_present,Men's clothing on Afterpay - Buy now pay later with Afterpay How Afterpay works All Categories For retailers Get the app Get $15 off No suggestions,"Current page supports that this provider is presently associated with the merchant, but current listing is not treated as adoption date.",Tier 4,2026-08-09T21:28:28+00:00
M0132,Vince,Afterpay,wayback_cdx_provider_directory,Internet Archive CDX,https://www.afterpay.com/en-US/categories/mens-clothing,,https://web.archive.org/web/20260226210648/https://www.afterpay.com/en-US/categories/mens-clothing,2026-02-26,supports_bnpl_present,Provider-specific URL first archived on 2026-02-26: https://www.afterpay.com/en-US/categories/mens-clothing,Provider-directory/listing URL observed in Wayback. Not used as exact adoption date without operational launch evidence.,Tier 4,2026-08-09T21:28:28+00:00
M0132,Vince,Afterpay,current_provider_or_merchant_page,www.afterpay.com,https://www.afterpay.com/en-US/categories/womens-clothing,,,,supports_bnpl_present,Fashion on Afterpay - Buy now pay later with Afterpay How Afterpay works All Categories For retailers Get the app Get $15 off No suggestions,"Current page supports that this provider is presently associated with the merchant, but current listing is not treated as adoption date.",Tier 4,2026-08-09T21:28:28+00:00
M0132,Vince,Afterpay,wayback_cdx_provider_directory,Internet Archive CDX,https://www.afterpay.com/en-US/categories/womens-clothing,,https://web.archive.org/web/20251127160840/https://www.afterpay.com/en-US/categories/womens-clothing,2025-11-27,supports_bnpl_present,Provider-specific URL first archived on 2025-11-27: https://www.afterpay.com/en-US/categories/womens-clothing,Provider-directory/listing URL observed in Wayback. Not used as exact adoption date without operational launch evidence.,Tier 4,2026-08-09T21:28:28+00:00
M0133,Vera Bradley,Klarna,current_provider_or_merchant_page,www.klarna.com,https://www.klarna.com/us/store/3dec9bbf-0efe-4806-a3dc-9133911f6a1f/vera-bradley/pay-with-klarna/,,,,supports_bnpl_present,https://www.klarna.com/us/store/3dec9bbf-0efe-4806-a3dc-9133911f6a1f/vera-bradley/pay-with-klarna/,"Current page supports that this provider is presently associated with the merchant, but current listing is not treated as adoption date.",Tier 4,2026-08-09T21:28:28+00:00
M0133,Vera Bradley,Klarna,current_provider_or_merchant_page,www.klarna.com,https://www.klarna.com/us/shopping/t/141/Clothing-Accessories/,,,,supports_bnpl_present,Compare Clothing & Accessories Prices on Klarna For shoppers For business Discover Klarna Shop App Help Show more Sign in Klarna / Shopping / All categories / Clothing & A,"Current page supports that this provider is presently associated with the merchant, but current listing is not treated as adoption date.",Tier 4,2026-08-09T21:28:28+00:00
M0133,Vera Bradley,Klarna,wayback_cdx_provider_directory,Internet Archive CDX,https://www.klarna.com/us/shopping/t/141/Clothing-Accessories/,,https://web.archive.org/web/20220924101952/https://www.klarna.com/us/shopping/t/141/Clothing-Accessories/,2022-09-24,supports_bnpl_present,Provider-specific URL first archived on 2022-09-24: https://www.klarna.com/us/shopping/t/141/Clothing-Accessories/,Provider-directory/listing URL observed in Wayback. Not used as exact adoption date without operational launch evidence.,Tier 4,2026-08-09T21:28:28+00:00
M0133,Vera Bradley,Klarna,current_external_bnpl_page,verabradley.com,https://verabradley.com,,,,supports_bnpl_present,era Bradley’s thredUP resale shop. Explore new-to-you styles and clean out your closet to earn Vera Bradley credit! SHOP PRELOVED PayPal Pay Later Messaging ▾ Step 1: Choose message placement Click the button below and then hover over your page to select a pla,Current page mentions a BNPL-like provider outside the five-platform sample; timing still requires review.,Tier 2,2026-08-09T21:28:28+00:00
M0133,Vera Bradley,Afterpay,current_provider_or_merchant_page,www.afterpay.com,https://www.afterpay.com/en-US/categories/womens-clothing,,,,supports_bnpl_present,Fashion on Afterpay - Buy now pay later with Afterpay How Afterpay works All Categories For retailers Get the app Get $15 off No suggestions,"Current page supports that this provider is presently associated with the merchant, but current listing is not treated as adoption date.",Tier 4,2026-08-09T21:28:28+00:00
M0133,Vera Bradley,Afterpay,wayback_cdx_provider_directory,Internet Archive CDX,https://www.afterpay.com/en-US/categories/womens-clothing,,https://web.archive.org/web/20251127160840/https://www.afterpay.com/en-US/categories/womens-clothing,2025-11-27,supports_bnpl_present,Provider-specific URL first archived on 2025-11-27: https://www.afterpay.com/en-US/categories/womens-clothing,Provider-directory/listing URL observed in Wayback. Not used as exact adoption date without operational launch evidence.,Tier 4,2026-08-09T21:28:28+00:00
M0133,Vera Bradley,Afterpay,current_external_bnpl_page,verabradley.com,https://verabradley.com,,,,supports_bnpl_present,era Bradley’s thredUP resale shop. Explore new-to-you styles and clean out your closet to earn Vera Bradley credit! SHOP PRELOVED PayPal Pay Later Messaging ▾ Step 1: Choose message placement Click the button below and then hover over your page to select a pla,Current page mentions a BNPL-like provider outside the five-platform sample; timing still requires review.,Tier 2,2026-08-09T21:28:28+00:00
M0133,Vera Bradley,Zip,current_provider_or_merchant_page,zip.co,https://zip.co/us/shop/jewelry-accessories,,,,supports_bnpl_present,"Buy Now, Pay Later Jewelry | Zip Skip to main content Customers Business For Business How it works Shop stores Shop categories Insights Help Products Solutions","Current page supports that this provider is presently associated with the merchant, but current listing is not treated as adoption date.",Tier 4,2026-08-09T21:28:28+00:00
M0133,Vera Bradley,Zip,current_external_bnpl_page,zip.co,https://zip.co/us/shop/jewelry-accessories,,,,supports_bnpl_present,".S. purchases, and certain merchant, product, goods and service restrictions apply. All loans subject to credit approval. © 2026 'Quadpay', 'Zip', the 'Q Logo' and 'Zip' Logos, and all tag lines used in conjunction therewith including 'Any Store Split in 4' an",Current page mentions a BNPL-like provider outside the five-platform sample; timing still requires review.,Tier 2,2026-08-09T21:28:28+00:00
M0133,Vera Bradley,Zip,current_external_bnpl_page,verabradley.com,https://verabradley.com,,,,supports_bnpl_present,era Bradley’s thredUP resale shop. Explore new-to-you styles and clean out your closet to earn Vera Bradley credit! SHOP PRELOVED PayPal Pay Later Messaging ▾ Step 1: Choose message placement Click the button below and then hover over your page to select a pla,Current page mentions a BNPL-like provider outside the five-platform sample; timing still requires review.,Tier 2,2026-08-09T21:28:28+00:00
M0134,Victoria's Secret,Klarna,current_provider_or_merchant_page,www.klarna.com,https://www.klarna.com/us/store/3a6d9b48-fdd7-4cc6-aa0e-5d19cd75b7ea/victoria-s-secret/pay-with-klarna/,,,,supports_bnpl_present,https://www.klarna.com/us/store/3a6d9b48-fdd7-4cc6-aa0e-5d19cd75b7ea/victoria-s-secret/pay-with-klarna/,"Current page supports that this provider is presently associated with the merchant, but current listing is not treated as adoption date.",Tier 4,2026-08-09T21:28:28+00:00
M0134,Victoria's Secret,Klarna,current_provider_or_merchant_page,www.klarna.com,https://www.klarna.com/us/shopping/t/141/Clothing-Accessories/,,,,supports_bnpl_present,Compare Clothing & Accessories Prices on Klarna For shoppers For business Discover Klarna Shop App Help Show more Sign in Klarna / Shopping / All categories / Clothing & A,"Current page supports that this provider is presently associated with the merchant, but current listing is not treated as adoption date.",Tier 4,2026-08-09T21:28:28+00:00
M0134,Victoria's Secret,Klarna,wayback_cdx_provider_directory,Internet Archive CDX,https://www.klarna.com/us/shopping/t/141/Clothing-Accessories/,,https://web.archive.org/web/20220924101952/https://www.klarna.com/us/shopping/t/141/Clothing-Accessories/,2022-09-24,supports_bnpl_present,Provider-specific URL first archived on 2022-09-24: https://www.klarna.com/us/shopping/t/141/Clothing-Accessories/,Provider-directory/listing URL observed in Wayback. Not used as exact adoption date without operational launch evidence.,Tier 4,2026-08-09T21:28:28+00:00
M0134,Victoria's Secret,Afterpay,current_provider_or_merchant_page,www.afterpay.com,https://www.afterpay.com/en-US/categories/beauty,,,,supports_bnpl_present,Beauty on Afterpay - Buy now pay later with Afterpay How Afterpay works All Categories For retailers Get the app Get $15 off No suggestions,"Current page supports that this provider is presently associated with the merchant, but current listing is not treated as adoption date.",Tier 4,2026-08-09T21:28:28+00:00
M0134,Victoria's Secret,Afterpay,current_provider_or_merchant_page,www.afterpay.com,https://www.afterpay.com/en-US/categories/womens-clothing,,,,supports_bnpl_present,Fashion on Afterpay - Buy now pay later with Afterpay How Afterpay works All Categories For retailers Get the app Get $15 off No suggestions,"Current page supports that this provider is presently associated with the merchant, but current listing is not treated as adoption date.",Tier 4,2026-08-09T21:28:28+00:00
M0134,Victoria's Secret,Afterpay,wayback_cdx_provider_directory,Internet Archive CDX,https://www.afterpay.com/en-US/categories/womens-clothing,,https://web.archive.org/web/20251127160840/https://www.afterpay.com/en-US/categories/womens-clothing,2025-11-27,supports_bnpl_present,Provider-specific URL first archived on 2025-11-27: https://www.afterpay.com/en-US/categories/womens-clothing,Provider-directory/listing URL observed in Wayback. Not used as exact adoption date without operational launch evidence.,Tier 4,2026-08-09T21:28:28+00:00
M0135,Wayfair,Affirm,current_provider_or_merchant_page,www.affirm.com,https://www.affirm.com/shopping/home-and-furniture,2026-08-07,,,supports_bnpl_present,Furniture & mattress financing - buy now pay later | Affirm We're glad you're here! Would you like to see what Affirm offers in your region? Go to the page Stay he,"Current page supports that this provider is presently associated with the merchant, but current listing is not treated as adoption date.",Tier 4,2026-08-09T21:28:28+00:00
M0135,Wayfair,Affirm,wayback_cdx_provider_directory,Internet Archive CDX,https://www.affirm.com/shopping/home-and-furniture,,https://web.archive.org/web/20201129073945/https://www.affirm.com/shopping/home-and-furniture,2020-11-29,supports_bnpl_present,Provider-specific URL first archived on 2020-11-29: https://www.affirm.com/shopping/home-and-furniture,Provider-directory/listing URL observed in Wayback. Not used as exact adoption date without operational launch evidence.,Tier 4,2026-08-09T21:28:28+00:00
M0135,Wayfair,Affirm,current_generic_bnpl_page,www.wayfair.com,https://www.wayfair.com,,,,supports_bnpl_present,"ing Basics Sale Plush - For Side Sleepers Medium - For Back Sleepers Firm - For Stomach Sleepers Speak with a Specialist Buy Now, Pay Over Time Cooling Technology Top-Rated Adjustable Beds Organic & Sustainable Mattresses Advanced Sleep Technology Sealy Comfor",Current page mentions generic BNPL/installments language; provider and timing require manual review.,Tier 2,2026-08-09T21:28:28+00:00
M0135,Wayfair,Klarna,current_provider_or_merchant_page,www.klarna.com,https://www.klarna.com/us/store/4f108c95-5ee3-457b-a8c2-ca29a2a8ba0d/wayfair/pay-with-klarna/,,,,supports_bnpl_present,https://www.klarna.com/us/store/4f108c95-5ee3-457b-a8c2-ca29a2a8ba0d/wayfair/pay-with-klarna/,"Current page supports that this provider is presently associated with the merchant, but current listing is not treated as adoption date.",Tier 4,2026-08-09T21:28:28+00:00
M0135,Wayfair,Klarna,current_provider_or_merchant_page,www.klarna.com,https://www.klarna.com/us/shopping/t/1493/Toys-Hobbies/,,,,supports_bnpl_present,Compare Toys & Hobbies Prices on Klarna For shoppers For business Discover Klarna Shop App Help Show more Sign in Klarna / Shopping / All categories / Toys & Hobbi,"Current page supports that this provider is presently associated with the merchant, but current listing is not treated as adoption date.",Tier 4,2026-08-09T21:28:28+00:00
M0135,Wayfair,Klarna,wayback_cdx_provider_directory,Internet Archive CDX,https://www.klarna.com/us/shopping/t/1493/Toys-Hobbies/,,https://web.archive.org/web/20220924101958/https://www.klarna.com/us/shopping/t/1493/Toys-Hobbies/,2022-09-24,supports_bnpl_present,Provider-specific URL first archived on 2022-09-24: https://www.klarna.com/us/shopping/t/1493/Toys-Hobbies/,Provider-directory/listing URL observed in Wayback. Not used as exact adoption date without operational launch evidence.,Tier 4,2026-08-09T21:28:28+00:00
M0135,Wayfair,Klarna,current_provider_or_merchant_page,www.klarna.com,https://www.klarna.com/us/shopping/t/35/Kids-Family/,,,,supports_bnpl_present,Compare Kids & Family Prices on Klarna For shoppers For business Discover Klarna Shop App Help Show more Sign in Klarna / Shopping / All categories / Kids & Famil,"Current page supports that this provider is presently associated with the merchant, but current listing is not treated as adoption date.",Tier 4,2026-08-09T21:28:28+00:00
M0135,Wayfair,Klarna,wayback_cdx_provider_directory,Internet Archive CDX,https://www.klarna.com/us/shopping/t/35/Kids-Family/,,https://web.archive.org/web/20220924102041/https://www.klarna.com/us/shopping/t/35/Kids-Family/,2022-09-24,supports_bnpl_present,Provider-specific URL first archived on 2022-09-24: https://www.klarna.com/us/shopping/t/35/Kids-Family/,Provider-directory/listing URL observed in Wayback. Not used as exact adoption date without operational launch evidence.,Tier 4,2026-08-09T21:28:28+00:00
M0135,Wayfair,Klarna,current_generic_bnpl_page,www.wayfair.com,https://www.wayfair.com,,,,supports_bnpl_present,"ing Basics Sale Plush - For Side Sleepers Medium - For Back Sleepers Firm - For Stomach Sleepers Speak with a Specialist Buy Now, Pay Over Time Cooling Technology Top-Rated Adjustable Beds Organic & Sustainable Mattresses Advanced Sleep Technology Sealy Comfor",Current page mentions generic BNPL/installments language; provider and timing require manual review.,Tier 2,2026-08-09T21:28:28+00:00
M0135,Wayfair,Afterpay,current_provider_or_merchant_page,www.afterpay.com,https://www.afterpay.com/en-US/categories/home,,,,supports_bnpl_present,Home on Afterpay - Buy now pay later with Afterpay How Afterpay works All Categories For retailers Get the app Get $15 off No suggestions,"Current page supports that this provider is presently associated with the merchant, but current listing is not treated as adoption date.",Tier 4,2026-08-09T21:28:28+00:00
M0135,Wayfair,Afterpay,wayback_cdx_provider_directory,Internet Archive CDX,https://www.afterpay.com/en-US/categories/home,,https://web.archive.org/web/20210614120033/https://www.afterpay.com/en-US/categories/home,2021-06-14,supports_bnpl_present,Provider-specific URL first archived on 2021-06-14: https://www.afterpay.com/en-US/categories/home,Provider-directory/listing URL observed in Wayback. Not used as exact adoption date without operational launch evidence.,Tier 4,2026-08-09T21:28:28+00:00
M0135,Wayfair,Afterpay,current_generic_bnpl_page,www.wayfair.com,https://www.wayfair.com,,,,supports_bnpl_present,"ing Basics Sale Plush - For Side Sleepers Medium - For Back Sleepers Firm - For Stomach Sleepers Speak with a Specialist Buy Now, Pay Over Time Cooling Technology Top-Rated Adjustable Beds Organic & Sustainable Mattresses Advanced Sleep Technology Sealy Comfor",Current page mentions generic BNPL/installments language; provider and timing require manual review.,Tier 2,2026-08-09T21:28:28+00:00
M0135,Wayfair,Zip,current_provider_or_merchant_page,zip.co,https://zip.co/us/shop/home-furniture,,,,supports_bnpl_present,"Buy Now, Pay Later Furniture | Zip Skip to main content Customers Business For Business How it works Shop stores Shop categories Insights Help Products Solutions","Current page supports that this provider is presently associated with the merchant, but current listing is not treated as adoption date.",Tier 4,2026-08-09T21:28:28+00:00
M0135,Wayfair,Zip,current_external_bnpl_page,zip.co,https://zip.co/us/shop/home-furniture,,,,supports_bnpl_present,".S. purchases, and certain merchant, product, goods and service restrictions apply. All loans subject to credit approval. © 2026 'Quadpay', 'Zip', the 'Q Logo' and 'Zip' Logos, and all tag lines used in conjunction therewith including 'Any Store Split in 4' an",Current page mentions a BNPL-like provider outside the five-platform sample; timing still requires review.,Tier 2,2026-08-09T21:28:28+00:00
M0135,Wayfair,Zip,current_generic_bnpl_page,www.wayfair.com,https://www.wayfair.com,,,,supports_bnpl_present,"ing Basics Sale Plush - For Side Sleepers Medium - For Back Sleepers Firm - For Stomach Sleepers Speak with a Specialist Buy Now, Pay Over Time Cooling Technology Top-Rated Adjustable Beds Organic & Sustainable Mattresses Advanced Sleep Technology Sealy Comfor",Current page mentions generic BNPL/installments language; provider and timing require manual review.,Tier 2,2026-08-09T21:28:28+00:00
M0136,Whirlpool,Klarna,current_provider_or_merchant_page,www.klarna.com,https://www.klarna.com/us/store/cdb59c07-f51c-4dc1-904f-ab6972ffa53a/whirlpool/pay-with-klarna/,,,,supports_bnpl_present,https://www.klarna.com/us/store/cdb59c07-f51c-4dc1-904f-ab6972ffa53a/whirlpool/pay-with-klarna/,"Current page supports that this provider is presently associated with the merchant, but current listing is not treated as adoption date.",Tier 4,2026-08-09T21:28:28+00:00
M0136,Whirlpool,Klarna,current_provider_or_merchant_page,www.klarna.com,https://www.klarna.com/us/shopping/t/14/Kitchen-Appliances/,,,,supports_bnpl_present,Compare Kitchen Appliances Prices on Klarna For shoppers For business Discover Klarna Shop App Help Show more Sign in Klarna / Shopping / All categories / Home & Appli,"Current page supports that this provider is presently associated with the merchant, but current listing is not treated as adoption date.",Tier 4,2026-08-09T21:28:28+00:00
M0136,Whirlpool,Klarna,current_provider_or_merchant_page,www.klarna.com,https://www.klarna.com/us/shopping/t/1424/Garden-Patio/,,,,supports_bnpl_present,Compare Garden & Patio Prices on Klarna For shoppers For business Discover Klarna Shop App Help Show more Sign in Klarna / Shopping / All categories / Garden & Pat,"Current page supports that this provider is presently associated with the merchant, but current listing is not treated as adoption date.",Tier 4,2026-08-09T21:28:28+00:00
M0137,Waste Management,Zip,current_provider_or_merchant_page,zip.co,https://zip.co/us/shop/bills,,,,supports_bnpl_present,Pay your Bills with Zip in easy installments | Zip Skip to main content Customers Business For Business How it works Shop stores Shop categories Insig,"Current page supports that this provider is presently associated with the merchant, but current listing is not treated as adoption date.",Tier 4,2026-08-09T21:28:28+00:00
M0137,Waste Management,Zip,current_external_bnpl_page,zip.co,https://zip.co/us/shop/bills,,,,supports_bnpl_present,".S. purchases, and certain merchant, product, goods and service restrictions apply. All loans subject to credit approval. © 2026 'Quadpay', 'Zip', the 'Q Logo' and 'Zip' Logos, and all tag lines used in conjunction therewith including 'Any Store Split in 4' an",Current page mentions a BNPL-like provider outside the five-platform sample; timing still requires review.,Tier 2,2026-08-09T21:28:28+00:00
M0137,Waste Management,Zip,wayback_cdx_provider_directory,Internet Archive CDX,https://zip.co/us/shop/bills,,https://web.archive.org/web/20211109131115/https://zip.co/us/shop/bills,2021-11-09,supports_bnpl_present,Provider-specific URL first archived on 2021-11-09: https://zip.co/us/shop/bills,Provider-directory/listing URL observed in Wayback. Not used as exact adoption date without operational launch evidence.,Tier 4,2026-08-09T21:28:28+00:00
M0138,Sam's Club,Affirm,current_provider_or_merchant_page,www.affirm.com,https://www.affirm.com/shopping/home-and-furniture,2026-08-07,,,supports_bnpl_present,Furniture & mattress financing - buy now pay later | Affirm We're glad you're here! Would you like to see what Affirm offers in your region? Go to the page Stay he,"Current page supports that this provider is presently associated with the merchant, but current listing is not treated as adoption date.",Tier 4,2026-08-09T21:28:28+00:00
M0138,Sam's Club,Affirm,wayback_cdx_provider_directory,Internet Archive CDX,https://www.affirm.com/shopping/home-and-furniture,,https://web.archive.org/web/20201129073945/https://www.affirm.com/shopping/home-and-furniture,2020-11-29,supports_bnpl_present,Provider-specific URL first archived on 2020-11-29: https://www.affirm.com/shopping/home-and-furniture,Provider-directory/listing URL observed in Wayback. Not used as exact adoption date without operational launch evidence.,Tier 4,2026-08-09T21:28:28+00:00
M0138,Sam's Club,Klarna,current_provider_or_merchant_page,www.klarna.com,https://www.klarna.com/us/store/b0bcf9b1-6ea3-44d1-ac4f-44829c4a02c2/sam-s-club/pay-with-klarna/,,,,supports_bnpl_present,Buy now pay later at Sam's Club - Pay in 4 | Klarna For shoppers For business Discover Klarna Shop App Help Show more Sign in Klar,"Current page supports that this provider is presently associated with the merchant, but current listing is not treated as adoption date.",Tier 4,2026-08-09T21:28:28+00:00
M0138,Sam's Club,Klarna,wayback_cdx_provider_directory,Internet Archive CDX,https://www.klarna.com/us/store/b0bcf9b1-6ea3-44d1-ac4f-44829c4a02c2/sam-s-club/pay-with-klarna/,,https://web.archive.org/web/20241218173901/https://www.klarna.com/us/store/b0bcf9b1-6ea3-44d1-ac4f-44829c4a02c2/sam-s-club/pay-with-klarna/,2024-12-18,supports_bnpl_present,Provider-specific URL first archived on 2024-12-18: https://www.klarna.com/us/store/b0bcf9b1-6ea3-44d1-ac4f-44829c4a02c2/sam-s-club/pay-with-klarna/,Provider-directory/listing URL observed in Wayback. Not used as exact adoption date without operational launch evidence.,Tier 4,2026-08-09T21:28:28+00:00
M0138,Sam's Club,Klarna,current_provider_or_merchant_page,www.klarna.com,https://www.klarna.com/us/shopping/t/14/Kitchen-Appliances/,,,,supports_bnpl_present,Compare Kitchen Appliances Prices on Klarna For shoppers For business Discover Klarna Shop App Help Show more Sign in Klarna / Shopping / All categories / Home & Appli,"Current page supports that this provider is presently associated with the merchant, but current listing is not treated as adoption date.",Tier 4,2026-08-09T21:28:28+00:00
M0138,Sam's Club,Klarna,current_provider_or_merchant_page,www.klarna.com,https://www.klarna.com/us/shopping/t/1424/Garden-Patio/,,,,supports_bnpl_present,Compare Garden & Patio Prices on Klarna For shoppers For business Discover Klarna Shop App Help Show more Sign in Klarna / Shopping / All categories / Garden & Pat,"Current page supports that this provider is presently associated with the merchant, but current listing is not treated as adoption date.",Tier 4,2026-08-09T21:28:28+00:00
M0138,Sam's Club,Zip,current_provider_or_merchant_page,zip.co,https://zip.co/us/shop/appliances-electronics,,,,supports_bnpl_present,"Buy Now, Pay Later Electronics | Zip Skip to main content Customers Business For Business How it works Shop stores Shop categories Insights Help Products Solutions","Current page supports that this provider is presently associated with the merchant, but current listing is not treated as adoption date.",Tier 4,2026-08-09T21:28:28+00:00
M0138,Sam's Club,Zip,current_external_bnpl_page,zip.co,https://zip.co/us/shop/appliances-electronics,,,,supports_bnpl_present,".S. purchases, and certain merchant, product, goods and service restrictions apply. All loans subject to credit approval. © 2026 'Quadpay', 'Zip', the 'Q Logo' and 'Zip' Logos, and all tag lines used in conjunction therewith including 'Any Store Split in 4' an",Current page mentions a BNPL-like provider outside the five-platform sample; timing still requires review.,Tier 2,2026-08-09T21:28:28+00:00
M0138,Sam's Club,Zip,wayback_cdx_provider_directory,Internet Archive CDX,https://zip.co/us/shop/appliances-electronics,,https://web.archive.org/web/20210921224524/https://zip.co/us/shop/appliances-electronics,2021-09-21,supports_bnpl_present,Provider-specific URL first archived on 2021-09-21: https://zip.co/us/shop/appliances-electronics,Provider-directory/listing URL observed in Wayback. Not used as exact adoption date without operational launch evidence.,Tier 4,2026-08-09T21:28:28+00:00
M0138,Sam's Club,Zip,current_provider_or_merchant_page,zip.co,https://zip.co/us/shop/bills,,,,supports_bnpl_present,Pay your Bills with Zip in easy installments | Zip Skip to main content Customers Business For Business How it works Shop stores Shop categories Insig,"Current page supports that this provider is presently associated with the merchant, but current listing is not treated as adoption date.",Tier 4,2026-08-09T21:28:28+00:00
M0138,Sam's Club,Zip,current_external_bnpl_page,zip.co,https://zip.co/us/shop/bills,,,,supports_bnpl_present,".S. purchases, and certain merchant, product, goods and service restrictions apply. All loans subject to credit approval. © 2026 'Quadpay', 'Zip', the 'Q Logo' and 'Zip' Logos, and all tag lines used in conjunction therewith including 'Any Store Split in 4' an",Current page mentions a BNPL-like provider outside the five-platform sample; timing still requires review.,Tier 2,2026-08-09T21:28:28+00:00
M0138,Sam's Club,Zip,wayback_cdx_provider_directory,Internet Archive CDX,https://zip.co/us/shop/bills,,https://web.archive.org/web/20211109131115/https://zip.co/us/shop/bills,2021-11-09,supports_bnpl_present,Provider-specific URL first archived on 2021-11-09: https://zip.co/us/shop/bills,Provider-directory/listing URL observed in Wayback. Not used as exact adoption date without operational launch evidence.,Tier 4,2026-08-09T21:28:28+00:00
M0138,Sam's Club,Zip,current_provider_or_merchant_page,zip.co,https://zip.co/us/shop/food-beverage,,,,supports_bnpl_present,"Buy Now, Pay Later Food & Groceries | Zip Skip to main content Customers Business For Business How it works Shop stores Shop categories Insights Help Products Solutions","Current page supports that this provider is presently associated with the merchant, but current listing is not treated as adoption date.",Tier 4,2026-08-09T21:28:28+00:00
M0138,Sam's Club,Zip,current_external_bnpl_page,zip.co,https://zip.co/us/shop/food-beverage,,,,supports_bnpl_present,".S. purchases, and certain merchant, product, goods and service restrictions apply. All loans subject to credit approval. © 2026 'Quadpay', 'Zip', the 'Q Logo' and 'Zip' Logos, and all tag lines used in conjunction therewith including 'Any Store Split in 4' an",Current page mentions a BNPL-like provider outside the five-platform sample; timing still requires review.,Tier 2,2026-08-09T21:28:28+00:00
M0139,Walmart,Klarna,current_provider_or_merchant_page,www.klarna.com,https://www.klarna.com/us/store/09f4d635-0452-4f63-9455-c45420d95669/walmart/pay-with-klarna/,,,,supports_bnpl_present,Buy now pay later at Walmart - Pay in 4 | Klarna For shoppers For business Discover Klarna Shop App Help Show more Sign in Klarna,"Current page supports that this provider is presently associated with the merchant, but current listing is not treated as adoption date.",Tier 4,2026-08-09T21:28:28+00:00
M0139,Walmart,Klarna,current_provider_or_merchant_page,www.klarna.com,https://www.klarna.com/us/shopping/t/1493/Toys-Hobbies/,,,,supports_bnpl_present,Compare Toys & Hobbies Prices on Klarna For shoppers For business Discover Klarna Shop App Help Show more Sign in Klarna / Shopping / All categories / Toys & Hobbi,"Current page supports that this provider is presently associated with the merchant, but current listing is not treated as adoption date.",Tier 4,2026-08-09T21:28:28+00:00
M0139,Walmart,Klarna,wayback_cdx_provider_directory,Internet Archive CDX,https://www.klarna.com/us/shopping/t/1493/Toys-Hobbies/,,https://web.archive.org/web/20220924101958/https://www.klarna.com/us/shopping/t/1493/Toys-Hobbies/,2022-09-24,supports_bnpl_present,Provider-specific URL first archived on 2022-09-24: https://www.klarna.com/us/shopping/t/1493/Toys-Hobbies/,Provider-directory/listing URL observed in Wayback. Not used as exact adoption date without operational launch evidence.,Tier 4,2026-08-09T21:28:28+00:00
M0139,Walmart,Klarna,current_provider_or_merchant_page,www.klarna.com,https://www.klarna.com/us/shopping/t/35/Kids-Family/,,,,supports_bnpl_present,Compare Kids & Family Prices on Klarna For shoppers For business Discover Klarna Shop App Help Show more Sign in Klarna / Shopping / All categories / Kids & Famil,"Current page supports that this provider is presently associated with the merchant, but current listing is not treated as adoption date.",Tier 4,2026-08-09T21:28:28+00:00
M0139,Walmart,Klarna,wayback_cdx_provider_directory,Internet Archive CDX,https://www.klarna.com/us/shopping/t/35/Kids-Family/,,https://web.archive.org/web/20220924102041/https://www.klarna.com/us/shopping/t/35/Kids-Family/,2022-09-24,supports_bnpl_present,Provider-specific URL first archived on 2022-09-24: https://www.klarna.com/us/shopping/t/35/Kids-Family/,Provider-directory/listing URL observed in Wayback. Not used as exact adoption date without operational launch evidence.,Tier 4,2026-08-09T21:28:28+00:00
M0139,Walmart,Zip,current_provider_or_merchant_page,zip.co,https://zip.co/us/shop/home-furniture,,,,supports_bnpl_present,"Buy Now, Pay Later Furniture | Zip Skip to main content Customers Business For Business How it works Shop stores Shop categories Insights Help Products Solutions","Current page supports that this provider is presently associated with the merchant, but current listing is not treated as adoption date.",Tier 4,2026-08-09T21:28:28+00:00
M0139,Walmart,Zip,current_external_bnpl_page,zip.co,https://zip.co/us/shop/home-furniture,,,,supports_bnpl_present,".S. purchases, and certain merchant, product, goods and service restrictions apply. All loans subject to credit approval. © 2026 'Quadpay', 'Zip', the 'Q Logo' and 'Zip' Logos, and all tag lines used in conjunction therewith including 'Any Store Split in 4' an",Current page mentions a BNPL-like provider outside the five-platform sample; timing still requires review.,Tier 2,2026-08-09T21:28:28+00:00
M0139,Walmart,Zip,current_provider_or_merchant_page,www.walmart.com,https://www.walmart.com,,,,supports_bnpl_present,"essed Accent Carpet, Vacuum-Friendly, Brown PURE CHAMP 3Pk Boys Sweatpants Fleece Athletic Workout Kids Clothes Boys Joggers with Zipper Pocket and Drawstring Size 4-20 (SET2 Size 6/7) $26.99 Was $59.99 Now $ 26 99 current price Now $26.99, Was $59.99 $59.99 M","Current page supports that this provider is presently associated with the merchant, but current listing is not treated as adoption date.",Tier 1,2026-08-09T21:28:28+00:00
M0140,Warby Parker,Klarna,current_provider_or_merchant_page,www.klarna.com,https://www.klarna.com/us/store/49a36197-36c8-4786-b109-56c91cf248d9/warby-parker/pay-with-klarna/,,,,supports_bnpl_present,Buy now pay later at Warby Parker - Pay in 4 | Klarna For shoppers For business Discover Klarna Shop App Help Show more Sign in Kl,"Current page supports that this provider is presently associated with the merchant, but current listing is not treated as adoption date.",Tier 4,2026-08-09T21:28:28+00:00
M0140,Warby Parker,Klarna,current_provider_or_merchant_page,www.klarna.com,https://www.klarna.com/us/shopping/t/10/Health-Beauty/,,,,supports_bnpl_present,Compare Health & Beauty Prices on Klarna For shoppers For business Discover Klarna Shop App Help Show more Sign in Klarna / Shopping / All categories / Health & Bea,"Current page supports that this provider is presently associated with the merchant, but current listing is not treated as adoption date.",Tier 4,2026-08-09T21:28:28+00:00
M0140,Warby Parker,Klarna,wayback_cdx_provider_directory,Internet Archive CDX,https://www.klarna.com/us/shopping/t/10/Health-Beauty/,,https://web.archive.org/web/20220917161909/https://www.klarna.com/us/shopping/t/10/Health-Beauty/,2022-09-17,supports_bnpl_present,Provider-specific URL first archived on 2022-09-17: https://www.klarna.com/us/shopping/t/10/Health-Beauty/,Provider-directory/listing URL observed in Wayback. Not used as exact adoption date without operational launch evidence.,Tier 4,2026-08-09T21:28:28+00:00
M0141,Williams-Sonoma,Klarna,current_provider_or_merchant_page,www.klarna.com,https://www.klarna.com/us/store/b684f669-8d73-421e-bd73-8b6358447406/williams-sonoma/pay-with-klarna/,,,,supports_bnpl_present,Buy now pay later at Williams-Sonoma - Pay in 4 | Klarna For shoppers For business Discover Klarna Shop App Help Show more Sign in,"Current page supports that this provider is presently associated with the merchant, but current listing is not treated as adoption date.",Tier 4,2026-08-09T21:28:28+00:00
M0141,Williams-Sonoma,Klarna,current_provider_or_merchant_page,www.klarna.com,https://www.klarna.com/us/shopping/t/14/Kitchen-Appliances/,,,,supports_bnpl_present,Compare Kitchen Appliances Prices on Klarna For shoppers For business Discover Klarna Shop App Help Show more Sign in Klarna / Shopping / All categories / Home & Appli,"Current page supports that this provider is presently associated with the merchant, but current listing is not treated as adoption date.",Tier 4,2026-08-09T21:28:28+00:00
M0141,Williams-Sonoma,Klarna,current_provider_or_merchant_page,www.klarna.com,https://www.klarna.com/us/shopping/t/1424/Garden-Patio/,,,,supports_bnpl_present,Compare Garden & Patio Prices on Klarna For shoppers For business Discover Klarna Shop App Help Show more Sign in Klarna / Shopping / All categories / Garden & Pat,"Current page supports that this provider is presently associated with the merchant, but current listing is not treated as adoption date.",Tier 4,2026-08-09T21:28:28+00:00
M0141,Williams-Sonoma,Sezzle,current_provider_or_merchant_page,sezzle.com,https://sezzle.com/shop/bed-and-bath/,2026-08-06,,,supports_bnpl_present,Buy Now Pay Later for Bed & Bath with Sezzle Shop Women Activewear Clothing Jewelry & Accessories Shoes Swimwear Men Clothing Jewe,"Current page supports that this provider is presently associated with the merchant, but current listing is not treated as adoption date.",Tier 4,2026-08-09T21:28:28+00:00
M0141,Williams-Sonoma,Sezzle,current_provider_or_merchant_page,sezzle.com,https://sezzle.com/shop/furniture-and-decor/,2026-08-06,,,supports_bnpl_present,Buy Now Pay Later for Furniture & Decor with Sezzle Shop Women Activewear Clothing Jewelry & Accessories Shoes Swimwear Men Clothi,"Current page supports that this provider is presently associated with the merchant, but current listing is not treated as adoption date.",Tier 4,2026-08-09T21:28:28+00:00
M0142,Wolverine,Klarna,current_provider_or_merchant_page,www.klarna.com,https://www.klarna.com/us/store/0254eac4-c2ef-40c2-88ab-0464dab04dea/wolverine/pay-with-klarna/,,,,supports_bnpl_present,Buy now pay later at Wolverine - Pay in 4 | Klarna For shoppers For business Discover Klarna Shop App Help Show more Sign in Klarn,"Current page supports that this provider is presently associated with the merchant, but current listing is not treated as adoption date.",Tier 4,2026-08-09T21:28:28+00:00
M0142,Wolverine,Klarna,current_provider_or_merchant_page,www.klarna.com,https://www.klarna.com/us/shopping/t/141/Clothing-Accessories/,,,,supports_bnpl_present,Compare Clothing & Accessories Prices on Klarna For shoppers For business Discover Klarna Shop App Help Show more Sign in Klarna / Shopping / All categories / Clothing & A,"Current page supports that this provider is presently associated with the merchant, but current listing is not treated as adoption date.",Tier 4,2026-08-09T21:28:28+00:00
M0142,Wolverine,Klarna,wayback_cdx_provider_directory,Internet Archive CDX,https://www.klarna.com/us/shopping/t/141/Clothing-Accessories/,,https://web.archive.org/web/20220924101952/https://www.klarna.com/us/shopping/t/141/Clothing-Accessories/,2022-09-24,supports_bnpl_present,Provider-specific URL first archived on 2022-09-24: https://www.klarna.com/us/shopping/t/141/Clothing-Accessories/,Provider-directory/listing URL observed in Wayback. Not used as exact adoption date without operational launch evidence.,Tier 4,2026-08-09T21:28:28+00:00
M0143,Yeti,Klarna,current_provider_or_merchant_page,www.klarna.com,https://www.klarna.com/us/store/60b49416-d93d-4afa-a0aa-2972b17afab1/yeti/pay-with-klarna/,,,,supports_bnpl_present,Buy now pay later at Yeti - Pay in 4 | Klarna For shoppers For business Discover Klarna Shop App Help Show more Sign in Klarna ∕ S,"Current page supports that this provider is presently associated with the merchant, but current listing is not treated as adoption date.",Tier 4,2026-08-09T21:28:28+00:00
M0143,Yeti,Klarna,current_provider_or_merchant_page,www.klarna.com,https://www.klarna.com/us/shopping/t/27/Sports-Outdoor/,,,,supports_bnpl_present,Compare Sports & Outdoor Prices on Klarna For shoppers For business Discover Klarna Shop App Help Show more Sign in Klarna / Shopping / All categories / Sports & Out,"Current page supports that this provider is presently associated with the merchant, but current listing is not treated as adoption date.",Tier 4,2026-08-09T21:28:28+00:00
M0144,zumiez,Klarna,current_provider_or_merchant_page,www.klarna.com,https://www.klarna.com/us/store/bdcc06d0-ed02-4c00-b08b-e41c712d597f/zumiez/pay-with-klarna/,,,,supports_bnpl_present,Buy now pay later at zumiez - Pay in 4 | Klarna For shoppers For business Discover Klarna Shop App Help Show more Sign in Klarna ∕,"Current page supports that this provider is presently associated with the merchant, but current listing is not treated as adoption date.",Tier 4,2026-08-09T21:28:28+00:00
M0144,zumiez,Klarna,current_provider_or_merchant_page,www.klarna.com,https://www.klarna.com/us/shopping/t/141/Clothing-Accessories/,,,,supports_bnpl_present,Compare Clothing & Accessories Prices on Klarna For shoppers For business Discover Klarna Shop App Help Show more Sign in Klarna / Shopping / All categories / Clothing & A,"Current page supports that this provider is presently associated with the merchant, but current listing is not treated as adoption date.",Tier 4,2026-08-09T21:28:28+00:00
M0144,zumiez,Klarna,wayback_cdx_provider_directory,Internet Archive CDX,https://www.klarna.com/us/shopping/t/141/Clothing-Accessories/,,https://web.archive.org/web/20220924101952/https://www.klarna.com/us/shopping/t/141/Clothing-Accessories/,2022-09-24,supports_bnpl_present,Provider-specific URL first archived on 2022-09-24: https://www.klarna.com/us/shopping/t/141/Clothing-Accessories/,Provider-directory/listing URL observed in Wayback. Not used as exact adoption date without operational launch evidence.,Tier 4,2026-08-09T21:28:28+00:00
