merchant,provider,problem_type,reason,recommended_manual_action
American Airlines,Affirm,unknown_timing,No credible operational adoption date found by automated first-pass scraper.,"Review official newsroom/help/payment pages, provider announcements, SEC filings, major news, and targeted Wayback payment-page snapshots."
American Airlines,Zip,unknown_timing,No credible operational adoption date found by automated first-pass scraper.,"Review official newsroom/help/payment pages, provider announcements, SEC filings, major news, and targeted Wayback payment-page snapshots."
American Airlines,Zip,possible_external_bnpl,Evidence mentions BNPL outside the five-platform sample.,"Review official newsroom/help/payment pages, provider announcements, SEC filings, major news, and targeted Wayback payment-page snapshots."
Advance Auto Parts,Klarna,unknown_timing,No credible operational adoption date found by automated first-pass scraper.,"Review official newsroom/help/payment pages, provider announcements, SEC filings, major news, and targeted Wayback payment-page snapshots."
Advance Auto Parts,Klarna,wayback_incomplete,Wayback status: no_snapshots.,"Review official newsroom/help/payment pages, provider announcements, SEC filings, major news, and targeted Wayback payment-page snapshots."
Apple,Klarna,unknown_timing,No credible operational adoption date found by automated first-pass scraper.,"Review official newsroom/help/payment pages, provider announcements, SEC filings, major news, and targeted Wayback payment-page snapshots."
Apple,Zip,unknown_timing,No credible operational adoption date found by automated first-pass scraper.,"Review official newsroom/help/payment pages, provider announcements, SEC filings, major news, and targeted Wayback payment-page snapshots."
Apple,Zip,possible_external_bnpl,Evidence mentions BNPL outside the five-platform sample.,"Review official newsroom/help/payment pages, provider announcements, SEC filings, major news, and targeted Wayback payment-page snapshots."
Airbnb,Zip,unknown_timing,No credible operational adoption date found by automated first-pass scraper.,"Review official newsroom/help/payment pages, provider announcements, SEC filings, major news, and targeted Wayback payment-page snapshots."
Airbnb,Zip,possible_external_bnpl,Evidence mentions BNPL outside the five-platform sample.,"Review official newsroom/help/payment pages, provider announcements, SEC filings, major news, and targeted Wayback payment-page snapshots."
Autodesk,Klarna,unknown_timing,No credible operational adoption date found by automated first-pass scraper.,"Review official newsroom/help/payment pages, provider announcements, SEC filings, major news, and targeted Wayback payment-page snapshots."
Autodesk,Klarna,wayback_incomplete,Wayback status: no_snapshots.,"Review official newsroom/help/payment pages, provider announcements, SEC filings, major news, and targeted Wayback payment-page snapshots."
American Eagle,Affirm,unknown_timing,No credible operational adoption date found by automated first-pass scraper.,"Review official newsroom/help/payment pages, provider announcements, SEC filings, major news, and targeted Wayback payment-page snapshots."
American Eagle,Affirm,wayback_incomplete,Wayback status: no_snapshots.,"Review official newsroom/help/payment pages, provider announcements, SEC filings, major news, and targeted Wayback payment-page snapshots."
American Eagle,Klarna,unknown_timing,No credible operational adoption date found by automated first-pass scraper.,"Review official newsroom/help/payment pages, provider announcements, SEC filings, major news, and targeted Wayback payment-page snapshots."
American Eagle,Afterpay,unknown_timing,No credible operational adoption date found by automated first-pass scraper.,"Review official newsroom/help/payment pages, provider announcements, SEC filings, major news, and targeted Wayback payment-page snapshots."
American Eagle,Sezzle,unknown_timing,No credible operational adoption date found by automated first-pass scraper.,"Review official newsroom/help/payment pages, provider announcements, SEC filings, major news, and targeted Wayback payment-page snapshots."
American Eagle,Sezzle,wayback_incomplete,Wayback status: no_snapshots.,"Review official newsroom/help/payment pages, provider announcements, SEC filings, major news, and targeted Wayback payment-page snapshots."
Allstate,Zip,unknown_timing,No credible operational adoption date found by automated first-pass scraper.,"Review official newsroom/help/payment pages, provider announcements, SEC filings, major news, and targeted Wayback payment-page snapshots."
Allstate,Zip,possible_external_bnpl,Evidence mentions BNPL outside the five-platform sample.,"Review official newsroom/help/payment pages, provider announcements, SEC filings, major news, and targeted Wayback payment-page snapshots."
Amazon,Affirm,unknown_timing,No credible operational adoption date found by automated first-pass scraper.,"Review official newsroom/help/payment pages, provider announcements, SEC filings, major news, and targeted Wayback payment-page snapshots."
Amazon,Klarna,unknown_timing,No credible operational adoption date found by automated first-pass scraper.,"Review official newsroom/help/payment pages, provider announcements, SEC filings, major news, and targeted Wayback payment-page snapshots."
Zappos,Klarna,unknown_timing,No credible operational adoption date found by automated first-pass scraper.,"Review official newsroom/help/payment pages, provider announcements, SEC filings, major news, and targeted Wayback payment-page snapshots."
Zappos,Klarna,subsidiary_parent_scope,Merchant-level BNPL availability may not imply parent-level treatment.,"Review official newsroom/help/payment pages, provider announcements, SEC filings, major news, and targeted Wayback payment-page snapshots."
Zappos,Afterpay,unknown_timing,No credible operational adoption date found by automated first-pass scraper.,"Review official newsroom/help/payment pages, provider announcements, SEC filings, major news, and targeted Wayback payment-page snapshots."
Zappos,Afterpay,subsidiary_parent_scope,Merchant-level BNPL availability may not imply parent-level treatment.,"Review official newsroom/help/payment pages, provider announcements, SEC filings, major news, and targeted Wayback payment-page snapshots."
Zappos,Zip,unknown_timing,No credible operational adoption date found by automated first-pass scraper.,"Review official newsroom/help/payment pages, provider announcements, SEC filings, major news, and targeted Wayback payment-page snapshots."
Zappos,Zip,subsidiary_parent_scope,Merchant-level BNPL availability may not imply parent-level treatment.,"Review official newsroom/help/payment pages, provider announcements, SEC filings, major news, and targeted Wayback payment-page snapshots."
Zappos,Zip,possible_external_bnpl,Evidence mentions BNPL outside the five-platform sample.,"Review official newsroom/help/payment pages, provider announcements, SEC filings, major news, and targeted Wayback payment-page snapshots."
Zappos,Zip,wayback_incomplete,Wayback status: no_snapshots.,"Review official newsroom/help/payment pages, provider announcements, SEC filings, major news, and targeted Wayback payment-page snapshots."
Abercrombie & Fitch,Klarna,unknown_timing,No credible operational adoption date found by automated first-pass scraper.,"Review official newsroom/help/payment pages, provider announcements, SEC filings, major news, and targeted Wayback payment-page snapshots."
Abercrombie & Fitch,Sezzle,unknown_timing,No credible operational adoption date found by automated first-pass scraper.,"Review official newsroom/help/payment pages, provider announcements, SEC filings, major news, and targeted Wayback payment-page snapshots."
Abercrombie & Fitch,Sezzle,wayback_incomplete,Wayback status: no_snapshots.,"Review official newsroom/help/payment pages, provider announcements, SEC filings, major news, and targeted Wayback payment-page snapshots."
AppFolio,Zip,unknown_timing,No credible operational adoption date found by automated first-pass scraper.,"Review official newsroom/help/payment pages, provider announcements, SEC filings, major news, and targeted Wayback payment-page snapshots."
AppFolio,Zip,possible_external_bnpl,Evidence mentions BNPL outside the five-platform sample.,"Review official newsroom/help/payment pages, provider announcements, SEC filings, major news, and targeted Wayback payment-page snapshots."
Arhaus,Klarna,unknown_timing,No credible operational adoption date found by automated first-pass scraper.,"Review official newsroom/help/payment pages, provider announcements, SEC filings, major news, and targeted Wayback payment-page snapshots."
Arhaus,Klarna,wayback_incomplete,Wayback status: no_snapshots.,"Review official newsroom/help/payment pages, provider announcements, SEC filings, major news, and targeted Wayback payment-page snapshots."
Academy Sports,Klarna,unknown_timing,No credible operational adoption date found by automated first-pass scraper.,"Review official newsroom/help/payment pages, provider announcements, SEC filings, major news, and targeted Wayback payment-page snapshots."
Academy Sports,Klarna,wayback_incomplete,Wayback status: no_snapshots.,"Review official newsroom/help/payment pages, provider announcements, SEC filings, major news, and targeted Wayback payment-page snapshots."
AutoZone,Klarna,unknown_timing,No credible operational adoption date found by automated first-pass scraper.,"Review official newsroom/help/payment pages, provider announcements, SEC filings, major news, and targeted Wayback payment-page snapshots."
AutoZone,Klarna,wayback_incomplete,Wayback status: no_snapshots.,"Review official newsroom/help/payment pages, provider announcements, SEC filings, major news, and targeted Wayback payment-page snapshots."
Alibaba,Klarna,unknown_timing,No credible operational adoption date found by automated first-pass scraper.,"Review official newsroom/help/payment pages, provider announcements, SEC filings, major news, and targeted Wayback payment-page snapshots."
Alibaba,Afterpay,unknown_timing,No credible operational adoption date found by automated first-pass scraper.,"Review official newsroom/help/payment pages, provider announcements, SEC filings, major news, and targeted Wayback payment-page snapshots."
Alibaba,Sezzle,unknown_timing,No credible operational adoption date found by automated first-pass scraper.,"Review official newsroom/help/payment pages, provider announcements, SEC filings, major news, and targeted Wayback payment-page snapshots."
Bed Bath & Beyond,Affirm,unknown_timing,No credible operational adoption date found by automated first-pass scraper.,"Review official newsroom/help/payment pages, provider announcements, SEC filings, major news, and targeted Wayback payment-page snapshots."
Bed Bath & Beyond,Klarna,unknown_timing,No credible operational adoption date found by automated first-pass scraper.,"Review official newsroom/help/payment pages, provider announcements, SEC filings, major news, and targeted Wayback payment-page snapshots."
Bed Bath & Beyond,Klarna,wayback_incomplete,Wayback status: no_snapshots.,"Review official newsroom/help/payment pages, provider announcements, SEC filings, major news, and targeted Wayback payment-page snapshots."
Bed Bath & Beyond,Sezzle,unknown_timing,No credible operational adoption date found by automated first-pass scraper.,"Review official newsroom/help/payment pages, provider announcements, SEC filings, major news, and targeted Wayback payment-page snapshots."
Bed Bath & Beyond,Sezzle,wayback_incomplete,Wayback status: no_snapshots.,"Review official newsroom/help/payment pages, provider announcements, SEC filings, major news, and targeted Wayback payment-page snapshots."
Build-A-Bear Workshop,Sezzle,unknown_timing,No credible operational adoption date found by automated first-pass scraper.,"Review official newsroom/help/payment pages, provider announcements, SEC filings, major news, and targeted Wayback payment-page snapshots."
Build-A-Bear Workshop,Sezzle,wayback_incomplete,Wayback status: no_snapshots.,"Review official newsroom/help/payment pages, provider announcements, SEC filings, major news, and targeted Wayback payment-page snapshots."
Bath & Body Works,Klarna,unknown_timing,No credible operational adoption date found by automated first-pass scraper.,"Review official newsroom/help/payment pages, provider announcements, SEC filings, major news, and targeted Wayback payment-page snapshots."
Bath & Body Works,Sezzle,unknown_timing,No credible operational adoption date found by automated first-pass scraper.,"Review official newsroom/help/payment pages, provider announcements, SEC filings, major news, and targeted Wayback payment-page snapshots."
Bath & Body Works,Sezzle,wayback_incomplete,Wayback status: no_snapshots.,"Review official newsroom/help/payment pages, provider announcements, SEC filings, major news, and targeted Wayback payment-page snapshots."
Best Buy,Affirm,unknown_timing,No credible operational adoption date found by automated first-pass scraper.,"Review official newsroom/help/payment pages, provider announcements, SEC filings, major news, and targeted Wayback payment-page snapshots."
Best Buy,Klarna,unknown_timing,No credible operational adoption date found by automated first-pass scraper.,"Review official newsroom/help/payment pages, provider announcements, SEC filings, major news, and targeted Wayback payment-page snapshots."
Best Buy,Zip,unknown_timing,No credible operational adoption date found by automated first-pass scraper.,"Review official newsroom/help/payment pages, provider announcements, SEC filings, major news, and targeted Wayback payment-page snapshots."
Best Buy,Zip,possible_external_bnpl,Evidence mentions BNPL outside the five-platform sample.,"Review official newsroom/help/payment pages, provider announcements, SEC filings, major news, and targeted Wayback payment-page snapshots."
Birkenstock,Klarna,unknown_timing,No credible operational adoption date found by automated first-pass scraper.,"Review official newsroom/help/payment pages, provider announcements, SEC filings, major news, and targeted Wayback payment-page snapshots."
BJ's Wholesale Club,Klarna,unknown_timing,No credible operational adoption date found by automated first-pass scraper.,"Review official newsroom/help/payment pages, provider announcements, SEC filings, major news, and targeted Wayback payment-page snapshots."
BJ's Wholesale Club,Klarna,wayback_incomplete,Wayback status: no_snapshots.,"Review official newsroom/help/payment pages, provider announcements, SEC filings, major news, and targeted Wayback payment-page snapshots."
Buckle,Klarna,unknown_timing,No credible operational adoption date found by automated first-pass scraper.,"Review official newsroom/help/payment pages, provider announcements, SEC filings, major news, and targeted Wayback payment-page snapshots."
Buckle,Afterpay,unknown_timing,No credible operational adoption date found by automated first-pass scraper.,"Review official newsroom/help/payment pages, provider announcements, SEC filings, major news, and targeted Wayback payment-page snapshots."
Priceline,Affirm,unknown_timing,No credible operational adoption date found by automated first-pass scraper.,"Review official newsroom/help/payment pages, provider announcements, SEC filings, major news, and targeted Wayback payment-page snapshots."
Priceline,Affirm,subsidiary_parent_scope,Merchant-level BNPL availability may not imply parent-level treatment.,"Review official newsroom/help/payment pages, provider announcements, SEC filings, major news, and targeted Wayback payment-page snapshots."
Priceline,Afterpay,unknown_timing,No credible operational adoption date found by automated first-pass scraper.,"Review official newsroom/help/payment pages, provider announcements, SEC filings, major news, and targeted Wayback payment-page snapshots."
Priceline,Afterpay,subsidiary_parent_scope,Merchant-level BNPL availability may not imply parent-level treatment.,"Review official newsroom/help/payment pages, provider announcements, SEC filings, major news, and targeted Wayback payment-page snapshots."
Priceline,Afterpay,wayback_incomplete,Wayback status: no_snapshots.,"Review official newsroom/help/payment pages, provider announcements, SEC filings, major news, and targeted Wayback payment-page snapshots."
Priceline,Zip,unknown_timing,No credible operational adoption date found by automated first-pass scraper.,"Review official newsroom/help/payment pages, provider announcements, SEC filings, major news, and targeted Wayback payment-page snapshots."
Priceline,Zip,subsidiary_parent_scope,Merchant-level BNPL availability may not imply parent-level treatment.,"Review official newsroom/help/payment pages, provider announcements, SEC filings, major news, and targeted Wayback payment-page snapshots."
Priceline,Zip,possible_external_bnpl,Evidence mentions BNPL outside the five-platform sample.,"Review official newsroom/help/payment pages, provider announcements, SEC filings, major news, and targeted Wayback payment-page snapshots."
Bob's Discount Furniture,Affirm,unknown_timing,No credible operational adoption date found by automated first-pass scraper.,"Review official newsroom/help/payment pages, provider announcements, SEC filings, major news, and targeted Wayback payment-page snapshots."
Bob's Discount Furniture,Klarna,unknown_timing,No credible operational adoption date found by automated first-pass scraper.,"Review official newsroom/help/payment pages, provider announcements, SEC filings, major news, and targeted Wayback payment-page snapshots."
Bob's Discount Furniture,Klarna,wayback_incomplete,Wayback status: no_snapshots.,"Review official newsroom/help/payment pages, provider announcements, SEC filings, major news, and targeted Wayback payment-page snapshots."
Bob's Discount Furniture,Sezzle,unknown_timing,No credible operational adoption date found by automated first-pass scraper.,"Review official newsroom/help/payment pages, provider announcements, SEC filings, major news, and targeted Wayback payment-page snapshots."
Bob's Discount Furniture,Sezzle,wayback_incomplete,Wayback status: no_snapshots.,"Review official newsroom/help/payment pages, provider announcements, SEC filings, major news, and targeted Wayback payment-page snapshots."
Brilliant Earth,Affirm,unknown_timing,No credible operational adoption date found by automated first-pass scraper.,"Review official newsroom/help/payment pages, provider announcements, SEC filings, major news, and targeted Wayback payment-page snapshots."
Brilliant Earth,Affirm,wayback_incomplete,Wayback status: no_snapshots.,"Review official newsroom/help/payment pages, provider announcements, SEC filings, major news, and targeted Wayback payment-page snapshots."
Burlington,Sezzle,unknown_timing,No credible operational adoption date found by automated first-pass scraper.,"Review official newsroom/help/payment pages, provider announcements, SEC filings, major news, and targeted Wayback payment-page snapshots."
Burlington,Sezzle,wayback_incomplete,Wayback status: no_snapshots.,"Review official newsroom/help/payment pages, provider announcements, SEC filings, major news, and targeted Wayback payment-page snapshots."
Canon,Klarna,unknown_timing,No credible operational adoption date found by automated first-pass scraper.,"Review official newsroom/help/payment pages, provider announcements, SEC filings, major news, and targeted Wayback payment-page snapshots."
Canon,Zip,unknown_timing,No credible operational adoption date found by automated first-pass scraper.,"Review official newsroom/help/payment pages, provider announcements, SEC filings, major news, and targeted Wayback payment-page snapshots."
Canon,Zip,possible_external_bnpl,Evidence mentions BNPL outside the five-platform sample.,"Review official newsroom/help/payment pages, provider announcements, SEC filings, major news, and targeted Wayback payment-page snapshots."
Cato,Klarna,unknown_timing,No credible operational adoption date found by automated first-pass scraper.,"Review official newsroom/help/payment pages, provider announcements, SEC filings, major news, and targeted Wayback payment-page snapshots."
Cato,Sezzle,unknown_timing,No credible operational adoption date found by automated first-pass scraper.,"Review official newsroom/help/payment pages, provider announcements, SEC filings, major news, and targeted Wayback payment-page snapshots."
Cato,Sezzle,wayback_incomplete,Wayback status: no_snapshots.,"Review official newsroom/help/payment pages, provider announcements, SEC filings, major news, and targeted Wayback payment-page snapshots."
Chewy,Klarna,unknown_timing,No credible operational adoption date found by automated first-pass scraper.,"Review official newsroom/help/payment pages, provider announcements, SEC filings, major news, and targeted Wayback payment-page snapshots."
Chewy,Klarna,wayback_incomplete,Wayback status: no_snapshots.,"Review official newsroom/help/payment pages, provider announcements, SEC filings, major news, and targeted Wayback payment-page snapshots."
Chewy,Zip,unknown_timing,No credible operational adoption date found by automated first-pass scraper.,"Review official newsroom/help/payment pages, provider announcements, SEC filings, major news, and targeted Wayback payment-page snapshots."
Chewy,Zip,possible_external_bnpl,Evidence mentions BNPL outside the five-platform sample.,"Review official newsroom/help/payment pages, provider announcements, SEC filings, major news, and targeted Wayback payment-page snapshots."
Chewy,Sezzle,unknown_timing,No credible operational adoption date found by automated first-pass scraper.,"Review official newsroom/help/payment pages, provider announcements, SEC filings, major news, and targeted Wayback payment-page snapshots."
Chewy,Sezzle,wayback_incomplete,Wayback status: no_snapshots.,"Review official newsroom/help/payment pages, provider announcements, SEC filings, major news, and targeted Wayback payment-page snapshots."
Columbia,Klarna,unknown_timing,No credible operational adoption date found by automated first-pass scraper.,"Review official newsroom/help/payment pages, provider announcements, SEC filings, major news, and targeted Wayback payment-page snapshots."
Columbia,Sezzle,unknown_timing,No credible operational adoption date found by automated first-pass scraper.,"Review official newsroom/help/payment pages, provider announcements, SEC filings, major news, and targeted Wayback payment-page snapshots."
Columbia,Sezzle,wayback_incomplete,Wayback status: no_snapshots.,"Review official newsroom/help/payment pages, provider announcements, SEC filings, major news, and targeted Wayback payment-page snapshots."
Columbia Sportswear,Zip,unknown_timing,No credible operational adoption date found by automated first-pass scraper.,"Review official newsroom/help/payment pages, provider announcements, SEC filings, major news, and targeted Wayback payment-page snapshots."
Columbia Sportswear,Zip,possible_external_bnpl,Evidence mentions BNPL outside the five-platform sample.,"Review official newsroom/help/payment pages, provider announcements, SEC filings, major news, and targeted Wayback payment-page snapshots."
Costco Wholesale,Klarna,unknown_timing,No credible operational adoption date found by automated first-pass scraper.,"Review official newsroom/help/payment pages, provider announcements, SEC filings, major news, and targeted Wayback payment-page snapshots."
Coursera,Zip,unknown_timing,No credible operational adoption date found by automated first-pass scraper.,"Review official newsroom/help/payment pages, provider announcements, SEC filings, major news, and targeted Wayback payment-page snapshots."
Coursera,Zip,possible_external_bnpl,Evidence mentions BNPL outside the five-platform sample.,"Review official newsroom/help/payment pages, provider announcements, SEC filings, major news, and targeted Wayback payment-page snapshots."
Cricut,Klarna,unknown_timing,No credible operational adoption date found by automated first-pass scraper.,"Review official newsroom/help/payment pages, provider announcements, SEC filings, major news, and targeted Wayback payment-page snapshots."
Carter's,Klarna,unknown_timing,No credible operational adoption date found by automated first-pass scraper.,"Review official newsroom/help/payment pages, provider announcements, SEC filings, major news, and targeted Wayback payment-page snapshots."
Carter's,Afterpay,unknown_timing,No credible operational adoption date found by automated first-pass scraper.,"Review official newsroom/help/payment pages, provider announcements, SEC filings, major news, and targeted Wayback payment-page snapshots."
Carter's,Afterpay,wayback_incomplete,Wayback status: no_snapshots.,"Review official newsroom/help/payment pages, provider announcements, SEC filings, major news, and targeted Wayback payment-page snapshots."
Carter's,Zip,unknown_timing,No credible operational adoption date found by automated first-pass scraper.,"Review official newsroom/help/payment pages, provider announcements, SEC filings, major news, and targeted Wayback payment-page snapshots."
Carter's,Zip,possible_external_bnpl,Evidence mentions BNPL outside the five-platform sample.,"Review official newsroom/help/payment pages, provider announcements, SEC filings, major news, and targeted Wayback payment-page snapshots."
Carter's,Zip,wayback_incomplete,Wayback status: no_snapshots.,"Review official newsroom/help/payment pages, provider announcements, SEC filings, major news, and targeted Wayback payment-page snapshots."
OshKosh,Afterpay,unknown_timing,No credible operational adoption date found by automated first-pass scraper.,"Review official newsroom/help/payment pages, provider announcements, SEC filings, major news, and targeted Wayback payment-page snapshots."
OshKosh,Afterpay,subsidiary_parent_scope,Merchant-level BNPL availability may not imply parent-level treatment.,"Review official newsroom/help/payment pages, provider announcements, SEC filings, major news, and targeted Wayback payment-page snapshots."
OshKosh,Afterpay,wayback_incomplete,Wayback status: no_snapshots.,"Review official newsroom/help/payment pages, provider announcements, SEC filings, major news, and targeted Wayback payment-page snapshots."
Crocs,Klarna,unknown_timing,No credible operational adoption date found by automated first-pass scraper.,"Review official newsroom/help/payment pages, provider announcements, SEC filings, major news, and targeted Wayback payment-page snapshots."
Crocs,Afterpay,unknown_timing,No credible operational adoption date found by automated first-pass scraper.,"Review official newsroom/help/payment pages, provider announcements, SEC filings, major news, and targeted Wayback payment-page snapshots."
Crocs,Zip,unknown_timing,No credible operational adoption date found by automated first-pass scraper.,"Review official newsroom/help/payment pages, provider announcements, SEC filings, major news, and targeted Wayback payment-page snapshots."
Crocs,Zip,possible_external_bnpl,Evidence mentions BNPL outside the five-platform sample.,"Review official newsroom/help/payment pages, provider announcements, SEC filings, major news, and targeted Wayback payment-page snapshots."
Crocs,Zip,wayback_incomplete,Wayback status: no_snapshots.,"Review official newsroom/help/payment pages, provider announcements, SEC filings, major news, and targeted Wayback payment-page snapshots."
Torrid,Klarna,unknown_timing,No credible operational adoption date found by automated first-pass scraper.,"Review official newsroom/help/payment pages, provider announcements, SEC filings, major news, and targeted Wayback payment-page snapshots."
DoorDash,Zip,unknown_timing,No credible operational adoption date found by automated first-pass scraper.,"Review official newsroom/help/payment pages, provider announcements, SEC filings, major news, and targeted Wayback payment-page snapshots."
DoorDash,Zip,possible_external_bnpl,Evidence mentions BNPL outside the five-platform sample.,"Review official newsroom/help/payment pages, provider announcements, SEC filings, major news, and targeted Wayback payment-page snapshots."
Dillard's,Klarna,unknown_timing,No credible operational adoption date found by automated first-pass scraper.,"Review official newsroom/help/payment pages, provider announcements, SEC filings, major news, and targeted Wayback payment-page snapshots."
Dillard's,Afterpay,unknown_timing,No credible operational adoption date found by automated first-pass scraper.,"Review official newsroom/help/payment pages, provider announcements, SEC filings, major news, and targeted Wayback payment-page snapshots."
Dillard's,Afterpay,wayback_incomplete,Wayback status: no_snapshots.,"Review official newsroom/help/payment pages, provider announcements, SEC filings, major news, and targeted Wayback payment-page snapshots."
HOKA,Klarna,unknown_timing,No credible operational adoption date found by automated first-pass scraper.,"Review official newsroom/help/payment pages, provider announcements, SEC filings, major news, and targeted Wayback payment-page snapshots."
HOKA,Klarna,subsidiary_parent_scope,Merchant-level BNPL availability may not imply parent-level treatment.,"Review official newsroom/help/payment pages, provider announcements, SEC filings, major news, and targeted Wayback payment-page snapshots."
HOKA,Klarna,wayback_incomplete,Wayback status: no_snapshots.,"Review official newsroom/help/payment pages, provider announcements, SEC filings, major news, and targeted Wayback payment-page snapshots."
UGG,Affirm,unknown_timing,No credible operational adoption date found by automated first-pass scraper.,"Review official newsroom/help/payment pages, provider announcements, SEC filings, major news, and targeted Wayback payment-page snapshots."
UGG,Affirm,subsidiary_parent_scope,Merchant-level BNPL availability may not imply parent-level treatment.,"Review official newsroom/help/payment pages, provider announcements, SEC filings, major news, and targeted Wayback payment-page snapshots."
UGG,Affirm,wayback_incomplete,Wayback status: no_snapshots.,"Review official newsroom/help/payment pages, provider announcements, SEC filings, major news, and targeted Wayback payment-page snapshots."
UGG,Klarna,unknown_timing,No credible operational adoption date found by automated first-pass scraper.,"Review official newsroom/help/payment pages, provider announcements, SEC filings, major news, and targeted Wayback payment-page snapshots."
UGG,Klarna,subsidiary_parent_scope,Merchant-level BNPL availability may not imply parent-level treatment.,"Review official newsroom/help/payment pages, provider announcements, SEC filings, major news, and targeted Wayback payment-page snapshots."
UGG,Afterpay,unknown_timing,No credible operational adoption date found by automated first-pass scraper.,"Review official newsroom/help/payment pages, provider announcements, SEC filings, major news, and targeted Wayback payment-page snapshots."
UGG,Afterpay,subsidiary_parent_scope,Merchant-level BNPL availability may not imply parent-level treatment.,"Review official newsroom/help/payment pages, provider announcements, SEC filings, major news, and targeted Wayback payment-page snapshots."
Dollar General,Klarna,unknown_timing,No credible operational adoption date found by automated first-pass scraper.,"Review official newsroom/help/payment pages, provider announcements, SEC filings, major news, and targeted Wayback payment-page snapshots."
Dick's Sporting Goods,Klarna,unknown_timing,No credible operational adoption date found by automated first-pass scraper.,"Review official newsroom/help/payment pages, provider announcements, SEC filings, major news, and targeted Wayback payment-page snapshots."
Dick's Sporting Goods,Klarna,wayback_incomplete,Wayback status: no_snapshots.,"Review official newsroom/help/payment pages, provider announcements, SEC filings, major news, and targeted Wayback payment-page snapshots."
Dick's Sporting Goods,Afterpay,unknown_timing,No credible operational adoption date found by automated first-pass scraper.,"Review official newsroom/help/payment pages, provider announcements, SEC filings, major news, and targeted Wayback payment-page snapshots."
eBay,Affirm,unknown_timing,No credible operational adoption date found by automated first-pass scraper.,"Review official newsroom/help/payment pages, provider announcements, SEC filings, major news, and targeted Wayback payment-page snapshots."
eBay,Klarna,unknown_timing,No credible operational adoption date found by automated first-pass scraper.,"Review official newsroom/help/payment pages, provider announcements, SEC filings, major news, and targeted Wayback payment-page snapshots."
eBay,Zip,unknown_timing,No credible operational adoption date found by automated first-pass scraper.,"Review official newsroom/help/payment pages, provider announcements, SEC filings, major news, and targeted Wayback payment-page snapshots."
eBay,Zip,possible_external_bnpl,Evidence mentions BNPL outside the five-platform sample.,"Review official newsroom/help/payment pages, provider announcements, SEC filings, major news, and targeted Wayback payment-page snapshots."
eBay,Sezzle,unknown_timing,No credible operational adoption date found by automated first-pass scraper.,"Review official newsroom/help/payment pages, provider announcements, SEC filings, major news, and targeted Wayback payment-page snapshots."
eBay,Sezzle,wayback_incomplete,Wayback status: no_snapshots.,"Review official newsroom/help/payment pages, provider announcements, SEC filings, major news, and targeted Wayback payment-page snapshots."
Estee Lauder,Klarna,unknown_timing,No credible operational adoption date found by automated first-pass scraper.,"Review official newsroom/help/payment pages, provider announcements, SEC filings, major news, and targeted Wayback payment-page snapshots."
Estee Lauder,Sezzle,unknown_timing,No credible operational adoption date found by automated first-pass scraper.,"Review official newsroom/help/payment pages, provider announcements, SEC filings, major news, and targeted Wayback payment-page snapshots."
Estee Lauder,Sezzle,wayback_incomplete,Wayback status: no_snapshots.,"Review official newsroom/help/payment pages, provider announcements, SEC filings, major news, and targeted Wayback payment-page snapshots."
Etsy,Klarna,unknown_timing,No credible operational adoption date found by automated first-pass scraper.,"Review official newsroom/help/payment pages, provider announcements, SEC filings, major news, and targeted Wayback payment-page snapshots."
Etsy,Zip,unknown_timing,No credible operational adoption date found by automated first-pass scraper.,"Review official newsroom/help/payment pages, provider announcements, SEC filings, major news, and targeted Wayback payment-page snapshots."
Etsy,Zip,possible_external_bnpl,Evidence mentions BNPL outside the five-platform sample.,"Review official newsroom/help/payment pages, provider announcements, SEC filings, major news, and targeted Wayback payment-page snapshots."
Etsy,Zip,wayback_incomplete,Wayback status: no_snapshots.,"Review official newsroom/help/payment pages, provider announcements, SEC filings, major news, and targeted Wayback payment-page snapshots."
Expedia,Afterpay,unknown_timing,No credible operational adoption date found by automated first-pass scraper.,"Review official newsroom/help/payment pages, provider announcements, SEC filings, major news, and targeted Wayback payment-page snapshots."
Expedia,Afterpay,wayback_incomplete,Wayback status: no_snapshots.,"Review official newsroom/help/payment pages, provider announcements, SEC filings, major news, and targeted Wayback payment-page snapshots."
Expedia,Zip,unknown_timing,No credible operational adoption date found by automated first-pass scraper.,"Review official newsroom/help/payment pages, provider announcements, SEC filings, major news, and targeted Wayback payment-page snapshots."
Expedia,Zip,possible_external_bnpl,Evidence mentions BNPL outside the five-platform sample.,"Review official newsroom/help/payment pages, provider announcements, SEC filings, major news, and targeted Wayback payment-page snapshots."
Vrbo,Affirm,unknown_timing,No credible operational adoption date found by automated first-pass scraper.,"Review official newsroom/help/payment pages, provider announcements, SEC filings, major news, and targeted Wayback payment-page snapshots."
Vrbo,Affirm,subsidiary_parent_scope,Merchant-level BNPL availability may not imply parent-level treatment.,"Review official newsroom/help/payment pages, provider announcements, SEC filings, major news, and targeted Wayback payment-page snapshots."
Vrbo,Zip,unknown_timing,No credible operational adoption date found by automated first-pass scraper.,"Review official newsroom/help/payment pages, provider announcements, SEC filings, major news, and targeted Wayback payment-page snapshots."
Vrbo,Zip,subsidiary_parent_scope,Merchant-level BNPL availability may not imply parent-level treatment.,"Review official newsroom/help/payment pages, provider announcements, SEC filings, major news, and targeted Wayback payment-page snapshots."
Vrbo,Zip,possible_external_bnpl,Evidence mentions BNPL outside the five-platform sample.,"Review official newsroom/help/payment pages, provider announcements, SEC filings, major news, and targeted Wayback payment-page snapshots."
FIGS,Klarna,unknown_timing,No credible operational adoption date found by automated first-pass scraper.,"Review official newsroom/help/payment pages, provider announcements, SEC filings, major news, and targeted Wayback payment-page snapshots."
Five Below,Klarna,unknown_timing,No credible operational adoption date found by automated first-pass scraper.,"Review official newsroom/help/payment pages, provider announcements, SEC filings, major news, and targeted Wayback payment-page snapshots."
Five Below,Klarna,wayback_incomplete,Wayback status: no_snapshots.,"Review official newsroom/help/payment pages, provider announcements, SEC filings, major news, and targeted Wayback payment-page snapshots."
1-800-flowers.com,Klarna,unknown_timing,No credible operational adoption date found by automated first-pass scraper.,"Review official newsroom/help/payment pages, provider announcements, SEC filings, major news, and targeted Wayback payment-page snapshots."
1-800-flowers.com,Klarna,wayback_incomplete,Wayback status: no_snapshots.,"Review official newsroom/help/payment pages, provider announcements, SEC filings, major news, and targeted Wayback payment-page snapshots."
Funko,Afterpay,unknown_timing,No credible operational adoption date found by automated first-pass scraper.,"Review official newsroom/help/payment pages, provider announcements, SEC filings, major news, and targeted Wayback payment-page snapshots."
Funko,Zip,unknown_timing,No credible operational adoption date found by automated first-pass scraper.,"Review official newsroom/help/payment pages, provider announcements, SEC filings, major news, and targeted Wayback payment-page snapshots."
Funko,Zip,possible_external_bnpl,Evidence mentions BNPL outside the five-platform sample.,"Review official newsroom/help/payment pages, provider announcements, SEC filings, major news, and targeted Wayback payment-page snapshots."
Funko,Sezzle,unknown_timing,No credible operational adoption date found by automated first-pass scraper.,"Review official newsroom/help/payment pages, provider announcements, SEC filings, major news, and targeted Wayback payment-page snapshots."
Funko,Sezzle,wayback_incomplete,Wayback status: no_snapshots.,"Review official newsroom/help/payment pages, provider announcements, SEC filings, major news, and targeted Wayback payment-page snapshots."
Fossil,Klarna,unknown_timing,No credible operational adoption date found by automated first-pass scraper.,"Review official newsroom/help/payment pages, provider announcements, SEC filings, major news, and targeted Wayback payment-page snapshots."
Fossil,Zip,unknown_timing,No credible operational adoption date found by automated first-pass scraper.,"Review official newsroom/help/payment pages, provider announcements, SEC filings, major news, and targeted Wayback payment-page snapshots."
Fossil,Zip,possible_external_bnpl,Evidence mentions BNPL outside the five-platform sample.,"Review official newsroom/help/payment pages, provider announcements, SEC filings, major news, and targeted Wayback payment-page snapshots."
Fossil,Zip,wayback_incomplete,Wayback status: no_snapshots.,"Review official newsroom/help/payment pages, provider announcements, SEC filings, major news, and targeted Wayback payment-page snapshots."
Fiverr,Zip,unknown_timing,No credible operational adoption date found by automated first-pass scraper.,"Review official newsroom/help/payment pages, provider announcements, SEC filings, major news, and targeted Wayback payment-page snapshots."
Fiverr,Zip,possible_external_bnpl,Evidence mentions BNPL outside the five-platform sample.,"Review official newsroom/help/payment pages, provider announcements, SEC filings, major news, and targeted Wayback payment-page snapshots."
Athleta,Klarna,unknown_timing,No credible operational adoption date found by automated first-pass scraper.,"Review official newsroom/help/payment pages, provider announcements, SEC filings, major news, and targeted Wayback payment-page snapshots."
Athleta,Klarna,subsidiary_parent_scope,Merchant-level BNPL availability may not imply parent-level treatment.,"Review official newsroom/help/payment pages, provider announcements, SEC filings, major news, and targeted Wayback payment-page snapshots."
Athleta,Afterpay,unknown_timing,No credible operational adoption date found by automated first-pass scraper.,"Review official newsroom/help/payment pages, provider announcements, SEC filings, major news, and targeted Wayback payment-page snapshots."
Athleta,Afterpay,subsidiary_parent_scope,Merchant-level BNPL availability may not imply parent-level treatment.,"Review official newsroom/help/payment pages, provider announcements, SEC filings, major news, and targeted Wayback payment-page snapshots."
Athleta,Sezzle,unknown_timing,No credible operational adoption date found by automated first-pass scraper.,"Review official newsroom/help/payment pages, provider announcements, SEC filings, major news, and targeted Wayback payment-page snapshots."
Athleta,Sezzle,subsidiary_parent_scope,Merchant-level BNPL availability may not imply parent-level treatment.,"Review official newsroom/help/payment pages, provider announcements, SEC filings, major news, and targeted Wayback payment-page snapshots."
Athleta,Sezzle,wayback_incomplete,Wayback status: no_snapshots.,"Review official newsroom/help/payment pages, provider announcements, SEC filings, major news, and targeted Wayback payment-page snapshots."
Banana Republic,Klarna,unknown_timing,No credible operational adoption date found by automated first-pass scraper.,"Review official newsroom/help/payment pages, provider announcements, SEC filings, major news, and targeted Wayback payment-page snapshots."
Banana Republic,Klarna,subsidiary_parent_scope,Merchant-level BNPL availability may not imply parent-level treatment.,"Review official newsroom/help/payment pages, provider announcements, SEC filings, major news, and targeted Wayback payment-page snapshots."
Banana Republic,Afterpay,unknown_timing,No credible operational adoption date found by automated first-pass scraper.,"Review official newsroom/help/payment pages, provider announcements, SEC filings, major news, and targeted Wayback payment-page snapshots."
Banana Republic,Afterpay,subsidiary_parent_scope,Merchant-level BNPL availability may not imply parent-level treatment.,"Review official newsroom/help/payment pages, provider announcements, SEC filings, major news, and targeted Wayback payment-page snapshots."
Gap,Klarna,unknown_timing,No credible operational adoption date found by automated first-pass scraper.,"Review official newsroom/help/payment pages, provider announcements, SEC filings, major news, and targeted Wayback payment-page snapshots."
Gap,Afterpay,unknown_timing,No credible operational adoption date found by automated first-pass scraper.,"Review official newsroom/help/payment pages, provider announcements, SEC filings, major news, and targeted Wayback payment-page snapshots."
Gap Factory,Afterpay,unknown_timing,No credible operational adoption date found by automated first-pass scraper.,"Review official newsroom/help/payment pages, provider announcements, SEC filings, major news, and targeted Wayback payment-page snapshots."
Gap Factory,Afterpay,subsidiary_parent_scope,Merchant-level BNPL availability may not imply parent-level treatment.,"Review official newsroom/help/payment pages, provider announcements, SEC filings, major news, and targeted Wayback payment-page snapshots."
Gap Factory,Sezzle,unknown_timing,No credible operational adoption date found by automated first-pass scraper.,"Review official newsroom/help/payment pages, provider announcements, SEC filings, major news, and targeted Wayback payment-page snapshots."
Gap Factory,Sezzle,subsidiary_parent_scope,Merchant-level BNPL availability may not imply parent-level treatment.,"Review official newsroom/help/payment pages, provider announcements, SEC filings, major news, and targeted Wayback payment-page snapshots."
Gap Factory,Sezzle,wayback_incomplete,Wayback status: no_snapshots.,"Review official newsroom/help/payment pages, provider announcements, SEC filings, major news, and targeted Wayback payment-page snapshots."
Old Navy,Affirm,unknown_timing,No credible operational adoption date found by automated first-pass scraper.,"Review official newsroom/help/payment pages, provider announcements, SEC filings, major news, and targeted Wayback payment-page snapshots."
Old Navy,Affirm,subsidiary_parent_scope,Merchant-level BNPL availability may not imply parent-level treatment.,"Review official newsroom/help/payment pages, provider announcements, SEC filings, major news, and targeted Wayback payment-page snapshots."
Old Navy,Affirm,wayback_incomplete,Wayback status: no_snapshots.,"Review official newsroom/help/payment pages, provider announcements, SEC filings, major news, and targeted Wayback payment-page snapshots."
Old Navy,Klarna,unknown_timing,No credible operational adoption date found by automated first-pass scraper.,"Review official newsroom/help/payment pages, provider announcements, SEC filings, major news, and targeted Wayback payment-page snapshots."
Old Navy,Klarna,subsidiary_parent_scope,Merchant-level BNPL availability may not imply parent-level treatment.,"Review official newsroom/help/payment pages, provider announcements, SEC filings, major news, and targeted Wayback payment-page snapshots."
Old Navy,Afterpay,unknown_timing,No credible operational adoption date found by automated first-pass scraper.,"Review official newsroom/help/payment pages, provider announcements, SEC filings, major news, and targeted Wayback payment-page snapshots."
Old Navy,Afterpay,subsidiary_parent_scope,Merchant-level BNPL availability may not imply parent-level treatment.,"Review official newsroom/help/payment pages, provider announcements, SEC filings, major news, and targeted Wayback payment-page snapshots."
Old Navy,Sezzle,unknown_timing,No credible operational adoption date found by automated first-pass scraper.,"Review official newsroom/help/payment pages, provider announcements, SEC filings, major news, and targeted Wayback payment-page snapshots."
Old Navy,Sezzle,subsidiary_parent_scope,Merchant-level BNPL availability may not imply parent-level treatment.,"Review official newsroom/help/payment pages, provider announcements, SEC filings, major news, and targeted Wayback payment-page snapshots."
Old Navy,Sezzle,wayback_incomplete,Wayback status: no_snapshots.,"Review official newsroom/help/payment pages, provider announcements, SEC filings, major news, and targeted Wayback payment-page snapshots."
GameStop,Klarna,unknown_timing,No credible operational adoption date found by automated first-pass scraper.,"Review official newsroom/help/payment pages, provider announcements, SEC filings, major news, and targeted Wayback payment-page snapshots."
GameStop,Zip,unknown_timing,No credible operational adoption date found by automated first-pass scraper.,"Review official newsroom/help/payment pages, provider announcements, SEC filings, major news, and targeted Wayback payment-page snapshots."
GameStop,Zip,possible_external_bnpl,Evidence mentions BNPL outside the five-platform sample.,"Review official newsroom/help/payment pages, provider announcements, SEC filings, major news, and targeted Wayback payment-page snapshots."
Canada Goose,Affirm,unknown_timing,No credible operational adoption date found by automated first-pass scraper.,"Review official newsroom/help/payment pages, provider announcements, SEC filings, major news, and targeted Wayback payment-page snapshots."
Canada Goose,Affirm,wayback_incomplete,Wayback status: no_snapshots.,"Review official newsroom/help/payment pages, provider announcements, SEC filings, major news, and targeted Wayback payment-page snapshots."
Canada Goose,Sezzle,unknown_timing,No credible operational adoption date found by automated first-pass scraper.,"Review official newsroom/help/payment pages, provider announcements, SEC filings, major news, and targeted Wayback payment-page snapshots."
Canada Goose,Sezzle,wayback_incomplete,Wayback status: no_snapshots.,"Review official newsroom/help/payment pages, provider announcements, SEC filings, major news, and targeted Wayback payment-page snapshots."
Georgia Power Company,Zip,unknown_timing,No credible operational adoption date found by automated first-pass scraper.,"Review official newsroom/help/payment pages, provider announcements, SEC filings, major news, and targeted Wayback payment-page snapshots."
Georgia Power Company,Zip,possible_external_bnpl,Evidence mentions BNPL outside the five-platform sample.,"Review official newsroom/help/payment pages, provider announcements, SEC filings, major news, and targeted Wayback payment-page snapshots."
GoPro,Klarna,unknown_timing,No credible operational adoption date found by automated first-pass scraper.,"Review official newsroom/help/payment pages, provider announcements, SEC filings, major news, and targeted Wayback payment-page snapshots."
Garmin,Klarna,unknown_timing,No credible operational adoption date found by automated first-pass scraper.,"Review official newsroom/help/payment pages, provider announcements, SEC filings, major news, and targeted Wayback payment-page snapshots."
Groupon,Affirm,unknown_timing,No credible operational adoption date found by automated first-pass scraper.,"Review official newsroom/help/payment pages, provider announcements, SEC filings, major news, and targeted Wayback payment-page snapshots."
Groupon,Affirm,wayback_incomplete,Wayback status: no_snapshots.,"Review official newsroom/help/payment pages, provider announcements, SEC filings, major news, and targeted Wayback payment-page snapshots."
Groupon,Klarna,unknown_timing,No credible operational adoption date found by automated first-pass scraper.,"Review official newsroom/help/payment pages, provider announcements, SEC filings, major news, and targeted Wayback payment-page snapshots."
Goodyear Tire,Affirm,unknown_timing,No credible operational adoption date found by automated first-pass scraper.,"Review official newsroom/help/payment pages, provider announcements, SEC filings, major news, and targeted Wayback payment-page snapshots."
Goodyear Tire,Affirm,wayback_incomplete,Wayback status: no_snapshots.,"Review official newsroom/help/payment pages, provider announcements, SEC filings, major news, and targeted Wayback payment-page snapshots."
The Home Depot,Affirm,unknown_timing,No credible operational adoption date found by automated first-pass scraper.,"Review official newsroom/help/payment pages, provider announcements, SEC filings, major news, and targeted Wayback payment-page snapshots."
The Home Depot,Affirm,subsidiary_parent_scope,Merchant-level BNPL availability may not imply parent-level treatment.,"Review official newsroom/help/payment pages, provider announcements, SEC filings, major news, and targeted Wayback payment-page snapshots."
The Home Depot,Klarna,unknown_timing,No credible operational adoption date found by automated first-pass scraper.,"Review official newsroom/help/payment pages, provider announcements, SEC filings, major news, and targeted Wayback payment-page snapshots."
The Home Depot,Klarna,subsidiary_parent_scope,Merchant-level BNPL availability may not imply parent-level treatment.,"Review official newsroom/help/payment pages, provider announcements, SEC filings, major news, and targeted Wayback payment-page snapshots."
The Home Depot,Klarna,wayback_incomplete,Wayback status: no_snapshots.,"Review official newsroom/help/payment pages, provider announcements, SEC filings, major news, and targeted Wayback payment-page snapshots."
The Home Depot,Zip,unknown_timing,No credible operational adoption date found by automated first-pass scraper.,"Review official newsroom/help/payment pages, provider announcements, SEC filings, major news, and targeted Wayback payment-page snapshots."
The Home Depot,Zip,subsidiary_parent_scope,Merchant-level BNPL availability may not imply parent-level treatment.,"Review official newsroom/help/payment pages, provider announcements, SEC filings, major news, and targeted Wayback payment-page snapshots."
The Home Depot,Zip,possible_external_bnpl,Evidence mentions BNPL outside the five-platform sample.,"Review official newsroom/help/payment pages, provider announcements, SEC filings, major news, and targeted Wayback payment-page snapshots."
The Home Depot,Zip,wayback_incomplete,Wayback status: no_snapshots.,"Review official newsroom/help/payment pages, provider announcements, SEC filings, major news, and targeted Wayback payment-page snapshots."
The Home Depot,Sezzle,unknown_timing,No credible operational adoption date found by automated first-pass scraper.,"Review official newsroom/help/payment pages, provider announcements, SEC filings, major news, and targeted Wayback payment-page snapshots."
The Home Depot,Sezzle,subsidiary_parent_scope,Merchant-level BNPL availability may not imply parent-level treatment.,"Review official newsroom/help/payment pages, provider announcements, SEC filings, major news, and targeted Wayback payment-page snapshots."
The Home Depot,Sezzle,wayback_incomplete,Wayback status: no_snapshots.,"Review official newsroom/help/payment pages, provider announcements, SEC filings, major news, and targeted Wayback payment-page snapshots."
Harley-Davidson,Klarna,unknown_timing,No credible operational adoption date found by automated first-pass scraper.,"Review official newsroom/help/payment pages, provider announcements, SEC filings, major news, and targeted Wayback payment-page snapshots."
Harley-Davidson,Klarna,wayback_incomplete,Wayback status: no_snapshots.,"Review official newsroom/help/payment pages, provider announcements, SEC filings, major news, and targeted Wayback payment-page snapshots."
HP,Klarna,unknown_timing,No credible operational adoption date found by automated first-pass scraper.,"Review official newsroom/help/payment pages, provider announcements, SEC filings, major news, and targeted Wayback payment-page snapshots."
HP,Sezzle,unknown_timing,No credible operational adoption date found by automated first-pass scraper.,"Review official newsroom/help/payment pages, provider announcements, SEC filings, major news, and targeted Wayback payment-page snapshots."
HP,Sezzle,wayback_incomplete,Wayback status: no_snapshots.,"Review official newsroom/help/payment pages, provider announcements, SEC filings, major news, and targeted Wayback payment-page snapshots."
Invitation Homes,Zip,unknown_timing,No credible operational adoption date found by automated first-pass scraper.,"Review official newsroom/help/payment pages, provider announcements, SEC filings, major news, and targeted Wayback payment-page snapshots."
Invitation Homes,Zip,possible_external_bnpl,Evidence mentions BNPL outside the five-platform sample.,"Review official newsroom/help/payment pages, provider announcements, SEC filings, major news, and targeted Wayback payment-page snapshots."
J. Jill,Klarna,unknown_timing,No credible operational adoption date found by automated first-pass scraper.,"Review official newsroom/help/payment pages, provider announcements, SEC filings, major news, and targeted Wayback payment-page snapshots."
Kohl's,Affirm,unknown_timing,No credible operational adoption date found by automated first-pass scraper.,"Review official newsroom/help/payment pages, provider announcements, SEC filings, major news, and targeted Wayback payment-page snapshots."
Kohl's,Affirm,wayback_incomplete,Wayback status: no_snapshots.,"Review official newsroom/help/payment pages, provider announcements, SEC filings, major news, and targeted Wayback payment-page snapshots."
Kohl's,Klarna,unknown_timing,No credible operational adoption date found by automated first-pass scraper.,"Review official newsroom/help/payment pages, provider announcements, SEC filings, major news, and targeted Wayback payment-page snapshots."
Kohl's,Klarna,wayback_incomplete,Wayback status: no_snapshots.,"Review official newsroom/help/payment pages, provider announcements, SEC filings, major news, and targeted Wayback payment-page snapshots."
Kohl's,Zip,unknown_timing,No credible operational adoption date found by automated first-pass scraper.,"Review official newsroom/help/payment pages, provider announcements, SEC filings, major news, and targeted Wayback payment-page snapshots."
Kohl's,Zip,possible_external_bnpl,Evidence mentions BNPL outside the five-platform sample.,"Review official newsroom/help/payment pages, provider announcements, SEC filings, major news, and targeted Wayback payment-page snapshots."
Kohl's,Zip,wayback_incomplete,Wayback status: no_snapshots.,"Review official newsroom/help/payment pages, provider announcements, SEC filings, major news, and targeted Wayback payment-page snapshots."
Kohl's,Sezzle,unknown_timing,No credible operational adoption date found by automated first-pass scraper.,"Review official newsroom/help/payment pages, provider announcements, SEC filings, major news, and targeted Wayback payment-page snapshots."
Kohl's,Sezzle,wayback_incomplete,Wayback status: no_snapshots.,"Review official newsroom/help/payment pages, provider announcements, SEC filings, major news, and targeted Wayback payment-page snapshots."
Lands' End,Klarna,unknown_timing,No credible operational adoption date found by automated first-pass scraper.,"Review official newsroom/help/payment pages, provider announcements, SEC filings, major news, and targeted Wayback payment-page snapshots."
Lands' End,Sezzle,unknown_timing,No credible operational adoption date found by automated first-pass scraper.,"Review official newsroom/help/payment pages, provider announcements, SEC filings, major news, and targeted Wayback payment-page snapshots."
Lands' End,Sezzle,wayback_incomplete,Wayback status: no_snapshots.,"Review official newsroom/help/payment pages, provider announcements, SEC filings, major news, and targeted Wayback payment-page snapshots."
Light in the box,Klarna,unknown_timing,No credible operational adoption date found by automated first-pass scraper.,"Review official newsroom/help/payment pages, provider announcements, SEC filings, major news, and targeted Wayback payment-page snapshots."
Light in the box,Afterpay,unknown_timing,No credible operational adoption date found by automated first-pass scraper.,"Review official newsroom/help/payment pages, provider announcements, SEC filings, major news, and targeted Wayback payment-page snapshots."
Light in the box,Sezzle,unknown_timing,No credible operational adoption date found by automated first-pass scraper.,"Review official newsroom/help/payment pages, provider announcements, SEC filings, major news, and targeted Wayback payment-page snapshots."
Light in the box,Sezzle,wayback_incomplete,Wayback status: no_snapshots.,"Review official newsroom/help/payment pages, provider announcements, SEC filings, major news, and targeted Wayback payment-page snapshots."
Lemonade,Zip,unknown_timing,No credible operational adoption date found by automated first-pass scraper.,"Review official newsroom/help/payment pages, provider announcements, SEC filings, major news, and targeted Wayback payment-page snapshots."
Lemonade,Zip,possible_external_bnpl,Evidence mentions BNPL outside the five-platform sample.,"Review official newsroom/help/payment pages, provider announcements, SEC filings, major news, and targeted Wayback payment-page snapshots."
Logitech,Affirm,unknown_timing,No credible operational adoption date found by automated first-pass scraper.,"Review official newsroom/help/payment pages, provider announcements, SEC filings, major news, and targeted Wayback payment-page snapshots."
Logitech,Klarna,unknown_timing,No credible operational adoption date found by automated first-pass scraper.,"Review official newsroom/help/payment pages, provider announcements, SEC filings, major news, and targeted Wayback payment-page snapshots."
Logitech,Zip,unknown_timing,No credible operational adoption date found by automated first-pass scraper.,"Review official newsroom/help/payment pages, provider announcements, SEC filings, major news, and targeted Wayback payment-page snapshots."
Logitech,Zip,possible_external_bnpl,Evidence mentions BNPL outside the five-platform sample.,"Review official newsroom/help/payment pages, provider announcements, SEC filings, major news, and targeted Wayback payment-page snapshots."
Lovesac,Klarna,unknown_timing,No credible operational adoption date found by automated first-pass scraper.,"Review official newsroom/help/payment pages, provider announcements, SEC filings, major news, and targeted Wayback payment-page snapshots."
Lovesac,Klarna,wayback_incomplete,Wayback status: no_snapshots.,"Review official newsroom/help/payment pages, provider announcements, SEC filings, major news, and targeted Wayback payment-page snapshots."
Lowe's,Klarna,unknown_timing,No credible operational adoption date found by automated first-pass scraper.,"Review official newsroom/help/payment pages, provider announcements, SEC filings, major news, and targeted Wayback payment-page snapshots."
Lowe's,Klarna,wayback_incomplete,Wayback status: no_snapshots.,"Review official newsroom/help/payment pages, provider announcements, SEC filings, major news, and targeted Wayback payment-page snapshots."
Lowe's,Zip,unknown_timing,No credible operational adoption date found by automated first-pass scraper.,"Review official newsroom/help/payment pages, provider announcements, SEC filings, major news, and targeted Wayback payment-page snapshots."
Lowe's,Zip,possible_external_bnpl,Evidence mentions BNPL outside the five-platform sample.,"Review official newsroom/help/payment pages, provider announcements, SEC filings, major news, and targeted Wayback payment-page snapshots."
Lowe's,Zip,wayback_incomplete,Wayback status: no_snapshots.,"Review official newsroom/help/payment pages, provider announcements, SEC filings, major news, and targeted Wayback payment-page snapshots."
Lowe's,Sezzle,unknown_timing,No credible operational adoption date found by automated first-pass scraper.,"Review official newsroom/help/payment pages, provider announcements, SEC filings, major news, and targeted Wayback payment-page snapshots."
Lowe's,Sezzle,wayback_incomplete,Wayback status: no_snapshots.,"Review official newsroom/help/payment pages, provider announcements, SEC filings, major news, and targeted Wayback payment-page snapshots."
lululemon,Affirm,unknown_timing,No credible operational adoption date found by automated first-pass scraper.,"Review official newsroom/help/payment pages, provider announcements, SEC filings, major news, and targeted Wayback payment-page snapshots."
lululemon,Affirm,wayback_incomplete,Wayback status: no_snapshots.,"Review official newsroom/help/payment pages, provider announcements, SEC filings, major news, and targeted Wayback payment-page snapshots."
lululemon,Klarna,unknown_timing,No credible operational adoption date found by automated first-pass scraper.,"Review official newsroom/help/payment pages, provider announcements, SEC filings, major news, and targeted Wayback payment-page snapshots."
lululemon,Klarna,wayback_incomplete,Wayback status: no_snapshots.,"Review official newsroom/help/payment pages, provider announcements, SEC filings, major news, and targeted Wayback payment-page snapshots."
lululemon,Afterpay,unknown_timing,No credible operational adoption date found by automated first-pass scraper.,"Review official newsroom/help/payment pages, provider announcements, SEC filings, major news, and targeted Wayback payment-page snapshots."
lululemon,Zip,unknown_timing,No credible operational adoption date found by automated first-pass scraper.,"Review official newsroom/help/payment pages, provider announcements, SEC filings, major news, and targeted Wayback payment-page snapshots."
lululemon,Zip,possible_external_bnpl,Evidence mentions BNPL outside the five-platform sample.,"Review official newsroom/help/payment pages, provider announcements, SEC filings, major news, and targeted Wayback payment-page snapshots."
lululemon,Zip,wayback_incomplete,Wayback status: no_snapshots.,"Review official newsroom/help/payment pages, provider announcements, SEC filings, major news, and targeted Wayback payment-page snapshots."
lululemon,Sezzle,unknown_timing,No credible operational adoption date found by automated first-pass scraper.,"Review official newsroom/help/payment pages, provider announcements, SEC filings, major news, and targeted Wayback payment-page snapshots."
lululemon,Sezzle,wayback_incomplete,Wayback status: no_snapshots.,"Review official newsroom/help/payment pages, provider announcements, SEC filings, major news, and targeted Wayback payment-page snapshots."
Bloomingdale's,Affirm,unknown_timing,No credible operational adoption date found by automated first-pass scraper.,"Review official newsroom/help/payment pages, provider announcements, SEC filings, major news, and targeted Wayback payment-page snapshots."
Bloomingdale's,Affirm,subsidiary_parent_scope,Merchant-level BNPL availability may not imply parent-level treatment.,"Review official newsroom/help/payment pages, provider announcements, SEC filings, major news, and targeted Wayback payment-page snapshots."
Bloomingdale's,Affirm,wayback_incomplete,Wayback status: no_snapshots.,"Review official newsroom/help/payment pages, provider announcements, SEC filings, major news, and targeted Wayback payment-page snapshots."
Bloomingdale's,Klarna,unknown_timing,No credible operational adoption date found by automated first-pass scraper.,"Review official newsroom/help/payment pages, provider announcements, SEC filings, major news, and targeted Wayback payment-page snapshots."
Bloomingdale's,Klarna,subsidiary_parent_scope,Merchant-level BNPL availability may not imply parent-level treatment.,"Review official newsroom/help/payment pages, provider announcements, SEC filings, major news, and targeted Wayback payment-page snapshots."
Bloomingdale's,Zip,unknown_timing,No credible operational adoption date found by automated first-pass scraper.,"Review official newsroom/help/payment pages, provider announcements, SEC filings, major news, and targeted Wayback payment-page snapshots."
Bloomingdale's,Zip,subsidiary_parent_scope,Merchant-level BNPL availability may not imply parent-level treatment.,"Review official newsroom/help/payment pages, provider announcements, SEC filings, major news, and targeted Wayback payment-page snapshots."
Bloomingdale's,Zip,possible_external_bnpl,Evidence mentions BNPL outside the five-platform sample.,"Review official newsroom/help/payment pages, provider announcements, SEC filings, major news, and targeted Wayback payment-page snapshots."
Bloomingdale's,Zip,wayback_incomplete,Wayback status: no_snapshots.,"Review official newsroom/help/payment pages, provider announcements, SEC filings, major news, and targeted Wayback payment-page snapshots."
Macy's,Affirm,unknown_timing,No credible operational adoption date found by automated first-pass scraper.,"Review official newsroom/help/payment pages, provider announcements, SEC filings, major news, and targeted Wayback payment-page snapshots."
Macy's,Affirm,wayback_incomplete,Wayback status: no_snapshots.,"Review official newsroom/help/payment pages, provider announcements, SEC filings, major news, and targeted Wayback payment-page snapshots."
Macy's,Klarna,unknown_timing,No credible operational adoption date found by automated first-pass scraper.,"Review official newsroom/help/payment pages, provider announcements, SEC filings, major news, and targeted Wayback payment-page snapshots."
Macy's,Sezzle,unknown_timing,No credible operational adoption date found by automated first-pass scraper.,"Review official newsroom/help/payment pages, provider announcements, SEC filings, major news, and targeted Wayback payment-page snapshots."
Macy's,Sezzle,wayback_incomplete,Wayback status: no_snapshots.,"Review official newsroom/help/payment pages, provider announcements, SEC filings, major news, and targeted Wayback payment-page snapshots."
Marriott,Zip,unknown_timing,No credible operational adoption date found by automated first-pass scraper.,"Review official newsroom/help/payment pages, provider announcements, SEC filings, major news, and targeted Wayback payment-page snapshots."
Marriott,Zip,possible_external_bnpl,Evidence mentions BNPL outside the five-platform sample.,"Review official newsroom/help/payment pages, provider announcements, SEC filings, major news, and targeted Wayback payment-page snapshots."
Microsoft Store,Klarna,unknown_timing,No credible operational adoption date found by automated first-pass scraper.,"Review official newsroom/help/payment pages, provider announcements, SEC filings, major news, and targeted Wayback payment-page snapshots."
Microsoft Store,Klarna,subsidiary_parent_scope,Merchant-level BNPL availability may not imply parent-level treatment.,"Review official newsroom/help/payment pages, provider announcements, SEC filings, major news, and targeted Wayback payment-page snapshots."
Converse,Klarna,unknown_timing,No credible operational adoption date found by automated first-pass scraper.,"Review official newsroom/help/payment pages, provider announcements, SEC filings, major news, and targeted Wayback payment-page snapshots."
Converse,Klarna,subsidiary_parent_scope,Merchant-level BNPL availability may not imply parent-level treatment.,"Review official newsroom/help/payment pages, provider announcements, SEC filings, major news, and targeted Wayback payment-page snapshots."
Converse,Zip,unknown_timing,No credible operational adoption date found by automated first-pass scraper.,"Review official newsroom/help/payment pages, provider announcements, SEC filings, major news, and targeted Wayback payment-page snapshots."
Converse,Zip,subsidiary_parent_scope,Merchant-level BNPL availability may not imply parent-level treatment.,"Review official newsroom/help/payment pages, provider announcements, SEC filings, major news, and targeted Wayback payment-page snapshots."
Converse,Zip,possible_external_bnpl,Evidence mentions BNPL outside the five-platform sample.,"Review official newsroom/help/payment pages, provider announcements, SEC filings, major news, and targeted Wayback payment-page snapshots."
Converse,Zip,wayback_incomplete,Wayback status: no_snapshots.,"Review official newsroom/help/payment pages, provider announcements, SEC filings, major news, and targeted Wayback payment-page snapshots."
Nike,Affirm,unknown_timing,No credible operational adoption date found by automated first-pass scraper.,"Review official newsroom/help/payment pages, provider announcements, SEC filings, major news, and targeted Wayback payment-page snapshots."
Nike,Affirm,wayback_incomplete,Wayback status: no_snapshots.,"Review official newsroom/help/payment pages, provider announcements, SEC filings, major news, and targeted Wayback payment-page snapshots."
Nike,Klarna,unknown_timing,No credible operational adoption date found by automated first-pass scraper.,"Review official newsroom/help/payment pages, provider announcements, SEC filings, major news, and targeted Wayback payment-page snapshots."
Nike,Klarna,wayback_incomplete,Wayback status: no_snapshots.,"Review official newsroom/help/payment pages, provider announcements, SEC filings, major news, and targeted Wayback payment-page snapshots."
Nike,Zip,unknown_timing,No credible operational adoption date found by automated first-pass scraper.,"Review official newsroom/help/payment pages, provider announcements, SEC filings, major news, and targeted Wayback payment-page snapshots."
Nike,Zip,possible_external_bnpl,Evidence mentions BNPL outside the five-platform sample.,"Review official newsroom/help/payment pages, provider announcements, SEC filings, major news, and targeted Wayback payment-page snapshots."
Nike,Sezzle,unknown_timing,No credible operational adoption date found by automated first-pass scraper.,"Review official newsroom/help/payment pages, provider announcements, SEC filings, major news, and targeted Wayback payment-page snapshots."
Nike,Sezzle,wayback_incomplete,Wayback status: no_snapshots.,"Review official newsroom/help/payment pages, provider announcements, SEC filings, major news, and targeted Wayback payment-page snapshots."
Nelnet,Zip,unknown_timing,No credible operational adoption date found by automated first-pass scraper.,"Review official newsroom/help/payment pages, provider announcements, SEC filings, major news, and targeted Wayback payment-page snapshots."
Nelnet,Zip,possible_external_bnpl,Evidence mentions BNPL outside the five-platform sample.,"Review official newsroom/help/payment pages, provider announcements, SEC filings, major news, and targeted Wayback payment-page snapshots."
NVIDIA,Klarna,unknown_timing,No credible operational adoption date found by automated first-pass scraper.,"Review official newsroom/help/payment pages, provider announcements, SEC filings, major news, and targeted Wayback payment-page snapshots."
Graco,Afterpay,unknown_timing,No credible operational adoption date found by automated first-pass scraper.,"Review official newsroom/help/payment pages, provider announcements, SEC filings, major news, and targeted Wayback payment-page snapshots."
Graco,Afterpay,subsidiary_parent_scope,Merchant-level BNPL availability may not imply parent-level treatment.,"Review official newsroom/help/payment pages, provider announcements, SEC filings, major news, and targeted Wayback payment-page snapshots."
Graco,Afterpay,wayback_incomplete,Wayback status: no_snapshots.,"Review official newsroom/help/payment pages, provider announcements, SEC filings, major news, and targeted Wayback payment-page snapshots."
Graco,Zip,unknown_timing,No credible operational adoption date found by automated first-pass scraper.,"Review official newsroom/help/payment pages, provider announcements, SEC filings, major news, and targeted Wayback payment-page snapshots."
Graco,Zip,subsidiary_parent_scope,Merchant-level BNPL availability may not imply parent-level treatment.,"Review official newsroom/help/payment pages, provider announcements, SEC filings, major news, and targeted Wayback payment-page snapshots."
Graco,Zip,possible_external_bnpl,Evidence mentions BNPL outside the five-platform sample.,"Review official newsroom/help/payment pages, provider announcements, SEC filings, major news, and targeted Wayback payment-page snapshots."
Graco,Zip,wayback_incomplete,Wayback status: no_snapshots.,"Review official newsroom/help/payment pages, provider announcements, SEC filings, major news, and targeted Wayback payment-page snapshots."
On,Affirm,unknown_timing,No credible operational adoption date found by automated first-pass scraper.,"Review official newsroom/help/payment pages, provider announcements, SEC filings, major news, and targeted Wayback payment-page snapshots."
On,Affirm,wayback_incomplete,Wayback status: no_snapshots.,"Review official newsroom/help/payment pages, provider announcements, SEC filings, major news, and targeted Wayback payment-page snapshots."
On,Klarna,unknown_timing,No credible operational adoption date found by automated first-pass scraper.,"Review official newsroom/help/payment pages, provider announcements, SEC filings, major news, and targeted Wayback payment-page snapshots."
On,Klarna,wayback_incomplete,Wayback status: no_snapshots.,"Review official newsroom/help/payment pages, provider announcements, SEC filings, major news, and targeted Wayback payment-page snapshots."
The Children's Place,Klarna,unknown_timing,No credible operational adoption date found by automated first-pass scraper.,"Review official newsroom/help/payment pages, provider announcements, SEC filings, major news, and targeted Wayback payment-page snapshots."
The Children's Place,Klarna,subsidiary_parent_scope,Merchant-level BNPL availability may not imply parent-level treatment.,"Review official newsroom/help/payment pages, provider announcements, SEC filings, major news, and targeted Wayback payment-page snapshots."
The Children's Place,Afterpay,unknown_timing,No credible operational adoption date found by automated first-pass scraper.,"Review official newsroom/help/payment pages, provider announcements, SEC filings, major news, and targeted Wayback payment-page snapshots."
The Children's Place,Afterpay,subsidiary_parent_scope,Merchant-level BNPL availability may not imply parent-level treatment.,"Review official newsroom/help/payment pages, provider announcements, SEC filings, major news, and targeted Wayback payment-page snapshots."
The Children's Place,Zip,unknown_timing,No credible operational adoption date found by automated first-pass scraper.,"Review official newsroom/help/payment pages, provider announcements, SEC filings, major news, and targeted Wayback payment-page snapshots."
The Children's Place,Zip,subsidiary_parent_scope,Merchant-level BNPL availability may not imply parent-level treatment.,"Review official newsroom/help/payment pages, provider announcements, SEC filings, major news, and targeted Wayback payment-page snapshots."
The Children's Place,Zip,possible_external_bnpl,Evidence mentions BNPL outside the five-platform sample.,"Review official newsroom/help/payment pages, provider announcements, SEC filings, major news, and targeted Wayback payment-page snapshots."
The Children's Place,Zip,wayback_incomplete,Wayback status: no_snapshots.,"Review official newsroom/help/payment pages, provider announcements, SEC filings, major news, and targeted Wayback payment-page snapshots."
CarParts.com,Zip,unknown_timing,No credible operational adoption date found by automated first-pass scraper.,"Review official newsroom/help/payment pages, provider announcements, SEC filings, major news, and targeted Wayback payment-page snapshots."
CarParts.com,Zip,possible_external_bnpl,Evidence mentions BNPL outside the five-platform sample.,"Review official newsroom/help/payment pages, provider announcements, SEC filings, major news, and targeted Wayback payment-page snapshots."
CarParts.com,Zip,wayback_incomplete,Wayback status: no_snapshots.,"Review official newsroom/help/payment pages, provider announcements, SEC filings, major news, and targeted Wayback payment-page snapshots."
QVC,Klarna,unknown_timing,No credible operational adoption date found by automated first-pass scraper.,"Review official newsroom/help/payment pages, provider announcements, SEC filings, major news, and targeted Wayback payment-page snapshots."
QVC,Zip,unknown_timing,No credible operational adoption date found by automated first-pass scraper.,"Review official newsroom/help/payment pages, provider announcements, SEC filings, major news, and targeted Wayback payment-page snapshots."
QVC,Zip,possible_external_bnpl,Evidence mentions BNPL outside the five-platform sample.,"Review official newsroom/help/payment pages, provider announcements, SEC filings, major news, and targeted Wayback payment-page snapshots."
QVC,Zip,wayback_incomplete,Wayback status: no_snapshots.,"Review official newsroom/help/payment pages, provider announcements, SEC filings, major news, and targeted Wayback payment-page snapshots."
ROBLOX,Sezzle,unknown_timing,No credible operational adoption date found by automated first-pass scraper.,"Review official newsroom/help/payment pages, provider announcements, SEC filings, major news, and targeted Wayback payment-page snapshots."
ROBLOX,Sezzle,wayback_incomplete,Wayback status: no_snapshots.,"Review official newsroom/help/payment pages, provider announcements, SEC filings, major news, and targeted Wayback payment-page snapshots."
Royal Caribbean,Affirm,unknown_timing,No credible operational adoption date found by automated first-pass scraper.,"Review official newsroom/help/payment pages, provider announcements, SEC filings, major news, and targeted Wayback payment-page snapshots."
Royal Caribbean,Zip,unknown_timing,No credible operational adoption date found by automated first-pass scraper.,"Review official newsroom/help/payment pages, provider announcements, SEC filings, major news, and targeted Wayback payment-page snapshots."
Royal Caribbean,Zip,possible_external_bnpl,Evidence mentions BNPL outside the five-platform sample.,"Review official newsroom/help/payment pages, provider announcements, SEC filings, major news, and targeted Wayback payment-page snapshots."
Reformation,Afterpay,unknown_timing,No credible operational adoption date found by automated first-pass scraper.,"Review official newsroom/help/payment pages, provider announcements, SEC filings, major news, and targeted Wayback payment-page snapshots."
Ralph Lauren,Afterpay,unknown_timing,No credible operational adoption date found by automated first-pass scraper.,"Review official newsroom/help/payment pages, provider announcements, SEC filings, major news, and targeted Wayback payment-page snapshots."
Roku,Sezzle,unknown_timing,No credible operational adoption date found by automated first-pass scraper.,"Review official newsroom/help/payment pages, provider announcements, SEC filings, major news, and targeted Wayback payment-page snapshots."
Roku,Sezzle,wayback_incomplete,Wayback status: no_snapshots.,"Review official newsroom/help/payment pages, provider announcements, SEC filings, major news, and targeted Wayback payment-page snapshots."
REVOLVE,Afterpay,unknown_timing,No credible operational adoption date found by automated first-pass scraper.,"Review official newsroom/help/payment pages, provider announcements, SEC filings, major news, and targeted Wayback payment-page snapshots."
REVOLVE,Zip,unknown_timing,No credible operational adoption date found by automated first-pass scraper.,"Review official newsroom/help/payment pages, provider announcements, SEC filings, major news, and targeted Wayback payment-page snapshots."
REVOLVE,Zip,possible_external_bnpl,Evidence mentions BNPL outside the five-platform sample.,"Review official newsroom/help/payment pages, provider announcements, SEC filings, major news, and targeted Wayback payment-page snapshots."
REVOLVE,Zip,wayback_incomplete,Wayback status: no_snapshots.,"Review official newsroom/help/payment pages, provider announcements, SEC filings, major news, and targeted Wayback payment-page snapshots."
REVOLVE,Sezzle,unknown_timing,No credible operational adoption date found by automated first-pass scraper.,"Review official newsroom/help/payment pages, provider announcements, SEC filings, major news, and targeted Wayback payment-page snapshots."
REVOLVE,Sezzle,wayback_incomplete,Wayback status: no_snapshots.,"Review official newsroom/help/payment pages, provider announcements, SEC filings, major news, and targeted Wayback payment-page snapshots."
Sally Beauty,Klarna,unknown_timing,No credible operational adoption date found by automated first-pass scraper.,"Review official newsroom/help/payment pages, provider announcements, SEC filings, major news, and targeted Wayback payment-page snapshots."
Scholastic,Zip,unknown_timing,No credible operational adoption date found by automated first-pass scraper.,"Review official newsroom/help/payment pages, provider announcements, SEC filings, major news, and targeted Wayback payment-page snapshots."
Scholastic,Zip,possible_external_bnpl,Evidence mentions BNPL outside the five-platform sample.,"Review official newsroom/help/payment pages, provider announcements, SEC filings, major news, and targeted Wayback payment-page snapshots."
Scholastic,Zip,wayback_incomplete,Wayback status: no_snapshots.,"Review official newsroom/help/payment pages, provider announcements, SEC filings, major news, and targeted Wayback payment-page snapshots."
Vivid Seats,Affirm,unknown_timing,No credible operational adoption date found by automated first-pass scraper.,"Review official newsroom/help/payment pages, provider announcements, SEC filings, major news, and targeted Wayback payment-page snapshots."
Vivid Seats,Affirm,wayback_incomplete,Wayback status: no_snapshots.,"Review official newsroom/help/payment pages, provider announcements, SEC filings, major news, and targeted Wayback payment-page snapshots."
Vivid Seats,Zip,unknown_timing,No credible operational adoption date found by automated first-pass scraper.,"Review official newsroom/help/payment pages, provider announcements, SEC filings, major news, and targeted Wayback payment-page snapshots."
Vivid Seats,Zip,possible_external_bnpl,Evidence mentions BNPL outside the five-platform sample.,"Review official newsroom/help/payment pages, provider announcements, SEC filings, major news, and targeted Wayback payment-page snapshots."
Stitch Fix,Afterpay,unknown_timing,No credible operational adoption date found by automated first-pass scraper.,"Review official newsroom/help/payment pages, provider announcements, SEC filings, major news, and targeted Wayback payment-page snapshots."
SiriusXM,Zip,unknown_timing,No credible operational adoption date found by automated first-pass scraper.,"Review official newsroom/help/payment pages, provider announcements, SEC filings, major news, and targeted Wayback payment-page snapshots."
SiriusXM,Zip,possible_external_bnpl,Evidence mentions BNPL outside the five-platform sample.,"Review official newsroom/help/payment pages, provider announcements, SEC filings, major news, and targeted Wayback payment-page snapshots."
Samsonite,Zip,unknown_timing,No credible operational adoption date found by automated first-pass scraper.,"Review official newsroom/help/payment pages, provider announcements, SEC filings, major news, and targeted Wayback payment-page snapshots."
Samsonite,Zip,possible_external_bnpl,Evidence mentions BNPL outside the five-platform sample.,"Review official newsroom/help/payment pages, provider announcements, SEC filings, major news, and targeted Wayback payment-page snapshots."
Samsonite,Sezzle,unknown_timing,No credible operational adoption date found by automated first-pass scraper.,"Review official newsroom/help/payment pages, provider announcements, SEC filings, major news, and targeted Wayback payment-page snapshots."
Samsonite,Sezzle,wayback_incomplete,Wayback status: no_snapshots.,"Review official newsroom/help/payment pages, provider announcements, SEC filings, major news, and targeted Wayback payment-page snapshots."
SharkNinja,Affirm,unknown_timing,No credible operational adoption date found by automated first-pass scraper.,"Review official newsroom/help/payment pages, provider announcements, SEC filings, major news, and targeted Wayback payment-page snapshots."
Sonos,Affirm,unknown_timing,No credible operational adoption date found by automated first-pass scraper.,"Review official newsroom/help/payment pages, provider announcements, SEC filings, major news, and targeted Wayback payment-page snapshots."
Sonos,Klarna,unknown_timing,No credible operational adoption date found by automated first-pass scraper.,"Review official newsroom/help/payment pages, provider announcements, SEC filings, major news, and targeted Wayback payment-page snapshots."
Sonos,Zip,unknown_timing,No credible operational adoption date found by automated first-pass scraper.,"Review official newsroom/help/payment pages, provider announcements, SEC filings, major news, and targeted Wayback payment-page snapshots."
Sonos,Zip,possible_external_bnpl,Evidence mentions BNPL outside the five-platform sample.,"Review official newsroom/help/payment pages, provider announcements, SEC filings, major news, and targeted Wayback payment-page snapshots."
Sony,Klarna,unknown_timing,No credible operational adoption date found by automated first-pass scraper.,"Review official newsroom/help/payment pages, provider announcements, SEC filings, major news, and targeted Wayback payment-page snapshots."
Spectrum,Klarna,unknown_timing,No credible operational adoption date found by automated first-pass scraper.,"Review official newsroom/help/payment pages, provider announcements, SEC filings, major news, and targeted Wayback payment-page snapshots."
Spectrum,Zip,unknown_timing,No credible operational adoption date found by automated first-pass scraper.,"Review official newsroom/help/payment pages, provider announcements, SEC filings, major news, and targeted Wayback payment-page snapshots."
Spectrum,Zip,possible_external_bnpl,Evidence mentions BNPL outside the five-platform sample.,"Review official newsroom/help/payment pages, provider announcements, SEC filings, major news, and targeted Wayback payment-page snapshots."
Sportsman's Warehouse,Sezzle,unknown_timing,No credible operational adoption date found by automated first-pass scraper.,"Review official newsroom/help/payment pages, provider announcements, SEC filings, major news, and targeted Wayback payment-page snapshots."
Sportsman's Warehouse,Sezzle,wayback_incomplete,Wayback status: no_snapshots.,"Review official newsroom/help/payment pages, provider announcements, SEC filings, major news, and targeted Wayback payment-page snapshots."
StubHub,Affirm,unknown_timing,No credible operational adoption date found by automated first-pass scraper.,"Review official newsroom/help/payment pages, provider announcements, SEC filings, major news, and targeted Wayback payment-page snapshots."
StubHub,Affirm,wayback_incomplete,Wayback status: no_snapshots.,"Review official newsroom/help/payment pages, provider announcements, SEC filings, major news, and targeted Wayback payment-page snapshots."
StubHub,Klarna,unknown_timing,No credible operational adoption date found by automated first-pass scraper.,"Review official newsroom/help/payment pages, provider announcements, SEC filings, major news, and targeted Wayback payment-page snapshots."
StubHub,Afterpay,unknown_timing,No credible operational adoption date found by automated first-pass scraper.,"Review official newsroom/help/payment pages, provider announcements, SEC filings, major news, and targeted Wayback payment-page snapshots."
StubHub,Afterpay,wayback_incomplete,Wayback status: no_snapshots.,"Review official newsroom/help/payment pages, provider announcements, SEC filings, major news, and targeted Wayback payment-page snapshots."
AT&T,Zip,unknown_timing,No credible operational adoption date found by automated first-pass scraper.,"Review official newsroom/help/payment pages, provider announcements, SEC filings, major news, and targeted Wayback payment-page snapshots."
AT&T,Zip,possible_external_bnpl,Evidence mentions BNPL outside the five-platform sample.,"Review official newsroom/help/payment pages, provider announcements, SEC filings, major news, and targeted Wayback payment-page snapshots."
Turtle Beach,Sezzle,unknown_timing,No credible operational adoption date found by automated first-pass scraper.,"Review official newsroom/help/payment pages, provider announcements, SEC filings, major news, and targeted Wayback payment-page snapshots."
Turtle Beach,Sezzle,wayback_incomplete,Wayback status: no_snapshots.,"Review official newsroom/help/payment pages, provider announcements, SEC filings, major news, and targeted Wayback payment-page snapshots."
Trip.com,Affirm,unknown_timing,No credible operational adoption date found by automated first-pass scraper.,"Review official newsroom/help/payment pages, provider announcements, SEC filings, major news, and targeted Wayback payment-page snapshots."
Trip.com,Zip,unknown_timing,No credible operational adoption date found by automated first-pass scraper.,"Review official newsroom/help/payment pages, provider announcements, SEC filings, major news, and targeted Wayback payment-page snapshots."
Trip.com,Zip,possible_external_bnpl,Evidence mentions BNPL outside the five-platform sample.,"Review official newsroom/help/payment pages, provider announcements, SEC filings, major news, and targeted Wayback payment-page snapshots."
ThredUp,Klarna,unknown_timing,No credible operational adoption date found by automated first-pass scraper.,"Review official newsroom/help/payment pages, provider announcements, SEC filings, major news, and targeted Wayback payment-page snapshots."
ThredUp,Afterpay,unknown_timing,No credible operational adoption date found by automated first-pass scraper.,"Review official newsroom/help/payment pages, provider announcements, SEC filings, major news, and targeted Wayback payment-page snapshots."
Target,Affirm,unknown_timing,No credible operational adoption date found by automated first-pass scraper.,"Review official newsroom/help/payment pages, provider announcements, SEC filings, major news, and targeted Wayback payment-page snapshots."
Target,Klarna,unknown_timing,No credible operational adoption date found by automated first-pass scraper.,"Review official newsroom/help/payment pages, provider announcements, SEC filings, major news, and targeted Wayback payment-page snapshots."
Target,Zip,unknown_timing,No credible operational adoption date found by automated first-pass scraper.,"Review official newsroom/help/payment pages, provider announcements, SEC filings, major news, and targeted Wayback payment-page snapshots."
Target,Zip,possible_external_bnpl,Evidence mentions BNPL outside the five-platform sample.,"Review official newsroom/help/payment pages, provider announcements, SEC filings, major news, and targeted Wayback payment-page snapshots."
Target,Zip,wayback_incomplete,Wayback status: no_snapshots.,"Review official newsroom/help/payment pages, provider announcements, SEC filings, major news, and targeted Wayback payment-page snapshots."
Target,Sezzle,unknown_timing,No credible operational adoption date found by automated first-pass scraper.,"Review official newsroom/help/payment pages, provider announcements, SEC filings, major news, and targeted Wayback payment-page snapshots."
Target,Sezzle,wayback_incomplete,Wayback status: no_snapshots.,"Review official newsroom/help/payment pages, provider announcements, SEC filings, major news, and targeted Wayback payment-page snapshots."
Tilly's,Klarna,unknown_timing,No credible operational adoption date found by automated first-pass scraper.,"Review official newsroom/help/payment pages, provider announcements, SEC filings, major news, and targeted Wayback payment-page snapshots."
Tilly's,Afterpay,unknown_timing,No credible operational adoption date found by automated first-pass scraper.,"Review official newsroom/help/payment pages, provider announcements, SEC filings, major news, and targeted Wayback payment-page snapshots."
Tilly's,Sezzle,unknown_timing,No credible operational adoption date found by automated first-pass scraper.,"Review official newsroom/help/payment pages, provider announcements, SEC filings, major news, and targeted Wayback payment-page snapshots."
Tilly's,Sezzle,wayback_incomplete,Wayback status: no_snapshots.,"Review official newsroom/help/payment pages, provider announcements, SEC filings, major news, and targeted Wayback payment-page snapshots."
Coach,Affirm,unknown_timing,No credible operational adoption date found by automated first-pass scraper.,"Review official newsroom/help/payment pages, provider announcements, SEC filings, major news, and targeted Wayback payment-page snapshots."
Coach,Affirm,subsidiary_parent_scope,Merchant-level BNPL availability may not imply parent-level treatment.,"Review official newsroom/help/payment pages, provider announcements, SEC filings, major news, and targeted Wayback payment-page snapshots."
Coach,Affirm,wayback_incomplete,Wayback status: no_snapshots.,"Review official newsroom/help/payment pages, provider announcements, SEC filings, major news, and targeted Wayback payment-page snapshots."
Coach,Afterpay,unknown_timing,No credible operational adoption date found by automated first-pass scraper.,"Review official newsroom/help/payment pages, provider announcements, SEC filings, major news, and targeted Wayback payment-page snapshots."
Coach,Afterpay,subsidiary_parent_scope,Merchant-level BNPL availability may not imply parent-level treatment.,"Review official newsroom/help/payment pages, provider announcements, SEC filings, major news, and targeted Wayback payment-page snapshots."
Coach,Zip,unknown_timing,No credible operational adoption date found by automated first-pass scraper.,"Review official newsroom/help/payment pages, provider announcements, SEC filings, major news, and targeted Wayback payment-page snapshots."
Coach,Zip,subsidiary_parent_scope,Merchant-level BNPL availability may not imply parent-level treatment.,"Review official newsroom/help/payment pages, provider announcements, SEC filings, major news, and targeted Wayback payment-page snapshots."
Coach,Zip,possible_external_bnpl,Evidence mentions BNPL outside the five-platform sample.,"Review official newsroom/help/payment pages, provider announcements, SEC filings, major news, and targeted Wayback payment-page snapshots."
Coach,Zip,wayback_incomplete,Wayback status: no_snapshots.,"Review official newsroom/help/payment pages, provider announcements, SEC filings, major news, and targeted Wayback payment-page snapshots."
Coach Outlet,Affirm,unknown_timing,No credible operational adoption date found by automated first-pass scraper.,"Review official newsroom/help/payment pages, provider announcements, SEC filings, major news, and targeted Wayback payment-page snapshots."
Coach Outlet,Affirm,subsidiary_parent_scope,Merchant-level BNPL availability may not imply parent-level treatment.,"Review official newsroom/help/payment pages, provider announcements, SEC filings, major news, and targeted Wayback payment-page snapshots."
Coach Outlet,Affirm,wayback_incomplete,Wayback status: no_snapshots.,"Review official newsroom/help/payment pages, provider announcements, SEC filings, major news, and targeted Wayback payment-page snapshots."
Coach Outlet,Klarna,unknown_timing,No credible operational adoption date found by automated first-pass scraper.,"Review official newsroom/help/payment pages, provider announcements, SEC filings, major news, and targeted Wayback payment-page snapshots."
Coach Outlet,Klarna,subsidiary_parent_scope,Merchant-level BNPL availability may not imply parent-level treatment.,"Review official newsroom/help/payment pages, provider announcements, SEC filings, major news, and targeted Wayback payment-page snapshots."
Coach Outlet,Afterpay,unknown_timing,No credible operational adoption date found by automated first-pass scraper.,"Review official newsroom/help/payment pages, provider announcements, SEC filings, major news, and targeted Wayback payment-page snapshots."
Coach Outlet,Afterpay,subsidiary_parent_scope,Merchant-level BNPL availability may not imply parent-level treatment.,"Review official newsroom/help/payment pages, provider announcements, SEC filings, major news, and targeted Wayback payment-page snapshots."
Coach Outlet,Zip,unknown_timing,No credible operational adoption date found by automated first-pass scraper.,"Review official newsroom/help/payment pages, provider announcements, SEC filings, major news, and targeted Wayback payment-page snapshots."
Coach Outlet,Zip,subsidiary_parent_scope,Merchant-level BNPL availability may not imply parent-level treatment.,"Review official newsroom/help/payment pages, provider announcements, SEC filings, major news, and targeted Wayback payment-page snapshots."
Coach Outlet,Zip,possible_external_bnpl,Evidence mentions BNPL outside the five-platform sample.,"Review official newsroom/help/payment pages, provider announcements, SEC filings, major news, and targeted Wayback payment-page snapshots."
Coach Outlet,Zip,wayback_incomplete,Wayback status: no_snapshots.,"Review official newsroom/help/payment pages, provider announcements, SEC filings, major news, and targeted Wayback payment-page snapshots."
Kate Spade,Affirm,unknown_timing,No credible operational adoption date found by automated first-pass scraper.,"Review official newsroom/help/payment pages, provider announcements, SEC filings, major news, and targeted Wayback payment-page snapshots."
Kate Spade,Affirm,subsidiary_parent_scope,Merchant-level BNPL availability may not imply parent-level treatment.,"Review official newsroom/help/payment pages, provider announcements, SEC filings, major news, and targeted Wayback payment-page snapshots."
Kate Spade,Affirm,wayback_incomplete,Wayback status: no_snapshots.,"Review official newsroom/help/payment pages, provider announcements, SEC filings, major news, and targeted Wayback payment-page snapshots."
Kate Spade,Klarna,unknown_timing,No credible operational adoption date found by automated first-pass scraper.,"Review official newsroom/help/payment pages, provider announcements, SEC filings, major news, and targeted Wayback payment-page snapshots."
Kate Spade,Klarna,subsidiary_parent_scope,Merchant-level BNPL availability may not imply parent-level treatment.,"Review official newsroom/help/payment pages, provider announcements, SEC filings, major news, and targeted Wayback payment-page snapshots."
Kate Spade,Afterpay,unknown_timing,No credible operational adoption date found by automated first-pass scraper.,"Review official newsroom/help/payment pages, provider announcements, SEC filings, major news, and targeted Wayback payment-page snapshots."
Kate Spade,Afterpay,subsidiary_parent_scope,Merchant-level BNPL availability may not imply parent-level treatment.,"Review official newsroom/help/payment pages, provider announcements, SEC filings, major news, and targeted Wayback payment-page snapshots."
Kate Spade,Zip,unknown_timing,No credible operational adoption date found by automated first-pass scraper.,"Review official newsroom/help/payment pages, provider announcements, SEC filings, major news, and targeted Wayback payment-page snapshots."
Kate Spade,Zip,subsidiary_parent_scope,Merchant-level BNPL availability may not imply parent-level treatment.,"Review official newsroom/help/payment pages, provider announcements, SEC filings, major news, and targeted Wayback payment-page snapshots."
Kate Spade,Zip,possible_external_bnpl,Evidence mentions BNPL outside the five-platform sample.,"Review official newsroom/help/payment pages, provider announcements, SEC filings, major news, and targeted Wayback payment-page snapshots."
Kate Spade,Zip,wayback_incomplete,Wayback status: no_snapshots.,"Review official newsroom/help/payment pages, provider announcements, SEC filings, major news, and targeted Wayback payment-page snapshots."
Kate Spade,Sezzle,unknown_timing,No credible operational adoption date found by automated first-pass scraper.,"Review official newsroom/help/payment pages, provider announcements, SEC filings, major news, and targeted Wayback payment-page snapshots."
Kate Spade,Sezzle,subsidiary_parent_scope,Merchant-level BNPL availability may not imply parent-level treatment.,"Review official newsroom/help/payment pages, provider announcements, SEC filings, major news, and targeted Wayback payment-page snapshots."
Kate Spade,Sezzle,wayback_incomplete,Wayback status: no_snapshots.,"Review official newsroom/help/payment pages, provider announcements, SEC filings, major news, and targeted Wayback payment-page snapshots."
Kate Spade Outlet,Affirm,unknown_timing,No credible operational adoption date found by automated first-pass scraper.,"Review official newsroom/help/payment pages, provider announcements, SEC filings, major news, and targeted Wayback payment-page snapshots."
Kate Spade Outlet,Affirm,subsidiary_parent_scope,Merchant-level BNPL availability may not imply parent-level treatment.,"Review official newsroom/help/payment pages, provider announcements, SEC filings, major news, and targeted Wayback payment-page snapshots."
Kate Spade Outlet,Affirm,wayback_incomplete,Wayback status: no_snapshots.,"Review official newsroom/help/payment pages, provider announcements, SEC filings, major news, and targeted Wayback payment-page snapshots."
Kate Spade Outlet,Afterpay,unknown_timing,No credible operational adoption date found by automated first-pass scraper.,"Review official newsroom/help/payment pages, provider announcements, SEC filings, major news, and targeted Wayback payment-page snapshots."
Kate Spade Outlet,Afterpay,subsidiary_parent_scope,Merchant-level BNPL availability may not imply parent-level treatment.,"Review official newsroom/help/payment pages, provider announcements, SEC filings, major news, and targeted Wayback payment-page snapshots."
Kate Spade Outlet,Zip,unknown_timing,No credible operational adoption date found by automated first-pass scraper.,"Review official newsroom/help/payment pages, provider announcements, SEC filings, major news, and targeted Wayback payment-page snapshots."
Kate Spade Outlet,Zip,subsidiary_parent_scope,Merchant-level BNPL availability may not imply parent-level treatment.,"Review official newsroom/help/payment pages, provider announcements, SEC filings, major news, and targeted Wayback payment-page snapshots."
Kate Spade Outlet,Zip,possible_external_bnpl,Evidence mentions BNPL outside the five-platform sample.,"Review official newsroom/help/payment pages, provider announcements, SEC filings, major news, and targeted Wayback payment-page snapshots."
Kate Spade Outlet,Zip,wayback_incomplete,Wayback status: no_snapshots.,"Review official newsroom/help/payment pages, provider announcements, SEC filings, major news, and targeted Wayback payment-page snapshots."
Kate Spade Outlet,Sezzle,unknown_timing,No credible operational adoption date found by automated first-pass scraper.,"Review official newsroom/help/payment pages, provider announcements, SEC filings, major news, and targeted Wayback payment-page snapshots."
Kate Spade Outlet,Sezzle,subsidiary_parent_scope,Merchant-level BNPL availability may not imply parent-level treatment.,"Review official newsroom/help/payment pages, provider announcements, SEC filings, major news, and targeted Wayback payment-page snapshots."
Kate Spade Outlet,Sezzle,wayback_incomplete,Wayback status: no_snapshots.,"Review official newsroom/help/payment pages, provider announcements, SEC filings, major news, and targeted Wayback payment-page snapshots."
Tripadvisor,Zip,unknown_timing,No credible operational adoption date found by automated first-pass scraper.,"Review official newsroom/help/payment pages, provider announcements, SEC filings, major news, and targeted Wayback payment-page snapshots."
Tripadvisor,Zip,possible_external_bnpl,Evidence mentions BNPL outside the five-platform sample.,"Review official newsroom/help/payment pages, provider announcements, SEC filings, major news, and targeted Wayback payment-page snapshots."
Travelers,Zip,unknown_timing,No credible operational adoption date found by automated first-pass scraper.,"Review official newsroom/help/payment pages, provider announcements, SEC filings, major news, and targeted Wayback payment-page snapshots."
Travelers,Zip,possible_external_bnpl,Evidence mentions BNPL outside the five-platform sample.,"Review official newsroom/help/payment pages, provider announcements, SEC filings, major news, and targeted Wayback payment-page snapshots."
Tractor Supply Co,Klarna,unknown_timing,No credible operational adoption date found by automated first-pass scraper.,"Review official newsroom/help/payment pages, provider announcements, SEC filings, major news, and targeted Wayback payment-page snapshots."
Tractor Supply Co,Klarna,wayback_incomplete,Wayback status: no_snapshots.,"Review official newsroom/help/payment pages, provider announcements, SEC filings, major news, and targeted Wayback payment-page snapshots."
Tractor Supply Co,Zip,unknown_timing,No credible operational adoption date found by automated first-pass scraper.,"Review official newsroom/help/payment pages, provider announcements, SEC filings, major news, and targeted Wayback payment-page snapshots."
Tractor Supply Co,Zip,possible_external_bnpl,Evidence mentions BNPL outside the five-platform sample.,"Review official newsroom/help/payment pages, provider announcements, SEC filings, major news, and targeted Wayback payment-page snapshots."
Under Armour,Affirm,unknown_timing,No credible operational adoption date found by automated first-pass scraper.,"Review official newsroom/help/payment pages, provider announcements, SEC filings, major news, and targeted Wayback payment-page snapshots."
Under Armour,Affirm,wayback_incomplete,Wayback status: no_snapshots.,"Review official newsroom/help/payment pages, provider announcements, SEC filings, major news, and targeted Wayback payment-page snapshots."
Under Armour,Klarna,unknown_timing,No credible operational adoption date found by automated first-pass scraper.,"Review official newsroom/help/payment pages, provider announcements, SEC filings, major news, and targeted Wayback payment-page snapshots."
Under Armour,Klarna,wayback_incomplete,Wayback status: no_snapshots.,"Review official newsroom/help/payment pages, provider announcements, SEC filings, major news, and targeted Wayback payment-page snapshots."
Under Armour,Zip,unknown_timing,No credible operational adoption date found by automated first-pass scraper.,"Review official newsroom/help/payment pages, provider announcements, SEC filings, major news, and targeted Wayback payment-page snapshots."
Under Armour,Zip,possible_external_bnpl,Evidence mentions BNPL outside the five-platform sample.,"Review official newsroom/help/payment pages, provider announcements, SEC filings, major news, and targeted Wayback payment-page snapshots."
Under Armour,Zip,wayback_incomplete,Wayback status: no_snapshots.,"Review official newsroom/help/payment pages, provider announcements, SEC filings, major news, and targeted Wayback payment-page snapshots."
Frontier,Zip,unknown_timing,No credible operational adoption date found by automated first-pass scraper.,"Review official newsroom/help/payment pages, provider announcements, SEC filings, major news, and targeted Wayback payment-page snapshots."
Frontier,Zip,possible_external_bnpl,Evidence mentions BNPL outside the five-platform sample.,"Review official newsroom/help/payment pages, provider announcements, SEC filings, major news, and targeted Wayback payment-page snapshots."
Ulta,Affirm,unknown_timing,No credible operational adoption date found by automated first-pass scraper.,"Review official newsroom/help/payment pages, provider announcements, SEC filings, major news, and targeted Wayback payment-page snapshots."
Ulta,Affirm,wayback_incomplete,Wayback status: no_snapshots.,"Review official newsroom/help/payment pages, provider announcements, SEC filings, major news, and targeted Wayback payment-page snapshots."
Ulta,Sezzle,unknown_timing,No credible operational adoption date found by automated first-pass scraper.,"Review official newsroom/help/payment pages, provider announcements, SEC filings, major news, and targeted Wayback payment-page snapshots."
Ulta,Sezzle,wayback_incomplete,Wayback status: no_snapshots.,"Review official newsroom/help/payment pages, provider announcements, SEC filings, major news, and targeted Wayback payment-page snapshots."
Ulta Beauty,Klarna,unknown_timing,No credible operational adoption date found by automated first-pass scraper.,"Review official newsroom/help/payment pages, provider announcements, SEC filings, major news, and targeted Wayback payment-page snapshots."
Ulta Beauty,Afterpay,unknown_timing,No credible operational adoption date found by automated first-pass scraper.,"Review official newsroom/help/payment pages, provider announcements, SEC filings, major news, and targeted Wayback payment-page snapshots."
Ulta Beauty,Afterpay,wayback_incomplete,Wayback status: no_snapshots.,"Review official newsroom/help/payment pages, provider announcements, SEC filings, major news, and targeted Wayback payment-page snapshots."
Urban Outfitters,Klarna,unknown_timing,No credible operational adoption date found by automated first-pass scraper.,"Review official newsroom/help/payment pages, provider announcements, SEC filings, major news, and targeted Wayback payment-page snapshots."
Urban Outfitters,Afterpay,unknown_timing,No credible operational adoption date found by automated first-pass scraper.,"Review official newsroom/help/payment pages, provider announcements, SEC filings, major news, and targeted Wayback payment-page snapshots."
Urban Outfitters,Zip,unknown_timing,No credible operational adoption date found by automated first-pass scraper.,"Review official newsroom/help/payment pages, provider announcements, SEC filings, major news, and targeted Wayback payment-page snapshots."
Urban Outfitters,Zip,possible_external_bnpl,Evidence mentions BNPL outside the five-platform sample.,"Review official newsroom/help/payment pages, provider announcements, SEC filings, major news, and targeted Wayback payment-page snapshots."
Urban Outfitters,Zip,wayback_incomplete,Wayback status: no_snapshots.,"Review official newsroom/help/payment pages, provider announcements, SEC filings, major news, and targeted Wayback payment-page snapshots."
Timberland,Sezzle,unknown_timing,No credible operational adoption date found by automated first-pass scraper.,"Review official newsroom/help/payment pages, provider announcements, SEC filings, major news, and targeted Wayback payment-page snapshots."
Timberland,Sezzle,subsidiary_parent_scope,Merchant-level BNPL availability may not imply parent-level treatment.,"Review official newsroom/help/payment pages, provider announcements, SEC filings, major news, and targeted Wayback payment-page snapshots."
Timberland,Sezzle,wayback_incomplete,Wayback status: no_snapshots.,"Review official newsroom/help/payment pages, provider announcements, SEC filings, major news, and targeted Wayback payment-page snapshots."
Vans,Zip,unknown_timing,No credible operational adoption date found by automated first-pass scraper.,"Review official newsroom/help/payment pages, provider announcements, SEC filings, major news, and targeted Wayback payment-page snapshots."
Vans,Zip,subsidiary_parent_scope,Merchant-level BNPL availability may not imply parent-level treatment.,"Review official newsroom/help/payment pages, provider announcements, SEC filings, major news, and targeted Wayback payment-page snapshots."
Vans,Zip,possible_external_bnpl,Evidence mentions BNPL outside the five-platform sample.,"Review official newsroom/help/payment pages, provider announcements, SEC filings, major news, and targeted Wayback payment-page snapshots."
Vans,Sezzle,unknown_timing,No credible operational adoption date found by automated first-pass scraper.,"Review official newsroom/help/payment pages, provider announcements, SEC filings, major news, and targeted Wayback payment-page snapshots."
Vans,Sezzle,subsidiary_parent_scope,Merchant-level BNPL availability may not imply parent-level treatment.,"Review official newsroom/help/payment pages, provider announcements, SEC filings, major news, and targeted Wayback payment-page snapshots."
Vans,Sezzle,wayback_incomplete,Wayback status: no_snapshots.,"Review official newsroom/help/payment pages, provider announcements, SEC filings, major news, and targeted Wayback payment-page snapshots."
Vince,Klarna,unknown_timing,No credible operational adoption date found by automated first-pass scraper.,"Review official newsroom/help/payment pages, provider announcements, SEC filings, major news, and targeted Wayback payment-page snapshots."
Vince,Afterpay,unknown_timing,No credible operational adoption date found by automated first-pass scraper.,"Review official newsroom/help/payment pages, provider announcements, SEC filings, major news, and targeted Wayback payment-page snapshots."
Vera Bradley,Klarna,unknown_timing,No credible operational adoption date found by automated first-pass scraper.,"Review official newsroom/help/payment pages, provider announcements, SEC filings, major news, and targeted Wayback payment-page snapshots."
Vera Bradley,Klarna,possible_external_bnpl,Evidence mentions BNPL outside the five-platform sample.,"Review official newsroom/help/payment pages, provider announcements, SEC filings, major news, and targeted Wayback payment-page snapshots."
Vera Bradley,Afterpay,unknown_timing,No credible operational adoption date found by automated first-pass scraper.,"Review official newsroom/help/payment pages, provider announcements, SEC filings, major news, and targeted Wayback payment-page snapshots."
Vera Bradley,Afterpay,possible_external_bnpl,Evidence mentions BNPL outside the five-platform sample.,"Review official newsroom/help/payment pages, provider announcements, SEC filings, major news, and targeted Wayback payment-page snapshots."
Vera Bradley,Zip,unknown_timing,No credible operational adoption date found by automated first-pass scraper.,"Review official newsroom/help/payment pages, provider announcements, SEC filings, major news, and targeted Wayback payment-page snapshots."
Vera Bradley,Zip,possible_external_bnpl,Evidence mentions BNPL outside the five-platform sample.,"Review official newsroom/help/payment pages, provider announcements, SEC filings, major news, and targeted Wayback payment-page snapshots."
Vera Bradley,Zip,wayback_incomplete,Wayback status: no_snapshots.,"Review official newsroom/help/payment pages, provider announcements, SEC filings, major news, and targeted Wayback payment-page snapshots."
Victoria's Secret,Klarna,unknown_timing,No credible operational adoption date found by automated first-pass scraper.,"Review official newsroom/help/payment pages, provider announcements, SEC filings, major news, and targeted Wayback payment-page snapshots."
Victoria's Secret,Afterpay,unknown_timing,No credible operational adoption date found by automated first-pass scraper.,"Review official newsroom/help/payment pages, provider announcements, SEC filings, major news, and targeted Wayback payment-page snapshots."
Wayfair,Affirm,unknown_timing,No credible operational adoption date found by automated first-pass scraper.,"Review official newsroom/help/payment pages, provider announcements, SEC filings, major news, and targeted Wayback payment-page snapshots."
Wayfair,Klarna,unknown_timing,No credible operational adoption date found by automated first-pass scraper.,"Review official newsroom/help/payment pages, provider announcements, SEC filings, major news, and targeted Wayback payment-page snapshots."
Wayfair,Afterpay,unknown_timing,No credible operational adoption date found by automated first-pass scraper.,"Review official newsroom/help/payment pages, provider announcements, SEC filings, major news, and targeted Wayback payment-page snapshots."
Wayfair,Zip,unknown_timing,No credible operational adoption date found by automated first-pass scraper.,"Review official newsroom/help/payment pages, provider announcements, SEC filings, major news, and targeted Wayback payment-page snapshots."
Wayfair,Zip,possible_external_bnpl,Evidence mentions BNPL outside the five-platform sample.,"Review official newsroom/help/payment pages, provider announcements, SEC filings, major news, and targeted Wayback payment-page snapshots."
Wayfair,Zip,wayback_incomplete,Wayback status: no_snapshots.,"Review official newsroom/help/payment pages, provider announcements, SEC filings, major news, and targeted Wayback payment-page snapshots."
Whirlpool,Klarna,unknown_timing,No credible operational adoption date found by automated first-pass scraper.,"Review official newsroom/help/payment pages, provider announcements, SEC filings, major news, and targeted Wayback payment-page snapshots."
Whirlpool,Klarna,wayback_incomplete,Wayback status: no_snapshots.,"Review official newsroom/help/payment pages, provider announcements, SEC filings, major news, and targeted Wayback payment-page snapshots."
Waste Management,Zip,unknown_timing,No credible operational adoption date found by automated first-pass scraper.,"Review official newsroom/help/payment pages, provider announcements, SEC filings, major news, and targeted Wayback payment-page snapshots."
Waste Management,Zip,possible_external_bnpl,Evidence mentions BNPL outside the five-platform sample.,"Review official newsroom/help/payment pages, provider announcements, SEC filings, major news, and targeted Wayback payment-page snapshots."
Sam's Club,Affirm,unknown_timing,No credible operational adoption date found by automated first-pass scraper.,"Review official newsroom/help/payment pages, provider announcements, SEC filings, major news, and targeted Wayback payment-page snapshots."
Sam's Club,Affirm,subsidiary_parent_scope,Merchant-level BNPL availability may not imply parent-level treatment.,"Review official newsroom/help/payment pages, provider announcements, SEC filings, major news, and targeted Wayback payment-page snapshots."
Sam's Club,Klarna,unknown_timing,No credible operational adoption date found by automated first-pass scraper.,"Review official newsroom/help/payment pages, provider announcements, SEC filings, major news, and targeted Wayback payment-page snapshots."
Sam's Club,Klarna,subsidiary_parent_scope,Merchant-level BNPL availability may not imply parent-level treatment.,"Review official newsroom/help/payment pages, provider announcements, SEC filings, major news, and targeted Wayback payment-page snapshots."
Sam's Club,Klarna,wayback_incomplete,Wayback status: no_snapshots.,"Review official newsroom/help/payment pages, provider announcements, SEC filings, major news, and targeted Wayback payment-page snapshots."
Sam's Club,Zip,unknown_timing,No credible operational adoption date found by automated first-pass scraper.,"Review official newsroom/help/payment pages, provider announcements, SEC filings, major news, and targeted Wayback payment-page snapshots."
Sam's Club,Zip,subsidiary_parent_scope,Merchant-level BNPL availability may not imply parent-level treatment.,"Review official newsroom/help/payment pages, provider announcements, SEC filings, major news, and targeted Wayback payment-page snapshots."
Sam's Club,Zip,possible_external_bnpl,Evidence mentions BNPL outside the five-platform sample.,"Review official newsroom/help/payment pages, provider announcements, SEC filings, major news, and targeted Wayback payment-page snapshots."
Sam's Club,Zip,wayback_incomplete,Wayback status: no_snapshots.,"Review official newsroom/help/payment pages, provider announcements, SEC filings, major news, and targeted Wayback payment-page snapshots."
Walmart,Klarna,unknown_timing,No credible operational adoption date found by automated first-pass scraper.,"Review official newsroom/help/payment pages, provider announcements, SEC filings, major news, and targeted Wayback payment-page snapshots."
Walmart,Zip,unknown_timing,No credible operational adoption date found by automated first-pass scraper.,"Review official newsroom/help/payment pages, provider announcements, SEC filings, major news, and targeted Wayback payment-page snapshots."
Walmart,Zip,possible_external_bnpl,Evidence mentions BNPL outside the five-platform sample.,"Review official newsroom/help/payment pages, provider announcements, SEC filings, major news, and targeted Wayback payment-page snapshots."
Walmart,Zip,wayback_incomplete,Wayback status: no_snapshots.,"Review official newsroom/help/payment pages, provider announcements, SEC filings, major news, and targeted Wayback payment-page snapshots."
Warby Parker,Klarna,unknown_timing,No credible operational adoption date found by automated first-pass scraper.,"Review official newsroom/help/payment pages, provider announcements, SEC filings, major news, and targeted Wayback payment-page snapshots."
Williams-Sonoma,Klarna,unknown_timing,No credible operational adoption date found by automated first-pass scraper.,"Review official newsroom/help/payment pages, provider announcements, SEC filings, major news, and targeted Wayback payment-page snapshots."
Williams-Sonoma,Klarna,wayback_incomplete,Wayback status: no_snapshots.,"Review official newsroom/help/payment pages, provider announcements, SEC filings, major news, and targeted Wayback payment-page snapshots."
Williams-Sonoma,Sezzle,unknown_timing,No credible operational adoption date found by automated first-pass scraper.,"Review official newsroom/help/payment pages, provider announcements, SEC filings, major news, and targeted Wayback payment-page snapshots."
Williams-Sonoma,Sezzle,wayback_incomplete,Wayback status: no_snapshots.,"Review official newsroom/help/payment pages, provider announcements, SEC filings, major news, and targeted Wayback payment-page snapshots."
Wolverine,Klarna,unknown_timing,No credible operational adoption date found by automated first-pass scraper.,"Review official newsroom/help/payment pages, provider announcements, SEC filings, major news, and targeted Wayback payment-page snapshots."
Yeti,Klarna,unknown_timing,No credible operational adoption date found by automated first-pass scraper.,"Review official newsroom/help/payment pages, provider announcements, SEC filings, major news, and targeted Wayback payment-page snapshots."
Yeti,Klarna,wayback_incomplete,Wayback status: no_snapshots.,"Review official newsroom/help/payment pages, provider announcements, SEC filings, major news, and targeted Wayback payment-page snapshots."
zumiez,Klarna,unknown_timing,No credible operational adoption date found by automated first-pass scraper.,"Review official newsroom/help/payment pages, provider announcements, SEC filings, major news, and targeted Wayback payment-page snapshots."
American Airlines,ANY,merchant_first_bnpl_unknown,No provider-level adoption timing was identified for this public merchant.,Prioritize if merchant is important to regression sample or has multiple current platforms.
Advance Auto Parts,ANY,merchant_first_bnpl_unknown,No provider-level adoption timing was identified for this public merchant.,Prioritize if merchant is important to regression sample or has multiple current platforms.
Apple,ANY,merchant_first_bnpl_unknown,No provider-level adoption timing was identified for this public merchant.,Prioritize if merchant is important to regression sample or has multiple current platforms.
Airbnb,ANY,merchant_first_bnpl_unknown,No provider-level adoption timing was identified for this public merchant.,Prioritize if merchant is important to regression sample or has multiple current platforms.
Autodesk,ANY,merchant_first_bnpl_unknown,No provider-level adoption timing was identified for this public merchant.,Prioritize if merchant is important to regression sample or has multiple current platforms.
American Eagle,ANY,merchant_first_bnpl_unknown,No provider-level adoption timing was identified for this public merchant.,Prioritize if merchant is important to regression sample or has multiple current platforms.
Allstate,ANY,merchant_first_bnpl_unknown,No provider-level adoption timing was identified for this public merchant.,Prioritize if merchant is important to regression sample or has multiple current platforms.
Amazon,ANY,merchant_first_bnpl_unknown,No provider-level adoption timing was identified for this public merchant.,Prioritize if merchant is important to regression sample or has multiple current platforms.
Zappos,ANY,merchant_first_bnpl_unknown,No provider-level adoption timing was identified for this public merchant.,Prioritize if merchant is important to regression sample or has multiple current platforms.
Abercrombie & Fitch,ANY,merchant_first_bnpl_unknown,No provider-level adoption timing was identified for this public merchant.,Prioritize if merchant is important to regression sample or has multiple current platforms.
AppFolio,ANY,merchant_first_bnpl_unknown,No provider-level adoption timing was identified for this public merchant.,Prioritize if merchant is important to regression sample or has multiple current platforms.
Arhaus,ANY,merchant_first_bnpl_unknown,No provider-level adoption timing was identified for this public merchant.,Prioritize if merchant is important to regression sample or has multiple current platforms.
Academy Sports,ANY,merchant_first_bnpl_unknown,No provider-level adoption timing was identified for this public merchant.,Prioritize if merchant is important to regression sample or has multiple current platforms.
AutoZone,ANY,merchant_first_bnpl_unknown,No provider-level adoption timing was identified for this public merchant.,Prioritize if merchant is important to regression sample or has multiple current platforms.
Alibaba,ANY,merchant_first_bnpl_unknown,No provider-level adoption timing was identified for this public merchant.,Prioritize if merchant is important to regression sample or has multiple current platforms.
Bed Bath & Beyond,ANY,merchant_first_bnpl_unknown,No provider-level adoption timing was identified for this public merchant.,Prioritize if merchant is important to regression sample or has multiple current platforms.
Build-A-Bear Workshop,ANY,merchant_first_bnpl_unknown,No provider-level adoption timing was identified for this public merchant.,Prioritize if merchant is important to regression sample or has multiple current platforms.
Bath & Body Works,ANY,merchant_first_bnpl_unknown,No provider-level adoption timing was identified for this public merchant.,Prioritize if merchant is important to regression sample or has multiple current platforms.
Best Buy,ANY,merchant_first_bnpl_unknown,No provider-level adoption timing was identified for this public merchant.,Prioritize if merchant is important to regression sample or has multiple current platforms.
Birkenstock,ANY,merchant_first_bnpl_unknown,No provider-level adoption timing was identified for this public merchant.,Prioritize if merchant is important to regression sample or has multiple current platforms.
BJ's Wholesale Club,ANY,merchant_first_bnpl_unknown,No provider-level adoption timing was identified for this public merchant.,Prioritize if merchant is important to regression sample or has multiple current platforms.
Buckle,ANY,merchant_first_bnpl_unknown,No provider-level adoption timing was identified for this public merchant.,Prioritize if merchant is important to regression sample or has multiple current platforms.
Priceline,ANY,merchant_first_bnpl_unknown,No provider-level adoption timing was identified for this public merchant.,Prioritize if merchant is important to regression sample or has multiple current platforms.
Bob's Discount Furniture,ANY,merchant_first_bnpl_unknown,No provider-level adoption timing was identified for this public merchant.,Prioritize if merchant is important to regression sample or has multiple current platforms.
Brilliant Earth,ANY,merchant_first_bnpl_unknown,No provider-level adoption timing was identified for this public merchant.,Prioritize if merchant is important to regression sample or has multiple current platforms.
Burlington,ANY,merchant_first_bnpl_unknown,No provider-level adoption timing was identified for this public merchant.,Prioritize if merchant is important to regression sample or has multiple current platforms.
Canon,ANY,merchant_first_bnpl_unknown,No provider-level adoption timing was identified for this public merchant.,Prioritize if merchant is important to regression sample or has multiple current platforms.
Cato,ANY,merchant_first_bnpl_unknown,No provider-level adoption timing was identified for this public merchant.,Prioritize if merchant is important to regression sample or has multiple current platforms.
Chewy,ANY,merchant_first_bnpl_unknown,No provider-level adoption timing was identified for this public merchant.,Prioritize if merchant is important to regression sample or has multiple current platforms.
Columbia,ANY,merchant_first_bnpl_unknown,No provider-level adoption timing was identified for this public merchant.,Prioritize if merchant is important to regression sample or has multiple current platforms.
Columbia Sportswear,ANY,merchant_first_bnpl_unknown,No provider-level adoption timing was identified for this public merchant.,Prioritize if merchant is important to regression sample or has multiple current platforms.
Costco Wholesale,ANY,merchant_first_bnpl_unknown,No provider-level adoption timing was identified for this public merchant.,Prioritize if merchant is important to regression sample or has multiple current platforms.
Coursera,ANY,merchant_first_bnpl_unknown,No provider-level adoption timing was identified for this public merchant.,Prioritize if merchant is important to regression sample or has multiple current platforms.
Cricut,ANY,merchant_first_bnpl_unknown,No provider-level adoption timing was identified for this public merchant.,Prioritize if merchant is important to regression sample or has multiple current platforms.
Carter's,ANY,merchant_first_bnpl_unknown,No provider-level adoption timing was identified for this public merchant.,Prioritize if merchant is important to regression sample or has multiple current platforms.
OshKosh,ANY,merchant_first_bnpl_unknown,No provider-level adoption timing was identified for this public merchant.,Prioritize if merchant is important to regression sample or has multiple current platforms.
Crocs,ANY,merchant_first_bnpl_unknown,No provider-level adoption timing was identified for this public merchant.,Prioritize if merchant is important to regression sample or has multiple current platforms.
Torrid,ANY,merchant_first_bnpl_unknown,No provider-level adoption timing was identified for this public merchant.,Prioritize if merchant is important to regression sample or has multiple current platforms.
DoorDash,ANY,merchant_first_bnpl_unknown,No provider-level adoption timing was identified for this public merchant.,Prioritize if merchant is important to regression sample or has multiple current platforms.
Dillard's,ANY,merchant_first_bnpl_unknown,No provider-level adoption timing was identified for this public merchant.,Prioritize if merchant is important to regression sample or has multiple current platforms.
HOKA,ANY,merchant_first_bnpl_unknown,No provider-level adoption timing was identified for this public merchant.,Prioritize if merchant is important to regression sample or has multiple current platforms.
UGG,ANY,merchant_first_bnpl_unknown,No provider-level adoption timing was identified for this public merchant.,Prioritize if merchant is important to regression sample or has multiple current platforms.
Dollar General,ANY,merchant_first_bnpl_unknown,No provider-level adoption timing was identified for this public merchant.,Prioritize if merchant is important to regression sample or has multiple current platforms.
Dick's Sporting Goods,ANY,merchant_first_bnpl_unknown,No provider-level adoption timing was identified for this public merchant.,Prioritize if merchant is important to regression sample or has multiple current platforms.
eBay,ANY,merchant_first_bnpl_unknown,No provider-level adoption timing was identified for this public merchant.,Prioritize if merchant is important to regression sample or has multiple current platforms.
Estee Lauder,ANY,merchant_first_bnpl_unknown,No provider-level adoption timing was identified for this public merchant.,Prioritize if merchant is important to regression sample or has multiple current platforms.
Etsy,ANY,merchant_first_bnpl_unknown,No provider-level adoption timing was identified for this public merchant.,Prioritize if merchant is important to regression sample or has multiple current platforms.
Expedia,ANY,merchant_first_bnpl_unknown,No provider-level adoption timing was identified for this public merchant.,Prioritize if merchant is important to regression sample or has multiple current platforms.
Vrbo,ANY,merchant_first_bnpl_unknown,No provider-level adoption timing was identified for this public merchant.,Prioritize if merchant is important to regression sample or has multiple current platforms.
FIGS,ANY,merchant_first_bnpl_unknown,No provider-level adoption timing was identified for this public merchant.,Prioritize if merchant is important to regression sample or has multiple current platforms.
Five Below,ANY,merchant_first_bnpl_unknown,No provider-level adoption timing was identified for this public merchant.,Prioritize if merchant is important to regression sample or has multiple current platforms.
1-800-flowers.com,ANY,merchant_first_bnpl_unknown,No provider-level adoption timing was identified for this public merchant.,Prioritize if merchant is important to regression sample or has multiple current platforms.
Funko,ANY,merchant_first_bnpl_unknown,No provider-level adoption timing was identified for this public merchant.,Prioritize if merchant is important to regression sample or has multiple current platforms.
Fossil,ANY,merchant_first_bnpl_unknown,No provider-level adoption timing was identified for this public merchant.,Prioritize if merchant is important to regression sample or has multiple current platforms.
Fiverr,ANY,merchant_first_bnpl_unknown,No provider-level adoption timing was identified for this public merchant.,Prioritize if merchant is important to regression sample or has multiple current platforms.
Athleta,ANY,merchant_first_bnpl_unknown,No provider-level adoption timing was identified for this public merchant.,Prioritize if merchant is important to regression sample or has multiple current platforms.
Banana Republic,ANY,merchant_first_bnpl_unknown,No provider-level adoption timing was identified for this public merchant.,Prioritize if merchant is important to regression sample or has multiple current platforms.
Gap,ANY,merchant_first_bnpl_unknown,No provider-level adoption timing was identified for this public merchant.,Prioritize if merchant is important to regression sample or has multiple current platforms.
Gap Factory,ANY,merchant_first_bnpl_unknown,No provider-level adoption timing was identified for this public merchant.,Prioritize if merchant is important to regression sample or has multiple current platforms.
Old Navy,ANY,merchant_first_bnpl_unknown,No provider-level adoption timing was identified for this public merchant.,Prioritize if merchant is important to regression sample or has multiple current platforms.
GameStop,ANY,merchant_first_bnpl_unknown,No provider-level adoption timing was identified for this public merchant.,Prioritize if merchant is important to regression sample or has multiple current platforms.
Canada Goose,ANY,merchant_first_bnpl_unknown,No provider-level adoption timing was identified for this public merchant.,Prioritize if merchant is important to regression sample or has multiple current platforms.
Georgia Power Company,ANY,merchant_first_bnpl_unknown,No provider-level adoption timing was identified for this public merchant.,Prioritize if merchant is important to regression sample or has multiple current platforms.
GoPro,ANY,merchant_first_bnpl_unknown,No provider-level adoption timing was identified for this public merchant.,Prioritize if merchant is important to regression sample or has multiple current platforms.
Garmin,ANY,merchant_first_bnpl_unknown,No provider-level adoption timing was identified for this public merchant.,Prioritize if merchant is important to regression sample or has multiple current platforms.
Groupon,ANY,merchant_first_bnpl_unknown,No provider-level adoption timing was identified for this public merchant.,Prioritize if merchant is important to regression sample or has multiple current platforms.
Goodyear Tire,ANY,merchant_first_bnpl_unknown,No provider-level adoption timing was identified for this public merchant.,Prioritize if merchant is important to regression sample or has multiple current platforms.
The Home Depot,ANY,merchant_first_bnpl_unknown,No provider-level adoption timing was identified for this public merchant.,Prioritize if merchant is important to regression sample or has multiple current platforms.
Harley-Davidson,ANY,merchant_first_bnpl_unknown,No provider-level adoption timing was identified for this public merchant.,Prioritize if merchant is important to regression sample or has multiple current platforms.
HP,ANY,merchant_first_bnpl_unknown,No provider-level adoption timing was identified for this public merchant.,Prioritize if merchant is important to regression sample or has multiple current platforms.
Invitation Homes,ANY,merchant_first_bnpl_unknown,No provider-level adoption timing was identified for this public merchant.,Prioritize if merchant is important to regression sample or has multiple current platforms.
J. Jill,ANY,merchant_first_bnpl_unknown,No provider-level adoption timing was identified for this public merchant.,Prioritize if merchant is important to regression sample or has multiple current platforms.
Kohl's,ANY,merchant_first_bnpl_unknown,No provider-level adoption timing was identified for this public merchant.,Prioritize if merchant is important to regression sample or has multiple current platforms.
Lands' End,ANY,merchant_first_bnpl_unknown,No provider-level adoption timing was identified for this public merchant.,Prioritize if merchant is important to regression sample or has multiple current platforms.
Light in the box,ANY,merchant_first_bnpl_unknown,No provider-level adoption timing was identified for this public merchant.,Prioritize if merchant is important to regression sample or has multiple current platforms.
Lemonade,ANY,merchant_first_bnpl_unknown,No provider-level adoption timing was identified for this public merchant.,Prioritize if merchant is important to regression sample or has multiple current platforms.
Logitech,ANY,merchant_first_bnpl_unknown,No provider-level adoption timing was identified for this public merchant.,Prioritize if merchant is important to regression sample or has multiple current platforms.
Lovesac,ANY,merchant_first_bnpl_unknown,No provider-level adoption timing was identified for this public merchant.,Prioritize if merchant is important to regression sample or has multiple current platforms.
Lowe's,ANY,merchant_first_bnpl_unknown,No provider-level adoption timing was identified for this public merchant.,Prioritize if merchant is important to regression sample or has multiple current platforms.
lululemon,ANY,merchant_first_bnpl_unknown,No provider-level adoption timing was identified for this public merchant.,Prioritize if merchant is important to regression sample or has multiple current platforms.
Bloomingdale's,ANY,merchant_first_bnpl_unknown,No provider-level adoption timing was identified for this public merchant.,Prioritize if merchant is important to regression sample or has multiple current platforms.
Macy's,ANY,merchant_first_bnpl_unknown,No provider-level adoption timing was identified for this public merchant.,Prioritize if merchant is important to regression sample or has multiple current platforms.
Marriott,ANY,merchant_first_bnpl_unknown,No provider-level adoption timing was identified for this public merchant.,Prioritize if merchant is important to regression sample or has multiple current platforms.
Microsoft Store,ANY,merchant_first_bnpl_unknown,No provider-level adoption timing was identified for this public merchant.,Prioritize if merchant is important to regression sample or has multiple current platforms.
Converse,ANY,merchant_first_bnpl_unknown,No provider-level adoption timing was identified for this public merchant.,Prioritize if merchant is important to regression sample or has multiple current platforms.
Nike,ANY,merchant_first_bnpl_unknown,No provider-level adoption timing was identified for this public merchant.,Prioritize if merchant is important to regression sample or has multiple current platforms.
Nelnet,ANY,merchant_first_bnpl_unknown,No provider-level adoption timing was identified for this public merchant.,Prioritize if merchant is important to regression sample or has multiple current platforms.
NVIDIA,ANY,merchant_first_bnpl_unknown,No provider-level adoption timing was identified for this public merchant.,Prioritize if merchant is important to regression sample or has multiple current platforms.
Graco,ANY,merchant_first_bnpl_unknown,No provider-level adoption timing was identified for this public merchant.,Prioritize if merchant is important to regression sample or has multiple current platforms.
On,ANY,merchant_first_bnpl_unknown,No provider-level adoption timing was identified for this public merchant.,Prioritize if merchant is important to regression sample or has multiple current platforms.
The Children's Place,ANY,merchant_first_bnpl_unknown,No provider-level adoption timing was identified for this public merchant.,Prioritize if merchant is important to regression sample or has multiple current platforms.
CarParts.com,ANY,merchant_first_bnpl_unknown,No provider-level adoption timing was identified for this public merchant.,Prioritize if merchant is important to regression sample or has multiple current platforms.
QVC,ANY,merchant_first_bnpl_unknown,No provider-level adoption timing was identified for this public merchant.,Prioritize if merchant is important to regression sample or has multiple current platforms.
ROBLOX,ANY,merchant_first_bnpl_unknown,No provider-level adoption timing was identified for this public merchant.,Prioritize if merchant is important to regression sample or has multiple current platforms.
Royal Caribbean,ANY,merchant_first_bnpl_unknown,No provider-level adoption timing was identified for this public merchant.,Prioritize if merchant is important to regression sample or has multiple current platforms.
Reformation,ANY,merchant_first_bnpl_unknown,No provider-level adoption timing was identified for this public merchant.,Prioritize if merchant is important to regression sample or has multiple current platforms.
Ralph Lauren,ANY,merchant_first_bnpl_unknown,No provider-level adoption timing was identified for this public merchant.,Prioritize if merchant is important to regression sample or has multiple current platforms.
Roku,ANY,merchant_first_bnpl_unknown,No provider-level adoption timing was identified for this public merchant.,Prioritize if merchant is important to regression sample or has multiple current platforms.
REVOLVE,ANY,merchant_first_bnpl_unknown,No provider-level adoption timing was identified for this public merchant.,Prioritize if merchant is important to regression sample or has multiple current platforms.
Sally Beauty,ANY,merchant_first_bnpl_unknown,No provider-level adoption timing was identified for this public merchant.,Prioritize if merchant is important to regression sample or has multiple current platforms.
Scholastic,ANY,merchant_first_bnpl_unknown,No provider-level adoption timing was identified for this public merchant.,Prioritize if merchant is important to regression sample or has multiple current platforms.
Vivid Seats,ANY,merchant_first_bnpl_unknown,No provider-level adoption timing was identified for this public merchant.,Prioritize if merchant is important to regression sample or has multiple current platforms.
Stitch Fix,ANY,merchant_first_bnpl_unknown,No provider-level adoption timing was identified for this public merchant.,Prioritize if merchant is important to regression sample or has multiple current platforms.
SiriusXM,ANY,merchant_first_bnpl_unknown,No provider-level adoption timing was identified for this public merchant.,Prioritize if merchant is important to regression sample or has multiple current platforms.
Samsonite,ANY,merchant_first_bnpl_unknown,No provider-level adoption timing was identified for this public merchant.,Prioritize if merchant is important to regression sample or has multiple current platforms.
SharkNinja,ANY,merchant_first_bnpl_unknown,No provider-level adoption timing was identified for this public merchant.,Prioritize if merchant is important to regression sample or has multiple current platforms.
Sonos,ANY,merchant_first_bnpl_unknown,No provider-level adoption timing was identified for this public merchant.,Prioritize if merchant is important to regression sample or has multiple current platforms.
Sony,ANY,merchant_first_bnpl_unknown,No provider-level adoption timing was identified for this public merchant.,Prioritize if merchant is important to regression sample or has multiple current platforms.
Spectrum,ANY,merchant_first_bnpl_unknown,No provider-level adoption timing was identified for this public merchant.,Prioritize if merchant is important to regression sample or has multiple current platforms.
Sportsman's Warehouse,ANY,merchant_first_bnpl_unknown,No provider-level adoption timing was identified for this public merchant.,Prioritize if merchant is important to regression sample or has multiple current platforms.
StubHub,ANY,merchant_first_bnpl_unknown,No provider-level adoption timing was identified for this public merchant.,Prioritize if merchant is important to regression sample or has multiple current platforms.
AT&T,ANY,merchant_first_bnpl_unknown,No provider-level adoption timing was identified for this public merchant.,Prioritize if merchant is important to regression sample or has multiple current platforms.
Turtle Beach,ANY,merchant_first_bnpl_unknown,No provider-level adoption timing was identified for this public merchant.,Prioritize if merchant is important to regression sample or has multiple current platforms.
Trip.com,ANY,merchant_first_bnpl_unknown,No provider-level adoption timing was identified for this public merchant.,Prioritize if merchant is important to regression sample or has multiple current platforms.
ThredUp,ANY,merchant_first_bnpl_unknown,No provider-level adoption timing was identified for this public merchant.,Prioritize if merchant is important to regression sample or has multiple current platforms.
Target,ANY,merchant_first_bnpl_unknown,No provider-level adoption timing was identified for this public merchant.,Prioritize if merchant is important to regression sample or has multiple current platforms.
Tilly's,ANY,merchant_first_bnpl_unknown,No provider-level adoption timing was identified for this public merchant.,Prioritize if merchant is important to regression sample or has multiple current platforms.
Coach,ANY,merchant_first_bnpl_unknown,No provider-level adoption timing was identified for this public merchant.,Prioritize if merchant is important to regression sample or has multiple current platforms.
Coach Outlet,ANY,merchant_first_bnpl_unknown,No provider-level adoption timing was identified for this public merchant.,Prioritize if merchant is important to regression sample or has multiple current platforms.
Kate Spade,ANY,merchant_first_bnpl_unknown,No provider-level adoption timing was identified for this public merchant.,Prioritize if merchant is important to regression sample or has multiple current platforms.
Kate Spade Outlet,ANY,merchant_first_bnpl_unknown,No provider-level adoption timing was identified for this public merchant.,Prioritize if merchant is important to regression sample or has multiple current platforms.
Tripadvisor,ANY,merchant_first_bnpl_unknown,No provider-level adoption timing was identified for this public merchant.,Prioritize if merchant is important to regression sample or has multiple current platforms.
Travelers,ANY,merchant_first_bnpl_unknown,No provider-level adoption timing was identified for this public merchant.,Prioritize if merchant is important to regression sample or has multiple current platforms.
Tractor Supply Co,ANY,merchant_first_bnpl_unknown,No provider-level adoption timing was identified for this public merchant.,Prioritize if merchant is important to regression sample or has multiple current platforms.
Under Armour,ANY,merchant_first_bnpl_unknown,No provider-level adoption timing was identified for this public merchant.,Prioritize if merchant is important to regression sample or has multiple current platforms.
Frontier,ANY,merchant_first_bnpl_unknown,No provider-level adoption timing was identified for this public merchant.,Prioritize if merchant is important to regression sample or has multiple current platforms.
Ulta,ANY,merchant_first_bnpl_unknown,No provider-level adoption timing was identified for this public merchant.,Prioritize if merchant is important to regression sample or has multiple current platforms.
Ulta Beauty,ANY,merchant_first_bnpl_unknown,No provider-level adoption timing was identified for this public merchant.,Prioritize if merchant is important to regression sample or has multiple current platforms.
Urban Outfitters,ANY,merchant_first_bnpl_unknown,No provider-level adoption timing was identified for this public merchant.,Prioritize if merchant is important to regression sample or has multiple current platforms.
Timberland,ANY,merchant_first_bnpl_unknown,No provider-level adoption timing was identified for this public merchant.,Prioritize if merchant is important to regression sample or has multiple current platforms.
Vans,ANY,merchant_first_bnpl_unknown,No provider-level adoption timing was identified for this public merchant.,Prioritize if merchant is important to regression sample or has multiple current platforms.
Vince,ANY,merchant_first_bnpl_unknown,No provider-level adoption timing was identified for this public merchant.,Prioritize if merchant is important to regression sample or has multiple current platforms.
Vera Bradley,ANY,merchant_first_bnpl_unknown,No provider-level adoption timing was identified for this public merchant.,Prioritize if merchant is important to regression sample or has multiple current platforms.
Victoria's Secret,ANY,merchant_first_bnpl_unknown,No provider-level adoption timing was identified for this public merchant.,Prioritize if merchant is important to regression sample or has multiple current platforms.
Wayfair,ANY,merchant_first_bnpl_unknown,No provider-level adoption timing was identified for this public merchant.,Prioritize if merchant is important to regression sample or has multiple current platforms.
Whirlpool,ANY,merchant_first_bnpl_unknown,No provider-level adoption timing was identified for this public merchant.,Prioritize if merchant is important to regression sample or has multiple current platforms.
Waste Management,ANY,merchant_first_bnpl_unknown,No provider-level adoption timing was identified for this public merchant.,Prioritize if merchant is important to regression sample or has multiple current platforms.
Sam's Club,ANY,merchant_first_bnpl_unknown,No provider-level adoption timing was identified for this public merchant.,Prioritize if merchant is important to regression sample or has multiple current platforms.
Walmart,ANY,merchant_first_bnpl_unknown,No provider-level adoption timing was identified for this public merchant.,Prioritize if merchant is important to regression sample or has multiple current platforms.
Warby Parker,ANY,merchant_first_bnpl_unknown,No provider-level adoption timing was identified for this public merchant.,Prioritize if merchant is important to regression sample or has multiple current platforms.
Williams-Sonoma,ANY,merchant_first_bnpl_unknown,No provider-level adoption timing was identified for this public merchant.,Prioritize if merchant is important to regression sample or has multiple current platforms.
Wolverine,ANY,merchant_first_bnpl_unknown,No provider-level adoption timing was identified for this public merchant.,Prioritize if merchant is important to regression sample or has multiple current platforms.
Yeti,ANY,merchant_first_bnpl_unknown,No provider-level adoption timing was identified for this public merchant.,Prioritize if merchant is important to regression sample or has multiple current platforms.
zumiez,ANY,merchant_first_bnpl_unknown,No provider-level adoption timing was identified for this public merchant.,Prioritize if merchant is important to regression sample or has multiple current platforms.
