2026-08-09 20:50:38,976 INFO 1/8 CIK0001652044 Alphabet Inc. status=NO_BNPL_EVIDENCE
2026-08-09 20:50:39,697 INFO 2/8 CIK0001730168 Broadcom Inc. status=NO_BNPL_EVIDENCE
2026-08-09 20:50:40,339 INFO 3/8 CIK0001326801 Meta Platforms, Inc. status=NO_BNPL_EVIDENCE
2026-08-09 20:50:41,026 INFO 4/8 CIK0001318605 Tesla, Inc. status=NO_BNPL_EVIDENCE
2026-08-09 20:50:41,706 INFO 5/8 CIK0000200406 JOHNSON & JOHNSON status=NO_BNPL_EVIDENCE
2026-08-09 20:50:42,403 INFO 6/8 CIK0000050863 INTEL CORP status=NO_BNPL_EVIDENCE
2026-08-09 20:50:43,015 INFO 7/8 CIK0000858877 CISCO SYSTEMS, INC. status=NO_BNPL_EVIDENCE
2026-08-09 20:50:43,736 INFO 8/8 CIK0001551152 AbbVie Inc. status=NO_BNPL_EVIDENCE
2026-08-09 20:50:47,848 INFO 1/8 CIK0001652044 Alphabet Inc. status=NO_BNPL_EVIDENCE
2026-08-09 20:50:48,612 INFO 2/8 CIK0001730168 Broadcom Inc. status=NO_BNPL_EVIDENCE
2026-08-09 20:50:49,245 INFO 3/8 CIK0001326801 Meta Platforms, Inc. status=NO_BNPL_EVIDENCE
2026-08-09 20:50:49,881 INFO 4/8 CIK0001318605 Tesla, Inc. status=NO_BNPL_EVIDENCE
2026-08-09 20:50:50,637 INFO 5/8 CIK0000200406 JOHNSON & JOHNSON status=NO_BNPL_EVIDENCE
2026-08-09 20:50:51,236 INFO 6/8 CIK0000050863 INTEL CORP status=NO_BNPL_EVIDENCE
2026-08-09 20:50:52,004 INFO 7/8 CIK0000858877 CISCO SYSTEMS, INC. status=NO_BNPL_EVIDENCE
2026-08-09 20:50:52,726 INFO 8/8 CIK0001551152 AbbVie Inc. status=NO_BNPL_EVIDENCE
2026-08-09 21:04:27,571 INFO 1/420 CIK0001652044 Alphabet Inc. status=NO_BNPL_EVIDENCE
2026-08-09 21:04:27,572 INFO 2/420 CIK0001326801 Meta Platforms, Inc. status=NO_BNPL_EVIDENCE
2026-08-09 21:04:27,573 INFO 3/420 CIK0000200406 JOHNSON & JOHNSON status=NO_BNPL_EVIDENCE
2026-08-09 21:04:27,574 INFO 4/420 CIK0000858877 CISCO SYSTEMS, INC. status=NO_BNPL_EVIDENCE
2026-08-09 21:04:27,757 INFO 5/420 CIK0000006951 APPLIED MATERIALS INC /DE status=NO_BNPL_EVIDENCE
2026-08-09 21:04:28,456 INFO 6/420 CIK0001114448 NOVARTIS AG status=NO_BNPL_EVIDENCE
2026-08-09 21:04:29,100 INFO 7/420 CIK0001327567 Palo Alto Networks Inc status=NO_BNPL_EVIDENCE
2026-08-09 21:04:29,745 INFO 8/420 CIK0001973239 ARM HOLDINGS PLC /UK status=NO_BNPL_EVIDENCE
2026-08-09 21:04:30,471 INFO 9/420 CIK0001596532 Arista Networks, Inc. status=NO_BNPL_EVIDENCE
2026-08-09 21:04:31,108 INFO 10/420 CIK0000051143 INTERNATIONAL BUSINESS MACHINES CORP status=NO_BNPL_EVIDENCE
2026-08-09 21:04:31,766 INFO 11/420 CIK0000353278 NOVO NORDISK A S status=NO_BNPL_EVIDENCE
2026-08-09 21:04:32,446 INFO 12/420 CIK0001535527 CrowdStrike Holdings, Inc. status=NO_BNPL_EVIDENCE
2026-08-09 21:04:33,112 INFO 13/420 CIK0000001800 ABBOTT LABORATORIES status=NO_BNPL_EVIDENCE
2026-08-09 21:04:33,782 INFO 14/420 CIK0001835632 Marvell Technology, Inc. status=NO_BNPL_EVIDENCE
2026-08-09 21:04:34,507 INFO 15/420 CIK0000804328 QUALCOMM INC/DE status=NO_BNPL_EVIDENCE
2026-08-09 21:04:35,110 INFO 16/420 CIK0001158838 ADVANTEST CORP status=NO_BNPL_EVIDENCE
2026-08-09 21:04:35,811 INFO 17/420 CIK0000064803 CVS HEALTH Corp status=NO_BNPL_EVIDENCE
2026-08-09 21:04:36,462 INFO 18/420 CIK0001751008 AppLovin Corp status=NO_BNPL_EVIDENCE
2026-08-09 21:04:37,177 INFO 19/420 CIK0001262039 Fortinet, Inc. status=NO_BNPL_EVIDENCE
2026-08-09 21:04:37,800 INFO 20/420 CIK0000008670 AUTOMATIC DATA PROCESSING INC status=NO_BNPL_EVIDENCE
2026-08-09 21:04:38,489 INFO 21/420 CIK0001121404 Sanofi status=NO_BNPL_EVIDENCE
2026-08-09 21:04:39,145 INFO 22/420 CIK0000796343 ADOBE INC. status=NO_BNPL_EVIDENCE
2026-08-09 21:04:39,833 INFO 23/420 CIK0001561550 Datadog, Inc. status=NO_BNPL_EVIDENCE
2026-08-09 21:04:40,508 INFO 24/420 CIK0001107457 INFINEON TECHNOLOGIES AG status=NO_BNPL_EVIDENCE
2026-08-09 21:04:41,170 INFO 25/420 CIK0001690820 CARVANA CO. status=NO_BNPL_EVIDENCE
2026-08-09 21:04:41,832 INFO 26/420 CIK0001110646 NetEase, Inc. status=NO_BNPL_EVIDENCE
2026-08-09 21:04:42,509 INFO 27/420 CIK0000745732 ROSS STORES, INC. status=NO_BNPL_EVIDENCE
2026-08-09 21:04:43,312 INFO 28/420 CIK0000031462 ECOLAB INC. status=NO_BNPL_EVIDENCE
2026-08-09 21:04:43,902 INFO 29/420 CIK0001122411 ASE Technology Holding Co., Ltd. status=NO_BNPL_EVIDENCE
2026-08-09 21:04:44,528 INFO 30/420 CIK0000898173 O REILLY AUTOMOTIVE INC status=NO_BNPL_EVIDENCE
2026-08-09 21:04:45,215 INFO 31/420 CIK0001585689 Hilton Worldwide Holdings Inc. status=NO_BNPL_EVIDENCE
2026-08-09 21:04:45,863 INFO 32/420 CIK0000075362 PACCAR INC status=NO_BNPL_EVIDENCE
2026-08-09 21:04:46,551 INFO 33/420 CIK0001645590 Hewlett Packard Enterprise Co status=NO_BNPL_EVIDENCE
2026-08-09 21:04:47,332 INFO 34/420 CIK0000037996 FORD MOTOR CO status=NO_BNPL_EVIDENCE
2026-08-09 21:04:47,945 INFO 35/420 CIK0001395064 TAKEDA PHARMACEUTICAL CO LTD status=NO_BNPL_EVIDENCE
2026-08-09 21:04:48,646 INFO 36/420 CIK0000936395 CIENA CORP status=NO_BNPL_EVIDENCE
2026-08-09 21:04:49,379 INFO 37/420 CIK0000712515 ELECTRONIC ARTS INC. status=NO_BNPL_EVIDENCE
2026-08-09 21:04:49,931 INFO 38/420 CIK0001513845 Nebius Group N.V. status=NO_BNPL_EVIDENCE
2026-08-09 21:04:50,563 INFO 39/420 CIK0001512673 Block, Inc. status=NO_BNPL_EVIDENCE
2026-08-09 21:04:51,237 INFO 40/420 CIK0001058090 CHIPOTLE MEXICAN GRILL INC status=NO_BNPL_EVIDENCE
2026-08-09 21:04:51,898 INFO 41/420 CIK0001745201 Viking Holdings Ltd status=NO_BNPL_EVIDENCE
2026-08-09 21:04:52,605 INFO 42/420 CIK0002021728 Cerebras Systems Inc. status=NO_BNPL_EVIDENCE
2026-08-09 21:04:53,261 INFO 43/420 CIK0001900304 Haleon plc status=NO_BNPL_EVIDENCE
2026-08-09 21:04:54,009 INFO 44/420 CIK0000818686 TEVA PHARMACEUTICAL INDUSTRIES LTD status=NO_BNPL_EVIDENCE
2026-08-09 21:04:54,592 INFO 45/420 CIK0001628171 Revolution Medicines, Inc. status=NO_BNPL_EVIDENCE
2026-08-09 21:04:55,320 INFO 46/420 CIK0001327811 Workday, Inc. status=NO_BNPL_EVIDENCE
2026-08-09 21:04:55,925 INFO 47/420 CIK0001769628 CoreWeave, Inc. status=NO_BNPL_EVIDENCE
2026-08-09 21:04:56,605 INFO 48/420 CIK0001329099 Baidu, Inc. status=NO_BNPL_EVIDENCE
2026-08-09 21:04:57,254 INFO 49/420 CIK0001002047 NetApp, Inc. status=NO_BNPL_EVIDENCE
2026-08-09 21:04:57,955 INFO 50/420 CIK0001802768 Royalty Pharma plc status=NO_BNPL_EVIDENCE
2026-08-09 21:04:58,706 INFO 51/420 CIK0001393052 VEEVA SYSTEMS INC status=NO_BNPL_EVIDENCE
2026-08-09 21:04:59,346 INFO 52/420 CIK0001097864 ON SEMICONDUCTOR CORP status=NO_BNPL_EVIDENCE
2026-08-09 21:05:00,044 INFO 53/420 CIK0001038683 RYANAIR HOLDINGS PLC status=NO_BNPL_EVIDENCE
2026-08-09 21:05:00,616 INFO 54/420 CIK0001447669 TWILIO INC status=NO_BNPL_EVIDENCE
2026-08-09 21:05:01,283 INFO 55/420 CIK0001585521 Zoom Communications, Inc. status=NO_BNPL_EVIDENCE
2026-08-09 21:05:01,963 INFO 56/420 CIK0001709048 GLOBALFOUNDRIES Inc. status=NO_BNPL_EVIDENCE
2026-08-09 21:05:02,676 INFO 57/420 CIK0001178670 ALNYLAM PHARMACEUTICALS, INC. status=NO_BNPL_EVIDENCE
2026-08-09 21:05:03,356 INFO 58/420 CIK0000900075 COPART INC status=NO_BNPL_EVIDENCE
2026-08-09 21:05:04,012 INFO 59/420 CIK0001650372 Atlassian Corp status=NO_BNPL_EVIDENCE
2026-08-09 21:05:04,752 INFO 60/420 CIK0001442145 Verisk Analytics, Inc. status=NO_BNPL_EVIDENCE
2026-08-09 21:05:05,346 INFO 61/420 CIK0000935703 DOLLAR TREE, INC. status=NO_BNPL_EVIDENCE
2026-08-09 21:05:05,982 INFO 62/420 CIK0001635088 Roivant Sciences Ltd. status=NO_BNPL_EVIDENCE
2026-08-09 21:05:06,694 INFO 63/420 CIK0000858446 INTERCONTINENTAL HOTELS GROUP PLC /NEW/ status=NO_BNPL_EVIDENCE
2026-08-09 21:05:07,360 INFO 64/420 CIK0001048695 F5, INC. status=NO_BNPL_EVIDENCE
2026-08-09 21:05:08,010 INFO 65/420 CIK0001274494 FIRST SOLAR, INC. status=NO_BNPL_EVIDENCE
2026-08-09 21:05:08,683 INFO 66/420 CIK0002004711 Bending Spoons S.p.A. status=NO_BNPL_EVIDENCE
2026-08-09 21:05:09,380 INFO 67/420 CIK0000092380 SOUTHWEST AIRLINES CO status=NO_BNPL_EVIDENCE
2026-08-09 21:05:10,097 INFO 68/420 CIK0001104506 INSMED Inc status=NO_BNPL_EVIDENCE
2026-08-09 21:05:10,821 INFO 69/420 CIK0001493594 MACOM Technology Solutions Holdings, Inc. status=NO_BNPL_EVIDENCE
2026-08-09 21:05:11,390 INFO 70/420 CIK0000749098 MAGNA INTERNATIONAL INC status=NO_BNPL_EVIDENCE
2026-08-09 21:05:12,064 INFO 71/420 CIK0001375365 Super Micro Computer, Inc. status=NO_BNPL_EVIDENCE
2026-08-09 21:05:12,697 INFO 72/420 CIK0000855658 LATTICE SEMICONDUCTOR CORP status=NO_BNPL_EVIDENCE
2026-08-09 21:05:13,387 INFO 73/420 CIK0001043277 C. H. ROBINSON WORLDWIDE, INC. status=NO_BNPL_EVIDENCE
2026-08-09 21:05:14,065 INFO 74/420 CIK0001605484 Stellantis N.V. status=NO_BNPL_EVIDENCE
2026-08-09 21:05:14,727 INFO 75/420 CIK0000849399 Gen Digital Inc. status=NO_BNPL_EVIDENCE
2026-08-09 21:05:15,390 INFO 76/420 CIK0001612042 Ascendis Pharma A/S status=NO_BNPL_EVIDENCE
2026-08-09 21:05:16,170 INFO 77/420 CIK0000857005 PTC INC. status=NO_BNPL_EVIDENCE
2026-08-09 21:05:16,761 INFO 78/420 CIK0001584509 Aramark status=NO_BNPL_EVIDENCE
2026-08-09 21:05:17,393 INFO 79/420 CIK0001816319 Lytus Technologies Holdings PTV. Ltd. status=NO_BNPL_EVIDENCE
2026-08-09 21:05:18,087 INFO 80/420 CIK0001019849 PENSKE AUTOMOTIVE GROUP, INC. status=NO_BNPL_EVIDENCE
2026-08-09 21:05:18,786 INFO 81/420 CIK0001852131 Nextpower Inc. status=NO_BNPL_EVIDENCE
2026-08-09 21:05:19,453 INFO 82/420 CIK0001206264 SOMNIGROUP INTERNATIONAL INC. status=NO_BNPL_EVIDENCE
2026-08-09 21:05:20,098 INFO 83/420 CIK0001824920 IonQ, Inc. status=NO_BNPL_EVIDENCE
2026-08-09 21:05:20,896 INFO 84/420 CIK0001319161 Warner Music Group Corp. status=NO_BNPL_EVIDENCE
2026-08-09 21:05:21,445 INFO 85/420 CIK0002110105 Quantinuum Inc. status=NO_BNPL_EVIDENCE
2026-08-09 21:05:22,201 INFO 86/420 CIK0001579241 Allegion plc status=NO_BNPL_EVIDENCE
2026-08-09 21:05:22,782 INFO 87/420 CIK0001483994 H World Group Ltd status=NO_BNPL_EVIDENCE
2026-08-09 21:05:23,507 INFO 88/420 CIK0001828108 Aurora Innovation, Inc. status=NO_BNPL_EVIDENCE
2026-08-09 21:05:24,114 INFO 89/420 CIK0001528396 Guidewire Software, Inc. status=NO_BNPL_EVIDENCE
2026-08-09 21:05:24,778 INFO 90/420 CIK0001047127 AMKOR TECHNOLOGY, INC. status=NO_BNPL_EVIDENCE
2026-08-09 21:05:25,480 INFO 91/420 CIK0001810997 XPENG INC. status=NO_BNPL_EVIDENCE
2026-08-09 21:05:26,117 INFO 92/420 CIK0000879407 ARROWHEAD PHARMACEUTICALS, INC. status=NO_BNPL_EVIDENCE
2026-08-09 21:05:26,963 INFO 93/420 CIK0001883685 DraftKings Inc. status=NO_BNPL_EVIDENCE
2026-08-09 21:05:27,442 INFO 94/420 CIK0001048477 BIOMARIN PHARMACEUTICAL INC status=NO_BNPL_EVIDENCE
2026-08-09 21:05:28,150 INFO 95/420 CIK0000842023 BIO-TECHNE Corp status=NO_BNPL_EVIDENCE
2026-08-09 21:05:28,801 INFO 96/420 CIK0001609711 GoDaddy Inc. status=NO_BNPL_EVIDENCE
2026-08-09 21:05:29,556 INFO 97/420 CIK0000016058 CACI INTERNATIONAL INC /DE/ status=NO_BNPL_EVIDENCE
2026-08-09 21:05:30,137 INFO 98/420 CIK0001031308 BENTLEY SYSTEMS INC status=NO_BNPL_EVIDENCE
2026-08-09 21:05:30,823 INFO 99/420 CIK0001157601 MADRIGAL PHARMACEUTICALS, INC. status=NO_BNPL_EVIDENCE
2026-08-09 21:05:31,547 INFO 100/420 CIK0001261333 DOCUSIGN, INC. status=NO_BNPL_EVIDENCE
2026-08-09 21:05:32,215 INFO 101/420 CIK0001174922 WYNN RESORTS LTD status=NO_BNPL_EVIDENCE
2026-08-09 21:05:32,847 INFO 102/420 CIK0001838413 Full Truck Alliance Co. Ltd. status=NO_BNPL_EVIDENCE
2026-08-09 21:05:33,502 INFO 103/420 CIK0000085961 RYDER SYSTEM INC status=NO_BNPL_EVIDENCE
2026-08-09 21:05:34,178 INFO 104/420 CIK0001800667 JFrog Ltd status=NO_BNPL_EVIDENCE
2026-08-09 21:05:34,908 INFO 105/420 CIK0001636519 Madison Square Garden Sports Corp. status=NO_BNPL_EVIDENCE
2026-08-09 21:05:35,647 INFO 106/420 CIK0002030781 SailPoint, Inc. status=NO_BNPL_EVIDENCE
2026-08-09 21:05:36,194 INFO 107/420 CIK0001013237 FACTSET RESEARCH SYSTEMS INC status=NO_BNPL_EVIDENCE
2026-08-09 21:05:36,881 INFO 108/420 CIK0000703351 BRINKER INTERNATIONAL, INC status=NO_BNPL_EVIDENCE
2026-08-09 21:05:37,536 INFO 109/420 CIK0001034670 AUTOLIV INC status=NO_BNPL_EVIDENCE
2026-08-09 21:05:38,184 INFO 110/420 CIK0000775158 OSHKOSH CORP status=BNPL_EVIDENCE_FOUND
2026-08-09 21:05:38,861 INFO 111/420 CIK0000913290 Frontline plc status=NO_BNPL_EVIDENCE
2026-08-09 21:05:39,594 INFO 112/420 CIK0000874015 IONIS PHARMACEUTICALS INC status=NO_BNPL_EVIDENCE
2026-08-09 21:05:40,303 INFO 113/420 CIK0001023128 LITHIA MOTORS INC status=NO_BNPL_EVIDENCE
2026-08-09 21:05:40,855 INFO 114/420 CIK0001039399 FORMFACTOR INC status=NO_BNPL_EVIDENCE
2026-08-09 21:05:41,536 INFO 115/420 CIK0001428336 HEALTHEQUITY, INC. status=NO_BNPL_EVIDENCE
2026-08-09 21:05:42,276 INFO 116/420 CIK0001520262 Alkermes plc. status=NO_BNPL_EVIDENCE
2026-08-09 21:05:42,889 INFO 117/420 CIK0001604778 Qorvo, Inc. status=NO_BNPL_EVIDENCE
2026-08-09 21:05:43,596 INFO 118/420 CIK0001723690 Bilibili Inc. status=NO_BNPL_EVIDENCE
2026-08-09 21:05:44,233 INFO 119/420 CIK0001717115 Tempus AI, Inc. status=NO_BNPL_EVIDENCE
2026-08-09 21:05:44,971 INFO 120/420 CIK0001649094 Vaxcyte, Inc. status=NO_BNPL_EVIDENCE
2026-08-09 21:05:45,615 INFO 121/420 CIK0001819576 Liquidia Corp status=NO_BNPL_EVIDENCE
2026-08-09 21:05:46,238 INFO 122/420 CIK0001590955 Paycom Software, Inc. status=NO_BNPL_EVIDENCE
2026-08-09 21:05:46,942 INFO 123/420 CIK0001326110 ImmunityBio, Inc. status=NO_BNPL_EVIDENCE
2026-08-09 21:05:47,605 INFO 124/420 CIK0001341766 Celsius Holdings, Inc. status=NO_BNPL_EVIDENCE
2026-08-09 21:05:48,255 INFO 125/420 CIK0001529192 Vipshop Holdings Ltd status=NO_BNPL_EVIDENCE
2026-08-09 21:05:48,945 INFO 126/420 CIK0001836833 Planet Labs PBC status=NO_BNPL_EVIDENCE
2026-08-09 21:05:49,620 INFO 127/420 CIK0001038074 SILICON LABORATORIES INC. status=NO_BNPL_EVIDENCE
2026-08-09 21:05:50,279 INFO 128/420 CIK0001316835 Builders FirstSource, Inc. status=NO_BNPL_EVIDENCE
2026-08-09 21:05:50,958 INFO 129/420 CIK0000350698 AUTONATION, INC. status=NO_BNPL_EVIDENCE
2026-08-09 21:05:51,662 INFO 130/420 CIK0001649904 RHYTHM PHARMACEUTICALS, INC. status=NO_BNPL_EVIDENCE
2026-08-09 21:05:52,355 INFO 131/420 CIK0001622229 Cogent Biosciences, Inc. status=NO_BNPL_EVIDENCE
2026-08-09 21:05:53,003 INFO 132/420 CIK0001759425 Mirum Pharmaceuticals, Inc. status=NO_BNPL_EVIDENCE
2026-08-09 21:05:53,622 INFO 133/420 CIK0001653653 Red Rock Resorts, Inc. status=NO_BNPL_EVIDENCE
2026-08-09 21:05:54,320 INFO 134/420 CIK0001526125 GDS Holdings Ltd status=NO_BNPL_EVIDENCE
2026-08-09 21:05:55,103 INFO 135/420 CIK0001583708 SentinelOne, Inc. status=NO_BNPL_EVIDENCE
2026-08-09 21:05:55,639 INFO 136/420 CIK0000906553 BOYD GAMING CORP status=NO_BNPL_EVIDENCE
2026-08-09 21:05:56,371 INFO 137/420 CIK0001507079 Floor & Decor Holdings, Inc. status=NO_BNPL_EVIDENCE
2026-08-09 21:05:57,003 INFO 138/420 CIK0000040211 GATX CORP status=NO_BNPL_EVIDENCE
2026-08-09 21:05:57,665 INFO 139/420 CIK0001991792 CG Oncology, Inc. status=NO_BNPL_EVIDENCE
2026-08-09 21:05:58,331 INFO 140/420 CIK0001288469 MAXLINEAR, INC status=NO_BNPL_EVIDENCE
2026-08-09 21:05:59,052 INFO 141/420 CIK0001582313 Xenon Pharmaceuticals Inc. status=NO_BNPL_EVIDENCE
2026-08-09 21:05:59,669 INFO 142/420 CIK0001590895 Caesars Entertainment, Inc. status=NO_BNPL_EVIDENCE
2026-08-09 21:06:00,369 INFO 143/420 CIK0000020212 Churchill Downs Inc status=NO_BNPL_EVIDENCE
2026-08-09 21:06:01,014 INFO 144/420 CIK0001673743 Hinge Health, Inc. status=NO_BNPL_EVIDENCE
2026-08-09 21:06:01,720 INFO 145/420 CIK0000886163 LIGAND PHARMACEUTICALS INC status=NO_BNPL_EVIDENCE
2026-08-09 21:06:02,374 INFO 146/420 CIK0001049521 MERCURY SYSTEMS INC status=NO_BNPL_EVIDENCE
2026-08-09 21:06:03,121 INFO 147/420 CIK0001345105 Copa Holdings, S.A. status=NO_BNPL_EVIDENCE
2026-08-09 21:06:03,688 INFO 148/420 CIK0001852244 GXO Logistics, Inc. status=NO_BNPL_EVIDENCE
2026-08-09 21:06:04,414 INFO 149/420 CIK0001727196 Scholar Rock Holding Corp status=NO_BNPL_EVIDENCE
2026-08-09 21:06:05,016 INFO 150/420 CIK0001835830 Klaviyo, Inc. status=NO_BNPL_EVIDENCE
2026-08-09 21:06:05,690 INFO 151/420 CIK0001851003 Zeta Global Holdings Corp. status=NO_BNPL_EVIDENCE
2026-08-09 21:06:06,363 INFO 152/420 CIK0000812011 VAIL RESORTS INC status=NO_BNPL_EVIDENCE
2026-08-09 21:06:07,063 INFO 153/420 CIK0001438569 Grifols SA status=NO_BNPL_EVIDENCE
2026-08-09 21:06:07,751 INFO 154/420 CIK0001795250 Sphere Entertainment Co. status=NO_BNPL_EVIDENCE
2026-08-09 21:06:08,404 INFO 155/420 CIK0001107843 QUALYS, INC. status=NO_BNPL_EVIDENCE
2026-08-09 21:06:09,064 INFO 156/420 CIK0001070235 BLACKBERRY Ltd status=NO_BNPL_EVIDENCE
2026-08-09 21:06:09,799 INFO 157/420 CIK0001207179 GOLAR LNG LTD status=NO_BNPL_EVIDENCE
2026-08-09 21:06:10,391 INFO 158/420 CIK0001571123 Science Applications International Corp status=NO_BNPL_EVIDENCE
2026-08-09 21:06:11,096 INFO 159/420 CIK0002083632 Octave Intelligence plc status=NO_BNPL_EVIDENCE
2026-08-09 21:06:11,736 INFO 160/420 CIK0000723612 AVIS BUDGET GROUP, INC. status=NO_BNPL_EVIDENCE
2026-08-09 21:06:12,423 INFO 161/420 CIK0001169561 COMMVAULT SYSTEMS INC status=NO_BNPL_EVIDENCE
2026-08-09 21:06:13,115 INFO 162/420 CIK0001679049 International Seaways, Inc. status=NO_BNPL_EVIDENCE
2026-08-09 21:06:13,752 INFO 163/420 CIK0001384905 RingCentral, Inc. status=NO_BNPL_EVIDENCE
2026-08-09 21:06:14,431 INFO 164/420 CIK0001760965 Kontoor Brands, Inc. status=NO_BNPL_EVIDENCE
2026-08-09 21:06:15,146 INFO 165/420 CIK0001361658 Travel & Leisure Co. status=NO_BNPL_EVIDENCE
2026-08-09 21:06:15,856 INFO 166/420 CIK0001610250 Boot Barn Holdings, Inc. status=NO_BNPL_EVIDENCE
2026-08-09 21:06:16,450 INFO 167/420 CIK0001827635 Veradermics, Inc status=NO_BNPL_EVIDENCE
2026-08-09 21:06:17,138 INFO 168/420 CIK0001581760 Life360, Inc. status=NO_BNPL_EVIDENCE
2026-08-09 21:06:17,795 INFO 169/420 CIK0001070494 ACADIA PHARMACEUTICALS INC status=NO_BNPL_EVIDENCE
2026-08-09 21:06:18,486 INFO 170/420 CIK0001836470 Sportradar Group AG status=NO_BNPL_EVIDENCE
2026-08-09 21:06:19,192 INFO 171/420 CIK0000793733 SKYWEST INC status=NO_BNPL_EVIDENCE
2026-08-09 21:06:19,762 INFO 172/420 CIK0001921963 Atmus Filtration Technologies Inc. status=NO_BNPL_EVIDENCE
2026-08-09 21:06:20,490 INFO 173/420 CIK0001395942 OPENLANE, Inc. status=NO_BNPL_EVIDENCE
2026-08-09 21:06:21,125 INFO 174/420 CIK0001990354 Waystar Holding Corp. status=NO_BNPL_EVIDENCE
2026-08-09 21:06:21,838 INFO 175/420 CIK0000868780 Dorman Products, Inc. status=NO_BNPL_EVIDENCE
2026-08-09 21:06:22,496 INFO 176/420 CIK0001078271 EXTREME NETWORKS INC status=NO_BNPL_EVIDENCE
2026-08-09 21:06:23,145 INFO 177/420 CIK0001877787 Ermenegildo Zegna N.V. status=NO_BNPL_EVIDENCE
2026-08-09 21:06:23,869 INFO 178/420 CIK0000932696 INSIGHT ENTERPRISES INC status=NO_BNPL_EVIDENCE
2026-08-09 21:06:24,480 INFO 179/420 CIK0001483934 Scorpio Tankers Inc. status=NO_BNPL_EVIDENCE
2026-08-09 21:06:25,141 INFO 180/420 CIK0001410384 Q2 Holdings, Inc. status=NO_BNPL_EVIDENCE
2026-08-09 21:06:25,806 INFO 181/420 CIK0001280263 AMBARELLA INC status=NO_BNPL_EVIDENCE
2026-08-09 21:06:26,511 INFO 182/420 CIK0000098222 TIDEWATER INC status=NO_BNPL_EVIDENCE
2026-08-09 21:06:27,152 INFO 183/420 CIK0001530238 JOYY Inc. status=NO_BNPL_EVIDENCE
2026-08-09 21:06:27,839 INFO 184/420 CIK0001818201 CCC Intelligent Solutions Holdings Inc. status=NO_BNPL_EVIDENCE
2026-08-09 21:06:28,536 INFO 185/420 CIK0001660280 Tenable Holdings, Inc. status=NO_BNPL_EVIDENCE
2026-08-09 21:06:29,172 INFO 186/420 CIK0001952073 Madison Square Garden Entertainment Corp. status=NO_BNPL_EVIDENCE
2026-08-09 21:06:29,899 INFO 187/420 CIK0001039065 OSI SYSTEMS INC status=NO_BNPL_EVIDENCE
2026-08-09 21:06:30,553 INFO 188/420 CIK0001636222 Wingstop Inc. status=NO_BNPL_EVIDENCE
2026-08-09 21:06:31,187 INFO 189/420 CIK0001821825 Organon & Co. status=NO_BNPL_EVIDENCE
2026-08-09 21:06:31,897 INFO 190/420 CIK0001958140 Atlanta Braves Holdings, Inc. status=NO_BNPL_EVIDENCE
2026-08-09 21:06:32,518 INFO 191/420 CIK0000833640 POWER INTEGRATIONS INC status=NO_BNPL_EVIDENCE
2026-08-09 21:06:33,187 INFO 192/420 CIK0000913241 STEVEN MADDEN, LTD. status=NO_BNPL_EVIDENCE
2026-08-09 21:06:33,875 INFO 193/420 CIK0001649313 BW LPG Ltd status=NO_BNPL_EVIDENCE
2026-08-09 21:06:34,539 INFO 194/420 CIK0001929561 RXO, Inc. status=NO_BNPL_EVIDENCE
2026-08-09 21:06:35,198 INFO 195/420 CIK0002054696 NIQ Global Intelligence plc status=NO_BNPL_EVIDENCE
2026-08-09 21:06:35,893 INFO 196/420 CIK0001445305 WORKIVA INC status=NO_BNPL_EVIDENCE
2026-08-09 21:06:36,545 INFO 197/420 CIK0001795589 Kingsoft Cloud Holdings Ltd status=NO_BNPL_EVIDENCE
2026-08-09 21:06:37,246 INFO 198/420 CIK0002097163 Xanadu Quantum Technologies Ltd status=NO_BNPL_EVIDENCE
2026-08-09 21:06:37,883 INFO 199/420 CIK0001430162 Cosan S.A. status=NO_BNPL_EVIDENCE
2026-08-09 21:06:38,562 INFO 200/420 CIK0001587523 Knowles Corp status=NO_BNPL_EVIDENCE
2026-08-09 21:06:39,226 INFO 201/420 CIK0001528849 RH status=NO_BNPL_EVIDENCE
2026-08-09 21:06:39,895 INFO 202/420 CIK0001544522 Freshworks Inc. status=NO_BNPL_EVIDENCE
2026-08-09 21:06:40,622 INFO 203/420 CIK0001800227 People Inc status=NO_BNPL_EVIDENCE
2026-08-09 21:06:41,260 INFO 204/420 CIK0001617406 Park Hotels & Resorts Inc. status=NO_BNPL_EVIDENCE
2026-08-09 21:06:41,904 INFO 205/420 CIK0001590560 uniQure N.V. status=NO_BNPL_EVIDENCE
2026-08-09 21:06:42,726 INFO 206/420 CIK0000078749 AGILYSYS INC status=NO_BNPL_EVIDENCE
2026-08-09 21:06:43,253 INFO 207/420 CIK0002078008 Versigent PLC status=NO_BNPL_EVIDENCE
2026-08-09 21:06:43,926 INFO 208/420 CIK0001811210 Lucid Group, Inc. status=NO_BNPL_EVIDENCE
2026-08-09 21:06:44,607 INFO 209/420 CIK0002091467 Boyd Group Services Inc. status=NO_BNPL_EVIDENCE
2026-08-09 21:06:45,271 INFO 210/420 CIK0001676238 Braze, Inc. status=NO_BNPL_EVIDENCE
2026-08-09 21:06:46,172 INFO 211/420 CIK0001595974 MAGNITE, INC. status=NO_BNPL_EVIDENCE
2026-08-09 21:06:46,622 INFO 212/420 CIK0001639825 PELOTON INTERACTIVE, INC. status=NO_BNPL_EVIDENCE
2026-08-09 21:06:47,436 INFO 213/420 CIK0001777921 AvePoint, Inc. status=NO_BNPL_EVIDENCE
2026-08-09 21:06:48,024 INFO 214/420 CIK0001745431 StoneCo Ltd. status=NO_BNPL_EVIDENCE
2026-08-09 21:06:48,619 INFO 215/420 CIK0001849635 Trump Media & Technology Group Corp. status=NO_BNPL_EVIDENCE
2026-08-09 21:06:49,289 INFO 216/420 CIK0001459200 Alarm.com Holdings, Inc. status=NO_BNPL_EVIDENCE
2026-08-09 21:06:49,974 INFO 217/420 CIK0001712807 PagSeguro Digital Ltd. status=NO_BNPL_EVIDENCE
2026-08-09 21:06:50,639 INFO 218/420 CIK0001652535 ICHOR HOLDINGS, LTD. status=NO_BNPL_EVIDENCE
2026-08-09 21:06:51,341 INFO 219/420 CIK0002081043 AtaiBeckley Inc. status=NO_BNPL_EVIDENCE
2026-08-09 21:06:51,984 INFO 220/420 CIK0001362468 Allegiant Travel CO status=NO_BNPL_EVIDENCE
2026-08-09 21:06:52,656 INFO 221/420 CIK0001468748 Kodiak Sciences Inc. status=NO_BNPL_EVIDENCE
2026-08-09 21:06:53,308 INFO 222/420 CIK0001758488 ONESPAWORLD HOLDINGS Ltd status=NO_BNPL_EVIDENCE
2026-08-09 21:06:53,957 INFO 223/420 CIK0001472012 Immunome Inc. status=NO_BNPL_EVIDENCE
2026-08-09 21:06:54,690 INFO 224/420 CIK0000028823 DIEBOLD NIXDORF, Inc status=NO_BNPL_EVIDENCE
2026-08-09 21:06:55,378 INFO 225/420 CIK0001802255 Guardian Pharmacy Services, Inc. status=NO_BNPL_EVIDENCE
2026-08-09 21:06:56,029 INFO 226/420 CIK0001565687 Intapp, Inc. status=NO_BNPL_EVIDENCE
2026-08-09 21:06:56,645 INFO 227/420 CIK0001515673 Ultragenyx Pharmaceutical Inc. status=NO_BNPL_EVIDENCE
2026-08-09 21:06:57,324 INFO 228/420 CIK0001024305 COTY INC. status=NO_BNPL_EVIDENCE
2026-08-09 21:06:58,001 INFO 229/420 CIK0001964954 Okeanis Eco Tankers Corp. status=NO_BNPL_EVIDENCE
2026-08-09 21:06:58,669 INFO 230/420 CIK0000887359 Vericel Corp status=NO_BNPL_EVIDENCE
2026-08-09 21:06:59,454 INFO 231/420 CIK0001804745 Driven Brands Holdings Inc. status=NO_BNPL_EVIDENCE
2026-08-09 21:07:00,030 INFO 232/420 CIK0001576789 Wix.com Ltd. status=NO_BNPL_EVIDENCE
2026-08-09 21:07:00,701 INFO 233/420 CIK0000882796 BIOCRYST PHARMACEUTICALS INC status=NO_BNPL_EVIDENCE
2026-08-09 21:07:01,392 INFO 234/420 CIK0001561861 Grupo Aeromexico, S.A.B. de C.V. status=NO_BNPL_EVIDENCE
2026-08-09 21:07:02,048 INFO 235/420 CIK0001658551 Amylyx Pharmaceuticals, Inc. status=NO_BNPL_EVIDENCE
2026-08-09 21:07:02,706 INFO 236/420 CIK0001811063 Nuvation Bio Inc. status=NO_BNPL_EVIDENCE
2026-08-09 21:07:03,390 INFO 237/420 CIK0001295810 Sunstone Hotel Investors, Inc. status=NO_BNPL_EVIDENCE
2026-08-09 21:07:04,025 INFO 238/420 CIK0001356090 PRECIGEN, INC. status=NO_BNPL_EVIDENCE
2026-08-09 21:07:04,701 INFO 239/420 CIK0001853145 EverCommerce Inc. status=NO_BNPL_EVIDENCE
2026-08-09 21:07:05,419 INFO 240/420 CIK0002007825 Infleqtion, Inc. status=NO_BNPL_EVIDENCE
2026-08-09 21:07:06,115 INFO 241/420 CIK0001750704 HawkEye 360, Inc. status=NO_BNPL_EVIDENCE
2026-08-09 21:07:06,699 INFO 242/420 CIK0000903651 INNODATA INC status=NO_BNPL_EVIDENCE
2026-08-09 21:07:07,377 INFO 243/420 CIK0001704292 Zai Lab Ltd status=NO_BNPL_EVIDENCE
2026-08-09 21:07:08,060 INFO 244/420 CIK0001508475 VNET Group, Inc. status=NO_BNPL_EVIDENCE
2026-08-09 21:07:08,759 INFO 245/420 CIK0001935979 Biohaven Ltd. status=NO_BNPL_EVIDENCE
2026-08-09 21:07:09,423 INFO 246/420 CIK0001910139 Mobileye Global Inc. status=NO_BNPL_EVIDENCE
2026-08-09 21:07:10,060 INFO 247/420 CIK0001828102 Karooooo Ltd. status=NO_BNPL_EVIDENCE
2026-08-09 21:07:10,759 INFO 248/420 CIK0001441683 APPIAN CORP status=NO_BNPL_EVIDENCE
2026-08-09 21:07:11,417 INFO 249/420 CIK0001368514 ADMA BIOLOGICS, INC. status=NO_BNPL_EVIDENCE
2026-08-09 21:07:12,108 INFO 250/420 CIK0001512499 LINDBLAD EXPEDITIONS HOLDINGS, INC. status=NO_BNPL_EVIDENCE
2026-08-09 21:07:12,770 INFO 251/420 CIK0001855129 GH Research PLC status=NO_BNPL_EVIDENCE
2026-08-09 21:07:13,411 INFO 252/420 CIK0001529274 ALKAMI TECHNOLOGY, INC. status=NO_BNPL_EVIDENCE
2026-08-09 21:07:14,109 INFO 253/420 CIK0001280058 BLACKBAUD INC status=NO_BNPL_EVIDENCE
2026-08-09 21:07:14,817 INFO 254/420 CIK0001477720 Asana, Inc. status=NO_BNPL_EVIDENCE
2026-08-09 21:07:15,433 INFO 255/420 CIK0001559865 EVERTEC, Inc. status=NO_BNPL_EVIDENCE
2026-08-09 21:07:16,320 INFO 256/420 CIK0001834489 Genius Sports Ltd status=NO_BNPL_EVIDENCE
2026-08-09 21:07:16,761 INFO 257/420 CIK0001503584 Costamare Inc. status=NO_BNPL_EVIDENCE
2026-08-09 21:07:17,470 INFO 258/420 CIK0001619762 Brightstar Lottery PLC status=NO_BNPL_EVIDENCE
2026-08-09 21:07:18,183 INFO 259/420 CIK0001688568 DXC Technology Co status=NO_BNPL_EVIDENCE
2026-08-09 21:07:18,821 INFO 260/420 CIK0001530721 Capri Holdings Ltd status=NO_BNPL_EVIDENCE
2026-08-09 21:07:19,461 INFO 261/420 CIK0002123613 Kardigan, Inc. status=NO_BNPL_EVIDENCE
2026-08-09 21:07:20,154 INFO 262/420 CIK0002100782 Generate Biomedicines, Inc. status=NO_BNPL_EVIDENCE
2026-08-09 21:07:20,807 INFO 263/420 CIK0000810136 PHOTRONICS INC status=NO_BNPL_EVIDENCE
2026-08-09 21:07:21,499 INFO 264/420 CIK0001508478 Arcos Dorados Holdings Inc. status=NO_BNPL_EVIDENCE
2026-08-09 21:07:22,144 INFO 265/420 CIK0001819928 DoubleVerify Holdings, Inc. status=NO_BNPL_EVIDENCE
2026-08-09 21:07:22,802 INFO 266/420 CIK0001703057 AbCellera Biologics Inc. status=NO_BNPL_EVIDENCE
2026-08-09 21:07:23,484 INFO 267/420 CIK0001806310 Taysha Gene Therapies, Inc. status=NO_BNPL_EVIDENCE
2026-08-09 21:07:24,154 INFO 268/420 CIK0002068385 SharonAI Holdings Inc. status=NO_BNPL_EVIDENCE
2026-08-09 21:07:24,871 INFO 269/420 CIK0000876167 PROGRESS SOFTWARE CORP /MA status=NO_BNPL_EVIDENCE
2026-08-09 21:07:25,721 INFO 270/420 CIK0001857816 GigaCloud Technology Inc status=NO_BNPL_EVIDENCE
2026-08-09 21:07:26,172 INFO 271/420 CIK0001670541 Adient plc status=NO_BNPL_EVIDENCE
2026-08-09 21:07:26,895 INFO 272/420 CIK0001937653 Zymeworks Inc. status=NO_BNPL_EVIDENCE
2026-08-09 21:07:27,508 INFO 273/420 CIK0002023311 ASCENTAGE PHARMA GROUP INTERNATIONAL status=NO_BNPL_EVIDENCE
2026-08-09 21:07:28,184 INFO 274/420 CIK0001784535 Porch Group, Inc. status=NO_BNPL_EVIDENCE
2026-08-09 21:07:28,848 INFO 275/420 CIK0001601830 RECURSION PHARMACEUTICALS, INC. status=NO_BNPL_EVIDENCE
2026-08-09 21:07:29,549 INFO 276/420 CIK0001370053 ANAPTYSBIO, INC status=NO_BNPL_EVIDENCE
2026-08-09 21:07:30,189 INFO 277/420 CIK0001419041 Forte Biosciences, Inc. status=NO_BNPL_EVIDENCE
2026-08-09 21:07:30,864 INFO 278/420 CIK0001984086 Septerna, Inc. status=NO_BNPL_EVIDENCE
2026-08-09 21:07:31,541 INFO 279/420 CIK0000821002 G III APPAREL GROUP LTD /DE/ status=NO_BNPL_EVIDENCE
2026-08-09 21:07:32,209 INFO 280/420 CIK0000066382 MILLERKNOLL, INC. status=NO_BNPL_EVIDENCE
2026-08-09 21:07:32,883 INFO 281/420 CIK0001712189 Target Hospitality Corp. status=NO_BNPL_EVIDENCE
2026-08-09 21:07:33,539 INFO 282/420 CIK0002070534 SL Science Holding Ltd status=NO_BNPL_EVIDENCE
2026-08-09 21:07:34,212 INFO 283/420 CIK0001069899 PHIBRO ANIMAL HEALTH CORP status=NO_BNPL_EVIDENCE
2026-08-09 21:07:34,883 INFO 284/420 CIK0001873951 Exzeo Group, Inc. status=NO_BNPL_EVIDENCE
2026-08-09 21:07:35,684 INFO 285/420 CIK0001585364 PERRIGO Co plc status=NO_BNPL_EVIDENCE
2026-08-09 21:07:36,263 INFO 286/420 CIK0000884219 Pursuit Attractions & Hospitality, Inc. status=NO_BNPL_EVIDENCE
2026-08-09 21:07:36,909 INFO 287/420 CIK0001702318 Akso Health Group status=NO_BNPL_EVIDENCE
2026-08-09 21:07:37,588 INFO 288/420 CIK0001286139 LEGALZOOM.COM, INC. status=NO_BNPL_EVIDENCE
2026-08-09 21:07:38,403 INFO 289/420 CIK0002033377 Mega Fortune Co Ltd status=NO_BNPL_EVIDENCE
2026-08-09 21:07:38,923 INFO 290/420 CIK0001836981 BigBear.ai Holdings, Inc. status=NO_BNPL_EVIDENCE
2026-08-09 21:07:39,712 INFO 291/420 CIK0001142750 AMN HEALTHCARE SERVICES INC status=NO_BNPL_EVIDENCE
2026-08-09 21:07:40,265 INFO 292/420 CIK0002054507 Hotel101 Global Holdings Corp. status=NO_BNPL_EVIDENCE
2026-08-09 21:07:40,923 INFO 293/420 CIK0001710340 Eton Pharmaceuticals, Inc. status=NO_BNPL_EVIDENCE
2026-08-09 21:07:41,614 INFO 294/420 CIK0001067294 CRACKER BARREL OLD COUNTRY STORE, INC status=NO_BNPL_EVIDENCE
2026-08-09 21:07:42,263 INFO 295/420 CIK0001827090 Certara, Inc. status=NO_BNPL_EVIDENCE
2026-08-09 21:07:42,942 INFO 296/420 CIK0001722608 iQIYI, Inc. status=NO_BNPL_EVIDENCE
2026-08-09 21:07:43,654 INFO 297/420 CIK0000903129 Gentherm Inc status=NO_BNPL_EVIDENCE
2026-08-09 21:07:44,315 INFO 298/420 CIK0001437424 POET TECHNOLOGIES INC. status=NO_BNPL_EVIDENCE
2026-08-09 21:07:44,949 INFO 299/420 CIK0001726173 Biglari Holdings Inc. status=NO_BNPL_EVIDENCE
2026-08-09 21:07:45,745 INFO 300/420 CIK0001798749 Jade Biosciences, Inc. status=NO_BNPL_EVIDENCE
2026-08-09 21:07:46,382 INFO 301/420 CIK0000899460 MANNKIND CORP status=NO_BNPL_EVIDENCE
2026-08-09 21:07:46,966 INFO 302/420 CIK0001809196 Immatics N.V. status=NO_BNPL_EVIDENCE
2026-08-09 21:07:47,644 INFO 303/420 CIK0001866692 Amplitude, Inc. status=NO_BNPL_EVIDENCE
2026-08-09 21:07:48,315 INFO 304/420 CIK0001267565 COLLEGIUM PHARMACEUTICAL, INC status=NO_BNPL_EVIDENCE
2026-08-09 21:07:48,980 INFO 305/420 CIK0000748268 Red Cat Holdings, Inc. status=NO_BNPL_EVIDENCE
2026-08-09 21:07:49,666 INFO 306/420 CIK0001817229 Vor Biopharma Inc. status=NO_BNPL_EVIDENCE
2026-08-09 21:07:50,321 INFO 307/420 CIK0001743759 Corsair Gaming, Inc. status=NO_BNPL_EVIDENCE
2026-08-09 21:07:51,094 INFO 308/420 CIK0001627475 UPWORK, INC status=NO_BNPL_EVIDENCE
2026-08-09 21:07:51,697 INFO 309/420 CIK0001160308 Savara Inc status=NO_BNPL_EVIDENCE
2026-08-09 21:07:52,328 INFO 310/420 CIK0001735438 MeiraGTx Holdings plc status=NO_BNPL_EVIDENCE
2026-08-09 21:07:53,043 INFO 311/420 CIK0001094324 SIFY TECHNOLOGIES LTD status=NO_BNPL_EVIDENCE
2026-08-09 21:07:53,708 INFO 312/420 CIK0001656472 Cronos Group Inc. status=NO_BNPL_EVIDENCE
2026-08-09 21:07:54,353 INFO 313/420 CIK0001756594 Inventiva S.A. status=NO_BNPL_EVIDENCE
2026-08-09 21:07:55,048 INFO 314/420 CIK0001062822 LEXICON PHARMACEUTICALS, INC. status=NO_BNPL_EVIDENCE
2026-08-09 21:07:55,720 INFO 315/420 CIK0001479681 Nutex Health Inc. status=NO_BNPL_EVIDENCE
2026-08-09 21:07:56,425 INFO 316/420 CIK0001956955 Unusual Machines, Inc. status=NO_BNPL_EVIDENCE
2026-08-09 21:07:57,031 INFO 317/420 CIK0001750284 Olema Pharmaceuticals, Inc. status=NO_BNPL_EVIDENCE
2026-08-09 21:07:57,738 INFO 318/420 CIK0000944809 OPKO HEALTH, INC. status=NO_BNPL_EVIDENCE
2026-08-09 21:07:58,470 INFO 319/420 CIK0001698991 Accel Entertainment, Inc. status=NO_BNPL_EVIDENCE
2026-08-09 21:07:59,071 INFO 320/420 CIK0000810332 REPUBLIC AIRWAYS HOLDINGS INC. status=NO_BNPL_EVIDENCE
2026-08-09 21:07:59,725 INFO 321/420 CIK0001920294 REZOLVE AI PLC status=NO_BNPL_EVIDENCE
2026-08-09 21:08:00,456 INFO 322/420 CIK0001999480 Alto Neuroscience, Inc. status=NO_BNPL_EVIDENCE
2026-08-09 21:08:01,102 INFO 323/420 CIK0001737953 Replimune Group, Inc. status=NO_BNPL_EVIDENCE
2026-08-09 21:08:01,764 INFO 324/420 CIK0001173489 CEVA INC status=NO_BNPL_EVIDENCE
2026-08-09 21:08:02,419 INFO 325/420 CIK0000062234 MARCUS CORP status=NO_BNPL_EVIDENCE
2026-08-09 21:08:03,117 INFO 326/420 CIK0001583107 Theravance Biopharma, Inc. status=NO_BNPL_EVIDENCE
2026-08-09 21:08:03,755 INFO 327/420 CIK0001834488 N-able, Inc. status=NO_BNPL_EVIDENCE
2026-08-09 21:08:04,455 INFO 328/420 CIK0001285819 OMEROS CORP status=NO_BNPL_EVIDENCE
2026-08-09 21:08:05,083 INFO 329/420 CIK0001853138 Kodiak AI, Inc. status=NO_BNPL_EVIDENCE
2026-08-09 21:08:05,763 INFO 330/420 CIK0001944552 Adlai Nortye Ltd. status=NO_BNPL_EVIDENCE
2026-08-09 21:08:06,436 INFO 331/420 CIK0001528115 Annexon, Inc. status=NO_BNPL_EVIDENCE
2026-08-09 21:08:07,119 INFO 332/420 CIK0001794350 Yalla Group Ltd status=NO_BNPL_EVIDENCE
2026-08-09 21:08:07,812 INFO 333/420 CIK0001568100 PagerDuty, Inc. status=NO_BNPL_EVIDENCE
2026-08-09 21:08:08,446 INFO 334/420 CIK0001789940 First Watch Restaurant Group, Inc. status=NO_BNPL_EVIDENCE
2026-08-09 21:08:09,112 INFO 335/420 CIK0001434754 SAFE BULKERS, INC. status=NO_BNPL_EVIDENCE
2026-08-09 21:08:09,856 INFO 336/420 CIK0001422143 Kura Oncology, Inc. status=NO_BNPL_EVIDENCE
2026-08-09 21:08:10,462 INFO 337/420 CIK0001820721 Array Technologies, Inc. status=NO_BNPL_EVIDENCE
2026-08-09 21:08:11,139 INFO 338/420 CIK0001481513 JinkoSolar Holding Co., Ltd. status=NO_BNPL_EVIDENCE
2026-08-09 21:08:11,860 INFO 339/420 CIK0001995306 SUPER HI INTERNATIONAL HOLDING LTD. status=NO_BNPL_EVIDENCE
2026-08-09 21:08:12,681 INFO 340/420 CIK0001828791 Viant Technology Inc. status=NO_BNPL_EVIDENCE
2026-08-09 21:08:13,157 INFO 341/420 CIK0000807863 MITEK SYSTEMS INC status=NO_BNPL_EVIDENCE
2026-08-09 21:08:13,823 INFO 342/420 CIK0001345126 Compass Diversified Holdings status=NO_BNPL_EVIDENCE
2026-08-09 21:08:14,480 INFO 343/420 CIK0001756708 Jumia Technologies AG status=NO_BNPL_EVIDENCE
2026-08-09 21:08:15,201 INFO 344/420 CIK0001959455 Himalaya Shipping Ltd. status=NO_BNPL_EVIDENCE
2026-08-09 21:08:15,832 INFO 345/420 CIK0001597033 Sabre Corp status=NO_BNPL_EVIDENCE
2026-08-09 21:08:16,524 INFO 346/420 CIK0001501796 Aura Biosciences, Inc. status=NO_BNPL_EVIDENCE
2026-08-09 21:08:17,209 INFO 347/420 CIK0002047190 TechCreate Group Ltd. status=NO_BNPL_EVIDENCE
2026-08-09 21:08:17,854 INFO 348/420 CIK0001577437 Ardmore Shipping Corp status=NO_BNPL_EVIDENCE
2026-08-09 21:08:18,521 INFO 349/420 CIK0001898718 GMR Solutions Inc. status=NO_BNPL_EVIDENCE
2026-08-09 21:08:19,259 INFO 350/420 CIK0001768446 Climb Bio, Inc. status=NO_BNPL_EVIDENCE
2026-08-09 21:08:19,947 INFO 351/420 CIK0001875558 Nuvectis Pharma, Inc. status=NO_BNPL_EVIDENCE
2026-08-09 21:08:20,546 INFO 352/420 CIK0001971975 Abaxx Technologies Inc. status=NO_BNPL_EVIDENCE
2026-08-09 21:08:21,422 INFO 353/420 CIK0001680367 Shattuck Labs, Inc. status=NO_BNPL_EVIDENCE
2026-08-09 21:08:21,914 INFO 354/420 CIK0001034842 RIGEL PHARMACEUTICALS INC status=NO_BNPL_EVIDENCE
2026-08-09 21:08:22,530 INFO 355/420 CIK0001953530 Oculis Holding AG status=NO_BNPL_EVIDENCE
2026-08-09 21:08:23,250 INFO 356/420 CIK0001866633 Consensus Cloud Solutions, Inc. status=NO_BNPL_EVIDENCE
2026-08-09 21:08:23,862 INFO 357/420 CIK0000771266 KOPIN CORP status=NO_BNPL_EVIDENCE
2026-08-09 21:08:24,527 INFO 358/420 CIK0001824814 Cognyte Software Ltd. status=NO_BNPL_EVIDENCE
2026-08-09 21:08:25,253 INFO 359/420 CIK0001683606 Cars.com Inc. status=NO_BNPL_EVIDENCE
2026-08-09 21:08:25,902 INFO 360/420 CIK0001560327 Rapid7, Inc. status=NO_BNPL_EVIDENCE
2026-08-09 21:08:26,546 INFO 361/420 CIK0001704720 Cannae Holdings, Inc. status=NO_BNPL_EVIDENCE
2026-08-09 21:08:27,243 INFO 362/420 CIK0001842731 SIMILARWEB LTD. status=NO_BNPL_EVIDENCE
2026-08-09 21:08:27,911 INFO 363/420 CIK0001731348 Tilray Brands, Inc. status=NO_BNPL_EVIDENCE
2026-08-09 21:08:28,671 INFO 364/420 CIK0001873835 Immix Biopharma, Inc. status=NO_BNPL_EVIDENCE
2026-08-09 21:08:29,233 INFO 365/420 CIK0001625278 NERDWALLET, INC. status=NO_BNPL_EVIDENCE
2026-08-09 21:08:29,916 INFO 366/420 CIK0001422930 PubMatic, Inc. status=NO_BNPL_EVIDENCE
2026-08-09 21:08:30,647 INFO 367/420 CIK0001799567 DoubleDown Interactive Co., Ltd. status=NO_BNPL_EVIDENCE
2026-08-09 21:08:31,248 INFO 368/420 CIK0000075288 OXFORD INDUSTRIES INC status=NO_BNPL_EVIDENCE
2026-08-09 21:08:31,937 INFO 369/420 CIK0000701719 Envela Corp status=NO_BNPL_EVIDENCE
2026-08-09 21:08:32,623 INFO 370/420 CIK0000724910 NVE CORP /NEW/ status=NO_BNPL_EVIDENCE
2026-08-09 21:08:33,262 INFO 371/420 CIK0001854545 Dingdong (Cayman) Ltd status=NO_BNPL_EVIDENCE
2026-08-09 21:08:33,956 INFO 372/420 CIK0001318484 Citi Trends Inc status=NO_BNPL_EVIDENCE
2026-08-09 21:08:34,598 INFO 373/420 CIK0001326190 Altimmune, Inc. status=NO_BNPL_EVIDENCE
2026-08-09 21:08:35,286 INFO 374/420 CIK0001829864 TaskUs, Inc. status=NO_BNPL_EVIDENCE
2026-08-09 21:08:36,016 INFO 375/420 CIK0001614178 Yext, Inc. status=NO_BNPL_EVIDENCE
2026-08-09 21:08:36,819 INFO 376/420 CIK0001874315 Satellogic Inc. status=NO_BNPL_EVIDENCE
2026-08-09 21:08:37,331 INFO 377/420 CIK0001253689 CRESCENT BIOPHARMA, INC. status=NO_BNPL_EVIDENCE
2026-08-09 21:08:37,982 INFO 378/420 CIK0001829959 Docebo Inc. status=NO_BNPL_EVIDENCE
2026-08-09 21:08:38,791 INFO 379/420 CIK0001609151 Weave Communications, Inc. status=NO_BNPL_EVIDENCE
2026-08-09 21:08:39,312 INFO 380/420 CIK0001671858 ARS Pharmaceuticals, Inc. status=NO_BNPL_EVIDENCE
2026-08-09 21:08:40,058 INFO 381/420 CIK0001855644 Zura Bio Ltd status=NO_BNPL_EVIDENCE
2026-08-09 21:08:40,718 INFO 382/420 CIK0001836564 Valneva SE status=NO_BNPL_EVIDENCE
2026-08-09 21:08:41,348 INFO 383/420 CIK0001426800 ASSEMBLY BIOSCIENCES, INC. status=NO_BNPL_EVIDENCE
2026-08-09 21:08:41,997 INFO 384/420 CIK0001606909 Pangaea Logistics Solutions Ltd. status=NO_BNPL_EVIDENCE
2026-08-09 21:08:42,678 INFO 385/420 CIK0001821159 EVgo Inc. status=NO_BNPL_EVIDENCE
2026-08-09 21:08:43,340 INFO 386/420 CIK0001937987 Falcon's Beyond Global, Inc. status=NO_BNPL_EVIDENCE
2026-08-09 21:08:44,014 INFO 387/420 CIK0001720420 IBEX Ltd status=NO_BNPL_EVIDENCE
2026-08-09 21:08:44,696 INFO 388/420 CIK0002025416 OBOOK HOLDINGS INC. status=NO_BNPL_EVIDENCE
2026-08-09 21:08:45,336 INFO 389/420 CIK0001932737 ROBO.AI INC. status=NO_BNPL_EVIDENCE
2026-08-09 21:08:46,030 INFO 390/420 CIK0001661998 Q32 Bio Inc. status=NO_BNPL_EVIDENCE
2026-08-09 21:08:46,684 INFO 391/420 CIK0002033535 Costamare Bulkers Holdings Ltd status=NO_BNPL_EVIDENCE
2026-08-09 21:08:47,372 INFO 392/420 CIK0002106613 Quantum eMotion Corp status=NO_BNPL_EVIDENCE
2026-08-09 21:08:48,019 INFO 393/420 CIK0000912728 FORWARD AIR CORP status=NO_BNPL_EVIDENCE
2026-08-09 21:08:48,750 INFO 394/420 CIK0001400118 Sagimet Biosciences Inc. status=NO_BNPL_EVIDENCE
2026-08-09 21:08:49,390 INFO 395/420 CIK0001313310 GRAVITY Co., Ltd. status=NO_BNPL_EVIDENCE
2026-08-09 21:08:50,113 INFO 396/420 CIK0000014707 CALERES INC status=NO_BNPL_EVIDENCE
2026-08-09 21:08:50,763 INFO 397/420 CIK0001868995 CI&T Inc status=NO_BNPL_EVIDENCE
2026-08-09 21:08:51,375 INFO 398/420 CIK0001709941 BioAge Labs, Inc. status=NO_BNPL_EVIDENCE
2026-08-09 21:08:52,076 INFO 399/420 CIK0001559053 PROTHENA CORP PUBLIC LTD CO status=NO_BNPL_EVIDENCE
2026-08-09 21:08:52,747 INFO 400/420 CIK0000709283 QUANTUM CORP /DE/ status=NO_BNPL_EVIDENCE
2026-08-09 21:08:53,491 INFO 401/420 CIK0001581178 EUPRAXIA PHARMACEUTICALS INC. status=NO_BNPL_EVIDENCE
2026-08-09 21:08:54,061 INFO 402/420 CIK0001866782 Codere Online Luxembourg, S.A. status=NO_BNPL_EVIDENCE
2026-08-09 21:08:54,740 INFO 403/420 CIK0001567529 KAMADA LTD status=NO_BNPL_EVIDENCE
2026-08-09 21:08:55,451 INFO 404/420 CIK0001940941 mF International Ltd status=NO_BNPL_EVIDENCE
2026-08-09 21:08:56,083 INFO 405/420 CIK0000896264 USANA HEALTH SCIENCES INC status=NO_BNPL_EVIDENCE
2026-08-09 21:08:56,809 INFO 406/420 CIK0002044725 Evommune, Inc. status=NO_BNPL_EVIDENCE
2026-08-09 21:08:57,414 INFO 407/420 CIK0001382101 SUTRO BIOPHARMA, INC. status=NO_BNPL_EVIDENCE
2026-08-09 21:08:58,084 INFO 408/420 CIK0000069733 NATHANS FAMOUS, INC. status=NO_BNPL_EVIDENCE
2026-08-09 21:08:58,788 INFO 409/420 CIK0000216085 HAVERTY FURNITURE COMPANIES INC status=NO_BNPL_EVIDENCE
2026-08-09 21:08:59,520 INFO 410/420 CIK0001171155 RADIANT LOGISTICS, INC status=NO_BNPL_EVIDENCE
2026-08-09 21:09:00,130 INFO 411/420 CIK0001768267 Cerence Inc. status=NO_BNPL_EVIDENCE
2026-08-09 21:09:00,784 INFO 412/420 CIK0001770450 Xerox Holdings Corp status=NO_BNPL_EVIDENCE
2026-08-09 21:09:01,461 INFO 413/420 CIK0001570562 Evolus, Inc. status=NO_BNPL_EVIDENCE
2026-08-09 21:09:02,116 INFO 414/420 CIK0001501697 X4 Pharmaceuticals, Inc status=NO_BNPL_EVIDENCE
2026-08-09 21:09:03,019 INFO 415/420 CIK0001564180 KNOT Offshore Partners LP status=NO_BNPL_EVIDENCE
2026-08-09 21:09:03,450 INFO 416/420 CIK0001703157 Securetech Innovations, Inc. status=NO_BNPL_EVIDENCE
2026-08-09 21:09:04,154 INFO 417/420 CIK0001683825 trivago N.V. status=NO_BNPL_EVIDENCE
2026-08-09 21:09:04,797 INFO 418/420 CIK0001091223 MATERIALISE NV status=NO_BNPL_EVIDENCE
2026-08-09 21:09:05,534 INFO 419/420 CIK0001177648 ENANTA PHARMACEUTICALS INC status=NO_BNPL_EVIDENCE
2026-08-09 21:09:06,160 INFO 420/420 CIK0001956439 Enhanced Group Inc. status=NO_BNPL_EVIDENCE
2026-08-09 21:11:52,467 INFO 1/127 CIK0001652044 Alphabet Inc. status=NO_BNPL_EVIDENCE
2026-08-09 21:11:52,468 INFO 2/127 CIK0001326801 Meta Platforms, Inc. status=NO_BNPL_EVIDENCE
2026-08-09 21:11:52,469 INFO 3/127 CIK0000200406 JOHNSON & JOHNSON status=NO_BNPL_EVIDENCE
2026-08-09 21:11:52,470 INFO 4/127 CIK0000858877 CISCO SYSTEMS, INC. status=NO_BNPL_EVIDENCE
2026-08-09 21:11:52,946 INFO 5/127 CIK0000006951 APPLIED MATERIALS INC /DE status=NO_BNPL_EVIDENCE
2026-08-09 21:11:53,370 INFO 6/127 CIK0001327567 Palo Alto Networks Inc status=NO_BNPL_EVIDENCE
2026-08-09 21:11:54,023 INFO 7/127 CIK0001596532 Arista Networks, Inc. status=NO_BNPL_EVIDENCE
2026-08-09 21:11:54,853 INFO 8/127 CIK0000051143 INTERNATIONAL BUSINESS MACHINES CORP status=NO_BNPL_EVIDENCE
2026-08-09 21:11:55,379 INFO 9/127 CIK0000001800 ABBOTT LABORATORIES status=NO_BNPL_EVIDENCE
2026-08-09 21:11:56,047 INFO 10/127 CIK0000804328 QUALCOMM INC/DE status=NO_BNPL_EVIDENCE
2026-08-09 21:11:56,670 INFO 11/127 CIK0000064803 CVS HEALTH Corp status=NO_BNPL_EVIDENCE
2026-08-09 21:11:57,349 INFO 12/127 CIK0001262039 Fortinet, Inc. status=NO_BNPL_EVIDENCE
2026-08-09 21:11:58,141 INFO 13/127 CIK0000008670 AUTOMATIC DATA PROCESSING INC status=NO_BNPL_EVIDENCE
2026-08-09 21:11:58,689 INFO 14/127 CIK0000796343 ADOBE INC. status=NO_BNPL_EVIDENCE
2026-08-09 21:11:59,349 INFO 15/127 CIK0001690820 CARVANA CO. status=NO_BNPL_EVIDENCE
2026-08-09 21:12:00,037 INFO 16/127 CIK0000745732 ROSS STORES, INC. status=NO_BNPL_EVIDENCE
2026-08-09 21:12:00,697 INFO 17/127 CIK0000031462 ECOLAB INC. status=NO_BNPL_EVIDENCE
2026-08-09 21:12:01,551 INFO 18/127 CIK0000898173 O REILLY AUTOMOTIVE INC status=NO_BNPL_EVIDENCE
2026-08-09 21:12:02,087 INFO 19/127 CIK0001585689 Hilton Worldwide Holdings Inc. status=NO_BNPL_EVIDENCE
2026-08-09 21:12:02,731 INFO 20/127 CIK0000075362 PACCAR INC status=NO_BNPL_EVIDENCE
2026-08-09 21:12:03,414 INFO 21/127 CIK0001645590 Hewlett Packard Enterprise Co status=NO_BNPL_EVIDENCE
2026-08-09 21:12:04,074 INFO 22/127 CIK0000037996 FORD MOTOR CO status=NO_BNPL_EVIDENCE
2026-08-09 21:12:04,795 INFO 23/127 CIK0000936395 CIENA CORP status=NO_BNPL_EVIDENCE
2026-08-09 21:12:05,391 INFO 24/127 CIK0000712515 ELECTRONIC ARTS INC. status=NO_BNPL_EVIDENCE
2026-08-09 21:12:06,074 INFO 25/127 CIK0001512673 Block, Inc. status=NO_BNPL_EVIDENCE
2026-08-09 21:12:06,765 INFO 26/127 CIK0001058090 CHIPOTLE MEXICAN GRILL INC status=NO_BNPL_EVIDENCE
2026-08-09 21:12:07,473 INFO 27/127 CIK0000818686 TEVA PHARMACEUTICAL INDUSTRIES LTD status=NO_BNPL_EVIDENCE
2026-08-09 21:12:08,097 INFO 28/127 CIK0001327811 Workday, Inc. status=NO_BNPL_EVIDENCE
2026-08-09 21:12:09,098 INFO 29/127 CIK0001002047 NetApp, Inc. status=NO_BNPL_EVIDENCE
2026-08-09 21:12:09,420 INFO 30/127 CIK0001393052 VEEVA SYSTEMS INC status=NO_BNPL_EVIDENCE
2026-08-09 21:12:10,147 INFO 31/127 CIK0001097864 ON SEMICONDUCTOR CORP status=NO_BNPL_EVIDENCE
2026-08-09 21:12:10,792 INFO 32/127 CIK0001447669 TWILIO INC status=NO_BNPL_EVIDENCE
2026-08-09 21:12:11,497 INFO 33/127 CIK0001178670 ALNYLAM PHARMACEUTICALS, INC. status=NO_BNPL_EVIDENCE
2026-08-09 21:12:12,105 INFO 34/127 CIK0000935703 DOLLAR TREE, INC. status=NO_BNPL_EVIDENCE
2026-08-09 21:12:13,059 INFO 35/127 CIK0001274494 FIRST SOLAR, INC. status=NO_BNPL_EVIDENCE
2026-08-09 21:12:13,453 INFO 36/127 CIK0000092380 SOUTHWEST AIRLINES CO status=NO_BNPL_EVIDENCE
2026-08-09 21:12:14,164 INFO 37/127 CIK0001104506 INSMED Inc status=NO_BNPL_EVIDENCE
2026-08-09 21:12:14,852 INFO 38/127 CIK0001043277 C. H. ROBINSON WORLDWIDE, INC. status=NO_BNPL_EVIDENCE
2026-08-09 21:12:15,474 INFO 39/127 CIK0000849399 Gen Digital Inc. status=NO_BNPL_EVIDENCE
2026-08-09 21:12:16,135 INFO 40/127 CIK0001612042 Ascendis Pharma A/S status=NO_BNPL_EVIDENCE
2026-08-09 21:12:16,902 INFO 41/127 CIK0001019849 PENSKE AUTOMOTIVE GROUP, INC. status=NO_BNPL_EVIDENCE
2026-08-09 21:12:17,531 INFO 42/127 CIK0001206264 SOMNIGROUP INTERNATIONAL INC. status=NO_BNPL_EVIDENCE
2026-08-09 21:12:18,178 INFO 43/127 CIK0001319161 Warner Music Group Corp. status=NO_BNPL_EVIDENCE
2026-08-09 21:12:18,818 INFO 44/127 CIK0001047127 AMKOR TECHNOLOGY, INC. status=NO_BNPL_EVIDENCE
2026-08-09 21:12:19,509 INFO 45/127 CIK0000879407 ARROWHEAD PHARMACEUTICALS, INC. status=NO_BNPL_EVIDENCE
2026-08-09 21:12:20,206 INFO 46/127 CIK0001048477 BIOMARIN PHARMACEUTICAL INC status=NO_BNPL_EVIDENCE
2026-08-09 21:12:20,996 INFO 47/127 CIK0000842023 BIO-TECHNE Corp status=NO_BNPL_EVIDENCE
2026-08-09 21:12:21,511 INFO 48/127 CIK0001609711 GoDaddy Inc. status=NO_BNPL_EVIDENCE
2026-08-09 21:12:22,172 INFO 49/127 CIK0000016058 CACI INTERNATIONAL INC /DE/ status=NO_BNPL_EVIDENCE
2026-08-09 21:12:23,092 INFO 50/127 CIK0001261333 DOCUSIGN, INC. status=NO_BNPL_EVIDENCE
2026-08-09 21:12:23,562 INFO 51/127 CIK0000085961 RYDER SYSTEM INC status=NO_BNPL_EVIDENCE
2026-08-09 21:12:25,526 INFO 52/127 CIK0001636519 Madison Square Garden Sports Corp. status=NO_BNPL_EVIDENCE
2026-08-09 21:12:25,709 INFO 53/127 CIK0000703351 BRINKER INTERNATIONAL, INC status=NO_BNPL_EVIDENCE
2026-08-09 21:12:26,422 INFO 54/127 CIK0001034670 AUTOLIV INC status=NO_BNPL_EVIDENCE
2026-08-09 21:12:27,078 INFO 55/127 CIK0000874015 IONIS PHARMACEUTICALS INC status=NO_BNPL_EVIDENCE
2026-08-09 21:12:27,751 INFO 56/127 CIK0001023128 LITHIA MOTORS INC status=NO_BNPL_EVIDENCE
2026-08-09 21:12:28,384 INFO 57/127 CIK0001428336 HEALTHEQUITY, INC. status=NO_BNPL_EVIDENCE
2026-08-09 21:12:29,066 INFO 58/127 CIK0001520262 Alkermes plc. status=NO_BNPL_EVIDENCE
2026-08-09 21:12:29,761 INFO 59/127 CIK0001604778 Qorvo, Inc. status=NO_BNPL_EVIDENCE
2026-08-09 21:12:30,401 INFO 60/127 CIK0001326110 ImmunityBio, Inc. status=NO_BNPL_EVIDENCE
2026-08-09 21:12:31,098 INFO 61/127 CIK0001341766 Celsius Holdings, Inc. status=NO_BNPL_EVIDENCE
2026-08-09 21:12:31,750 INFO 62/127 CIK0001038074 SILICON LABORATORIES INC. status=NO_BNPL_EVIDENCE
2026-08-09 21:12:33,462 INFO 63/127 CIK0001316835 Builders FirstSource, Inc. status=NO_BNPL_EVIDENCE
2026-08-09 21:12:33,702 INFO 64/127 CIK0000350698 AUTONATION, INC. status=NO_BNPL_EVIDENCE
2026-08-09 21:12:34,448 INFO 65/127 CIK0001653653 Red Rock Resorts, Inc. status=NO_BNPL_EVIDENCE
2026-08-09 21:12:35,066 INFO 66/127 CIK0001507079 Floor & Decor Holdings, Inc. status=NO_BNPL_EVIDENCE
2026-08-09 21:12:36,653 INFO 67/127 CIK0000040211 GATX CORP status=NO_BNPL_EVIDENCE
2026-08-09 21:12:36,849 INFO 68/127 CIK0001049521 MERCURY SYSTEMS INC status=NO_BNPL_EVIDENCE
2026-08-09 21:12:37,528 INFO 69/127 CIK0001107843 QUALYS, INC. status=NO_BNPL_EVIDENCE
2026-08-09 21:12:38,294 INFO 70/127 CIK0001571123 Science Applications International Corp status=NO_BNPL_EVIDENCE
2026-08-09 21:12:38,889 INFO 71/127 CIK0000723612 AVIS BUDGET GROUP, INC. status=NO_BNPL_EVIDENCE
2026-08-09 21:12:39,517 INFO 72/127 CIK0001169561 COMMVAULT SYSTEMS INC status=NO_BNPL_EVIDENCE
2026-08-09 21:12:40,263 INFO 73/127 CIK0001384905 RingCentral, Inc. status=NO_BNPL_EVIDENCE
2026-08-09 21:12:40,845 INFO 74/127 CIK0001760965 Kontoor Brands, Inc. status=NO_BNPL_EVIDENCE
2026-08-09 21:12:41,611 INFO 75/127 CIK0001361658 Travel & Leisure Co. status=NO_BNPL_EVIDENCE
2026-08-09 21:12:43,267 INFO 76/127 CIK0001610250 Boot Barn Holdings, Inc. status=NO_BNPL_EVIDENCE
2026-08-09 21:12:43,535 INFO 77/127 CIK0001070494 ACADIA PHARMACEUTICALS INC status=NO_BNPL_EVIDENCE
2026-08-09 21:12:44,160 INFO 78/127 CIK0001395942 OPENLANE, Inc. status=NO_BNPL_EVIDENCE
2026-08-09 21:12:44,885 INFO 79/127 CIK0000868780 Dorman Products, Inc. status=NO_BNPL_EVIDENCE
2026-08-09 21:12:45,509 INFO 80/127 CIK0001078271 EXTREME NETWORKS INC status=NO_BNPL_EVIDENCE
2026-08-09 21:12:46,129 INFO 81/127 CIK0000932696 INSIGHT ENTERPRISES INC status=NO_BNPL_EVIDENCE
2026-08-09 21:12:46,802 INFO 82/127 CIK0000098222 TIDEWATER INC status=NO_BNPL_EVIDENCE
2026-08-09 21:12:47,480 INFO 83/127 CIK0000913241 STEVEN MADDEN, LTD. status=NO_BNPL_EVIDENCE
2026-08-09 21:12:48,167 INFO 84/127 CIK0001617406 Park Hotels & Resorts Inc. status=NO_BNPL_EVIDENCE
2026-08-09 21:12:48,859 INFO 85/127 CIK0001459200 Alarm.com Holdings, Inc. status=NO_BNPL_EVIDENCE
2026-08-09 21:12:49,502 INFO 86/127 CIK0001652535 ICHOR HOLDINGS, LTD. status=NO_BNPL_EVIDENCE
2026-08-09 21:12:50,219 INFO 87/127 CIK0000028823 DIEBOLD NIXDORF, Inc status=NO_BNPL_EVIDENCE
2026-08-09 21:12:50,853 INFO 88/127 CIK0001515673 Ultragenyx Pharmaceutical Inc. status=NO_BNPL_EVIDENCE
2026-08-09 21:12:51,506 INFO 89/127 CIK0001024305 COTY INC. status=NO_BNPL_EVIDENCE
2026-08-09 21:12:52,185 INFO 90/127 CIK0000887359 Vericel Corp status=NO_BNPL_EVIDENCE
2026-08-09 21:12:52,867 INFO 91/127 CIK0001356090 PRECIGEN, INC. status=NO_BNPL_EVIDENCE
2026-08-09 21:12:53,593 INFO 92/127 CIK0001441683 APPIAN CORP status=NO_BNPL_EVIDENCE
2026-08-09 21:12:54,264 INFO 93/127 CIK0001368514 ADMA BIOLOGICS, INC. status=NO_BNPL_EVIDENCE
2026-08-09 21:12:54,991 INFO 94/127 CIK0001688568 DXC Technology Co status=NO_BNPL_EVIDENCE
2026-08-09 21:12:55,529 INFO 95/127 CIK0001530721 Capri Holdings Ltd status=NO_BNPL_EVIDENCE
2026-08-09 21:12:56,490 INFO 96/127 CIK0000876167 PROGRESS SOFTWARE CORP /MA status=NO_BNPL_EVIDENCE
2026-08-09 21:12:56,876 INFO 97/127 CIK0001670541 Adient plc status=NO_BNPL_EVIDENCE
2026-08-09 21:12:57,577 INFO 98/127 CIK0001419041 Forte Biosciences, Inc. status=NO_BNPL_EVIDENCE
2026-08-09 21:12:58,219 INFO 99/127 CIK0000066382 MILLERKNOLL, INC. status=NO_BNPL_EVIDENCE
2026-08-09 21:12:58,884 INFO 100/127 CIK0001069899 PHIBRO ANIMAL HEALTH CORP status=NO_BNPL_EVIDENCE
2026-08-09 21:12:59,590 INFO 101/127 CIK0001585364 PERRIGO Co plc status=NO_BNPL_EVIDENCE
2026-08-09 21:13:00,248 INFO 102/127 CIK0001142750 AMN HEALTHCARE SERVICES INC status=NO_BNPL_EVIDENCE
2026-08-09 21:13:00,936 INFO 103/127 CIK0001710340 Eton Pharmaceuticals, Inc. status=NO_BNPL_EVIDENCE
2026-08-09 21:13:01,575 INFO 104/127 CIK0001067294 CRACKER BARREL OLD COUNTRY STORE, INC status=NO_BNPL_EVIDENCE
2026-08-09 21:13:02,263 INFO 105/127 CIK0000899460 MANNKIND CORP status=NO_BNPL_EVIDENCE
2026-08-09 21:13:02,947 INFO 106/127 CIK0001267565 COLLEGIUM PHARMACEUTICAL, INC status=NO_BNPL_EVIDENCE
2026-08-09 21:13:03,602 INFO 107/127 CIK0001627475 UPWORK, INC status=NO_BNPL_EVIDENCE
2026-08-09 21:13:04,268 INFO 108/127 CIK0001160308 Savara Inc status=NO_BNPL_EVIDENCE
2026-08-09 21:13:04,932 INFO 109/127 CIK0001735438 MeiraGTx Holdings plc status=NO_BNPL_EVIDENCE
2026-08-09 21:13:05,834 INFO 110/127 CIK0001062822 LEXICON PHARMACEUTICALS, INC. status=NO_BNPL_EVIDENCE
2026-08-09 21:13:06,332 INFO 111/127 CIK0000944809 OPKO HEALTH, INC. status=NO_BNPL_EVIDENCE
2026-08-09 21:13:06,960 INFO 112/127 CIK0000810332 REPUBLIC AIRWAYS HOLDINGS INC. status=NO_BNPL_EVIDENCE
2026-08-09 21:13:07,605 INFO 113/127 CIK0001583107 Theravance Biopharma, Inc. status=NO_BNPL_EVIDENCE
2026-08-09 21:13:08,285 INFO 114/127 CIK0001285819 OMEROS CORP status=NO_BNPL_EVIDENCE
2026-08-09 21:13:08,968 INFO 115/127 CIK0001345126 Compass Diversified Holdings status=NO_BNPL_EVIDENCE
2026-08-09 21:13:10,121 INFO 116/127 CIK0001597033 Sabre Corp status=NO_BNPL_EVIDENCE
2026-08-09 21:13:10,384 INFO 117/127 CIK0001034842 RIGEL PHARMACEUTICALS INC status=NO_BNPL_EVIDENCE
2026-08-09 21:13:10,985 INFO 118/127 CIK0000075288 OXFORD INDUSTRIES INC status=NO_BNPL_EVIDENCE
2026-08-09 21:13:11,699 INFO 119/127 CIK0000701719 Envela Corp status=NO_BNPL_EVIDENCE
2026-08-09 21:13:12,321 INFO 120/127 CIK0000724910 NVE CORP /NEW/ status=NO_BNPL_EVIDENCE
2026-08-09 21:13:12,978 INFO 121/127 CIK0001318484 Citi Trends Inc status=NO_BNPL_EVIDENCE
2026-08-09 21:13:13,675 INFO 122/127 CIK0001606909 Pangaea Logistics Solutions Ltd. status=NO_BNPL_EVIDENCE
2026-08-09 21:13:14,927 INFO 123/127 CIK0000912728 FORWARD AIR CORP status=NO_BNPL_EVIDENCE
2026-08-09 21:13:15,191 INFO 124/127 CIK0000896264 USANA HEALTH SCIENCES INC status=NO_BNPL_EVIDENCE
2026-08-09 21:13:15,821 INFO 125/127 CIK0001382101 SUTRO BIOPHARMA, INC. status=NO_BNPL_EVIDENCE
2026-08-09 21:13:16,444 INFO 126/127 CIK0000216085 HAVERTY FURNITURE COMPANIES INC status=NO_BNPL_EVIDENCE
2026-08-09 21:13:17,204 INFO 127/127 CIK0001177648 ENANTA PHARMACEUTICALS INC status=NO_BNPL_EVIDENCE
2026-08-09 21:21:54,957 INFO 1/321 CIK0001318605 Tesla, Inc. status=NO_BNPL_EVIDENCE
2026-08-09 21:21:55,131 INFO 2/321 CIK0001571996 Dell Technologies Inc. status=NO_BNPL_EVIDENCE
2026-08-09 21:21:55,798 INFO 3/321 CIK0001094517 TOYOTA MOTOR CORP/ status=NO_BNPL_EVIDENCE
2026-08-09 21:21:55,800 INFO 4/321 CIK0000051143 INTERNATIONAL BUSINESS MACHINES CORP status=NO_BNPL_EVIDENCE
2026-08-09 21:21:56,474 INFO 5/321 CIK0001137789 Seagate Technology Holdings plc status=NO_BNPL_EVIDENCE
2026-08-09 21:21:57,134 INFO 6/321 CIK0002023554 Sandisk Corp status=NO_BNPL_EVIDENCE
2026-08-09 21:21:57,841 INFO 7/321 CIK0000109198 TJX COMPANIES INC /DE/ status=NO_BNPL_EVIDENCE
2026-08-09 21:21:57,844 INFO 8/321 CIK0000804328 QUALCOMM INC/DE status=NO_BNPL_EVIDENCE
2026-08-09 21:21:57,846 INFO 9/321 CIK0000064803 CVS HEALTH Corp status=NO_BNPL_EVIDENCE
2026-08-09 21:21:58,525 INFO 10/321 CIK0000829224 STARBUCKS CORP status=NO_BNPL_EVIDENCE
2026-08-09 21:21:58,526 INFO 11/321 CIK0001262039 Fortinet, Inc. status=NO_BNPL_EVIDENCE
2026-08-09 21:21:59,171 INFO 12/321 CIK0000865752 Monster Beverage Corp status=NO_BNPL_EVIDENCE
2026-08-09 21:21:59,173 INFO 13/321 CIK0001690820 CARVANA CO. status=NO_BNPL_EVIDENCE
2026-08-09 21:21:59,855 INFO 14/321 CIK0000089800 SHERWIN WILLIAMS CO status=NO_BNPL_EVIDENCE
2026-08-09 21:22:00,534 INFO 15/321 CIK0000723254 CINTAS CORP status=NO_BNPL_EVIDENCE
2026-08-09 21:22:00,537 INFO 16/321 CIK0000745732 ROSS STORES, INC. status=NO_BNPL_EVIDENCE
2026-08-09 21:22:01,153 INFO 17/321 CIK0001467858 General Motors Co status=NO_BNPL_EVIDENCE
2026-08-09 21:22:01,154 INFO 18/321 CIK0000898173 O REILLY AUTOMOTIVE INC status=NO_BNPL_EVIDENCE
2026-08-09 21:22:01,893 INFO 19/321 CIK0000068505 Motorola Solutions, Inc. status=NO_BNPL_EVIDENCE
2026-08-09 21:22:01,895 INFO 20/321 CIK0001585689 Hilton Worldwide Holdings Inc. status=NO_BNPL_EVIDENCE
2026-08-09 21:22:01,897 INFO 21/321 CIK0000075362 PACCAR INC status=NO_BNPL_EVIDENCE
2026-08-09 21:22:02,520 INFO 22/321 CIK0001648416 Ferrari N.V. status=NO_BNPL_EVIDENCE
2026-08-09 21:22:02,522 INFO 23/321 CIK0001645590 Hewlett Packard Enterprise Co status=NO_BNPL_EVIDENCE
2026-08-09 21:22:02,524 INFO 24/321 CIK0000037996 FORD MOTOR CO status=NO_BNPL_EVIDENCE
2026-08-09 21:22:03,213 INFO 25/321 CIK0001633978 Lumentum Holdings Inc. status=NO_BNPL_EVIDENCE
2026-08-09 21:22:03,936 INFO 26/321 CIK0000815556 FASTENAL CO status=NO_BNPL_EVIDENCE
2026-08-09 21:22:03,937 INFO 27/321 CIK0000936395 CIENA CORP status=NO_BNPL_EVIDENCE
2026-08-09 21:22:04,635 INFO 28/321 CIK0001650107 COCA-COLA EUROPACIFIC PARTNERS plc status=NO_BNPL_EVIDENCE
2026-08-09 21:22:04,637 INFO 29/321 CIK0001058090 CHIPOTLE MEXICAN GRILL INC status=NO_BNPL_EVIDENCE
2026-08-09 21:22:04,639 INFO 30/321 CIK0001745201 Viking Holdings Ltd status=NO_BNPL_EVIDENCE
2026-08-09 21:22:04,641 INFO 31/321 CIK0001900304 Haleon plc status=NO_BNPL_EVIDENCE
2026-08-09 21:22:05,202 INFO 32/321 CIK0001061736 MEXICAN ECONOMIC DEVELOPMENT INC status=NO_BNPL_EVIDENCE
2026-08-09 21:22:05,960 INFO 33/321 CIK0001041061 YUM BRANDS INC status=NO_BNPL_EVIDENCE
2026-08-09 21:22:06,568 INFO 34/321 CIK0000100517 United Airlines Holdings, Inc. status=NO_BNPL_EVIDENCE
2026-08-09 21:22:07,208 INFO 35/321 CIK0000815097 Carnival Corp Ltd. status=NO_BNPL_EVIDENCE
2026-08-09 21:22:07,925 INFO 36/321 CIK0001944048 Kenvue Inc. status=NO_BNPL_EVIDENCE
2026-08-09 21:22:07,928 INFO 37/321 CIK0001002047 NetApp, Inc. status=NO_BNPL_EVIDENCE
2026-08-09 21:22:08,573 INFO 38/321 CIK0001973266 TKO Group Holdings, Inc. status=NO_BNPL_EVIDENCE
2026-08-09 21:22:09,330 INFO 39/321 CIK0001511737 Ubiquiti Inc. status=NO_BNPL_EVIDENCE
2026-08-09 21:22:09,947 INFO 40/321 CIK0000726958 CASEYS GENERAL STORES INC status=NO_BNPL_EVIDENCE
2026-08-09 21:22:10,570 INFO 41/321 CIK0000717826 ERICSSON LM TELEPHONE CO status=NO_BNPL_EVIDENCE
2026-08-09 21:22:10,572 INFO 42/321 CIK0001038683 RYANAIR HOLDINGS PLC status=NO_BNPL_EVIDENCE
2026-08-09 21:22:11,264 INFO 43/321 CIK0001834584 Coupang, Inc. status=NO_BNPL_EVIDENCE
2026-08-09 21:22:11,266 INFO 44/321 CIK0000900075 COPART INC status=NO_BNPL_EVIDENCE
2026-08-09 21:22:11,267 INFO 45/321 CIK0000935703 DOLLAR TREE, INC. status=NO_BNPL_EVIDENCE
2026-08-09 21:22:11,269 INFO 46/321 CIK0000858446 INTERCONTINENTAL HOTELS GROUP PLC /NEW/ status=NO_BNPL_EVIDENCE
2026-08-09 21:22:11,938 INFO 47/321 CIK0000940944 DARDEN RESTAURANTS INC status=NO_BNPL_EVIDENCE
2026-08-09 21:22:11,941 INFO 48/321 CIK0001048695 F5, INC. status=NO_BNPL_EVIDENCE
2026-08-09 21:22:12,716 INFO 49/321 CIK0001874178 Rivian Automotive, Inc. / DE status=NO_BNPL_EVIDENCE
2026-08-09 21:22:12,720 INFO 50/321 CIK0000092380 SOUTHWEST AIRLINES CO status=NO_BNPL_EVIDENCE
2026-08-09 21:22:13,282 INFO 51/321 CIK0000746515 EXPEDITORS INTERNATIONAL OF WASHINGTON INC status=NO_BNPL_EVIDENCE
2026-08-09 21:22:13,285 INFO 52/321 CIK0000749098 MAGNA INTERNATIONAL INC status=NO_BNPL_EVIDENCE
2026-08-09 21:22:13,287 INFO 53/321 CIK0001375365 Super Micro Computer, Inc. status=NO_BNPL_EVIDENCE
2026-08-09 21:22:13,288 INFO 54/321 CIK0001043277 C. H. ROBINSON WORLDWIDE, INC. status=NO_BNPL_EVIDENCE
2026-08-09 21:22:13,290 INFO 55/321 CIK0001605484 Stellantis N.V. status=NO_BNPL_EVIDENCE
2026-08-09 21:22:13,921 INFO 56/321 CIK0001673358 Yum China Holdings, Inc. status=NO_BNPL_EVIDENCE
2026-08-09 21:22:13,923 INFO 57/321 CIK0001584509 Aramark status=NO_BNPL_EVIDENCE
2026-08-09 21:22:13,923 INFO 58/321 CIK0001019849 PENSKE AUTOMOTIVE GROUP, INC. status=NO_BNPL_EVIDENCE
2026-08-09 21:22:13,924 INFO 59/321 CIK0001206264 SOMNIGROUP INTERNATIONAL INC. status=NO_BNPL_EVIDENCE
2026-08-09 21:22:14,602 INFO 60/321 CIK0001289460 Texas Roadhouse, Inc. status=NO_BNPL_EVIDENCE
2026-08-09 21:22:14,604 INFO 61/321 CIK0001319161 Warner Music Group Corp. status=NO_BNPL_EVIDENCE
2026-08-09 21:22:15,274 INFO 62/321 CIK0001791706 Li Auto Inc. status=NO_BNPL_EVIDENCE
2026-08-09 21:22:15,277 INFO 63/321 CIK0001483994 H World Group Ltd status=NO_BNPL_EVIDENCE
2026-08-09 21:22:15,948 INFO 64/321 CIK0000317540 Coca-Cola Consolidated, Inc. status=NO_BNPL_EVIDENCE
2026-08-09 21:22:15,951 INFO 65/321 CIK0001810997 XPENG INC. status=NO_BNPL_EVIDENCE
2026-08-09 21:22:16,637 INFO 66/321 CIK0001521332 Aptiv PLC status=NO_BNPL_EVIDENCE
2026-08-09 21:22:16,639 INFO 67/321 CIK0001883685 DraftKings Inc. status=NO_BNPL_EVIDENCE
2026-08-09 21:22:17,275 INFO 68/321 CIK0001866581 Dutch Bros Inc. status=NO_BNPL_EVIDENCE
2026-08-09 21:22:17,945 INFO 69/321 CIK0001573516 Murphy USA Inc. status=NO_BNPL_EVIDENCE
2026-08-09 21:22:18,659 INFO 70/321 CIK0000067347 MODINE MANUFACTURING CO status=NO_BNPL_EVIDENCE
2026-08-09 21:22:19,566 INFO 71/321 CIK0001061894 Gildan Activewear Inc. status=NO_BNPL_EVIDENCE
2026-08-09 21:22:19,568 INFO 72/321 CIK0001174922 WYNN RESORTS LTD status=NO_BNPL_EVIDENCE
2026-08-09 21:22:19,979 INFO 73/321 CIK0001869198 Life Time Group Holdings, Inc. status=NO_BNPL_EVIDENCE
2026-08-09 21:22:20,646 INFO 74/321 CIK0001767582 Luckin Coffee Inc. status=NO_BNPL_EVIDENCE
2026-08-09 21:22:21,573 INFO 75/321 CIK0000094845 LEVI STRAUSS & CO status=NO_BNPL_EVIDENCE
2026-08-09 21:22:21,575 INFO 76/321 CIK0001636519 Madison Square Garden Sports Corp. status=NO_BNPL_EVIDENCE
2026-08-09 21:22:22,018 INFO 77/321 CIK0001411207 Allison Transmission Holdings Inc status=NO_BNPL_EVIDENCE
2026-08-09 21:22:22,021 INFO 78/321 CIK0000703351 BRINKER INTERNATIONAL, INC status=NO_BNPL_EVIDENCE
2026-08-09 21:22:22,023 INFO 79/321 CIK0001034670 AUTOLIV INC status=NO_BNPL_EVIDENCE
2026-08-09 21:22:22,025 INFO 80/321 CIK0000775158 OSHKOSH CORP status=BNPL_EVIDENCE_FOUND
2026-08-09 21:22:22,686 INFO 81/321 CIK0002078416 Liberty Live Holdings, Inc. status=NO_BNPL_EVIDENCE
2026-08-09 21:22:22,688 INFO 82/321 CIK0000913290 Frontline plc status=NO_BNPL_EVIDENCE
2026-08-09 21:22:22,689 INFO 83/321 CIK0001023128 LITHIA MOTORS INC status=NO_BNPL_EVIDENCE
2026-08-09 21:22:23,461 INFO 84/321 CIK0001513761 Norwegian Cruise Line Holdings Ltd. status=NO_BNPL_EVIDENCE
2026-08-09 21:22:24,036 INFO 85/321 CIK0001639438 CAVA GROUP, INC. status=NO_BNPL_EVIDENCE
2026-08-09 21:22:24,038 INFO 86/321 CIK0001341766 Celsius Holdings, Inc. status=NO_BNPL_EVIDENCE
2026-08-09 21:22:24,039 INFO 87/321 CIK0001529192 Vipshop Holdings Ltd status=NO_BNPL_EVIDENCE
2026-08-09 21:22:24,040 INFO 88/321 CIK0001836833 Planet Labs PBC status=NO_BNPL_EVIDENCE
2026-08-09 21:22:24,828 INFO 89/321 CIK0001913510 VinFast Auto Ltd. status=NO_BNPL_EVIDENCE
2026-08-09 21:22:25,342 INFO 90/321 CIK0001878057 Super Group (SGHC) Ltd status=NO_BNPL_EVIDENCE
2026-08-09 21:22:25,343 INFO 91/321 CIK0001316835 Builders FirstSource, Inc. status=NO_BNPL_EVIDENCE
2026-08-09 21:22:26,046 INFO 92/321 CIK0000056047 KIRBY CORP status=NO_BNPL_EVIDENCE
2026-08-09 21:22:26,048 INFO 93/321 CIK0000350698 AUTONATION, INC. status=NO_BNPL_EVIDENCE
2026-08-09 21:22:26,050 INFO 94/321 CIK0001653653 Red Rock Resorts, Inc. status=NO_BNPL_EVIDENCE
2026-08-09 21:22:26,052 INFO 95/321 CIK0000906553 BOYD GAMING CORP status=NO_BNPL_EVIDENCE
2026-08-09 21:22:26,053 INFO 96/321 CIK0001507079 Floor & Decor Holdings, Inc. status=NO_BNPL_EVIDENCE
2026-08-09 21:22:26,698 INFO 97/321 CIK0001793659 Rush Street Interactive, Inc. status=NO_BNPL_EVIDENCE
2026-08-09 21:22:26,700 INFO 98/321 CIK0000040211 GATX CORP status=NO_BNPL_EVIDENCE
2026-08-09 21:22:27,386 INFO 99/321 CIK0001012019 RUSH ENTERPRISES INC \TX\ status=NO_BNPL_EVIDENCE
2026-08-09 21:22:28,029 INFO 100/321 CIK0000003453 Matson, Inc. status=NO_BNPL_EVIDENCE
2026-08-09 21:22:28,031 INFO 101/321 CIK0001590895 Caesars Entertainment, Inc. status=NO_BNPL_EVIDENCE
2026-08-09 21:22:28,692 INFO 102/321 CIK0001041803 PRICESMART INC status=NO_BNPL_EVIDENCE
2026-08-09 21:22:28,694 INFO 103/321 CIK0000020212 Churchill Downs Inc status=NO_BNPL_EVIDENCE
2026-08-09 21:22:28,696 INFO 104/321 CIK0001345105 Copa Holdings, S.A. status=NO_BNPL_EVIDENCE
2026-08-09 21:22:29,380 INFO 105/321 CIK0001735707 Garrett Motion Inc. status=NO_BNPL_EVIDENCE
2026-08-09 21:22:29,383 INFO 106/321 CIK0001852244 GXO Logistics, Inc. status=NO_BNPL_EVIDENCE
2026-08-09 21:22:30,043 INFO 107/321 CIK0001722684 WYNDHAM HOTELS & RESORTS, INC. status=NO_BNPL_EVIDENCE
2026-08-09 21:22:30,699 INFO 108/321 CIK0001495153 MakeMyTrip Ltd status=NO_BNPL_EVIDENCE
2026-08-09 21:22:30,702 INFO 109/321 CIK0000812011 VAIL RESORTS INC status=NO_BNPL_EVIDENCE
2026-08-09 21:22:31,377 INFO 110/321 CIK0000766421 ALASKA AIR GROUP, INC. status=NO_BNPL_EVIDENCE
2026-08-09 21:22:31,379 INFO 111/321 CIK0001795250 Sphere Entertainment Co. status=NO_BNPL_EVIDENCE
2026-08-09 21:22:32,081 INFO 112/321 CIK0000887596 CHEESECAKE FACTORY INC status=NO_BNPL_EVIDENCE
2026-08-09 21:22:32,765 INFO 113/321 CIK0001046311 CHOICE HOTELS INTERNATIONAL INC /DE status=NO_BNPL_EVIDENCE
2026-08-09 21:22:33,415 INFO 114/321 CIK0000355811 GENTEX CORP status=NO_BNPL_EVIDENCE
2026-08-09 21:22:33,417 INFO 115/321 CIK0001207179 GOLAR LNG LTD status=NO_BNPL_EVIDENCE
2026-08-09 21:22:34,058 INFO 116/321 CIK0001820872 Global Business Travel Group, Inc. status=NO_BNPL_EVIDENCE
2026-08-09 21:22:34,777 INFO 117/321 CIK0001600033 e.l.f. Beauty, Inc. status=NO_BNPL_EVIDENCE
2026-08-09 21:22:34,780 INFO 118/321 CIK0001679049 International Seaways, Inc. status=NO_BNPL_EVIDENCE
2026-08-09 21:22:35,424 INFO 119/321 CIK0001853717 Atour Lifestyle Holdings Ltd status=NO_BNPL_EVIDENCE
2026-08-09 21:22:36,063 INFO 120/321 CIK0001604481 CMB.TECH NV status=NO_BNPL_EVIDENCE
2026-08-09 21:22:36,065 INFO 121/321 CIK0001760965 Kontoor Brands, Inc. status=NO_BNPL_EVIDENCE
2026-08-09 21:22:36,821 INFO 122/321 CIK0001811935 Pattern Group Inc. status=NO_BNPL_EVIDENCE
2026-08-09 21:22:36,823 INFO 123/321 CIK0001361658 Travel & Leisure Co. status=NO_BNPL_EVIDENCE
2026-08-09 21:22:36,825 INFO 124/321 CIK0001610250 Boot Barn Holdings, Inc. status=NO_BNPL_EVIDENCE
2026-08-09 21:22:37,497 INFO 125/321 CIK0001639300 Ollie's Bargain Outlet Holdings, Inc. status=NO_BNPL_EVIDENCE
2026-08-09 21:22:38,195 INFO 126/321 CIK0001637207 Planet Fitness, Inc. status=NO_BNPL_EVIDENCE
2026-08-09 21:22:38,776 INFO 127/321 CIK0000063276 MATTEL INC /DE/ status=NO_BNPL_EVIDENCE
2026-08-09 21:22:39,441 INFO 128/321 CIK0001144980 ASBURY AUTOMOTIVE GROUP INC status=NO_BNPL_EVIDENCE
2026-08-09 21:22:39,442 INFO 129/321 CIK0000793733 SKYWEST INC status=NO_BNPL_EVIDENCE
2026-08-09 21:22:39,443 INFO 130/321 CIK0001921963 Atmus Filtration Technologies Inc. status=NO_BNPL_EVIDENCE
2026-08-09 21:22:40,109 INFO 131/321 CIK0001646188 Ondas Inc. status=NO_BNPL_EVIDENCE
2026-08-09 21:22:40,766 INFO 132/321 CIK0001385280 Cinemark Holdings, Inc. status=NO_BNPL_EVIDENCE
2026-08-09 21:22:40,767 INFO 133/321 CIK0001395942 OPENLANE, Inc. status=NO_BNPL_EVIDENCE
2026-08-09 21:22:41,678 INFO 134/321 CIK0000822663 INTERPARFUMS INC status=NO_BNPL_EVIDENCE
2026-08-09 21:22:41,680 INFO 135/321 CIK0000868780 Dorman Products, Inc. status=NO_BNPL_EVIDENCE
2026-08-09 21:22:42,129 INFO 136/321 CIK0002052959 Lionsgate Studios Corp. status=NO_BNPL_EVIDENCE
2026-08-09 21:22:42,132 INFO 137/321 CIK0001877787 Ermenegildo Zegna N.V. status=NO_BNPL_EVIDENCE
2026-08-09 21:22:42,136 INFO 138/321 CIK0000932696 INSIGHT ENTERPRISES INC status=NO_BNPL_EVIDENCE
2026-08-09 21:22:42,799 INFO 139/321 CIK0001815846 MINISO Group Holding Ltd status=NO_BNPL_EVIDENCE
2026-08-09 21:22:42,801 INFO 140/321 CIK0001483934 Scorpio Tankers Inc. status=NO_BNPL_EVIDENCE
2026-08-09 21:22:43,473 INFO 141/321 CIK0001815779 Hafnia Ltd status=NO_BNPL_EVIDENCE
2026-08-09 21:22:43,476 INFO 142/321 CIK0000098222 TIDEWATER INC status=NO_BNPL_EVIDENCE
2026-08-09 21:22:43,477 INFO 143/321 CIK0001952073 Madison Square Garden Entertainment Corp. status=NO_BNPL_EVIDENCE
2026-08-09 21:22:44,207 INFO 144/321 CIK0000925261 ANDINA BOTTLING CO INC status=NO_BNPL_EVIDENCE
2026-08-09 21:22:44,209 INFO 145/321 CIK0001636222 Wingstop Inc. status=NO_BNPL_EVIDENCE
2026-08-09 21:22:44,211 INFO 146/321 CIK0001958140 Atlanta Braves Holdings, Inc. status=NO_BNPL_EVIDENCE
2026-08-09 21:22:44,807 INFO 147/321 CIK0001974138 NCR Atleos Corp status=NO_BNPL_EVIDENCE
2026-08-09 21:22:44,809 INFO 148/321 CIK0000913241 STEVEN MADDEN, LTD. status=NO_BNPL_EVIDENCE
2026-08-09 21:22:44,811 INFO 149/321 CIK0001649313 BW LPG Ltd status=NO_BNPL_EVIDENCE
2026-08-09 21:22:44,812 INFO 150/321 CIK0001929561 RXO, Inc. status=NO_BNPL_EVIDENCE
2026-08-09 21:22:45,463 INFO 151/321 CIK0000837465 Callaway Golf Co status=NO_BNPL_EVIDENCE
2026-08-09 21:22:46,231 INFO 152/321 CIK0001031203 GROUP 1 AUTOMOTIVE INC status=NO_BNPL_EVIDENCE
2026-08-09 21:22:46,233 INFO 153/321 CIK0002097163 Xanadu Quantum Technologies Ltd status=NO_BNPL_EVIDENCE
2026-08-09 21:22:46,843 INFO 154/321 CIK0001386716 Star Bulk Carriers Corp. status=NO_BNPL_EVIDENCE
2026-08-09 21:22:46,846 INFO 155/321 CIK0001430162 Cosan S.A. status=NO_BNPL_EVIDENCE
2026-08-09 21:22:46,847 INFO 156/321 CIK0001587523 Knowles Corp status=NO_BNPL_EVIDENCE
2026-08-09 21:22:47,574 INFO 157/321 CIK0000048287 HNI CORP status=NO_BNPL_EVIDENCE
2026-08-09 21:22:47,575 INFO 158/321 CIK0001528849 RH status=NO_BNPL_EVIDENCE
2026-08-09 21:22:48,194 INFO 159/321 CIK0001655891 TORM plc status=NO_BNPL_EVIDENCE
2026-08-09 21:22:48,196 INFO 160/321 CIK0001617406 Park Hotels & Resorts Inc. status=NO_BNPL_EVIDENCE
2026-08-09 21:22:48,874 INFO 161/321 CIK0001654126 ZIM Integrated Shipping Services Ltd. status=NO_BNPL_EVIDENCE
2026-08-09 21:22:49,566 INFO 162/321 CIK0000069891 NATIONAL BEVERAGE CORP status=NO_BNPL_EVIDENCE
2026-08-09 21:22:49,569 INFO 163/321 CIK0002078008 Versigent PLC status=NO_BNPL_EVIDENCE
2026-08-09 21:22:49,570 INFO 164/321 CIK0001811210 Lucid Group, Inc. status=NO_BNPL_EVIDENCE
2026-08-09 21:22:50,220 INFO 165/321 CIK0000940942 Hub Group, Inc. status=NO_BNPL_EVIDENCE
2026-08-09 21:22:50,948 INFO 166/321 CIK0001111335 VISTEON CORP status=NO_BNPL_EVIDENCE
2026-08-09 21:22:51,536 INFO 167/321 CIK0000921738 PENN Entertainment, Inc. status=NO_BNPL_EVIDENCE
2026-08-09 21:22:51,538 INFO 168/321 CIK0001639825 PELOTON INTERACTIVE, INC. status=NO_BNPL_EVIDENCE
2026-08-09 21:22:53,234 INFO 169/321 CIK0001419945 TEEKAY TANKERS LTD. status=NO_BNPL_EVIDENCE
2026-08-09 21:22:53,520 INFO 170/321 CIK0000076605 PATRICK INDUSTRIES INC status=NO_BNPL_EVIDENCE
2026-08-09 21:22:54,064 INFO 171/321 CIK0001968915 PHINIA INC. status=NO_BNPL_EVIDENCE
2026-08-09 21:22:54,807 INFO 172/321 CIK0001620533 Shake Shack Inc. status=NO_BNPL_EVIDENCE
2026-08-09 21:22:54,809 INFO 173/321 CIK0001362468 Allegiant Travel CO status=NO_BNPL_EVIDENCE
2026-08-09 21:22:55,499 INFO 174/321 CIK0000854775 DIGI INTERNATIONAL INC status=NO_BNPL_EVIDENCE
2026-08-09 21:22:55,502 INFO 175/321 CIK0001758488 ONESPAWORLD HOLDINGS Ltd status=NO_BNPL_EVIDENCE
2026-08-09 21:22:55,504 INFO 176/321 CIK0000028823 DIEBOLD NIXDORF, Inc status=NO_BNPL_EVIDENCE
2026-08-09 21:22:56,079 INFO 177/321 CIK0000763744 LCI INDUSTRIES status=NO_BNPL_EVIDENCE
2026-08-09 21:22:56,081 INFO 178/321 CIK0001024305 COTY INC. status=NO_BNPL_EVIDENCE
2026-08-09 21:22:56,830 INFO 179/321 CIK0001589526 Blue Bird Corp status=NO_BNPL_EVIDENCE
2026-08-09 21:22:56,832 INFO 180/321 CIK0001964954 Okeanis Eco Tankers Corp. status=NO_BNPL_EVIDENCE
2026-08-09 21:22:57,525 INFO 181/321 CIK0000078814 PITNEY BOWES INC /DE/ status=NO_BNPL_EVIDENCE
2026-08-09 21:22:58,154 INFO 182/321 CIK0001415921 Navios Maritime Partners L.P. status=NO_BNPL_EVIDENCE
2026-08-09 21:22:58,783 INFO 183/321 CIK0001158463 JETBLUE AIRWAYS CORP status=NO_BNPL_EVIDENCE
2026-08-09 21:22:58,786 INFO 184/321 CIK0001561861 Grupo Aeromexico, S.A.B. de C.V. status=NO_BNPL_EVIDENCE
2026-08-09 21:22:59,460 INFO 185/321 CIK0001381640 Melco Resorts & Entertainment LTD status=NO_BNPL_EVIDENCE
2026-08-09 21:23:00,223 INFO 186/321 CIK0000907242 MONARCH CASINO & RESORT INC status=NO_BNPL_EVIDENCE
2026-08-09 21:23:00,226 INFO 187/321 CIK0001295810 Sunstone Hotel Investors, Inc. status=NO_BNPL_EVIDENCE
2026-08-09 21:23:00,812 INFO 188/321 CIK0001978867 Cadeler A/S status=NO_BNPL_EVIDENCE
2026-08-09 21:23:01,490 INFO 189/321 CIK0002013649 Chagee Holdings Ltd. status=NO_BNPL_EVIDENCE
2026-08-09 21:23:02,298 INFO 190/321 CIK0001884082 Polestar Automotive Holding UK PLC status=NO_BNPL_EVIDENCE
2026-08-09 21:23:02,851 INFO 191/321 CIK0001564902 United Parks & Resorts Inc. status=NO_BNPL_EVIDENCE
2026-08-09 21:23:03,516 INFO 192/321 CIK0001616000 Xenia Hotels & Resorts, Inc. status=NO_BNPL_EVIDENCE
2026-08-09 21:23:04,445 INFO 193/321 CIK0001596993 DORIAN LPG LTD. status=NO_BNPL_EVIDENCE
2026-08-09 21:23:04,447 INFO 194/321 CIK0001512499 LINDBLAD EXPEDITIONS HOLDINGS, INC. status=NO_BNPL_EVIDENCE
2026-08-09 21:23:04,449 INFO 195/321 CIK0001834489 Genius Sports Ltd status=NO_BNPL_EVIDENCE
2026-08-09 21:23:04,451 INFO 196/321 CIK0001503584 Costamare Inc. status=NO_BNPL_EVIDENCE
2026-08-09 21:23:04,452 INFO 197/321 CIK0001619762 Brightstar Lottery PLC status=NO_BNPL_EVIDENCE
2026-08-09 21:23:04,454 INFO 198/321 CIK0001530721 Capri Holdings Ltd status=NO_BNPL_EVIDENCE
2026-08-09 21:23:04,866 INFO 199/321 CIK0001999001 Six Flags Entertainment Corporation/NEW status=NO_BNPL_EVIDENCE
2026-08-09 21:23:04,869 INFO 200/321 CIK0001508478 Arcos Dorados Holdings Inc. status=NO_BNPL_EVIDENCE
2026-08-09 21:23:05,515 INFO 201/321 CIK0001772253 Flex LNG Ltd. status=NO_BNPL_EVIDENCE
2026-08-09 21:23:05,517 INFO 202/321 CIK0001670541 Adient plc status=NO_BNPL_EVIDENCE
2026-08-09 21:23:06,279 INFO 203/321 CIK0000926326 OMNICELL, INC. status=NO_BNPL_EVIDENCE
2026-08-09 21:23:06,836 INFO 204/321 CIK0001432364 AZUL SA status=NO_BNPL_EVIDENCE
2026-08-09 21:23:07,595 INFO 205/321 CIK0000057131 LA-Z-BOY INC status=NO_BNPL_EVIDENCE
2026-08-09 21:23:07,597 INFO 206/321 CIK0000821002 G III APPAREL GROUP LTD /DE/ status=NO_BNPL_EVIDENCE
2026-08-09 21:23:07,598 INFO 207/321 CIK0000066382 MILLERKNOLL, INC. status=NO_BNPL_EVIDENCE
2026-08-09 21:23:08,172 INFO 208/321 CIK0001013488 BJs RESTAURANTS INC status=NO_BNPL_EVIDENCE
2026-08-09 21:23:08,174 INFO 209/321 CIK0000884219 Pursuit Attractions & Hospitality, Inc. status=NO_BNPL_EVIDENCE
2026-08-09 21:23:08,851 INFO 210/321 CIK0001581804 Navigator Holdings Ltd. status=NO_BNPL_EVIDENCE
2026-08-09 21:23:09,590 INFO 211/321 CIK0001062231 Dauch Corp status=NO_BNPL_EVIDENCE
2026-08-09 21:23:10,267 INFO 212/321 CIK0000069633 NAPCO SECURITY TECHNOLOGIES, INC status=NO_BNPL_EVIDENCE
2026-08-09 21:23:10,269 INFO 213/321 CIK0002054507 Hotel101 Global Holdings Corp. status=NO_BNPL_EVIDENCE
2026-08-09 21:23:10,900 INFO 214/321 CIK0000851310 HARMONIC INC. status=NO_BNPL_EVIDENCE
2026-08-09 21:23:10,902 INFO 215/321 CIK0001067294 CRACKER BARREL OLD COUNTRY STORE, INC status=NO_BNPL_EVIDENCE
2026-08-09 21:23:11,580 INFO 216/321 CIK0001096752 EDGEWELL PERSONAL CARE Co status=NO_BNPL_EVIDENCE
2026-08-09 21:23:11,581 INFO 217/321 CIK0001722608 iQIYI, Inc. status=NO_BNPL_EVIDENCE
2026-08-09 21:23:11,582 INFO 218/321 CIK0000903129 Gentherm Inc status=NO_BNPL_EVIDENCE
2026-08-09 21:23:11,583 INFO 219/321 CIK0001726173 Biglari Holdings Inc. status=NO_BNPL_EVIDENCE
2026-08-09 21:23:12,268 INFO 220/321 CIK0001789029 Aeva Technologies, Inc. status=NO_BNPL_EVIDENCE
2026-08-09 21:23:12,900 INFO 221/321 CIK0000070866 NCR Voyix Corp status=NO_BNPL_EVIDENCE
2026-08-09 21:23:12,902 INFO 222/321 CIK0001743759 Corsair Gaming, Inc. status=NO_BNPL_EVIDENCE
2026-08-09 21:23:14,579 INFO 223/321 CIK0001326200 GENCO SHIPPING & TRADING LTD status=NO_BNPL_EVIDENCE
2026-08-09 21:23:14,756 INFO 224/321 CIK0001831907 LuxExperience B.V. status=NO_BNPL_EVIDENCE
2026-08-09 21:23:15,471 INFO 225/321 CIK0001941365 MasterBrand, Inc. status=NO_BNPL_EVIDENCE
2026-08-09 21:23:16,099 INFO 226/321 CIK0001850235 D-MARKET Electronic Services & Trading status=NO_BNPL_EVIDENCE
2026-08-09 21:23:16,101 INFO 227/321 CIK0001956955 Unusual Machines, Inc. status=NO_BNPL_EVIDENCE
2026-08-09 21:23:17,013 INFO 228/321 CIK0000911971 TEEKAY CORP LTD status=NO_BNPL_EVIDENCE
2026-08-09 21:23:17,452 INFO 229/321 CIK0001805385 Evolv Technologies Holdings, Inc. status=NO_BNPL_EVIDENCE
2026-08-09 21:23:18,370 INFO 230/321 CIK0000901491 PAPA JOHNS INTERNATIONAL INC status=NO_BNPL_EVIDENCE
2026-08-09 21:23:18,372 INFO 231/321 CIK0001698991 Accel Entertainment, Inc. status=NO_BNPL_EVIDENCE
2026-08-09 21:23:18,374 INFO 232/321 CIK0000810332 REPUBLIC AIRWAYS HOLDINGS INC. status=NO_BNPL_EVIDENCE
2026-08-09 21:23:18,809 INFO 233/321 CIK0001753539 BlackSky Technology Inc. status=NO_BNPL_EVIDENCE
2026-08-09 21:23:19,454 INFO 234/321 CIK0001840572 Lucky Strike Entertainment Corp status=NO_BNPL_EVIDENCE
2026-08-09 21:23:21,178 INFO 235/321 CIK0001520504 Controladora Vuela Compania de Aviacion, S.A.B. de C.V. status=NO_BNPL_EVIDENCE
2026-08-09 21:23:21,181 INFO 236/321 CIK0000062234 MARCUS CORP status=NO_BNPL_EVIDENCE
2026-08-09 21:23:21,183 INFO 237/321 CIK0001789940 First Watch Restaurant Group, Inc. status=NO_BNPL_EVIDENCE
2026-08-09 21:23:21,388 INFO 238/321 CIK0001826470 Petco Health & Wellness Company, Inc. status=NO_BNPL_EVIDENCE
2026-08-09 21:23:21,391 INFO 239/321 CIK0001434754 SAFE BULKERS, INC. status=NO_BNPL_EVIDENCE
2026-08-09 21:23:22,068 INFO 240/321 CIK0001682745 VERRA MOBILITY Corp status=NO_BNPL_EVIDENCE
2026-08-09 21:23:22,071 INFO 241/321 CIK0001995306 SUPER HI INTERNATIONAL HOLDING LTD. status=NO_BNPL_EVIDENCE
2026-08-09 21:23:22,707 INFO 242/321 CIK0001477815 Sweetgreen, Inc. status=NO_BNPL_EVIDENCE
2026-08-09 21:23:23,467 INFO 243/321 CIK0001057060 MARINEMAX INC status=NO_BNPL_EVIDENCE
2026-08-09 21:23:23,469 INFO 244/321 CIK0001345126 Compass Diversified Holdings status=NO_BNPL_EVIDENCE
2026-08-09 21:23:24,037 INFO 245/321 CIK0001865200 Angel Studios, Inc. status=NO_BNPL_EVIDENCE
2026-08-09 21:23:24,039 INFO 246/321 CIK0001756708 Jumia Technologies AG status=NO_BNPL_EVIDENCE
2026-08-09 21:23:24,714 INFO 247/321 CIK0001547459 Natural Grocers by Vitamin Cottage, Inc. status=NO_BNPL_EVIDENCE
2026-08-09 21:23:25,395 INFO 248/321 CIK0001546417 Bloomin' Brands, Inc. status=NO_BNPL_EVIDENCE
2026-08-09 21:23:25,397 INFO 249/321 CIK0001959455 Himalaya Shipping Ltd. status=NO_BNPL_EVIDENCE
2026-08-09 21:23:25,398 INFO 250/321 CIK0001577437 Ardmore Shipping Corp status=NO_BNPL_EVIDENCE
2026-08-09 21:23:25,401 INFO 251/321 CIK0001898718 GMR Solutions Inc. status=NO_BNPL_EVIDENCE
2026-08-09 21:23:26,073 INFO 252/321 CIK0000708821 PAR TECHNOLOGY CORP status=NO_BNPL_EVIDENCE
2026-08-09 21:23:26,748 INFO 253/321 CIK0000926282 ADTRAN Holdings, Inc. status=NO_BNPL_EVIDENCE
2026-08-09 21:23:27,432 INFO 254/321 CIK0001517396 STRATASYS LTD. status=NO_BNPL_EVIDENCE
2026-08-09 21:23:28,097 INFO 255/321 CIK0001824403 Reservoir Media, Inc. status=NO_BNPL_EVIDENCE
2026-08-09 21:23:28,977 INFO 256/321 CIK0001747079 Bally's Corp status=NO_BNPL_EVIDENCE
2026-08-09 21:23:29,490 INFO 257/321 CIK0001907085 Oddity Tech Ltd status=NO_BNPL_EVIDENCE
2026-08-09 21:23:30,079 INFO 258/321 CIK0001122904 NETGEAR, INC. status=NO_BNPL_EVIDENCE
2026-08-09 21:23:30,820 INFO 259/321 CIK0001759631 Hyliion Holdings Corp. status=NO_BNPL_EVIDENCE
2026-08-09 21:23:30,822 INFO 260/321 CIK0001704720 Cannae Holdings, Inc. status=NO_BNPL_EVIDENCE
2026-08-09 21:23:31,539 INFO 261/321 CIK0001788257 BETTERWARE DE MEXICO, S.A.P.I. DE C.V status=NO_BNPL_EVIDENCE
2026-08-09 21:23:31,541 INFO 262/321 CIK0000075288 OXFORD INDUSTRIES INC status=NO_BNPL_EVIDENCE
2026-08-09 21:23:32,117 INFO 263/321 CIK0000896156 ETHAN ALLEN INTERIORS INC status=NO_BNPL_EVIDENCE
2026-08-09 21:23:32,120 INFO 264/321 CIK0000701719 Envela Corp status=NO_BNPL_EVIDENCE
2026-08-09 21:23:32,975 INFO 265/321 CIK0001772177 KURA SUSHI USA, INC. status=NO_BNPL_EVIDENCE
2026-08-09 21:23:32,977 INFO 266/321 CIK0001854545 Dingdong (Cayman) Ltd status=NO_BNPL_EVIDENCE
2026-08-09 21:23:32,979 INFO 267/321 CIK0001318484 Citi Trends Inc status=NO_BNPL_EVIDENCE
2026-08-09 21:23:33,482 INFO 268/321 CIK0001341170 EUROSEAS LTD. status=NO_BNPL_EVIDENCE
2026-08-09 21:23:34,108 INFO 269/321 CIK0001473334 XMax Inc. status=NO_BNPL_EVIDENCE
2026-08-09 21:23:35,009 INFO 270/321 CIK0001962746 Lotus Technology Inc. status=NO_BNPL_EVIDENCE
2026-08-09 21:23:35,011 INFO 271/321 CIK0001874315 Satellogic Inc. status=NO_BNPL_EVIDENCE
2026-08-09 21:23:35,514 INFO 272/321 CIK0001774170 Powerfleet, Inc. status=NO_BNPL_EVIDENCE
2026-08-09 21:23:36,145 INFO 273/321 CIK0001320461 Cooper-Standard Holdings Inc. status=NO_BNPL_EVIDENCE
2026-08-09 21:23:36,806 INFO 274/321 CIK0001606366 El Pollo Loco Holdings, Inc. status=NO_BNPL_EVIDENCE
2026-08-09 21:23:36,809 INFO 275/321 CIK0001606909 Pangaea Logistics Solutions Ltd. status=NO_BNPL_EVIDENCE
2026-08-09 21:23:37,507 INFO 276/321 CIK0000788329 JOHNSON OUTDOORS INC status=NO_BNPL_EVIDENCE
2026-08-09 21:23:37,508 INFO 277/321 CIK0001937987 Falcon's Beyond Global, Inc. status=NO_BNPL_EVIDENCE
2026-08-09 21:23:37,510 INFO 278/321 CIK0001932737 ROBO.AI INC. status=NO_BNPL_EVIDENCE
2026-08-09 21:23:39,468 INFO 279/321 CIK0001862044 ZKH Group Ltd status=NO_BNPL_EVIDENCE
2026-08-09 21:23:39,471 INFO 280/321 CIK0002033535 Costamare Bulkers Holdings Ltd status=NO_BNPL_EVIDENCE
2026-08-09 21:23:39,689 INFO 281/321 CIK0000049754 Dine Brands Global, Inc. status=NO_BNPL_EVIDENCE
2026-08-09 21:23:39,691 INFO 282/321 CIK0000912728 FORWARD AIR CORP status=NO_BNPL_EVIDENCE
2026-08-09 21:23:40,347 INFO 283/321 CIK0000929351 STARZ ENTERTAINMENT CORP /CN/ status=NO_BNPL_EVIDENCE
2026-08-09 21:23:40,348 INFO 284/321 CIK0000014707 CALERES INC status=NO_BNPL_EVIDENCE
2026-08-09 21:23:40,989 INFO 285/321 CIK0000018498 GENESCO INC status=NO_BNPL_EVIDENCE
2026-08-09 21:23:40,991 INFO 286/321 CIK0000709283 QUANTUM CORP /DE/ status=NO_BNPL_EVIDENCE
2026-08-09 21:23:41,748 INFO 287/321 CIK0000796505 Clearfield, Inc. status=NO_BNPL_EVIDENCE
2026-08-09 21:23:41,751 INFO 288/321 CIK0001866782 Codere Online Luxembourg, S.A. status=NO_BNPL_EVIDENCE
2026-08-09 21:23:42,525 INFO 289/321 CIK0000895447 SHOE STATION GROUP INC status=NO_BNPL_EVIDENCE
2026-08-09 21:23:43,003 INFO 290/321 CIK0001530979 Honest Company, Inc. status=NO_BNPL_EVIDENCE
2026-08-09 21:23:43,005 INFO 291/321 CIK0000069733 NATHANS FAMOUS, INC. status=NO_BNPL_EVIDENCE
2026-08-09 21:23:43,007 INFO 292/321 CIK0000216085 HAVERTY FURNITURE COMPANIES INC status=NO_BNPL_EVIDENCE
2026-08-09 21:23:43,009 INFO 293/321 CIK0001171155 RADIANT LOGISTICS, INC status=NO_BNPL_EVIDENCE
2026-08-09 21:23:43,011 INFO 294/321 CIK0001770450 Xerox Holdings Corp status=NO_BNPL_EVIDENCE
2026-08-09 21:23:43,702 INFO 295/321 CIK0001669779 Camping World Holdings, Inc. status=NO_BNPL_EVIDENCE
2026-08-09 21:23:44,395 INFO 296/321 CIK0001448397 Seanergy Maritime Holdings Corp. status=NO_BNPL_EVIDENCE
2026-08-09 21:23:44,397 INFO 297/321 CIK0001564180 KNOT Offshore Partners LP status=NO_BNPL_EVIDENCE
2026-08-09 21:23:45,094 INFO 298/321 CIK0001365767 Allot Ltd. status=NO_BNPL_EVIDENCE
2026-08-09 21:23:45,096 INFO 299/321 CIK0001703157 Securetech Innovations, Inc. status=NO_BNPL_EVIDENCE
2026-08-09 21:23:45,776 INFO 300/321 CIK0001525769 Dave & Buster's Entertainment, Inc. status=NO_BNPL_EVIDENCE
2026-08-09 21:23:47,424 INFO 301/321 CIK0002047273 BUUU Group Ltd status=NO_BNPL_EVIDENCE
2026-08-09 21:23:47,633 INFO 302/321 CIK0000933034 STRATTEC SECURITY CORP status=NO_BNPL_EVIDENCE
2026-08-09 21:23:47,635 INFO 303/321 CIK0001956439 Enhanced Group Inc. status=NO_BNPL_EVIDENCE
2026-08-09 21:23:48,273 INFO 304/321 CIK0000895456 ROCKY BRANDS, INC. status=NO_BNPL_EVIDENCE
2026-08-09 21:23:49,013 INFO 305/321 CIK0001713334 STUDIO CITY INTERNATIONAL HOLDINGS Ltd status=NO_BNPL_EVIDENCE
2026-08-09 21:23:49,692 INFO 306/321 CIK0001957413 Digital Currency X Technology Inc. status=NO_BNPL_EVIDENCE
2026-08-09 21:23:50,361 INFO 307/321 CIK0002009684 Seaport Entertainment Group Inc. status=NO_BNPL_EVIDENCE
2026-08-09 21:23:50,955 INFO 308/321 CIK0001871509 Portillo's Inc. status=NO_BNPL_EVIDENCE
2026-08-09 21:23:51,708 INFO 309/321 CIK0001819580 Yatsen Holding Ltd status=NO_BNPL_EVIDENCE
2026-08-09 21:23:52,311 INFO 310/321 CIK0001706946 Virgin Galactic Holdings, Inc status=NO_BNPL_EVIDENCE
2026-08-09 21:23:53,049 INFO 311/321 CIK0001822928 Holley Inc. status=NO_BNPL_EVIDENCE
2026-08-09 21:23:53,749 INFO 312/321 CIK0001802156 Xponential Fitness, Inc. status=NO_BNPL_EVIDENCE
2026-08-09 21:23:54,335 INFO 313/321 CIK0000807882 JACK IN THE BOX INC status=NO_BNPL_EVIDENCE
2026-08-09 21:23:54,989 INFO 314/321 CIK0001319947 Designer Brands Inc. status=NO_BNPL_EVIDENCE
2026-08-09 21:23:55,658 INFO 315/321 CIK0000015847 BUTLER NATIONAL CORP status=NO_BNPL_EVIDENCE
2026-08-09 21:23:56,316 INFO 316/321 CIK0000002186 BK Technologies Corp status=NO_BNPL_EVIDENCE
2026-08-09 21:23:57,006 INFO 317/321 CIK0000037472 FLEXSTEEL INDUSTRIES INC status=NO_BNPL_EVIDENCE
2026-08-09 21:23:57,684 INFO 318/321 CIK0001009829 JAKKS PACIFIC INC status=NO_BNPL_EVIDENCE
2026-08-09 21:23:58,328 INFO 319/321 CIK0001318885 DIANA SHIPPING INC. status=NO_BNPL_EVIDENCE
2026-08-09 21:23:59,000 INFO 320/321 CIK0001901203 CN Healthy Food Tech Group Corp. status=NO_BNPL_EVIDENCE
2026-08-09 21:23:59,682 INFO 321/321 CIK0000033488 ESCALADE INC status=NO_BNPL_EVIDENCE
2026-08-09 21:25:29,065 INFO 1/127 CIK0001318605 Tesla, Inc. status=NO_BNPL_EVIDENCE
2026-08-09 21:25:29,254 INFO 2/127 CIK0001571996 Dell Technologies Inc. status=NO_BNPL_EVIDENCE
2026-08-09 21:25:29,256 INFO 3/127 CIK0000051143 INTERNATIONAL BUSINESS MACHINES CORP status=NO_BNPL_EVIDENCE
2026-08-09 21:25:29,923 INFO 4/127 CIK0001137789 Seagate Technology Holdings plc status=NO_BNPL_EVIDENCE
2026-08-09 21:25:29,925 INFO 5/127 CIK0000804328 QUALCOMM INC/DE status=NO_BNPL_EVIDENCE
2026-08-09 21:25:29,927 INFO 6/127 CIK0000064803 CVS HEALTH Corp status=NO_BNPL_EVIDENCE
2026-08-09 21:25:30,593 INFO 7/127 CIK0000829224 STARBUCKS CORP status=NO_BNPL_EVIDENCE
2026-08-09 21:25:30,596 INFO 8/127 CIK0001262039 Fortinet, Inc. status=NO_BNPL_EVIDENCE
2026-08-09 21:25:31,248 INFO 9/127 CIK0000865752 Monster Beverage Corp status=NO_BNPL_EVIDENCE
2026-08-09 21:25:31,251 INFO 10/127 CIK0001690820 CARVANA CO. status=NO_BNPL_EVIDENCE
2026-08-09 21:25:31,926 INFO 11/127 CIK0000089800 SHERWIN WILLIAMS CO status=NO_BNPL_EVIDENCE
2026-08-09 21:25:32,677 INFO 12/127 CIK0000723254 CINTAS CORP status=NO_BNPL_EVIDENCE
2026-08-09 21:25:32,680 INFO 13/127 CIK0000745732 ROSS STORES, INC. status=NO_BNPL_EVIDENCE
2026-08-09 21:25:33,270 INFO 14/127 CIK0001467858 General Motors Co status=NO_BNPL_EVIDENCE
2026-08-09 21:25:33,272 INFO 15/127 CIK0000898173 O REILLY AUTOMOTIVE INC status=NO_BNPL_EVIDENCE
2026-08-09 21:25:34,144 INFO 16/127 CIK0000068505 Motorola Solutions, Inc. status=NO_BNPL_EVIDENCE
2026-08-09 21:25:34,146 INFO 17/127 CIK0001585689 Hilton Worldwide Holdings Inc. status=NO_BNPL_EVIDENCE
2026-08-09 21:25:34,148 INFO 18/127 CIK0000075362 PACCAR INC status=NO_BNPL_EVIDENCE
2026-08-09 21:25:34,150 INFO 19/127 CIK0001645590 Hewlett Packard Enterprise Co status=NO_BNPL_EVIDENCE
2026-08-09 21:25:34,152 INFO 20/127 CIK0000037996 FORD MOTOR CO status=NO_BNPL_EVIDENCE
2026-08-09 21:25:34,668 INFO 21/127 CIK0000815556 FASTENAL CO status=NO_BNPL_EVIDENCE
2026-08-09 21:25:34,671 INFO 22/127 CIK0000936395 CIENA CORP status=NO_BNPL_EVIDENCE
2026-08-09 21:25:34,673 INFO 23/127 CIK0001058090 CHIPOTLE MEXICAN GRILL INC status=NO_BNPL_EVIDENCE
2026-08-09 21:25:35,335 INFO 24/127 CIK0001041061 YUM BRANDS INC status=NO_BNPL_EVIDENCE
2026-08-09 21:25:36,150 INFO 25/127 CIK0000100517 United Airlines Holdings, Inc. status=NO_BNPL_EVIDENCE
2026-08-09 21:25:36,659 INFO 26/127 CIK0000815097 Carnival Corp Ltd. status=NO_BNPL_EVIDENCE
2026-08-09 21:25:36,660 INFO 27/127 CIK0001002047 NetApp, Inc. status=NO_BNPL_EVIDENCE
2026-08-09 21:25:37,283 INFO 28/127 CIK0001511737 Ubiquiti Inc. status=NO_BNPL_EVIDENCE
2026-08-09 21:25:38,055 INFO 29/127 CIK0000726958 CASEYS GENERAL STORES INC status=NO_BNPL_EVIDENCE
2026-08-09 21:25:38,058 INFO 30/127 CIK0000935703 DOLLAR TREE, INC. status=NO_BNPL_EVIDENCE
2026-08-09 21:25:38,655 INFO 31/127 CIK0000940944 DARDEN RESTAURANTS INC status=NO_BNPL_EVIDENCE
2026-08-09 21:25:38,657 INFO 32/127 CIK0000092380 SOUTHWEST AIRLINES CO status=NO_BNPL_EVIDENCE
2026-08-09 21:25:39,294 INFO 33/127 CIK0000746515 EXPEDITORS INTERNATIONAL OF WASHINGTON INC status=NO_BNPL_EVIDENCE
2026-08-09 21:25:40,084 INFO 34/127 CIK0001375365 Super Micro Computer, Inc. status=NO_BNPL_EVIDENCE
2026-08-09 21:25:40,087 INFO 35/127 CIK0001043277 C. H. ROBINSON WORLDWIDE, INC. status=NO_BNPL_EVIDENCE
2026-08-09 21:25:40,633 INFO 36/127 CIK0001673358 Yum China Holdings, Inc. status=NO_BNPL_EVIDENCE
2026-08-09 21:25:40,635 INFO 37/127 CIK0001019849 PENSKE AUTOMOTIVE GROUP, INC. status=NO_BNPL_EVIDENCE
2026-08-09 21:25:40,637 INFO 38/127 CIK0001206264 SOMNIGROUP INTERNATIONAL INC. status=NO_BNPL_EVIDENCE
2026-08-09 21:25:41,308 INFO 39/127 CIK0001289460 Texas Roadhouse, Inc. status=NO_BNPL_EVIDENCE
2026-08-09 21:25:41,311 INFO 40/127 CIK0001319161 Warner Music Group Corp. status=NO_BNPL_EVIDENCE
2026-08-09 21:25:41,981 INFO 41/127 CIK0000317540 Coca-Cola Consolidated, Inc. status=NO_BNPL_EVIDENCE
2026-08-09 21:25:42,739 INFO 42/127 CIK0001521332 Aptiv PLC status=NO_BNPL_EVIDENCE
2026-08-09 21:25:43,402 INFO 43/127 CIK0000067347 MODINE MANUFACTURING CO status=NO_BNPL_EVIDENCE
2026-08-09 21:25:44,023 INFO 44/127 CIK0000094845 LEVI STRAUSS & CO status=NO_BNPL_EVIDENCE
2026-08-09 21:25:44,025 INFO 45/127 CIK0001636519 Madison Square Garden Sports Corp. status=NO_BNPL_EVIDENCE
2026-08-09 21:25:44,741 INFO 46/127 CIK0001411207 Allison Transmission Holdings Inc status=NO_BNPL_EVIDENCE
2026-08-09 21:25:44,743 INFO 47/127 CIK0000703351 BRINKER INTERNATIONAL, INC status=NO_BNPL_EVIDENCE
2026-08-09 21:25:44,745 INFO 48/127 CIK0001034670 AUTOLIV INC status=NO_BNPL_EVIDENCE
2026-08-09 21:25:44,747 INFO 49/127 CIK0001023128 LITHIA MOTORS INC status=NO_BNPL_EVIDENCE
2026-08-09 21:25:44,749 INFO 50/127 CIK0001341766 Celsius Holdings, Inc. status=NO_BNPL_EVIDENCE
2026-08-09 21:25:44,752 INFO 51/127 CIK0001316835 Builders FirstSource, Inc. status=NO_BNPL_EVIDENCE
2026-08-09 21:25:45,364 INFO 52/127 CIK0000056047 KIRBY CORP status=NO_BNPL_EVIDENCE
2026-08-09 21:25:45,367 INFO 53/127 CIK0000350698 AUTONATION, INC. status=NO_BNPL_EVIDENCE
2026-08-09 21:25:45,369 INFO 54/127 CIK0001653653 Red Rock Resorts, Inc. status=NO_BNPL_EVIDENCE
2026-08-09 21:25:45,371 INFO 55/127 CIK0001507079 Floor & Decor Holdings, Inc. status=NO_BNPL_EVIDENCE
2026-08-09 21:25:45,373 INFO 56/127 CIK0000040211 GATX CORP status=NO_BNPL_EVIDENCE
2026-08-09 21:25:46,084 INFO 57/127 CIK0001012019 RUSH ENTERPRISES INC \TX\ status=NO_BNPL_EVIDENCE
2026-08-09 21:25:46,733 INFO 58/127 CIK0000003453 Matson, Inc. status=NO_BNPL_EVIDENCE
2026-08-09 21:25:47,737 INFO 59/127 CIK0001590895 Caesars Entertainment, Inc. status=AMBIGUOUS
2026-08-09 21:25:48,048 INFO 60/127 CIK0001041803 PRICESMART INC status=NO_BNPL_EVIDENCE
2026-08-09 21:25:49,081 INFO 61/127 CIK0000020212 Churchill Downs Inc status=AMBIGUOUS
2026-08-09 21:25:49,385 INFO 62/127 CIK0000766421 ALASKA AIR GROUP, INC. status=NO_BNPL_EVIDENCE
2026-08-09 21:25:50,084 INFO 63/127 CIK0001046311 CHOICE HOTELS INTERNATIONAL INC /DE status=NO_BNPL_EVIDENCE
2026-08-09 21:25:50,086 INFO 64/127 CIK0001760965 Kontoor Brands, Inc. status=NO_BNPL_EVIDENCE
2026-08-09 21:25:50,087 INFO 65/127 CIK0001610250 Boot Barn Holdings, Inc. status=NO_BNPL_EVIDENCE
2026-08-09 21:25:50,732 INFO 66/127 CIK0001639300 Ollie's Bargain Outlet Holdings, Inc. status=NO_BNPL_EVIDENCE
2026-08-09 21:25:51,380 INFO 67/127 CIK0001637207 Planet Fitness, Inc. status=NO_BNPL_EVIDENCE
2026-08-09 21:25:52,126 INFO 68/127 CIK0000063276 MATTEL INC /DE/ status=NO_BNPL_EVIDENCE
2026-08-09 21:25:53,773 INFO 69/127 CIK0001646188 Ondas Inc. status=NO_BNPL_EVIDENCE
2026-08-09 21:25:53,963 INFO 70/127 CIK0001385280 Cinemark Holdings, Inc. status=NO_BNPL_EVIDENCE
2026-08-09 21:25:53,965 INFO 71/127 CIK0001395942 OPENLANE, Inc. status=NO_BNPL_EVIDENCE
2026-08-09 21:25:53,967 INFO 72/127 CIK0000868780 Dorman Products, Inc. status=NO_BNPL_EVIDENCE
2026-08-09 21:25:53,968 INFO 73/127 CIK0000932696 INSIGHT ENTERPRISES INC status=NO_BNPL_EVIDENCE
2026-08-09 21:25:53,970 INFO 74/127 CIK0000913241 STEVEN MADDEN, LTD. status=NO_BNPL_EVIDENCE
2026-08-09 21:25:54,754 INFO 75/127 CIK0000837465 Callaway Golf Co status=NO_BNPL_EVIDENCE
2026-08-09 21:25:55,464 INFO 76/127 CIK0001031203 GROUP 1 AUTOMOTIVE INC status=NO_BNPL_EVIDENCE
2026-08-09 21:25:55,981 INFO 77/127 CIK0001587523 Knowles Corp status=NO_BNPL_EVIDENCE
2026-08-09 21:25:56,676 INFO 78/127 CIK0000048287 HNI CORP status=NO_BNPL_EVIDENCE
2026-08-09 21:25:56,679 INFO 79/127 CIK0001617406 Park Hotels & Resorts Inc. status=NO_BNPL_EVIDENCE
2026-08-09 21:25:57,327 INFO 80/127 CIK0000069891 NATIONAL BEVERAGE CORP status=NO_BNPL_EVIDENCE
2026-08-09 21:25:58,484 INFO 81/127 CIK0000940942 Hub Group, Inc. status=NO_BNPL_EVIDENCE
2026-08-09 21:25:58,730 INFO 82/127 CIK0001111335 VISTEON CORP status=NO_BNPL_EVIDENCE
2026-08-09 21:25:59,462 INFO 83/127 CIK0000921738 PENN Entertainment, Inc. status=NO_BNPL_EVIDENCE
2026-08-09 21:26:00,018 INFO 84/127 CIK0001620533 Shake Shack Inc. status=NO_BNPL_EVIDENCE
2026-08-09 21:26:00,747 INFO 85/127 CIK0000854775 DIGI INTERNATIONAL INC status=NO_BNPL_EVIDENCE
2026-08-09 21:26:00,749 INFO 86/127 CIK0000028823 DIEBOLD NIXDORF, Inc status=NO_BNPL_EVIDENCE
2026-08-09 21:26:00,751 INFO 87/127 CIK0001024305 COTY INC. status=NO_BNPL_EVIDENCE
2026-08-09 21:26:01,365 INFO 88/127 CIK0001589526 Blue Bird Corp status=NO_BNPL_EVIDENCE
2026-08-09 21:26:02,038 INFO 89/127 CIK0000078814 PITNEY BOWES INC /DE/ status=NO_BNPL_EVIDENCE
2026-08-09 21:26:02,717 INFO 90/127 CIK0001158463 JETBLUE AIRWAYS CORP status=NO_BNPL_EVIDENCE
2026-08-09 21:26:03,376 INFO 91/127 CIK0000907242 MONARCH CASINO & RESORT INC status=NO_BNPL_EVIDENCE
2026-08-09 21:26:03,378 INFO 92/127 CIK0001530721 Capri Holdings Ltd status=NO_BNPL_EVIDENCE
2026-08-09 21:26:03,380 INFO 93/127 CIK0001670541 Adient plc status=NO_BNPL_EVIDENCE
2026-08-09 21:26:04,048 INFO 94/127 CIK0000926326 OMNICELL, INC. status=NO_BNPL_EVIDENCE
2026-08-09 21:26:04,729 INFO 95/127 CIK0000057131 LA-Z-BOY INC status=NO_BNPL_EVIDENCE
2026-08-09 21:26:04,732 INFO 96/127 CIK0000066382 MILLERKNOLL, INC. status=NO_BNPL_EVIDENCE
2026-08-09 21:26:05,414 INFO 97/127 CIK0000069633 NAPCO SECURITY TECHNOLOGIES, INC status=NO_BNPL_EVIDENCE
2026-08-09 21:26:06,043 INFO 98/127 CIK0000851310 HARMONIC INC. status=NO_BNPL_EVIDENCE
2026-08-09 21:26:06,736 INFO 99/127 CIK0001096752 EDGEWELL PERSONAL CARE Co status=NO_BNPL_EVIDENCE
2026-08-09 21:26:07,465 INFO 100/127 CIK0000901491 PAPA JOHNS INTERNATIONAL INC status=NO_BNPL_EVIDENCE
2026-08-09 21:26:08,051 INFO 101/127 CIK0000062234 MARCUS CORP status=NO_BNPL_EVIDENCE
2026-08-09 21:26:08,758 INFO 102/127 CIK0001682745 VERRA MOBILITY Corp status=NO_BNPL_EVIDENCE
2026-08-09 21:26:08,760 INFO 103/127 CIK0001345126 Compass Diversified Holdings status=NO_BNPL_EVIDENCE
2026-08-09 21:26:09,398 INFO 104/127 CIK0001547459 Natural Grocers by Vitamin Cottage, Inc. status=NO_BNPL_EVIDENCE
2026-08-09 21:26:10,114 INFO 105/127 CIK0001546417 Bloomin' Brands, Inc. status=NO_BNPL_EVIDENCE
2026-08-09 21:26:10,723 INFO 106/127 CIK0000926282 ADTRAN Holdings, Inc. status=NO_BNPL_EVIDENCE
2026-08-09 21:26:11,413 INFO 107/127 CIK0001517396 STRATASYS LTD. status=NO_BNPL_EVIDENCE
2026-08-09 21:26:12,071 INFO 108/127 CIK0001747079 Bally's Corp status=NO_BNPL_EVIDENCE
2026-08-09 21:26:12,839 INFO 109/127 CIK0001122904 NETGEAR, INC. status=NO_BNPL_EVIDENCE
2026-08-09 21:26:12,840 INFO 110/127 CIK0000075288 OXFORD INDUSTRIES INC status=NO_BNPL_EVIDENCE
2026-08-09 21:26:13,445 INFO 111/127 CIK0000896156 ETHAN ALLEN INTERIORS INC status=NO_BNPL_EVIDENCE
2026-08-09 21:26:13,447 INFO 112/127 CIK0000701719 Envela Corp status=NO_BNPL_EVIDENCE
2026-08-09 21:26:13,449 INFO 113/127 CIK0001318484 Citi Trends Inc status=NO_BNPL_EVIDENCE
2026-08-09 21:26:14,133 INFO 114/127 CIK0001473334 XMax Inc. status=NO_BNPL_EVIDENCE
2026-08-09 21:26:14,135 INFO 115/127 CIK0001606909 Pangaea Logistics Solutions Ltd. status=NO_BNPL_EVIDENCE
2026-08-09 21:26:14,136 INFO 116/127 CIK0000912728 FORWARD AIR CORP status=NO_BNPL_EVIDENCE
2026-08-09 21:26:14,806 INFO 117/127 CIK0000895447 SHOE STATION GROUP INC status=NO_BNPL_EVIDENCE
2026-08-09 21:26:14,809 INFO 118/127 CIK0000216085 HAVERTY FURNITURE COMPANIES INC status=NO_BNPL_EVIDENCE
2026-08-09 21:26:15,437 INFO 119/127 CIK0001669779 Camping World Holdings, Inc. status=NO_BNPL_EVIDENCE
2026-08-09 21:26:16,231 INFO 120/127 CIK0000933034 STRATTEC SECURITY CORP status=NO_BNPL_EVIDENCE
2026-08-09 21:26:16,777 INFO 121/127 CIK0000895456 ROCKY BRANDS, INC. status=NO_BNPL_EVIDENCE
2026-08-09 21:26:17,457 INFO 122/127 CIK0000807882 JACK IN THE BOX INC status=NO_BNPL_EVIDENCE
2026-08-09 21:26:18,252 INFO 123/127 CIK0001319947 Designer Brands Inc. status=NO_BNPL_EVIDENCE
2026-08-09 21:26:18,828 INFO 124/127 CIK0000002186 BK Technologies Corp status=NO_BNPL_EVIDENCE
2026-08-09 21:26:19,549 INFO 125/127 CIK0000037472 FLEXSTEEL INDUSTRIES INC status=NO_BNPL_EVIDENCE
2026-08-09 21:26:20,136 INFO 126/127 CIK0001009829 JAKKS PACIFIC INC status=NO_BNPL_EVIDENCE
2026-08-09 21:26:20,819 INFO 127/127 CIK0000033488 ESCALADE INC status=NO_BNPL_EVIDENCE
2026-08-09 21:34:22,522 INFO 1/321 CIK0001318605 Tesla, Inc. status=NO_BNPL_EVIDENCE
2026-08-09 21:34:22,525 INFO 2/321 CIK0001571996 Dell Technologies Inc. status=NO_BNPL_EVIDENCE
2026-08-09 21:34:22,525 INFO 3/321 CIK0001094517 TOYOTA MOTOR CORP/ status=NO_BNPL_EVIDENCE
2026-08-09 21:34:22,526 INFO 4/321 CIK0000051143 INTERNATIONAL BUSINESS MACHINES CORP status=NO_BNPL_EVIDENCE
2026-08-09 21:34:22,527 INFO 5/321 CIK0001137789 Seagate Technology Holdings plc status=NO_BNPL_EVIDENCE
2026-08-09 21:34:22,527 INFO 6/321 CIK0002023554 Sandisk Corp status=NO_BNPL_EVIDENCE
2026-08-09 21:34:22,528 INFO 7/321 CIK0000109198 TJX COMPANIES INC /DE/ status=NO_BNPL_EVIDENCE
2026-08-09 21:34:22,529 INFO 8/321 CIK0000804328 QUALCOMM INC/DE status=NO_BNPL_EVIDENCE
2026-08-09 21:34:22,530 INFO 9/321 CIK0000064803 CVS HEALTH Corp status=NO_BNPL_EVIDENCE
2026-08-09 21:34:22,530 INFO 10/321 CIK0000829224 STARBUCKS CORP status=NO_BNPL_EVIDENCE
2026-08-09 21:34:22,531 INFO 11/321 CIK0001262039 Fortinet, Inc. status=NO_BNPL_EVIDENCE
2026-08-09 21:34:22,532 INFO 12/321 CIK0000865752 Monster Beverage Corp status=NO_BNPL_EVIDENCE
2026-08-09 21:34:22,532 INFO 13/321 CIK0001690820 CARVANA CO. status=NO_BNPL_EVIDENCE
2026-08-09 21:34:22,533 INFO 14/321 CIK0000089800 SHERWIN WILLIAMS CO status=NO_BNPL_EVIDENCE
2026-08-09 21:34:22,534 INFO 15/321 CIK0000723254 CINTAS CORP status=NO_BNPL_EVIDENCE
2026-08-09 21:34:22,535 INFO 16/321 CIK0000745732 ROSS STORES, INC. status=NO_BNPL_EVIDENCE
2026-08-09 21:34:22,536 INFO 17/321 CIK0001467858 General Motors Co status=NO_BNPL_EVIDENCE
2026-08-09 21:34:22,536 INFO 18/321 CIK0000898173 O REILLY AUTOMOTIVE INC status=NO_BNPL_EVIDENCE
2026-08-09 21:34:22,537 INFO 19/321 CIK0000068505 Motorola Solutions, Inc. status=NO_BNPL_EVIDENCE
2026-08-09 21:34:22,538 INFO 20/321 CIK0001585689 Hilton Worldwide Holdings Inc. status=NO_BNPL_EVIDENCE
2026-08-09 21:34:22,538 INFO 21/321 CIK0000075362 PACCAR INC status=NO_BNPL_EVIDENCE
2026-08-09 21:34:22,539 INFO 22/321 CIK0001648416 Ferrari N.V. status=NO_BNPL_EVIDENCE
2026-08-09 21:34:22,540 INFO 23/321 CIK0001645590 Hewlett Packard Enterprise Co status=NO_BNPL_EVIDENCE
2026-08-09 21:34:22,540 INFO 24/321 CIK0000037996 FORD MOTOR CO status=NO_BNPL_EVIDENCE
2026-08-09 21:34:22,541 INFO 25/321 CIK0001633978 Lumentum Holdings Inc. status=NO_BNPL_EVIDENCE
2026-08-09 21:34:22,542 INFO 26/321 CIK0000815556 FASTENAL CO status=NO_BNPL_EVIDENCE
2026-08-09 21:34:22,542 INFO 27/321 CIK0000936395 CIENA CORP status=NO_BNPL_EVIDENCE
2026-08-09 21:34:22,543 INFO 28/321 CIK0001650107 COCA-COLA EUROPACIFIC PARTNERS plc status=NO_BNPL_EVIDENCE
2026-08-09 21:34:22,544 INFO 29/321 CIK0001058090 CHIPOTLE MEXICAN GRILL INC status=NO_BNPL_EVIDENCE
2026-08-09 21:34:22,544 INFO 30/321 CIK0001745201 Viking Holdings Ltd status=NO_BNPL_EVIDENCE
2026-08-09 21:34:22,545 INFO 31/321 CIK0001900304 Haleon plc status=NO_BNPL_EVIDENCE
2026-08-09 21:34:22,546 INFO 32/321 CIK0001061736 MEXICAN ECONOMIC DEVELOPMENT INC status=NO_BNPL_EVIDENCE
2026-08-09 21:34:22,546 INFO 33/321 CIK0001041061 YUM BRANDS INC status=NO_BNPL_EVIDENCE
2026-08-09 21:34:22,547 INFO 34/321 CIK0000100517 United Airlines Holdings, Inc. status=NO_BNPL_EVIDENCE
2026-08-09 21:34:22,548 INFO 35/321 CIK0000815097 Carnival Corp Ltd. status=NO_BNPL_EVIDENCE
2026-08-09 21:34:22,548 INFO 36/321 CIK0001944048 Kenvue Inc. status=NO_BNPL_EVIDENCE
2026-08-09 21:34:22,549 INFO 37/321 CIK0001002047 NetApp, Inc. status=NO_BNPL_EVIDENCE
2026-08-09 21:34:22,549 INFO 38/321 CIK0001973266 TKO Group Holdings, Inc. status=NO_BNPL_EVIDENCE
2026-08-09 21:34:22,550 INFO 39/321 CIK0001511737 Ubiquiti Inc. status=NO_BNPL_EVIDENCE
2026-08-09 21:34:22,551 INFO 40/321 CIK0000726958 CASEYS GENERAL STORES INC status=NO_BNPL_EVIDENCE
2026-08-09 21:34:22,551 INFO 41/321 CIK0000717826 ERICSSON LM TELEPHONE CO status=NO_BNPL_EVIDENCE
2026-08-09 21:34:22,552 INFO 42/321 CIK0001038683 RYANAIR HOLDINGS PLC status=NO_BNPL_EVIDENCE
2026-08-09 21:34:22,553 INFO 43/321 CIK0001834584 Coupang, Inc. status=NO_BNPL_EVIDENCE
2026-08-09 21:34:22,553 INFO 44/321 CIK0000900075 COPART INC status=NO_BNPL_EVIDENCE
2026-08-09 21:34:22,554 INFO 45/321 CIK0000935703 DOLLAR TREE, INC. status=NO_BNPL_EVIDENCE
2026-08-09 21:34:22,554 INFO 46/321 CIK0000858446 INTERCONTINENTAL HOTELS GROUP PLC /NEW/ status=NO_BNPL_EVIDENCE
2026-08-09 21:34:22,555 INFO 47/321 CIK0000940944 DARDEN RESTAURANTS INC status=NO_BNPL_EVIDENCE
2026-08-09 21:34:22,556 INFO 48/321 CIK0001048695 F5, INC. status=NO_BNPL_EVIDENCE
2026-08-09 21:34:22,556 INFO 49/321 CIK0001874178 Rivian Automotive, Inc. / DE status=NO_BNPL_EVIDENCE
2026-08-09 21:34:22,557 INFO 50/321 CIK0000092380 SOUTHWEST AIRLINES CO status=NO_BNPL_EVIDENCE
2026-08-09 21:34:22,558 INFO 51/321 CIK0000746515 EXPEDITORS INTERNATIONAL OF WASHINGTON INC status=NO_BNPL_EVIDENCE
2026-08-09 21:34:22,558 INFO 52/321 CIK0000749098 MAGNA INTERNATIONAL INC status=NO_BNPL_EVIDENCE
2026-08-09 21:34:22,559 INFO 53/321 CIK0001375365 Super Micro Computer, Inc. status=NO_BNPL_EVIDENCE
2026-08-09 21:34:22,560 INFO 54/321 CIK0001043277 C. H. ROBINSON WORLDWIDE, INC. status=NO_BNPL_EVIDENCE
2026-08-09 21:34:22,560 INFO 55/321 CIK0001605484 Stellantis N.V. status=NO_BNPL_EVIDENCE
2026-08-09 21:34:22,561 INFO 56/321 CIK0001673358 Yum China Holdings, Inc. status=NO_BNPL_EVIDENCE
2026-08-09 21:34:22,562 INFO 57/321 CIK0001584509 Aramark status=NO_BNPL_EVIDENCE
2026-08-09 21:34:22,562 INFO 58/321 CIK0001019849 PENSKE AUTOMOTIVE GROUP, INC. status=NO_BNPL_EVIDENCE
2026-08-09 21:34:22,563 INFO 59/321 CIK0001206264 SOMNIGROUP INTERNATIONAL INC. status=NO_BNPL_EVIDENCE
2026-08-09 21:34:22,564 INFO 60/321 CIK0001289460 Texas Roadhouse, Inc. status=NO_BNPL_EVIDENCE
2026-08-09 21:34:22,564 INFO 61/321 CIK0001319161 Warner Music Group Corp. status=NO_BNPL_EVIDENCE
2026-08-09 21:34:22,565 INFO 62/321 CIK0001791706 Li Auto Inc. status=NO_BNPL_EVIDENCE
2026-08-09 21:34:22,566 INFO 63/321 CIK0001483994 H World Group Ltd status=NO_BNPL_EVIDENCE
2026-08-09 21:34:22,566 INFO 64/321 CIK0000317540 Coca-Cola Consolidated, Inc. status=NO_BNPL_EVIDENCE
2026-08-09 21:34:22,567 INFO 65/321 CIK0001810997 XPENG INC. status=NO_BNPL_EVIDENCE
2026-08-09 21:34:22,568 INFO 66/321 CIK0001521332 Aptiv PLC status=NO_BNPL_EVIDENCE
2026-08-09 21:34:22,568 INFO 67/321 CIK0001883685 DraftKings Inc. status=NO_BNPL_EVIDENCE
2026-08-09 21:34:22,569 INFO 68/321 CIK0001866581 Dutch Bros Inc. status=NO_BNPL_EVIDENCE
2026-08-09 21:34:22,570 INFO 69/321 CIK0001573516 Murphy USA Inc. status=NO_BNPL_EVIDENCE
2026-08-09 21:34:22,570 INFO 70/321 CIK0000067347 MODINE MANUFACTURING CO status=NO_BNPL_EVIDENCE
2026-08-09 21:34:22,571 INFO 71/321 CIK0001061894 Gildan Activewear Inc. status=NO_BNPL_EVIDENCE
2026-08-09 21:34:22,572 INFO 72/321 CIK0001174922 WYNN RESORTS LTD status=NO_BNPL_EVIDENCE
2026-08-09 21:34:22,573 INFO 73/321 CIK0001869198 Life Time Group Holdings, Inc. status=NO_BNPL_EVIDENCE
2026-08-09 21:34:22,574 INFO 74/321 CIK0001767582 Luckin Coffee Inc. status=NO_BNPL_EVIDENCE
2026-08-09 21:34:22,575 INFO 75/321 CIK0000094845 LEVI STRAUSS & CO status=NO_BNPL_EVIDENCE
2026-08-09 21:34:22,576 INFO 76/321 CIK0001636519 Madison Square Garden Sports Corp. status=NO_BNPL_EVIDENCE
2026-08-09 21:34:22,576 INFO 77/321 CIK0001411207 Allison Transmission Holdings Inc status=NO_BNPL_EVIDENCE
2026-08-09 21:34:22,577 INFO 78/321 CIK0000703351 BRINKER INTERNATIONAL, INC status=NO_BNPL_EVIDENCE
2026-08-09 21:34:22,579 INFO 79/321 CIK0001034670 AUTOLIV INC status=NO_BNPL_EVIDENCE
2026-08-09 21:34:22,580 INFO 80/321 CIK0000775158 OSHKOSH CORP status=BNPL_EVIDENCE_FOUND
2026-08-09 21:34:22,580 INFO 81/321 CIK0002078416 Liberty Live Holdings, Inc. status=NO_BNPL_EVIDENCE
2026-08-09 21:34:22,581 INFO 82/321 CIK0000913290 Frontline plc status=NO_BNPL_EVIDENCE
2026-08-09 21:34:22,582 INFO 83/321 CIK0001023128 LITHIA MOTORS INC status=NO_BNPL_EVIDENCE
2026-08-09 21:34:22,583 INFO 84/321 CIK0001513761 Norwegian Cruise Line Holdings Ltd. status=NO_BNPL_EVIDENCE
2026-08-09 21:34:22,584 INFO 85/321 CIK0001639438 CAVA GROUP, INC. status=NO_BNPL_EVIDENCE
2026-08-09 21:34:22,584 INFO 86/321 CIK0001341766 Celsius Holdings, Inc. status=NO_BNPL_EVIDENCE
2026-08-09 21:34:22,585 INFO 87/321 CIK0001529192 Vipshop Holdings Ltd status=NO_BNPL_EVIDENCE
2026-08-09 21:34:22,589 INFO 88/321 CIK0001836833 Planet Labs PBC status=NO_BNPL_EVIDENCE
2026-08-09 21:34:22,589 INFO 89/321 CIK0001913510 VinFast Auto Ltd. status=NO_BNPL_EVIDENCE
2026-08-09 21:34:22,590 INFO 90/321 CIK0001878057 Super Group (SGHC) Ltd status=NO_BNPL_EVIDENCE
2026-08-09 21:34:22,591 INFO 91/321 CIK0001316835 Builders FirstSource, Inc. status=NO_BNPL_EVIDENCE
2026-08-09 21:34:22,592 INFO 92/321 CIK0000056047 KIRBY CORP status=NO_BNPL_EVIDENCE
2026-08-09 21:34:22,592 INFO 93/321 CIK0000350698 AUTONATION, INC. status=NO_BNPL_EVIDENCE
2026-08-09 21:34:22,593 INFO 94/321 CIK0001653653 Red Rock Resorts, Inc. status=NO_BNPL_EVIDENCE
2026-08-09 21:34:22,594 INFO 95/321 CIK0000906553 BOYD GAMING CORP status=NO_BNPL_EVIDENCE
2026-08-09 21:34:22,596 INFO 96/321 CIK0001507079 Floor & Decor Holdings, Inc. status=NO_BNPL_EVIDENCE
2026-08-09 21:34:22,597 INFO 97/321 CIK0001793659 Rush Street Interactive, Inc. status=NO_BNPL_EVIDENCE
2026-08-09 21:34:22,598 INFO 98/321 CIK0000040211 GATX CORP status=NO_BNPL_EVIDENCE
2026-08-09 21:34:22,599 INFO 99/321 CIK0001012019 RUSH ENTERPRISES INC \TX\ status=NO_BNPL_EVIDENCE
2026-08-09 21:34:22,599 INFO 100/321 CIK0000003453 Matson, Inc. status=NO_BNPL_EVIDENCE
2026-08-09 21:34:22,600 INFO 101/321 CIK0001590895 Caesars Entertainment, Inc. status=NO_BNPL_EVIDENCE
2026-08-09 21:34:22,601 INFO 102/321 CIK0001041803 PRICESMART INC status=NO_BNPL_EVIDENCE
2026-08-09 21:34:22,601 INFO 103/321 CIK0000020212 Churchill Downs Inc status=NO_BNPL_EVIDENCE
2026-08-09 21:34:22,602 INFO 104/321 CIK0001345105 Copa Holdings, S.A. status=NO_BNPL_EVIDENCE
2026-08-09 21:34:22,603 INFO 105/321 CIK0001735707 Garrett Motion Inc. status=NO_BNPL_EVIDENCE
2026-08-09 21:34:22,604 INFO 106/321 CIK0001852244 GXO Logistics, Inc. status=NO_BNPL_EVIDENCE
2026-08-09 21:34:22,604 INFO 107/321 CIK0001722684 WYNDHAM HOTELS & RESORTS, INC. status=NO_BNPL_EVIDENCE
2026-08-09 21:34:22,605 INFO 108/321 CIK0001495153 MakeMyTrip Ltd status=NO_BNPL_EVIDENCE
2026-08-09 21:34:22,606 INFO 109/321 CIK0000812011 VAIL RESORTS INC status=NO_BNPL_EVIDENCE
2026-08-09 21:34:22,606 INFO 110/321 CIK0000766421 ALASKA AIR GROUP, INC. status=NO_BNPL_EVIDENCE
2026-08-09 21:34:22,607 INFO 111/321 CIK0001795250 Sphere Entertainment Co. status=NO_BNPL_EVIDENCE
2026-08-09 21:34:22,608 INFO 112/321 CIK0000887596 CHEESECAKE FACTORY INC status=NO_BNPL_EVIDENCE
2026-08-09 21:34:22,608 INFO 113/321 CIK0001046311 CHOICE HOTELS INTERNATIONAL INC /DE status=NO_BNPL_EVIDENCE
2026-08-09 21:34:22,609 INFO 114/321 CIK0000355811 GENTEX CORP status=NO_BNPL_EVIDENCE
2026-08-09 21:34:22,610 INFO 115/321 CIK0001207179 GOLAR LNG LTD status=NO_BNPL_EVIDENCE
2026-08-09 21:34:22,610 INFO 116/321 CIK0001820872 Global Business Travel Group, Inc. status=NO_BNPL_EVIDENCE
2026-08-09 21:34:22,611 INFO 117/321 CIK0001600033 e.l.f. Beauty, Inc. status=NO_BNPL_EVIDENCE
2026-08-09 21:34:22,612 INFO 118/321 CIK0001679049 International Seaways, Inc. status=NO_BNPL_EVIDENCE
2026-08-09 21:34:22,612 INFO 119/321 CIK0001853717 Atour Lifestyle Holdings Ltd status=NO_BNPL_EVIDENCE
2026-08-09 21:34:22,613 INFO 120/321 CIK0001604481 CMB.TECH NV status=NO_BNPL_EVIDENCE
2026-08-09 21:34:22,613 INFO 121/321 CIK0001760965 Kontoor Brands, Inc. status=NO_BNPL_EVIDENCE
2026-08-09 21:34:22,614 INFO 122/321 CIK0001811935 Pattern Group Inc. status=NO_BNPL_EVIDENCE
2026-08-09 21:34:22,615 INFO 123/321 CIK0001361658 Travel & Leisure Co. status=NO_BNPL_EVIDENCE
2026-08-09 21:34:22,615 INFO 124/321 CIK0001610250 Boot Barn Holdings, Inc. status=NO_BNPL_EVIDENCE
2026-08-09 21:34:22,616 INFO 125/321 CIK0001639300 Ollie's Bargain Outlet Holdings, Inc. status=NO_BNPL_EVIDENCE
2026-08-09 21:34:22,617 INFO 126/321 CIK0001637207 Planet Fitness, Inc. status=NO_BNPL_EVIDENCE
2026-08-09 21:34:22,617 INFO 127/321 CIK0000063276 MATTEL INC /DE/ status=NO_BNPL_EVIDENCE
2026-08-09 21:34:22,618 INFO 128/321 CIK0001144980 ASBURY AUTOMOTIVE GROUP INC status=NO_BNPL_EVIDENCE
2026-08-09 21:34:22,619 INFO 129/321 CIK0000793733 SKYWEST INC status=NO_BNPL_EVIDENCE
2026-08-09 21:34:22,619 INFO 130/321 CIK0001921963 Atmus Filtration Technologies Inc. status=NO_BNPL_EVIDENCE
2026-08-09 21:34:22,620 INFO 131/321 CIK0001646188 Ondas Inc. status=NO_BNPL_EVIDENCE
2026-08-09 21:34:22,621 INFO 132/321 CIK0001385280 Cinemark Holdings, Inc. status=NO_BNPL_EVIDENCE
2026-08-09 21:34:22,621 INFO 133/321 CIK0001395942 OPENLANE, Inc. status=NO_BNPL_EVIDENCE
2026-08-09 21:34:22,622 INFO 134/321 CIK0000822663 INTERPARFUMS INC status=NO_BNPL_EVIDENCE
2026-08-09 21:34:22,623 INFO 135/321 CIK0000868780 Dorman Products, Inc. status=NO_BNPL_EVIDENCE
2026-08-09 21:34:22,623 INFO 136/321 CIK0002052959 Lionsgate Studios Corp. status=NO_BNPL_EVIDENCE
2026-08-09 21:34:22,624 INFO 137/321 CIK0001877787 Ermenegildo Zegna N.V. status=NO_BNPL_EVIDENCE
2026-08-09 21:34:22,624 INFO 138/321 CIK0000932696 INSIGHT ENTERPRISES INC status=NO_BNPL_EVIDENCE
2026-08-09 21:34:22,625 INFO 139/321 CIK0001815846 MINISO Group Holding Ltd status=NO_BNPL_EVIDENCE
2026-08-09 21:34:22,626 INFO 140/321 CIK0001483934 Scorpio Tankers Inc. status=NO_BNPL_EVIDENCE
2026-08-09 21:34:22,626 INFO 141/321 CIK0001815779 Hafnia Ltd status=NO_BNPL_EVIDENCE
2026-08-09 21:34:22,627 INFO 142/321 CIK0000098222 TIDEWATER INC status=NO_BNPL_EVIDENCE
2026-08-09 21:34:22,628 INFO 143/321 CIK0001952073 Madison Square Garden Entertainment Corp. status=NO_BNPL_EVIDENCE
2026-08-09 21:34:22,628 INFO 144/321 CIK0000925261 ANDINA BOTTLING CO INC status=NO_BNPL_EVIDENCE
2026-08-09 21:34:22,629 INFO 145/321 CIK0001636222 Wingstop Inc. status=NO_BNPL_EVIDENCE
2026-08-09 21:34:22,630 INFO 146/321 CIK0001958140 Atlanta Braves Holdings, Inc. status=NO_BNPL_EVIDENCE
2026-08-09 21:34:22,630 INFO 147/321 CIK0001974138 NCR Atleos Corp status=NO_BNPL_EVIDENCE
2026-08-09 21:34:22,631 INFO 148/321 CIK0000913241 STEVEN MADDEN, LTD. status=NO_BNPL_EVIDENCE
2026-08-09 21:34:22,632 INFO 149/321 CIK0001649313 BW LPG Ltd status=NO_BNPL_EVIDENCE
2026-08-09 21:34:22,632 INFO 150/321 CIK0001929561 RXO, Inc. status=NO_BNPL_EVIDENCE
2026-08-09 21:34:22,633 INFO 151/321 CIK0000837465 Callaway Golf Co status=NO_BNPL_EVIDENCE
2026-08-09 21:34:22,634 INFO 152/321 CIK0001031203 GROUP 1 AUTOMOTIVE INC status=NO_BNPL_EVIDENCE
2026-08-09 21:34:22,634 INFO 153/321 CIK0002097163 Xanadu Quantum Technologies Ltd status=NO_BNPL_EVIDENCE
2026-08-09 21:34:22,635 INFO 154/321 CIK0001386716 Star Bulk Carriers Corp. status=NO_BNPL_EVIDENCE
2026-08-09 21:34:22,636 INFO 155/321 CIK0001430162 Cosan S.A. status=NO_BNPL_EVIDENCE
2026-08-09 21:34:22,636 INFO 156/321 CIK0001587523 Knowles Corp status=NO_BNPL_EVIDENCE
2026-08-09 21:34:22,637 INFO 157/321 CIK0000048287 HNI CORP status=NO_BNPL_EVIDENCE
2026-08-09 21:34:22,637 INFO 158/321 CIK0001528849 RH status=NO_BNPL_EVIDENCE
2026-08-09 21:34:22,638 INFO 159/321 CIK0001655891 TORM plc status=NO_BNPL_EVIDENCE
2026-08-09 21:34:22,639 INFO 160/321 CIK0001617406 Park Hotels & Resorts Inc. status=NO_BNPL_EVIDENCE
2026-08-09 21:34:22,639 INFO 161/321 CIK0001654126 ZIM Integrated Shipping Services Ltd. status=NO_BNPL_EVIDENCE
2026-08-09 21:34:22,640 INFO 162/321 CIK0000069891 NATIONAL BEVERAGE CORP status=NO_BNPL_EVIDENCE
2026-08-09 21:34:22,641 INFO 163/321 CIK0002078008 Versigent PLC status=NO_BNPL_EVIDENCE
2026-08-09 21:34:22,641 INFO 164/321 CIK0001811210 Lucid Group, Inc. status=NO_BNPL_EVIDENCE
2026-08-09 21:34:22,642 INFO 165/321 CIK0000940942 Hub Group, Inc. status=NO_BNPL_EVIDENCE
2026-08-09 21:34:22,642 INFO 166/321 CIK0001111335 VISTEON CORP status=NO_BNPL_EVIDENCE
2026-08-09 21:34:22,643 INFO 167/321 CIK0000921738 PENN Entertainment, Inc. status=NO_BNPL_EVIDENCE
2026-08-09 21:34:22,644 INFO 168/321 CIK0001639825 PELOTON INTERACTIVE, INC. status=NO_BNPL_EVIDENCE
2026-08-09 21:34:22,644 INFO 169/321 CIK0001419945 TEEKAY TANKERS LTD. status=NO_BNPL_EVIDENCE
2026-08-09 21:34:22,645 INFO 170/321 CIK0000076605 PATRICK INDUSTRIES INC status=NO_BNPL_EVIDENCE
2026-08-09 21:34:22,646 INFO 171/321 CIK0001968915 PHINIA INC. status=NO_BNPL_EVIDENCE
2026-08-09 21:34:22,646 INFO 172/321 CIK0001620533 Shake Shack Inc. status=NO_BNPL_EVIDENCE
2026-08-09 21:34:22,647 INFO 173/321 CIK0001362468 Allegiant Travel CO status=NO_BNPL_EVIDENCE
2026-08-09 21:34:22,647 INFO 174/321 CIK0000854775 DIGI INTERNATIONAL INC status=NO_BNPL_EVIDENCE
2026-08-09 21:34:22,648 INFO 175/321 CIK0001758488 ONESPAWORLD HOLDINGS Ltd status=NO_BNPL_EVIDENCE
2026-08-09 21:34:22,649 INFO 176/321 CIK0000028823 DIEBOLD NIXDORF, Inc status=NO_BNPL_EVIDENCE
2026-08-09 21:34:22,650 INFO 177/321 CIK0000763744 LCI INDUSTRIES status=NO_BNPL_EVIDENCE
2026-08-09 21:34:22,650 INFO 178/321 CIK0001024305 COTY INC. status=NO_BNPL_EVIDENCE
2026-08-09 21:34:22,651 INFO 179/321 CIK0001589526 Blue Bird Corp status=NO_BNPL_EVIDENCE
2026-08-09 21:34:22,651 INFO 180/321 CIK0001964954 Okeanis Eco Tankers Corp. status=NO_BNPL_EVIDENCE
2026-08-09 21:34:22,652 INFO 181/321 CIK0000078814 PITNEY BOWES INC /DE/ status=NO_BNPL_EVIDENCE
2026-08-09 21:34:22,653 INFO 182/321 CIK0001415921 Navios Maritime Partners L.P. status=NO_BNPL_EVIDENCE
2026-08-09 21:34:22,653 INFO 183/321 CIK0001158463 JETBLUE AIRWAYS CORP status=NO_BNPL_EVIDENCE
2026-08-09 21:34:22,654 INFO 184/321 CIK0001561861 Grupo Aeromexico, S.A.B. de C.V. status=NO_BNPL_EVIDENCE
2026-08-09 21:34:22,655 INFO 185/321 CIK0001381640 Melco Resorts & Entertainment LTD status=NO_BNPL_EVIDENCE
2026-08-09 21:34:22,655 INFO 186/321 CIK0000907242 MONARCH CASINO & RESORT INC status=NO_BNPL_EVIDENCE
2026-08-09 21:34:22,656 INFO 187/321 CIK0001295810 Sunstone Hotel Investors, Inc. status=NO_BNPL_EVIDENCE
2026-08-09 21:34:22,657 INFO 188/321 CIK0001978867 Cadeler A/S status=NO_BNPL_EVIDENCE
2026-08-09 21:34:22,657 INFO 189/321 CIK0002013649 Chagee Holdings Ltd. status=NO_BNPL_EVIDENCE
2026-08-09 21:34:22,658 INFO 190/321 CIK0001884082 Polestar Automotive Holding UK PLC status=NO_BNPL_EVIDENCE
2026-08-09 21:34:22,658 INFO 191/321 CIK0001564902 United Parks & Resorts Inc. status=NO_BNPL_EVIDENCE
2026-08-09 21:34:22,659 INFO 192/321 CIK0001616000 Xenia Hotels & Resorts, Inc. status=NO_BNPL_EVIDENCE
2026-08-09 21:34:22,660 INFO 193/321 CIK0001596993 DORIAN LPG LTD. status=NO_BNPL_EVIDENCE
2026-08-09 21:34:22,660 INFO 194/321 CIK0001512499 LINDBLAD EXPEDITIONS HOLDINGS, INC. status=NO_BNPL_EVIDENCE
2026-08-09 21:34:22,661 INFO 195/321 CIK0001834489 Genius Sports Ltd status=NO_BNPL_EVIDENCE
2026-08-09 21:34:22,661 INFO 196/321 CIK0001503584 Costamare Inc. status=NO_BNPL_EVIDENCE
2026-08-09 21:34:22,662 INFO 197/321 CIK0001619762 Brightstar Lottery PLC status=NO_BNPL_EVIDENCE
2026-08-09 21:34:22,663 INFO 198/321 CIK0001530721 Capri Holdings Ltd status=NO_BNPL_EVIDENCE
2026-08-09 21:34:22,663 INFO 199/321 CIK0001999001 Six Flags Entertainment Corporation/NEW status=NO_BNPL_EVIDENCE
2026-08-09 21:34:22,664 INFO 200/321 CIK0001508478 Arcos Dorados Holdings Inc. status=NO_BNPL_EVIDENCE
2026-08-09 21:34:22,664 INFO 201/321 CIK0001772253 Flex LNG Ltd. status=NO_BNPL_EVIDENCE
2026-08-09 21:34:22,665 INFO 202/321 CIK0001670541 Adient plc status=NO_BNPL_EVIDENCE
2026-08-09 21:34:22,666 INFO 203/321 CIK0000926326 OMNICELL, INC. status=NO_BNPL_EVIDENCE
2026-08-09 21:34:22,666 INFO 204/321 CIK0001432364 AZUL SA status=NO_BNPL_EVIDENCE
2026-08-09 21:34:22,667 INFO 205/321 CIK0000057131 LA-Z-BOY INC status=NO_BNPL_EVIDENCE
2026-08-09 21:34:22,668 INFO 206/321 CIK0000821002 G III APPAREL GROUP LTD /DE/ status=NO_BNPL_EVIDENCE
2026-08-09 21:34:22,668 INFO 207/321 CIK0000066382 MILLERKNOLL, INC. status=NO_BNPL_EVIDENCE
2026-08-09 21:34:22,669 INFO 208/321 CIK0001013488 BJs RESTAURANTS INC status=NO_BNPL_EVIDENCE
2026-08-09 21:34:22,669 INFO 209/321 CIK0000884219 Pursuit Attractions & Hospitality, Inc. status=NO_BNPL_EVIDENCE
2026-08-09 21:34:22,670 INFO 210/321 CIK0001581804 Navigator Holdings Ltd. status=NO_BNPL_EVIDENCE
2026-08-09 21:34:22,671 INFO 211/321 CIK0001062231 Dauch Corp status=NO_BNPL_EVIDENCE
2026-08-09 21:34:22,671 INFO 212/321 CIK0000069633 NAPCO SECURITY TECHNOLOGIES, INC status=NO_BNPL_EVIDENCE
2026-08-09 21:34:22,672 INFO 213/321 CIK0002054507 Hotel101 Global Holdings Corp. status=NO_BNPL_EVIDENCE
2026-08-09 21:34:22,673 INFO 214/321 CIK0000851310 HARMONIC INC. status=NO_BNPL_EVIDENCE
2026-08-09 21:34:22,673 INFO 215/321 CIK0001067294 CRACKER BARREL OLD COUNTRY STORE, INC status=NO_BNPL_EVIDENCE
2026-08-09 21:34:22,674 INFO 216/321 CIK0001096752 EDGEWELL PERSONAL CARE Co status=NO_BNPL_EVIDENCE
2026-08-09 21:34:22,675 INFO 217/321 CIK0001722608 iQIYI, Inc. status=NO_BNPL_EVIDENCE
2026-08-09 21:34:22,675 INFO 218/321 CIK0000903129 Gentherm Inc status=NO_BNPL_EVIDENCE
2026-08-09 21:34:22,676 INFO 219/321 CIK0001726173 Biglari Holdings Inc. status=NO_BNPL_EVIDENCE
2026-08-09 21:34:22,677 INFO 220/321 CIK0001789029 Aeva Technologies, Inc. status=NO_BNPL_EVIDENCE
2026-08-09 21:34:22,677 INFO 221/321 CIK0000070866 NCR Voyix Corp status=NO_BNPL_EVIDENCE
2026-08-09 21:34:22,678 INFO 222/321 CIK0001743759 Corsair Gaming, Inc. status=NO_BNPL_EVIDENCE
2026-08-09 21:34:22,679 INFO 223/321 CIK0001326200 GENCO SHIPPING & TRADING LTD status=NO_BNPL_EVIDENCE
2026-08-09 21:34:22,679 INFO 224/321 CIK0001831907 LuxExperience B.V. status=NO_BNPL_EVIDENCE
2026-08-09 21:34:22,680 INFO 225/321 CIK0001941365 MasterBrand, Inc. status=NO_BNPL_EVIDENCE
2026-08-09 21:34:22,680 INFO 226/321 CIK0001850235 D-MARKET Electronic Services & Trading status=NO_BNPL_EVIDENCE
2026-08-09 21:34:22,681 INFO 227/321 CIK0001956955 Unusual Machines, Inc. status=NO_BNPL_EVIDENCE
2026-08-09 21:34:22,682 INFO 228/321 CIK0000911971 TEEKAY CORP LTD status=NO_BNPL_EVIDENCE
2026-08-09 21:34:22,682 INFO 229/321 CIK0001805385 Evolv Technologies Holdings, Inc. status=NO_BNPL_EVIDENCE
2026-08-09 21:34:22,683 INFO 230/321 CIK0000901491 PAPA JOHNS INTERNATIONAL INC status=NO_BNPL_EVIDENCE
2026-08-09 21:34:22,684 INFO 231/321 CIK0001698991 Accel Entertainment, Inc. status=NO_BNPL_EVIDENCE
2026-08-09 21:34:22,684 INFO 232/321 CIK0000810332 REPUBLIC AIRWAYS HOLDINGS INC. status=NO_BNPL_EVIDENCE
2026-08-09 21:34:22,685 INFO 233/321 CIK0001753539 BlackSky Technology Inc. status=NO_BNPL_EVIDENCE
2026-08-09 21:34:22,685 INFO 234/321 CIK0001840572 Lucky Strike Entertainment Corp status=NO_BNPL_EVIDENCE
2026-08-09 21:34:22,686 INFO 235/321 CIK0001520504 Controladora Vuela Compania de Aviacion, S.A.B. de C.V. status=NO_BNPL_EVIDENCE
2026-08-09 21:34:22,687 INFO 236/321 CIK0000062234 MARCUS CORP status=NO_BNPL_EVIDENCE
2026-08-09 21:34:22,687 INFO 237/321 CIK0001789940 First Watch Restaurant Group, Inc. status=NO_BNPL_EVIDENCE
2026-08-09 21:34:22,688 INFO 238/321 CIK0001826470 Petco Health & Wellness Company, Inc. status=NO_BNPL_EVIDENCE
2026-08-09 21:34:22,689 INFO 239/321 CIK0001434754 SAFE BULKERS, INC. status=NO_BNPL_EVIDENCE
2026-08-09 21:34:22,689 INFO 240/321 CIK0001682745 VERRA MOBILITY Corp status=NO_BNPL_EVIDENCE
2026-08-09 21:34:22,690 INFO 241/321 CIK0001995306 SUPER HI INTERNATIONAL HOLDING LTD. status=NO_BNPL_EVIDENCE
2026-08-09 21:34:22,690 INFO 242/321 CIK0001477815 Sweetgreen, Inc. status=NO_BNPL_EVIDENCE
2026-08-09 21:34:22,691 INFO 243/321 CIK0001057060 MARINEMAX INC status=NO_BNPL_EVIDENCE
2026-08-09 21:34:22,692 INFO 244/321 CIK0001345126 Compass Diversified Holdings status=NO_BNPL_EVIDENCE
2026-08-09 21:34:22,692 INFO 245/321 CIK0001865200 Angel Studios, Inc. status=NO_BNPL_EVIDENCE
2026-08-09 21:34:22,693 INFO 246/321 CIK0001756708 Jumia Technologies AG status=NO_BNPL_EVIDENCE
2026-08-09 21:34:22,693 INFO 247/321 CIK0001547459 Natural Grocers by Vitamin Cottage, Inc. status=NO_BNPL_EVIDENCE
2026-08-09 21:34:22,694 INFO 248/321 CIK0001546417 Bloomin' Brands, Inc. status=NO_BNPL_EVIDENCE
2026-08-09 21:34:22,695 INFO 249/321 CIK0001959455 Himalaya Shipping Ltd. status=NO_BNPL_EVIDENCE
2026-08-09 21:34:22,695 INFO 250/321 CIK0001577437 Ardmore Shipping Corp status=NO_BNPL_EVIDENCE
2026-08-09 21:34:22,696 INFO 251/321 CIK0001898718 GMR Solutions Inc. status=NO_BNPL_EVIDENCE
2026-08-09 21:34:22,697 INFO 252/321 CIK0000708821 PAR TECHNOLOGY CORP status=NO_BNPL_EVIDENCE
2026-08-09 21:34:22,697 INFO 253/321 CIK0000926282 ADTRAN Holdings, Inc. status=NO_BNPL_EVIDENCE
2026-08-09 21:34:22,698 INFO 254/321 CIK0001517396 STRATASYS LTD. status=NO_BNPL_EVIDENCE
2026-08-09 21:34:22,699 INFO 255/321 CIK0001824403 Reservoir Media, Inc. status=NO_BNPL_EVIDENCE
2026-08-09 21:34:22,699 INFO 256/321 CIK0001747079 Bally's Corp status=NO_BNPL_EVIDENCE
2026-08-09 21:34:22,700 INFO 257/321 CIK0001907085 Oddity Tech Ltd status=NO_BNPL_EVIDENCE
2026-08-09 21:34:22,701 INFO 258/321 CIK0001122904 NETGEAR, INC. status=NO_BNPL_EVIDENCE
2026-08-09 21:34:22,701 INFO 259/321 CIK0001759631 Hyliion Holdings Corp. status=NO_BNPL_EVIDENCE
2026-08-09 21:34:22,702 INFO 260/321 CIK0001704720 Cannae Holdings, Inc. status=NO_BNPL_EVIDENCE
2026-08-09 21:34:22,703 INFO 261/321 CIK0001788257 BETTERWARE DE MEXICO, S.A.P.I. DE C.V status=NO_BNPL_EVIDENCE
2026-08-09 21:34:22,703 INFO 262/321 CIK0000075288 OXFORD INDUSTRIES INC status=NO_BNPL_EVIDENCE
2026-08-09 21:34:22,704 INFO 263/321 CIK0000896156 ETHAN ALLEN INTERIORS INC status=NO_BNPL_EVIDENCE
2026-08-09 21:34:22,705 INFO 264/321 CIK0000701719 Envela Corp status=NO_BNPL_EVIDENCE
2026-08-09 21:34:22,705 INFO 265/321 CIK0001772177 KURA SUSHI USA, INC. status=NO_BNPL_EVIDENCE
2026-08-09 21:34:22,706 INFO 266/321 CIK0001854545 Dingdong (Cayman) Ltd status=NO_BNPL_EVIDENCE
2026-08-09 21:34:22,706 INFO 267/321 CIK0001318484 Citi Trends Inc status=NO_BNPL_EVIDENCE
2026-08-09 21:34:22,707 INFO 268/321 CIK0001341170 EUROSEAS LTD. status=NO_BNPL_EVIDENCE
2026-08-09 21:34:22,708 INFO 269/321 CIK0001473334 XMax Inc. status=NO_BNPL_EVIDENCE
2026-08-09 21:34:22,708 INFO 270/321 CIK0001962746 Lotus Technology Inc. status=NO_BNPL_EVIDENCE
2026-08-09 21:34:22,709 INFO 271/321 CIK0001874315 Satellogic Inc. status=NO_BNPL_EVIDENCE
2026-08-09 21:34:22,710 INFO 272/321 CIK0001774170 Powerfleet, Inc. status=NO_BNPL_EVIDENCE
2026-08-09 21:34:22,710 INFO 273/321 CIK0001320461 Cooper-Standard Holdings Inc. status=NO_BNPL_EVIDENCE
2026-08-09 21:34:22,711 INFO 274/321 CIK0001606366 El Pollo Loco Holdings, Inc. status=NO_BNPL_EVIDENCE
2026-08-09 21:34:22,711 INFO 275/321 CIK0001606909 Pangaea Logistics Solutions Ltd. status=NO_BNPL_EVIDENCE
2026-08-09 21:34:22,712 INFO 276/321 CIK0000788329 JOHNSON OUTDOORS INC status=NO_BNPL_EVIDENCE
2026-08-09 21:34:22,713 INFO 277/321 CIK0001937987 Falcon's Beyond Global, Inc. status=NO_BNPL_EVIDENCE
2026-08-09 21:34:22,713 INFO 278/321 CIK0001932737 ROBO.AI INC. status=NO_BNPL_EVIDENCE
2026-08-09 21:34:22,714 INFO 279/321 CIK0001862044 ZKH Group Ltd status=NO_BNPL_EVIDENCE
2026-08-09 21:34:22,715 INFO 280/321 CIK0002033535 Costamare Bulkers Holdings Ltd status=NO_BNPL_EVIDENCE
2026-08-09 21:34:22,715 INFO 281/321 CIK0000049754 Dine Brands Global, Inc. status=NO_BNPL_EVIDENCE
2026-08-09 21:34:22,716 INFO 282/321 CIK0000912728 FORWARD AIR CORP status=NO_BNPL_EVIDENCE
2026-08-09 21:34:22,717 INFO 283/321 CIK0000929351 STARZ ENTERTAINMENT CORP /CN/ status=NO_BNPL_EVIDENCE
2026-08-09 21:34:22,717 INFO 284/321 CIK0000014707 CALERES INC status=NO_BNPL_EVIDENCE
2026-08-09 21:34:22,718 INFO 285/321 CIK0000018498 GENESCO INC status=NO_BNPL_EVIDENCE
2026-08-09 21:34:22,719 INFO 286/321 CIK0000709283 QUANTUM CORP /DE/ status=NO_BNPL_EVIDENCE
2026-08-09 21:34:22,719 INFO 287/321 CIK0000796505 Clearfield, Inc. status=NO_BNPL_EVIDENCE
2026-08-09 21:34:22,720 INFO 288/321 CIK0001866782 Codere Online Luxembourg, S.A. status=NO_BNPL_EVIDENCE
2026-08-09 21:34:22,720 INFO 289/321 CIK0000895447 SHOE STATION GROUP INC status=NO_BNPL_EVIDENCE
2026-08-09 21:34:22,721 INFO 290/321 CIK0001530979 Honest Company, Inc. status=NO_BNPL_EVIDENCE
2026-08-09 21:34:22,722 INFO 291/321 CIK0000069733 NATHANS FAMOUS, INC. status=NO_BNPL_EVIDENCE
2026-08-09 21:34:22,722 INFO 292/321 CIK0000216085 HAVERTY FURNITURE COMPANIES INC status=NO_BNPL_EVIDENCE
2026-08-09 21:34:22,723 INFO 293/321 CIK0001171155 RADIANT LOGISTICS, INC status=NO_BNPL_EVIDENCE
2026-08-09 21:34:22,724 INFO 294/321 CIK0001770450 Xerox Holdings Corp status=NO_BNPL_EVIDENCE
2026-08-09 21:34:22,724 INFO 295/321 CIK0001669779 Camping World Holdings, Inc. status=NO_BNPL_EVIDENCE
2026-08-09 21:34:22,725 INFO 296/321 CIK0001448397 Seanergy Maritime Holdings Corp. status=NO_BNPL_EVIDENCE
2026-08-09 21:34:22,725 INFO 297/321 CIK0001564180 KNOT Offshore Partners LP status=NO_BNPL_EVIDENCE
2026-08-09 21:34:22,726 INFO 298/321 CIK0001365767 Allot Ltd. status=NO_BNPL_EVIDENCE
2026-08-09 21:34:22,727 INFO 299/321 CIK0001703157 Securetech Innovations, Inc. status=NO_BNPL_EVIDENCE
2026-08-09 21:34:22,727 INFO 300/321 CIK0001525769 Dave & Buster's Entertainment, Inc. status=NO_BNPL_EVIDENCE
2026-08-09 21:34:22,728 INFO 301/321 CIK0002047273 BUUU Group Ltd status=NO_BNPL_EVIDENCE
2026-08-09 21:34:22,729 INFO 302/321 CIK0000933034 STRATTEC SECURITY CORP status=NO_BNPL_EVIDENCE
2026-08-09 21:34:22,729 INFO 303/321 CIK0001956439 Enhanced Group Inc. status=NO_BNPL_EVIDENCE
2026-08-09 21:34:22,730 INFO 304/321 CIK0000895456 ROCKY BRANDS, INC. status=NO_BNPL_EVIDENCE
2026-08-09 21:34:22,731 INFO 305/321 CIK0001713334 STUDIO CITY INTERNATIONAL HOLDINGS Ltd status=NO_BNPL_EVIDENCE
2026-08-09 21:34:22,731 INFO 306/321 CIK0001957413 Digital Currency X Technology Inc. status=NO_BNPL_EVIDENCE
2026-08-09 21:34:22,732 INFO 307/321 CIK0002009684 Seaport Entertainment Group Inc. status=NO_BNPL_EVIDENCE
2026-08-09 21:34:22,732 INFO 308/321 CIK0001871509 Portillo's Inc. status=NO_BNPL_EVIDENCE
2026-08-09 21:34:22,733 INFO 309/321 CIK0001819580 Yatsen Holding Ltd status=NO_BNPL_EVIDENCE
2026-08-09 21:34:22,734 INFO 310/321 CIK0001706946 Virgin Galactic Holdings, Inc status=NO_BNPL_EVIDENCE
2026-08-09 21:34:22,734 INFO 311/321 CIK0001822928 Holley Inc. status=NO_BNPL_EVIDENCE
2026-08-09 21:34:22,735 INFO 312/321 CIK0001802156 Xponential Fitness, Inc. status=NO_BNPL_EVIDENCE
2026-08-09 21:34:22,735 INFO 313/321 CIK0000807882 JACK IN THE BOX INC status=NO_BNPL_EVIDENCE
2026-08-09 21:34:22,736 INFO 314/321 CIK0001319947 Designer Brands Inc. status=NO_BNPL_EVIDENCE
2026-08-09 21:34:22,737 INFO 315/321 CIK0000015847 BUTLER NATIONAL CORP status=NO_BNPL_EVIDENCE
2026-08-09 21:34:22,737 INFO 316/321 CIK0000002186 BK Technologies Corp status=NO_BNPL_EVIDENCE
2026-08-09 21:34:22,738 INFO 317/321 CIK0000037472 FLEXSTEEL INDUSTRIES INC status=NO_BNPL_EVIDENCE
2026-08-09 21:34:22,738 INFO 318/321 CIK0001009829 JAKKS PACIFIC INC status=NO_BNPL_EVIDENCE
2026-08-09 21:34:22,739 INFO 319/321 CIK0001318885 DIANA SHIPPING INC. status=NO_BNPL_EVIDENCE
2026-08-09 21:34:22,740 INFO 320/321 CIK0001901203 CN Healthy Food Tech Group Corp. status=NO_BNPL_EVIDENCE
2026-08-09 21:34:22,740 INFO 321/321 CIK0000033488 ESCALADE INC status=NO_BNPL_EVIDENCE
2026-08-09 21:34:32,959 INFO 1/127 CIK0001318605 Tesla, Inc. status=NO_BNPL_EVIDENCE
2026-08-09 21:34:32,959 INFO 2/127 CIK0001571996 Dell Technologies Inc. status=NO_BNPL_EVIDENCE
2026-08-09 21:34:32,960 INFO 3/127 CIK0000051143 INTERNATIONAL BUSINESS MACHINES CORP status=NO_BNPL_EVIDENCE
2026-08-09 21:34:32,961 INFO 4/127 CIK0001137789 Seagate Technology Holdings plc status=NO_BNPL_EVIDENCE
2026-08-09 21:34:32,961 INFO 5/127 CIK0000804328 QUALCOMM INC/DE status=NO_BNPL_EVIDENCE
2026-08-09 21:34:32,962 INFO 6/127 CIK0000064803 CVS HEALTH Corp status=NO_BNPL_EVIDENCE
2026-08-09 21:34:32,963 INFO 7/127 CIK0000829224 STARBUCKS CORP status=NO_BNPL_EVIDENCE
2026-08-09 21:34:32,964 INFO 8/127 CIK0001262039 Fortinet, Inc. status=NO_BNPL_EVIDENCE
2026-08-09 21:34:32,964 INFO 9/127 CIK0000865752 Monster Beverage Corp status=NO_BNPL_EVIDENCE
2026-08-09 21:34:32,965 INFO 10/127 CIK0001690820 CARVANA CO. status=NO_BNPL_EVIDENCE
2026-08-09 21:34:32,965 INFO 11/127 CIK0000089800 SHERWIN WILLIAMS CO status=NO_BNPL_EVIDENCE
2026-08-09 21:34:32,966 INFO 12/127 CIK0000723254 CINTAS CORP status=NO_BNPL_EVIDENCE
2026-08-09 21:34:32,967 INFO 13/127 CIK0000745732 ROSS STORES, INC. status=NO_BNPL_EVIDENCE
2026-08-09 21:34:32,967 INFO 14/127 CIK0001467858 General Motors Co status=NO_BNPL_EVIDENCE
2026-08-09 21:34:32,968 INFO 15/127 CIK0000898173 O REILLY AUTOMOTIVE INC status=NO_BNPL_EVIDENCE
2026-08-09 21:34:32,969 INFO 16/127 CIK0000068505 Motorola Solutions, Inc. status=NO_BNPL_EVIDENCE
2026-08-09 21:34:32,969 INFO 17/127 CIK0001585689 Hilton Worldwide Holdings Inc. status=NO_BNPL_EVIDENCE
2026-08-09 21:34:32,970 INFO 18/127 CIK0000075362 PACCAR INC status=NO_BNPL_EVIDENCE
2026-08-09 21:34:32,971 INFO 19/127 CIK0001645590 Hewlett Packard Enterprise Co status=NO_BNPL_EVIDENCE
2026-08-09 21:34:32,971 INFO 20/127 CIK0000037996 FORD MOTOR CO status=NO_BNPL_EVIDENCE
2026-08-09 21:34:32,972 INFO 21/127 CIK0000815556 FASTENAL CO status=NO_BNPL_EVIDENCE
2026-08-09 21:34:32,973 INFO 22/127 CIK0000936395 CIENA CORP status=NO_BNPL_EVIDENCE
2026-08-09 21:34:32,973 INFO 23/127 CIK0001058090 CHIPOTLE MEXICAN GRILL INC status=NO_BNPL_EVIDENCE
2026-08-09 21:34:32,974 INFO 24/127 CIK0001041061 YUM BRANDS INC status=NO_BNPL_EVIDENCE
2026-08-09 21:34:32,975 INFO 25/127 CIK0000100517 United Airlines Holdings, Inc. status=NO_BNPL_EVIDENCE
2026-08-09 21:34:32,975 INFO 26/127 CIK0000815097 Carnival Corp Ltd. status=NO_BNPL_EVIDENCE
2026-08-09 21:34:32,976 INFO 27/127 CIK0001002047 NetApp, Inc. status=NO_BNPL_EVIDENCE
2026-08-09 21:34:32,977 INFO 28/127 CIK0001511737 Ubiquiti Inc. status=NO_BNPL_EVIDENCE
2026-08-09 21:34:32,977 INFO 29/127 CIK0000726958 CASEYS GENERAL STORES INC status=NO_BNPL_EVIDENCE
2026-08-09 21:34:32,978 INFO 30/127 CIK0000935703 DOLLAR TREE, INC. status=NO_BNPL_EVIDENCE
2026-08-09 21:34:32,978 INFO 31/127 CIK0000940944 DARDEN RESTAURANTS INC status=NO_BNPL_EVIDENCE
2026-08-09 21:34:32,979 INFO 32/127 CIK0000092380 SOUTHWEST AIRLINES CO status=NO_BNPL_EVIDENCE
2026-08-09 21:34:32,980 INFO 33/127 CIK0000746515 EXPEDITORS INTERNATIONAL OF WASHINGTON INC status=NO_BNPL_EVIDENCE
2026-08-09 21:34:32,980 INFO 34/127 CIK0001375365 Super Micro Computer, Inc. status=NO_BNPL_EVIDENCE
2026-08-09 21:34:32,981 INFO 35/127 CIK0001043277 C. H. ROBINSON WORLDWIDE, INC. status=NO_BNPL_EVIDENCE
2026-08-09 21:34:32,982 INFO 36/127 CIK0001673358 Yum China Holdings, Inc. status=NO_BNPL_EVIDENCE
2026-08-09 21:34:32,982 INFO 37/127 CIK0001019849 PENSKE AUTOMOTIVE GROUP, INC. status=NO_BNPL_EVIDENCE
2026-08-09 21:34:32,983 INFO 38/127 CIK0001206264 SOMNIGROUP INTERNATIONAL INC. status=NO_BNPL_EVIDENCE
2026-08-09 21:34:32,984 INFO 39/127 CIK0001289460 Texas Roadhouse, Inc. status=NO_BNPL_EVIDENCE
2026-08-09 21:34:32,984 INFO 40/127 CIK0001319161 Warner Music Group Corp. status=NO_BNPL_EVIDENCE
2026-08-09 21:34:32,985 INFO 41/127 CIK0000317540 Coca-Cola Consolidated, Inc. status=NO_BNPL_EVIDENCE
2026-08-09 21:34:32,985 INFO 42/127 CIK0001521332 Aptiv PLC status=NO_BNPL_EVIDENCE
2026-08-09 21:34:32,986 INFO 43/127 CIK0000067347 MODINE MANUFACTURING CO status=NO_BNPL_EVIDENCE
2026-08-09 21:34:32,987 INFO 44/127 CIK0000094845 LEVI STRAUSS & CO status=NO_BNPL_EVIDENCE
2026-08-09 21:34:32,987 INFO 45/127 CIK0001636519 Madison Square Garden Sports Corp. status=NO_BNPL_EVIDENCE
2026-08-09 21:34:32,988 INFO 46/127 CIK0001411207 Allison Transmission Holdings Inc status=NO_BNPL_EVIDENCE
2026-08-09 21:34:32,989 INFO 47/127 CIK0000703351 BRINKER INTERNATIONAL, INC status=NO_BNPL_EVIDENCE
2026-08-09 21:34:32,989 INFO 48/127 CIK0001034670 AUTOLIV INC status=NO_BNPL_EVIDENCE
2026-08-09 21:34:32,990 INFO 49/127 CIK0001023128 LITHIA MOTORS INC status=NO_BNPL_EVIDENCE
2026-08-09 21:34:32,991 INFO 50/127 CIK0001341766 Celsius Holdings, Inc. status=NO_BNPL_EVIDENCE
2026-08-09 21:34:32,991 INFO 51/127 CIK0001316835 Builders FirstSource, Inc. status=NO_BNPL_EVIDENCE
2026-08-09 21:34:32,992 INFO 52/127 CIK0000056047 KIRBY CORP status=NO_BNPL_EVIDENCE
2026-08-09 21:34:32,993 INFO 53/127 CIK0000350698 AUTONATION, INC. status=NO_BNPL_EVIDENCE
2026-08-09 21:34:32,993 INFO 54/127 CIK0001653653 Red Rock Resorts, Inc. status=NO_BNPL_EVIDENCE
2026-08-09 21:34:32,994 INFO 55/127 CIK0001507079 Floor & Decor Holdings, Inc. status=NO_BNPL_EVIDENCE
2026-08-09 21:34:32,995 INFO 56/127 CIK0000040211 GATX CORP status=NO_BNPL_EVIDENCE
2026-08-09 21:34:32,995 INFO 57/127 CIK0001012019 RUSH ENTERPRISES INC \TX\ status=NO_BNPL_EVIDENCE
2026-08-09 21:34:32,996 INFO 58/127 CIK0000003453 Matson, Inc. status=NO_BNPL_EVIDENCE
2026-08-09 21:34:32,997 INFO 59/127 CIK0001590895 Caesars Entertainment, Inc. status=AMBIGUOUS
2026-08-09 21:34:32,998 INFO 60/127 CIK0001041803 PRICESMART INC status=NO_BNPL_EVIDENCE
2026-08-09 21:34:32,999 INFO 61/127 CIK0000020212 Churchill Downs Inc status=AMBIGUOUS
2026-08-09 21:34:32,999 INFO 62/127 CIK0000766421 ALASKA AIR GROUP, INC. status=NO_BNPL_EVIDENCE
2026-08-09 21:34:33,000 INFO 63/127 CIK0001046311 CHOICE HOTELS INTERNATIONAL INC /DE status=NO_BNPL_EVIDENCE
2026-08-09 21:34:33,001 INFO 64/127 CIK0001760965 Kontoor Brands, Inc. status=NO_BNPL_EVIDENCE
2026-08-09 21:34:33,001 INFO 65/127 CIK0001610250 Boot Barn Holdings, Inc. status=NO_BNPL_EVIDENCE
2026-08-09 21:34:33,002 INFO 66/127 CIK0001639300 Ollie's Bargain Outlet Holdings, Inc. status=NO_BNPL_EVIDENCE
2026-08-09 21:34:33,002 INFO 67/127 CIK0001637207 Planet Fitness, Inc. status=NO_BNPL_EVIDENCE
2026-08-09 21:34:33,003 INFO 68/127 CIK0000063276 MATTEL INC /DE/ status=NO_BNPL_EVIDENCE
2026-08-09 21:34:33,004 INFO 69/127 CIK0001646188 Ondas Inc. status=NO_BNPL_EVIDENCE
2026-08-09 21:34:33,004 INFO 70/127 CIK0001385280 Cinemark Holdings, Inc. status=NO_BNPL_EVIDENCE
2026-08-09 21:34:33,005 INFO 71/127 CIK0001395942 OPENLANE, Inc. status=NO_BNPL_EVIDENCE
2026-08-09 21:34:33,006 INFO 72/127 CIK0000868780 Dorman Products, Inc. status=NO_BNPL_EVIDENCE
2026-08-09 21:34:33,006 INFO 73/127 CIK0000932696 INSIGHT ENTERPRISES INC status=NO_BNPL_EVIDENCE
2026-08-09 21:34:33,007 INFO 74/127 CIK0000913241 STEVEN MADDEN, LTD. status=NO_BNPL_EVIDENCE
2026-08-09 21:34:33,007 INFO 75/127 CIK0000837465 Callaway Golf Co status=NO_BNPL_EVIDENCE
2026-08-09 21:34:33,008 INFO 76/127 CIK0001031203 GROUP 1 AUTOMOTIVE INC status=NO_BNPL_EVIDENCE
2026-08-09 21:34:33,009 INFO 77/127 CIK0001587523 Knowles Corp status=NO_BNPL_EVIDENCE
2026-08-09 21:34:33,009 INFO 78/127 CIK0000048287 HNI CORP status=NO_BNPL_EVIDENCE
2026-08-09 21:34:33,010 INFO 79/127 CIK0001617406 Park Hotels & Resorts Inc. status=NO_BNPL_EVIDENCE
2026-08-09 21:34:33,010 INFO 80/127 CIK0000069891 NATIONAL BEVERAGE CORP status=NO_BNPL_EVIDENCE
2026-08-09 21:34:33,011 INFO 81/127 CIK0000940942 Hub Group, Inc. status=NO_BNPL_EVIDENCE
2026-08-09 21:34:33,012 INFO 82/127 CIK0001111335 VISTEON CORP status=NO_BNPL_EVIDENCE
2026-08-09 21:34:33,013 INFO 83/127 CIK0000921738 PENN Entertainment, Inc. status=NO_BNPL_EVIDENCE
2026-08-09 21:34:33,013 INFO 84/127 CIK0001620533 Shake Shack Inc. status=NO_BNPL_EVIDENCE
2026-08-09 21:34:33,014 INFO 85/127 CIK0000854775 DIGI INTERNATIONAL INC status=NO_BNPL_EVIDENCE
2026-08-09 21:34:33,014 INFO 86/127 CIK0000028823 DIEBOLD NIXDORF, Inc status=NO_BNPL_EVIDENCE
2026-08-09 21:34:33,015 INFO 87/127 CIK0001024305 COTY INC. status=NO_BNPL_EVIDENCE
2026-08-09 21:34:33,016 INFO 88/127 CIK0001589526 Blue Bird Corp status=NO_BNPL_EVIDENCE
2026-08-09 21:34:33,016 INFO 89/127 CIK0000078814 PITNEY BOWES INC /DE/ status=NO_BNPL_EVIDENCE
2026-08-09 21:34:33,017 INFO 90/127 CIK0001158463 JETBLUE AIRWAYS CORP status=NO_BNPL_EVIDENCE
2026-08-09 21:34:33,017 INFO 91/127 CIK0000907242 MONARCH CASINO & RESORT INC status=NO_BNPL_EVIDENCE
2026-08-09 21:34:33,018 INFO 92/127 CIK0001530721 Capri Holdings Ltd status=NO_BNPL_EVIDENCE
2026-08-09 21:34:33,019 INFO 93/127 CIK0001670541 Adient plc status=NO_BNPL_EVIDENCE
2026-08-09 21:34:33,019 INFO 94/127 CIK0000926326 OMNICELL, INC. status=NO_BNPL_EVIDENCE
2026-08-09 21:34:33,020 INFO 95/127 CIK0000057131 LA-Z-BOY INC status=NO_BNPL_EVIDENCE
2026-08-09 21:34:33,020 INFO 96/127 CIK0000066382 MILLERKNOLL, INC. status=NO_BNPL_EVIDENCE
2026-08-09 21:34:33,021 INFO 97/127 CIK0000069633 NAPCO SECURITY TECHNOLOGIES, INC status=NO_BNPL_EVIDENCE
2026-08-09 21:34:33,022 INFO 98/127 CIK0000851310 HARMONIC INC. status=NO_BNPL_EVIDENCE
2026-08-09 21:34:33,022 INFO 99/127 CIK0001096752 EDGEWELL PERSONAL CARE Co status=NO_BNPL_EVIDENCE
2026-08-09 21:34:33,023 INFO 100/127 CIK0000901491 PAPA JOHNS INTERNATIONAL INC status=NO_BNPL_EVIDENCE
2026-08-09 21:34:33,023 INFO 101/127 CIK0000062234 MARCUS CORP status=NO_BNPL_EVIDENCE
2026-08-09 21:34:33,024 INFO 102/127 CIK0001682745 VERRA MOBILITY Corp status=NO_BNPL_EVIDENCE
2026-08-09 21:34:33,025 INFO 103/127 CIK0001345126 Compass Diversified Holdings status=NO_BNPL_EVIDENCE
2026-08-09 21:34:33,025 INFO 104/127 CIK0001547459 Natural Grocers by Vitamin Cottage, Inc. status=NO_BNPL_EVIDENCE
2026-08-09 21:34:33,026 INFO 105/127 CIK0001546417 Bloomin' Brands, Inc. status=NO_BNPL_EVIDENCE
2026-08-09 21:34:33,027 INFO 106/127 CIK0000926282 ADTRAN Holdings, Inc. status=NO_BNPL_EVIDENCE
2026-08-09 21:34:33,027 INFO 107/127 CIK0001517396 STRATASYS LTD. status=NO_BNPL_EVIDENCE
2026-08-09 21:34:33,028 INFO 108/127 CIK0001747079 Bally's Corp status=NO_BNPL_EVIDENCE
2026-08-09 21:34:33,028 INFO 109/127 CIK0001122904 NETGEAR, INC. status=NO_BNPL_EVIDENCE
2026-08-09 21:34:33,029 INFO 110/127 CIK0000075288 OXFORD INDUSTRIES INC status=NO_BNPL_EVIDENCE
2026-08-09 21:34:33,030 INFO 111/127 CIK0000896156 ETHAN ALLEN INTERIORS INC status=NO_BNPL_EVIDENCE
2026-08-09 21:34:33,030 INFO 112/127 CIK0000701719 Envela Corp status=NO_BNPL_EVIDENCE
2026-08-09 21:34:33,031 INFO 113/127 CIK0001318484 Citi Trends Inc status=NO_BNPL_EVIDENCE
2026-08-09 21:34:33,032 INFO 114/127 CIK0001473334 XMax Inc. status=NO_BNPL_EVIDENCE
2026-08-09 21:34:33,032 INFO 115/127 CIK0001606909 Pangaea Logistics Solutions Ltd. status=NO_BNPL_EVIDENCE
2026-08-09 21:34:33,033 INFO 116/127 CIK0000912728 FORWARD AIR CORP status=NO_BNPL_EVIDENCE
2026-08-09 21:34:33,034 INFO 117/127 CIK0000895447 SHOE STATION GROUP INC status=NO_BNPL_EVIDENCE
2026-08-09 21:34:33,034 INFO 118/127 CIK0000216085 HAVERTY FURNITURE COMPANIES INC status=NO_BNPL_EVIDENCE
2026-08-09 21:34:33,035 INFO 119/127 CIK0001669779 Camping World Holdings, Inc. status=NO_BNPL_EVIDENCE
2026-08-09 21:34:33,035 INFO 120/127 CIK0000933034 STRATTEC SECURITY CORP status=NO_BNPL_EVIDENCE
2026-08-09 21:34:33,036 INFO 121/127 CIK0000895456 ROCKY BRANDS, INC. status=NO_BNPL_EVIDENCE
2026-08-09 21:34:33,036 INFO 122/127 CIK0000807882 JACK IN THE BOX INC status=NO_BNPL_EVIDENCE
2026-08-09 21:34:33,037 INFO 123/127 CIK0001319947 Designer Brands Inc. status=NO_BNPL_EVIDENCE
2026-08-09 21:34:33,038 INFO 124/127 CIK0000002186 BK Technologies Corp status=NO_BNPL_EVIDENCE
2026-08-09 21:34:33,038 INFO 125/127 CIK0000037472 FLEXSTEEL INDUSTRIES INC status=NO_BNPL_EVIDENCE
2026-08-09 21:34:33,039 INFO 126/127 CIK0001009829 JAKKS PACIFIC INC status=NO_BNPL_EVIDENCE
2026-08-09 21:34:33,039 INFO 127/127 CIK0000033488 ESCALADE INC status=NO_BNPL_EVIDENCE
2026-08-09 21:34:33,530 INFO 1/1 CIK0001735707 Garrett Motion Inc. status=NO_BNPL_EVIDENCE
2026-08-09 21:34:34,500 INFO 1/1 CIK0001722684 WYNDHAM HOTELS & RESORTS, INC. status=NO_BNPL_EVIDENCE
